
 /----------------------------------------------------------------------------\
 |  yosys -- Yosys Open SYnthesis Suite                                       |
 |  Copyright (C) 2012 - 2025  Claire Xenia Wolf <claire@yosyshq.com>         |
 |  Distributed under an ISC-like license, type "license" to see terms        |
 \----------------------------------------------------------------------------/
 Yosys 0.58+98 (git sha1 2d7a191b0, clang++ 18.1.8 -fPIC -O3)

-- Running command `	ghdl --std=08 --ieee=synopsys --work=work /home/krischan-ledwig/Documents/NanoSat/OpenSourceRiscV/cc-toolchain-linux/workspace/RiscVFSM/RiscVTest.srcs/sources_1/new/alu.vhd /home/krischan-ledwig/Documents/NanoSat/OpenSourceRiscV/cc-toolchain-linux/workspace/RiscVFSM/RiscVTest.srcs/sources_1/new/csr_file.vhd /home/krischan-ledwig/Documents/NanoSat/OpenSourceRiscV/cc-toolchain-linux/workspace/RiscVFSM/RiscVTest.srcs/sources_1/new/decoder.vhd /home/krischan-ledwig/Documents/NanoSat/OpenSourceRiscV/cc-toolchain-linux/workspace/RiscVFSM/RiscVTest.srcs/sources_1/new/dmem.vhd /home/krischan-ledwig/Documents/NanoSat/OpenSourceRiscV/cc-toolchain-linux/workspace/RiscVFSM/RiscVTest.srcs/sources_1/new/imem_dp_ram.vhd /home/krischan-ledwig/Documents/NanoSat/OpenSourceRiscV/cc-toolchain-linux/workspace/RiscVFSM/RiscVTest.srcs/sources_1/new/regfile.vhd /home/krischan-ledwig/Documents/NanoSat/OpenSourceRiscV/cc-toolchain-linux/workspace/RiscVFSM/RiscVTest.srcs/sources_1/new/cpu.vhd /home/krischan-ledwig/Documents/NanoSat/OpenSourceRiscV/cc-toolchain-linux/workspace/RiscVFSM/RiscVTest.srcs/sources_1/new/riscv_soc_boot.vhd /home/krischan-ledwig/Documents/NanoSat/OpenSourceRiscV/cc-toolchain-linux/workspace/RiscVFSM/RiscVTest.srcs/sources_1/new/simple_timer.vhd /home/krischan-ledwig/Documents/NanoSat/OpenSourceRiscV/cc-toolchain-linux/workspace/RiscVFSM/RiscVTest.srcs/sources_1/new/uart_rx.vhd /home/krischan-ledwig/Documents/NanoSat/OpenSourceRiscV/cc-toolchain-linux/workspace/RiscVFSM/RiscVTest.srcs/sources_1/new/uart_tx.vhd /home/krischan-ledwig/Documents/NanoSat/OpenSourceRiscV/cc-toolchain-linux/workspace/RiscVFSM/RiscVTest.srcs/sources_1/new/riscv_soc_gatemate.vhd -e riscv_soc_gatemate; 	synth_gatemate -top riscv_soc_gatemate -luttree -nomx8; 	write_json riscv_soc_gatemate.json; ' --

1. Executing GHDL.
Importing module riscv_soc_gatemate.
Importing module riscv_soc_boot_10000000_115200_4096.
Importing module uart_rx_10000000_115200.
Importing module uart_tx_10000000_115200.
Importing module imem_dp_ram_4096_5ba93c9db0cff93f52b521d7420e43f6eda2784f.
Importing module dmem_5ba93c9db0cff93f52b521d7420e43f6eda2784f.
Importing module simple_timer.
Importing module riscv_core_memless.
Importing module decoder.
Importing module regfile_9159cb8bcee7fcb95582f140960cdae72788d326.
Importing module csr_file.
Importing module alu.

2. Executing SYNTH_GATEMATE pass.

2.1. Executing Verilog-2005 frontend: /home/krischan-ledwig/Downloads/oss-cad-suite-linux-x64-20251104/oss-cad-suite/lib/../share/yosys/gatemate/cells_sim.v
Parsing Verilog input from `/home/krischan-ledwig/Downloads/oss-cad-suite-linux-x64-20251104/oss-cad-suite/lib/../share/yosys/gatemate/cells_sim.v' to AST representation.
verilog frontend filename /home/krischan-ledwig/Downloads/oss-cad-suite-linux-x64-20251104/oss-cad-suite/lib/../share/yosys/gatemate/cells_sim.v
Generating RTLIL representation for module `\CC_IBUF'.
Generating RTLIL representation for module `\CC_OBUF'.
Generating RTLIL representation for module `\CC_TOBUF'.
Generating RTLIL representation for module `\CC_IOBUF'.
Generating RTLIL representation for module `\CC_LVDS_IBUF'.
Generating RTLIL representation for module `\CC_LVDS_OBUF'.
Generating RTLIL representation for module `\CC_LVDS_TOBUF'.
Generating RTLIL representation for module `\CC_LVDS_IOBUF'.
Generating RTLIL representation for module `\CC_IDDR'.
Generating RTLIL representation for module `\CC_ODDR'.
Generating RTLIL representation for module `\CC_DFF'.
Generating RTLIL representation for module `\CC_DLT'.
Generating RTLIL representation for module `\CC_LUT1'.
Generating RTLIL representation for module `\CC_LUT2'.
Generating RTLIL representation for module `\CC_LUT3'.
Generating RTLIL representation for module `\CC_LUT4'.
Generating RTLIL representation for module `\CC_MX2'.
Generating RTLIL representation for module `\CC_MX4'.
Generating RTLIL representation for module `\CC_MX8'.
Generating RTLIL representation for module `\CC_ADDF'.
Generating RTLIL representation for module `\CC_MULT'.
Generating RTLIL representation for module `\CC_BUFG'.
Generating RTLIL representation for module `\CC_BRAM_20K'.
Generating RTLIL representation for module `\CC_BRAM_40K'.
Generating RTLIL representation for module `\CC_FIFO_40K'.
Generating RTLIL representation for module `\CC_L2T4'.
Generating RTLIL representation for module `\CC_L2T5'.
Successfully finished Verilog frontend.

2.2. Executing Verilog-2005 frontend: /home/krischan-ledwig/Downloads/oss-cad-suite-linux-x64-20251104/oss-cad-suite/lib/../share/yosys/gatemate/cells_bb.v
Parsing Verilog input from `/home/krischan-ledwig/Downloads/oss-cad-suite-linux-x64-20251104/oss-cad-suite/lib/../share/yosys/gatemate/cells_bb.v' to AST representation.
verilog frontend filename /home/krischan-ledwig/Downloads/oss-cad-suite-linux-x64-20251104/oss-cad-suite/lib/../share/yosys/gatemate/cells_bb.v
Generating RTLIL representation for module `\CC_PLL'.
Generating RTLIL representation for module `\CC_PLL_ADV'.
Generating RTLIL representation for module `\CC_SERDES'.
Generating RTLIL representation for module `\CC_CFG_CTRL'.
Generating RTLIL representation for module `\CC_USR_RSTN'.
Successfully finished Verilog frontend.

2.3. Executing HIERARCHY pass (managing design hierarchy).

2.3.1. Analyzing design hierarchy..
Top module:  \riscv_soc_gatemate
Used module:     \riscv_soc_boot_10000000_115200_4096
Used module:         \riscv_core_memless
Used module:             \alu
Used module:             \csr_file
Used module:             \regfile_9159cb8bcee7fcb95582f140960cdae72788d326
Used module:             \decoder
Used module:         \simple_timer
Used module:         \dmem_5ba93c9db0cff93f52b521d7420e43f6eda2784f
Used module:         \imem_dp_ram_4096_5ba93c9db0cff93f52b521d7420e43f6eda2784f
Used module:         \uart_tx_10000000_115200
Used module:         \uart_rx_10000000_115200

2.3.2. Analyzing design hierarchy..
Top module:  \riscv_soc_gatemate
Used module:     \riscv_soc_boot_10000000_115200_4096
Used module:         \riscv_core_memless
Used module:             \alu
Used module:             \csr_file
Used module:             \regfile_9159cb8bcee7fcb95582f140960cdae72788d326
Used module:             \decoder
Used module:         \simple_timer
Used module:         \dmem_5ba93c9db0cff93f52b521d7420e43f6eda2784f
Used module:         \imem_dp_ram_4096_5ba93c9db0cff93f52b521d7420e43f6eda2784f
Used module:         \uart_tx_10000000_115200
Used module:         \uart_rx_10000000_115200
Removed 0 unused modules.

2.4. Executing PROC pass (convert processes to netlists).

2.4.1. Executing PROC_CLEAN pass (remove empty switches from decision trees).
Cleaned up 0 empty switches.

2.4.2. Executing PROC_RMDEAD pass (remove dead branches from decision trees).
Removed a total of 0 dead cases.

2.4.3. Executing PROC_PRUNE pass (remove redundant assignments in processes).
Removed 0 redundant assignments.
Promoted 0 assignments to connections.

2.4.4. Executing PROC_INIT pass (extract init attributes).

2.4.5. Executing PROC_ARST pass (detect async resets in processes).

2.4.6. Executing PROC_ROM pass (convert switches to ROMs).
Converted 0 switches.

2.4.7. Executing PROC_MUX pass (convert decision trees to multiplexers).

2.4.8. Executing PROC_DLATCH pass (convert process syncs to latches).

2.4.9. Executing PROC_DFF pass (convert process syncs to FFs).

2.4.10. Executing PROC_MEMWR pass (convert process memory writes to cells).

2.4.11. Executing PROC_CLEAN pass (remove empty switches from decision trees).
Cleaned up 0 empty switches.

2.4.12. Executing OPT_EXPR pass (perform const folding).
Optimizing module alu.
<suppressed ~2 debug messages>
Optimizing module csr_file.
<suppressed ~3 debug messages>
Optimizing module regfile_9159cb8bcee7fcb95582f140960cdae72788d326.
<suppressed ~10 debug messages>
Optimizing module decoder.
<suppressed ~25 debug messages>
Optimizing module riscv_core_memless.
<suppressed ~57 debug messages>
Optimizing module simple_timer.
<suppressed ~2 debug messages>
Optimizing module dmem_5ba93c9db0cff93f52b521d7420e43f6eda2784f.
<suppressed ~15 debug messages>
Optimizing module imem_dp_ram_4096_5ba93c9db0cff93f52b521d7420e43f6eda2784f.
<suppressed ~15 debug messages>
Optimizing module uart_tx_10000000_115200.
<suppressed ~2 debug messages>
Optimizing module uart_rx_10000000_115200.
<suppressed ~4 debug messages>
Optimizing module riscv_soc_boot_10000000_115200_4096.
<suppressed ~11 debug messages>
Optimizing module riscv_soc_gatemate.

2.5. Executing FLATTEN pass (flatten design).
Deleting now unused module alu.
Deleting now unused module csr_file.
Deleting now unused module regfile_9159cb8bcee7fcb95582f140960cdae72788d326.
Deleting now unused module decoder.
Deleting now unused module riscv_core_memless.
Deleting now unused module simple_timer.
Deleting now unused module dmem_5ba93c9db0cff93f52b521d7420e43f6eda2784f.
Deleting now unused module imem_dp_ram_4096_5ba93c9db0cff93f52b521d7420e43f6eda2784f.
Deleting now unused module uart_tx_10000000_115200.
Deleting now unused module uart_rx_10000000_115200.
Deleting now unused module riscv_soc_boot_10000000_115200_4096.
<suppressed ~11 debug messages>

2.6. Executing TRIBUF pass.

2.7. Executing DEMINOUT pass (demote inout ports to input or output).

2.8. Executing OPT_EXPR pass (perform const folding).
Optimizing module riscv_soc_gatemate.
<suppressed ~376 debug messages>

2.9. Executing OPT_CLEAN pass (remove unused cells and wires).
Finding unused cells or wires in module \riscv_soc_gatemate..
Removed 20 unused cells and 878 unused wires.
<suppressed ~22 debug messages>

2.10. Executing CHECK pass (checking for obvious problems).
Checking module riscv_soc_gatemate...
Found and reported 0 problems.

2.11. Executing OPT pass (performing simple optimizations).

2.11.1. Executing OPT_EXPR pass (perform const folding).
Optimizing module riscv_soc_gatemate.

2.11.2. Executing OPT_MERGE pass (detect identical cells).
Finding identical cells in module `\riscv_soc_gatemate'.
<suppressed ~1539 debug messages>
Removed a total of 513 cells.

2.11.3. Executing OPT_MUXTREE pass (detect dead branches in mux trees).
Running muxtree optimizer on module \riscv_soc_gatemate..
  Creating internal representation of mux trees.
  Evaluating internal representation of mux trees.
  Analyzing evaluation results.
Removed 0 multiplexer ports.
<suppressed ~3197 debug messages>

2.11.4. Executing OPT_REDUCE pass (consolidate $*mux and $reduce_* inputs).
  Optimizing cells in module \riscv_soc_gatemate.
    New ctrl vector for $pmux cell \u_soc.u_cpu.:6487: $flatten\u_soc.\u_cpu.$auto$ghdl.cc:827:import_module$2114
    New ctrl vector for $pmux cell \u_soc.u_cpu.:6489: $flatten\u_soc.\u_cpu.$auto$ghdl.cc:827:import_module$2115
    New ctrl vector for $pmux cell \u_soc.u_cpu.:6491: $flatten\u_soc.\u_cpu.$auto$ghdl.cc:827:import_module$2116
    New ctrl vector for $pmux cell \u_soc.u_cpu.:6493: $auto$opt_reduce.cc:137:opt_pmux$4460
    New ctrl vector for $pmux cell \u_soc.u_cpu.:6550: { $flatten\u_soc.\u_cpu.$auto$ghdl.cc:827:import_module$2136 $flatten\u_soc.\u_cpu.$auto$ghdl.cc:827:import_module$2135 $flatten\u_soc.\u_cpu.$auto$ghdl.cc:827:import_module$2134 $flatten\u_soc.\u_cpu.$auto$ghdl.cc:827:import_module$2133 $flatten\u_soc.\u_cpu.$auto$ghdl.cc:827:import_module$2132 $flatten\u_soc.\u_cpu.$auto$ghdl.cc:827:import_module$2131 }
    New ctrl vector for $pmux cell \u_soc.u_cpu.:6558: { $flatten\u_soc.\u_cpu.$auto$ghdl.cc:827:import_module$2136 $flatten\u_soc.\u_cpu.$auto$ghdl.cc:827:import_module$2135 $flatten\u_soc.\u_cpu.$auto$ghdl.cc:827:import_module$2134 $flatten\u_soc.\u_cpu.$auto$ghdl.cc:827:import_module$2133 $flatten\u_soc.\u_cpu.$auto$ghdl.cc:827:import_module$2132 $flatten\u_soc.\u_cpu.$auto$ghdl.cc:827:import_module$2131 }
    New ctrl vector for $pmux cell \u_soc.u_cpu.:6574: { $flatten\u_soc.\u_cpu.$auto$ghdl.cc:827:import_module$2136 $flatten\u_soc.\u_cpu.$auto$ghdl.cc:827:import_module$2135 $flatten\u_soc.\u_cpu.$auto$ghdl.cc:827:import_module$2134 $flatten\u_soc.\u_cpu.$auto$ghdl.cc:827:import_module$2133 $flatten\u_soc.\u_cpu.$auto$ghdl.cc:827:import_module$2132 $flatten\u_soc.\u_cpu.$auto$ghdl.cc:827:import_module$2131 }
    New ctrl vector for $pmux cell \u_soc.u_cpu.:6845: $flatten\u_soc.\u_cpu.$auto$ghdl.cc:827:import_module$2131
    New ctrl vector for $pmux cell \u_soc.u_cpu.:6846: $flatten\u_soc.\u_cpu.$auto$ghdl.cc:827:import_module$2132
    New ctrl vector for $pmux cell \u_soc.u_cpu.:6847: $flatten\u_soc.\u_cpu.$auto$ghdl.cc:827:import_module$2133
    New ctrl vector for $pmux cell \u_soc.u_cpu.:6848: $flatten\u_soc.\u_cpu.$auto$ghdl.cc:827:import_module$2134
    New ctrl vector for $pmux cell \u_soc.u_cpu.:6849: $flatten\u_soc.\u_cpu.$auto$ghdl.cc:827:import_module$2135
    New ctrl vector for $pmux cell \u_soc.u_cpu.:6850: $flatten\u_soc.\u_cpu.$auto$ghdl.cc:827:import_module$2136
    New ctrl vector for $pmux cell \u_soc.u_cpu.:6853: $flatten\u_soc.\u_cpu.$auto$ghdl.cc:827:import_module$2130
    New ctrl vector for $pmux cell \u_soc.u_cpu.:6908: { $flatten\u_soc.\u_cpu.$auto$ghdl.cc:827:import_module$2160 $flatten\u_soc.\u_cpu.$auto$ghdl.cc:827:import_module$2159 $auto$opt_reduce.cc:137:opt_pmux$4462 $flatten\u_soc.\u_cpu.$auto$ghdl.cc:827:import_module$2194 $flatten\u_soc.\u_cpu.$auto$ghdl.cc:827:import_module$2168 $flatten\u_soc.\u_cpu.$auto$ghdl.cc:827:import_module$2166 $flatten\u_soc.\u_cpu.$auto$ghdl.cc:827:import_module$2165 }
    New ctrl vector for $pmux cell \u_soc.u_cpu.:6925: { $flatten\u_soc.\u_cpu.$auto$ghdl.cc:827:import_module$2160 $flatten\u_soc.\u_cpu.$auto$ghdl.cc:827:import_module$2159 $auto$opt_reduce.cc:137:opt_pmux$4464 $flatten\u_soc.\u_cpu.$auto$ghdl.cc:827:import_module$2194 $flatten\u_soc.\u_cpu.$auto$ghdl.cc:827:import_module$2168 $flatten\u_soc.\u_cpu.$auto$ghdl.cc:827:import_module$2166 $flatten\u_soc.\u_cpu.$auto$ghdl.cc:827:import_module$2165 }
    New ctrl vector for $pmux cell \u_soc.u_cpu.:6942: { $flatten\u_soc.\u_cpu.$auto$ghdl.cc:827:import_module$2160 $flatten\u_soc.\u_cpu.$auto$ghdl.cc:827:import_module$2159 $auto$opt_reduce.cc:137:opt_pmux$4466 $flatten\u_soc.\u_cpu.$auto$ghdl.cc:827:import_module$2194 $flatten\u_soc.\u_cpu.$auto$ghdl.cc:827:import_module$2168 $flatten\u_soc.\u_cpu.$auto$ghdl.cc:827:import_module$2166 $flatten\u_soc.\u_cpu.$auto$ghdl.cc:827:import_module$2165 }
    New ctrl vector for $pmux cell \u_soc.u_cpu.:6944: { $flatten\u_soc.\u_cpu.$auto$ghdl.cc:827:import_module$2248 $flatten\u_soc.\u_cpu.$auto$ghdl.cc:827:import_module$2232 $flatten\u_soc.\u_cpu.$auto$ghdl.cc:827:import_module$2231 $flatten\u_soc.\u_cpu.$auto$ghdl.cc:827:import_module$2155 $flatten\u_soc.\u_cpu.$auto$ghdl.cc:827:import_module$2205 $flatten\u_soc.\u_cpu.$auto$ghdl.cc:827:import_module$2201 $flatten\u_soc.\u_cpu.$auto$ghdl.cc:827:import_module$2164 }
    New ctrl vector for $pmux cell \u_soc.u_cpu.:6946: { $flatten\u_soc.\u_cpu.$auto$ghdl.cc:827:import_module$2248 $flatten\u_soc.\u_cpu.$auto$ghdl.cc:827:import_module$2232 $flatten\u_soc.\u_cpu.$auto$ghdl.cc:827:import_module$2231 $flatten\u_soc.\u_cpu.$auto$ghdl.cc:827:import_module$2155 $flatten\u_soc.\u_cpu.$auto$ghdl.cc:827:import_module$2205 $flatten\u_soc.\u_cpu.$auto$ghdl.cc:827:import_module$2201 $flatten\u_soc.\u_cpu.$auto$ghdl.cc:827:import_module$2164 }
    New ctrl vector for $pmux cell \u_soc.u_cpu.:6948: { $flatten\u_soc.\u_cpu.$auto$ghdl.cc:827:import_module$2248 $flatten\u_soc.\u_cpu.$auto$ghdl.cc:827:import_module$2232 $flatten\u_soc.\u_cpu.$auto$ghdl.cc:827:import_module$2231 $flatten\u_soc.\u_cpu.$auto$ghdl.cc:827:import_module$2155 $flatten\u_soc.\u_cpu.$auto$ghdl.cc:827:import_module$2205 $flatten\u_soc.\u_cpu.$auto$ghdl.cc:827:import_module$2201 $flatten\u_soc.\u_cpu.$auto$ghdl.cc:827:import_module$2164 }
    New ctrl vector for $pmux cell \u_soc.u_cpu.:6949: $flatten\u_soc.\u_cpu.$auto$ghdl.cc:827:import_module$2166
    New ctrl vector for $pmux cell \u_soc.u_cpu.:6950: $flatten\u_soc.\u_cpu.$auto$ghdl.cc:827:import_module$2166
    New ctrl vector for $pmux cell \u_soc.u_cpu.:6951: $flatten\u_soc.\u_cpu.$auto$ghdl.cc:827:import_module$2166
    New ctrl vector for $pmux cell \u_soc.u_cpu.:6952: $flatten\u_soc.\u_cpu.$auto$ghdl.cc:827:import_module$2166
    New ctrl vector for $pmux cell \u_soc.u_cpu.:6954: $flatten\u_soc.\u_cpu.$auto$ghdl.cc:827:import_module$2248
    New ctrl vector for $pmux cell \u_soc.u_cpu.:6956: $flatten\u_soc.\u_cpu.$auto$ghdl.cc:827:import_module$2248
    New ctrl vector for $pmux cell \u_soc.u_cpu.:6958: $flatten\u_soc.\u_cpu.$auto$ghdl.cc:827:import_module$2248
    New ctrl vector for $pmux cell \u_soc.u_cpu.:6959: $flatten\u_soc.\u_cpu.$auto$ghdl.cc:827:import_module$2168
    New ctrl vector for $pmux cell \u_soc.u_cpu.:6960: $flatten\u_soc.\u_cpu.$auto$ghdl.cc:827:import_module$2168
    New ctrl vector for $pmux cell \u_soc.u_cpu.:6961: $flatten\u_soc.\u_cpu.$auto$ghdl.cc:827:import_module$2168
    New ctrl vector for $pmux cell \u_soc.u_cpu.:6962: $flatten\u_soc.\u_cpu.$auto$ghdl.cc:827:import_module$2194
    New ctrl vector for $pmux cell \u_soc.u_cpu.:6963: $flatten\u_soc.\u_cpu.$auto$ghdl.cc:827:import_module$2194
    New ctrl vector for $pmux cell \u_soc.u_cpu.:6964: { $flatten\u_soc.\u_cpu.$auto$ghdl.cc:827:import_module$2205 $flatten\u_soc.\u_cpu.$auto$ghdl.cc:827:import_module$2195 }
    New ctrl vector for $pmux cell \u_soc.u_cpu.:6965: $auto$opt_reduce.cc:137:opt_pmux$4468
    New ctrl vector for $pmux cell \u_soc.u_cpu.:6966: $flatten\u_soc.\u_cpu.$auto$ghdl.cc:827:import_module$2207
    New ctrl vector for $pmux cell \u_soc.u_cpu.:6967: $flatten\u_soc.\u_cpu.$auto$ghdl.cc:827:import_module$2206
    New ctrl vector for $pmux cell \u_soc.u_cpu.:6968: $flatten\u_soc.\u_cpu.$auto$ghdl.cc:827:import_module$2168
    New ctrl vector for $pmux cell \u_soc.u_cpu.:6971: $flatten\u_soc.\u_cpu.$auto$ghdl.cc:827:import_module$2231
    New ctrl vector for $pmux cell \u_soc.u_cpu.:6973: $flatten\u_soc.\u_cpu.$auto$ghdl.cc:827:import_module$2231
    New ctrl vector for $pmux cell \u_soc.u_cpu.:6975: $flatten\u_soc.\u_cpu.$auto$ghdl.cc:827:import_module$2231
    New ctrl vector for $pmux cell \u_soc.u_cpu.:6978: $flatten\u_soc.\u_cpu.$auto$ghdl.cc:827:import_module$2232
    New ctrl vector for $pmux cell \u_soc.u_cpu.:6979: $flatten\u_soc.\u_cpu.$auto$ghdl.cc:827:import_module$2155
    New ctrl vector for $pmux cell \u_soc.u_cpu.:6980: $flatten\u_soc.\u_cpu.$auto$ghdl.cc:827:import_module$2155
    New ctrl vector for $pmux cell \u_soc.u_cpu.:6981: $flatten\u_soc.\u_cpu.$auto$ghdl.cc:827:import_module$2155
    New ctrl vector for $pmux cell \u_soc.u_cpu.:6982: $flatten\u_soc.\u_cpu.$auto$ghdl.cc:827:import_module$2155
    New ctrl vector for $pmux cell \u_soc.u_cpu.:6983: $flatten\u_soc.\u_cpu.$auto$ghdl.cc:827:import_module$2155
    New ctrl vector for $pmux cell \u_soc.u_cpu.:6984: $flatten\u_soc.\u_cpu.$auto$ghdl.cc:827:import_module$2155
    New ctrl vector for $pmux cell \u_soc.u_cpu.:6987: $flatten\u_soc.\u_cpu.$auto$ghdl.cc:827:import_module$2155
    New ctrl vector for $pmux cell \u_soc.u_cpu.alu_inst.:11015: { $flatten\u_soc.\u_cpu.\alu_inst.$auto$ghdl.cc:827:import_module$4430 $flatten\u_soc.\u_cpu.\alu_inst.$auto$ghdl.cc:827:import_module$4428 $flatten\u_soc.\u_cpu.\alu_inst.$auto$ghdl.cc:827:import_module$4420 $flatten\u_soc.\u_cpu.\alu_inst.$auto$ghdl.cc:827:import_module$4418 $flatten\u_soc.\u_cpu.\alu_inst.$auto$ghdl.cc:827:import_module$4416 $flatten\u_soc.\u_cpu.\alu_inst.$auto$ghdl.cc:827:import_module$4414 $flatten\u_soc.\u_cpu.\alu_inst.$auto$ghdl.cc:827:import_module$4412 $flatten\u_soc.\u_cpu.\alu_inst.$auto$ghdl.cc:827:import_module$4410 $flatten\u_soc.\u_cpu.\alu_inst.$auto$ghdl.cc:827:import_module$4408 $flatten\u_soc.\u_cpu.\alu_inst.$auto$ghdl.cc:827:import_module$4406 }
    New ctrl vector for $pmux cell \u_soc.u_cpu.csr_inst.:10618: $flatten\u_soc.\u_cpu.\csr_inst.$auto$ghdl.cc:827:import_module$4177
    New ctrl vector for $pmux cell \u_soc.u_cpu.csr_inst.:10619: $flatten\u_soc.\u_cpu.\csr_inst.$auto$ghdl.cc:827:import_module$4177
    New ctrl vector for $pmux cell \u_soc.u_cpu.csr_inst.:10620: $flatten\u_soc.\u_cpu.\csr_inst.$auto$ghdl.cc:827:import_module$4177
    New ctrl vector for $pmux cell \u_soc.u_cpu.csr_inst.:10621: $flatten\u_soc.\u_cpu.\csr_inst.$auto$ghdl.cc:827:import_module$4178
    New ctrl vector for $pmux cell \u_soc.u_cpu.csr_inst.:10622: $flatten\u_soc.\u_cpu.\csr_inst.$auto$ghdl.cc:827:import_module$4178
    New ctrl vector for $pmux cell \u_soc.u_cpu.csr_inst.:10623: $flatten\u_soc.\u_cpu.\csr_inst.$auto$ghdl.cc:827:import_module$4178
    New ctrl vector for $pmux cell \u_soc.u_cpu.csr_inst.:10624: $flatten\u_soc.\u_cpu.\csr_inst.$auto$ghdl.cc:827:import_module$4179
    New ctrl vector for $pmux cell \u_soc.u_cpu.csr_inst.:10625: $flatten\u_soc.\u_cpu.\csr_inst.$auto$ghdl.cc:827:import_module$4179
    New ctrl vector for $pmux cell \u_soc.u_cpu.csr_inst.:10626: $flatten\u_soc.\u_cpu.\csr_inst.$auto$ghdl.cc:827:import_module$4179
    New ctrl vector for $pmux cell \u_soc.u_cpu.csr_inst.:10627: $flatten\u_soc.\u_cpu.\csr_inst.$auto$ghdl.cc:827:import_module$4180
    New ctrl vector for $pmux cell \u_soc.u_cpu.csr_inst.:10628: $flatten\u_soc.\u_cpu.\csr_inst.$auto$ghdl.cc:827:import_module$4180
    New ctrl vector for $pmux cell \u_soc.u_cpu.csr_inst.:10629: $flatten\u_soc.\u_cpu.\csr_inst.$auto$ghdl.cc:827:import_module$4180
    New ctrl vector for $pmux cell \u_soc.u_cpu.csr_inst.:10630: $flatten\u_soc.\u_cpu.\csr_inst.$auto$ghdl.cc:827:import_module$4181
    New ctrl vector for $pmux cell \u_soc.u_cpu.csr_inst.:10631: $flatten\u_soc.\u_cpu.\csr_inst.$auto$ghdl.cc:827:import_module$4181
    New ctrl vector for $pmux cell \u_soc.u_cpu.csr_inst.:10632: $flatten\u_soc.\u_cpu.\csr_inst.$auto$ghdl.cc:827:import_module$4181
    New ctrl vector for $pmux cell \u_soc.u_cpu.csr_inst.:10633: $flatten\u_soc.\u_cpu.\csr_inst.$auto$ghdl.cc:827:import_module$4202
    New ctrl vector for $pmux cell \u_soc.u_cpu.csr_inst.:10634: $flatten\u_soc.\u_cpu.\csr_inst.$auto$ghdl.cc:827:import_module$4202
    New ctrl vector for $pmux cell \u_soc.u_cpu.csr_inst.:10635: $flatten\u_soc.\u_cpu.\csr_inst.$auto$ghdl.cc:827:import_module$4203
    New ctrl vector for $pmux cell \u_soc.u_cpu.csr_inst.:10636: { $flatten\u_soc.\u_cpu.\csr_inst.$auto$ghdl.cc:827:import_module$4204 $flatten\u_soc.\u_cpu.\csr_inst.$auto$ghdl.cc:827:import_module$4202 }
    New ctrl vector for $pmux cell \u_soc.u_cpu.decoder_inst.:7425: { $flatten\u_soc.\u_cpu.\decoder_inst.$auto$ghdl.cc:827:import_module$2436 $flatten\u_soc.\u_cpu.\decoder_inst.$auto$ghdl.cc:827:import_module$2427 $flatten\u_soc.\u_cpu.\decoder_inst.$auto$ghdl.cc:827:import_module$2422 $flatten\u_soc.\u_cpu.\decoder_inst.$auto$ghdl.cc:827:import_module$2417 $flatten\u_soc.\u_cpu.\decoder_inst.$auto$ghdl.cc:827:import_module$2412 $flatten\u_soc.\u_cpu.\decoder_inst.$auto$ghdl.cc:827:import_module$2407 $flatten\u_soc.\u_cpu.\decoder_inst.$auto$ghdl.cc:827:import_module$2402 }
    New ctrl vector for $pmux cell \u_soc.u_cpu.decoder_inst.:7428: { $flatten\u_soc.\u_cpu.\decoder_inst.$auto$ghdl.cc:827:import_module$2436 $flatten\u_soc.\u_cpu.\decoder_inst.$auto$ghdl.cc:827:import_module$2427 $auto$opt_reduce.cc:137:opt_pmux$4470 }
    New ctrl vector for $pmux cell \u_soc.u_cpu.decoder_inst.:7432: { $flatten\u_soc.\u_cpu.\decoder_inst.$auto$ghdl.cc:827:import_module$2436 $flatten\u_soc.\u_cpu.\decoder_inst.$auto$ghdl.cc:827:import_module$2427 $auto$opt_reduce.cc:137:opt_pmux$4472 }
    New ctrl vector for $pmux cell \u_soc.:250: $flatten\u_soc.$auto$ghdl.cc:827:import_module$106
    New ctrl vector for $pmux cell \u_soc.:252: $flatten\u_soc.$auto$ghdl.cc:827:import_module$107
    New ctrl vector for $pmux cell \u_soc.:254: $flatten\u_soc.$auto$ghdl.cc:827:import_module$108
    New ctrl vector for $pmux cell \u_soc.:256: $auto$opt_reduce.cc:137:opt_pmux$4474
    New ctrl vector for $pmux cell \u_soc.u_cpu.decoder_inst.:7450: $auto$opt_reduce.cc:137:opt_pmux$4476
    New ctrl vector for $pmux cell \u_soc.u_cpu.decoder_inst.:7454: $auto$opt_reduce.cc:137:opt_pmux$4478
    New ctrl vector for $pmux cell \u_soc.u_cpu.decoder_inst.:7458: $auto$opt_reduce.cc:137:opt_pmux$4480
    New ctrl vector for $pmux cell \u_soc.u_cpu.decoder_inst.:7466: { $auto$opt_reduce.cc:137:opt_pmux$4484 $auto$opt_reduce.cc:137:opt_pmux$4482 }
    New ctrl vector for $pmux cell \u_soc.u_cpu.decoder_inst.:7473: $auto$opt_reduce.cc:137:opt_pmux$4486
    New ctrl vector for $pmux cell \u_soc.u_cpu.decoder_inst.:7476: $auto$opt_reduce.cc:137:opt_pmux$4488
    New ctrl vector for $pmux cell \u_soc.u_cpu.decoder_inst.:7492: $auto$opt_reduce.cc:137:opt_pmux$4490
    New ctrl vector for $pmux cell \u_soc.u_cpu.decoder_inst.:7498: { $flatten\u_soc.\u_cpu.\decoder_inst.$auto$ghdl.cc:827:import_module$2427 $flatten\u_soc.\u_cpu.\decoder_inst.$auto$ghdl.cc:827:import_module$2397 }
    New ctrl vector for $pmux cell \u_soc.u_cpu.decoder_inst.:7501: $auto$opt_reduce.cc:137:opt_pmux$4492
    New ctrl vector for $pmux cell \u_soc.u_cpu.decoder_inst.:7529: $auto$opt_reduce.cc:137:opt_pmux$4494
    New ctrl vector for $pmux cell \u_soc.u_cpu.decoder_inst.:7538: { $flatten\u_soc.\u_cpu.\decoder_inst.$auto$ghdl.cc:827:import_module$2402 $flatten\u_soc.\u_cpu.\decoder_inst.$auto$ghdl.cc:827:import_module$2407 $flatten\u_soc.\u_cpu.\decoder_inst.$auto$ghdl.cc:827:import_module$2436 $flatten\u_soc.\u_cpu.\decoder_inst.$auto$ghdl.cc:827:import_module$2412 $flatten\u_soc.\u_cpu.\decoder_inst.$auto$ghdl.cc:827:import_module$2427 }
    New ctrl vector for $pmux cell \u_soc.u_cpu.decoder_inst.:7541: $auto$opt_reduce.cc:137:opt_pmux$4496
    New ctrl vector for $pmux cell \u_soc.u_cpu.decoder_inst.:7671: $auto$opt_reduce.cc:137:opt_pmux$4498
    New ctrl vector for $pmux cell \u_soc.u_cpu.decoder_inst.:7673: $flatten\u_soc.\u_cpu.\decoder_inst.$auto$ghdl.cc:827:import_module$2397
    New ctrl vector for $pmux cell \u_soc.u_cpu.decoder_inst.:7675: $flatten\u_soc.\u_cpu.\decoder_inst.$auto$ghdl.cc:827:import_module$2397
    New ctrl vector for $pmux cell \u_soc.u_cpu.decoder_inst.:7677: $flatten\u_soc.\u_cpu.\decoder_inst.$auto$ghdl.cc:827:import_module$2397
    New ctrl vector for $pmux cell \u_soc.u_cpu.decoder_inst.:7680: { $auto$opt_reduce.cc:137:opt_pmux$4500 $flatten\u_soc.\u_cpu.\decoder_inst.$auto$ghdl.cc:827:import_module$2397 }
    New ctrl vector for $pmux cell \u_soc.u_cpu.decoder_inst.:7688: $auto$opt_reduce.cc:137:opt_pmux$4502
    New ctrl vector for $pmux cell \u_soc.u_cpu.decoder_inst.:7692: { $flatten\u_soc.\u_cpu.\decoder_inst.$auto$ghdl.cc:827:import_module$2402 $flatten\u_soc.\u_cpu.\decoder_inst.$auto$ghdl.cc:827:import_module$2407 $flatten\u_soc.\u_cpu.\decoder_inst.$auto$ghdl.cc:827:import_module$2422 $flatten\u_soc.\u_cpu.\decoder_inst.$auto$ghdl.cc:827:import_module$2417 $auto$opt_reduce.cc:137:opt_pmux$4504 }
    New ctrl vector for $pmux cell \u_soc.u_cpu.decoder_inst.:7700: $auto$opt_reduce.cc:137:opt_pmux$4506
    New ctrl vector for $pmux cell \u_soc.u_cpu.decoder_inst.:7708: { $auto$opt_reduce.cc:137:opt_pmux$4512 $auto$opt_reduce.cc:137:opt_pmux$4510 $auto$opt_reduce.cc:137:opt_pmux$4508 }
    New ctrl vector for $pmux cell \u_soc.u_cpu.decoder_inst.:7714: $auto$opt_reduce.cc:137:opt_pmux$4514
    New ctrl vector for $pmux cell \u_soc.u_cpu.decoder_inst.:7717: $auto$opt_reduce.cc:137:opt_pmux$4516
    New ctrl vector for $pmux cell \u_soc.u_cpu.decoder_inst.:7719: { $auto$opt_reduce.cc:137:opt_pmux$4520 $flatten\u_soc.\u_cpu.\decoder_inst.$auto$ghdl.cc:827:import_module$2501 $flatten\u_soc.\u_cpu.\decoder_inst.$auto$ghdl.cc:827:import_module$2494 $flatten\u_soc.\u_cpu.\decoder_inst.$auto$ghdl.cc:827:import_module$2493 $flatten\u_soc.\u_cpu.\decoder_inst.$auto$ghdl.cc:827:import_module$2483 $auto$opt_reduce.cc:137:opt_pmux$4518 }
    New ctrl vector for $pmux cell \u_soc.u_cpu.decoder_inst.:7727: { $flatten\u_soc.\u_cpu.\decoder_inst.$auto$ghdl.cc:827:import_module$2464 $flatten\u_soc.\u_cpu.\decoder_inst.$auto$ghdl.cc:827:import_module$2440 }
    New ctrl vector for $pmux cell \u_soc.u_cpu.decoder_inst.:7736: { $flatten\u_soc.\u_cpu.\decoder_inst.$auto$ghdl.cc:827:import_module$2501 $auto$opt_reduce.cc:137:opt_pmux$4522 }
    New ctrl vector for $pmux cell \u_soc.u_cpu.decoder_inst.:7742: { $flatten\u_soc.\u_cpu.\decoder_inst.$auto$ghdl.cc:827:import_module$2546 $flatten\u_soc.\u_cpu.\decoder_inst.$auto$ghdl.cc:827:import_module$2501 $auto$opt_reduce.cc:137:opt_pmux$4524 $flatten\u_soc.\u_cpu.\decoder_inst.$auto$ghdl.cc:827:import_module$2476 $flatten\u_soc.\u_cpu.\decoder_inst.$auto$ghdl.cc:827:import_module$2464 $flatten\u_soc.\u_cpu.\decoder_inst.$auto$ghdl.cc:827:import_module$2440 }
    New ctrl vector for $pmux cell \u_soc.u_cpu.decoder_inst.:7745: $flatten\u_soc.\u_cpu.\decoder_inst.$auto$ghdl.cc:827:import_module$2483
    New ctrl vector for $pmux cell \u_soc.u_cpu.decoder_inst.:7748: $flatten\u_soc.\u_cpu.\decoder_inst.$auto$ghdl.cc:827:import_module$2476
    New ctrl vector for $pmux cell \u_soc.u_cpu.decoder_inst.:7751: $flatten\u_soc.\u_cpu.\decoder_inst.$auto$ghdl.cc:827:import_module$2476
    New ctrl vector for $pmux cell \u_soc.u_cpu.decoder_inst.:7754: $flatten\u_soc.\u_cpu.\decoder_inst.$auto$ghdl.cc:827:import_module$2493
    New ctrl vector for $pmux cell \u_soc.u_cpu.decoder_inst.:7757: $flatten\u_soc.\u_cpu.\decoder_inst.$auto$ghdl.cc:827:import_module$2493
    New ctrl vector for $pmux cell \u_soc.u_cpu.decoder_inst.:7761: $flatten\u_soc.\u_cpu.\decoder_inst.$auto$ghdl.cc:827:import_module$2494
    New ctrl vector for $pmux cell \u_soc.u_cpu.decoder_inst.:7764: $flatten\u_soc.\u_cpu.\decoder_inst.$auto$ghdl.cc:827:import_module$2501
    New ctrl vector for $pmux cell \u_soc.u_cpu.decoder_inst.:7768: $flatten\u_soc.\u_cpu.\decoder_inst.$auto$ghdl.cc:827:import_module$2503
    New ctrl vector for $pmux cell \u_soc.u_cpu.decoder_inst.:7771: $flatten\u_soc.\u_cpu.\decoder_inst.$auto$ghdl.cc:827:import_module$2476
    New ctrl vector for $pmux cell \u_soc.u_cpu.decoder_inst.:7774: $flatten\u_soc.\u_cpu.\decoder_inst.$auto$ghdl.cc:827:import_module$2476
    New ctrl vector for $pmux cell \u_soc.u_cpu.decoder_inst.:7777: $flatten\u_soc.\u_cpu.\decoder_inst.$auto$ghdl.cc:827:import_module$2483
    New ctrl vector for $pmux cell \u_soc.u_cpu.decoder_inst.:7780: $flatten\u_soc.\u_cpu.\decoder_inst.$auto$ghdl.cc:827:import_module$2546
    New ctrl vector for $pmux cell \u_soc.u_cpu.decoder_inst.:7783: $flatten\u_soc.\u_cpu.\decoder_inst.$auto$ghdl.cc:827:import_module$2546
    New ctrl vector for $pmux cell \u_soc.u_cpu.decoder_inst.:7786: $flatten\u_soc.\u_cpu.\decoder_inst.$auto$ghdl.cc:827:import_module$2546
    New ctrl vector for $pmux cell \u_soc.u_cpu.decoder_inst.:7790: { $flatten\u_soc.\u_cpu.\decoder_inst.$auto$ghdl.cc:827:import_module$2546 $flatten\u_soc.\u_cpu.\decoder_inst.$auto$ghdl.cc:827:import_module$2501 $auto$opt_reduce.cc:137:opt_pmux$4526 $flatten\u_soc.\u_cpu.\decoder_inst.$auto$ghdl.cc:827:import_module$2493 $flatten\u_soc.\u_cpu.\decoder_inst.$auto$ghdl.cc:827:import_module$2483 $flatten\u_soc.\u_cpu.\decoder_inst.$auto$ghdl.cc:827:import_module$2476 $flatten\u_soc.\u_cpu.\decoder_inst.$auto$ghdl.cc:827:import_module$2464 $flatten\u_soc.\u_cpu.\decoder_inst.$auto$ghdl.cc:827:import_module$2440 }
    New ctrl vector for $pmux cell \u_soc.u_cpu.decoder_inst.:7793: $flatten\u_soc.\u_cpu.\decoder_inst.$auto$ghdl.cc:827:import_module$2546
    New ctrl vector for $pmux cell \u_soc.u_cpu.decoder_inst.:7796: $flatten\u_soc.\u_cpu.\decoder_inst.$auto$ghdl.cc:827:import_module$2546
    New ctrl vector for $pmux cell \u_soc.u_cpu.decoder_inst.:7799: $flatten\u_soc.\u_cpu.\decoder_inst.$auto$ghdl.cc:827:import_module$2546
    New ctrl vector for $pmux cell \u_soc.u_cpu.decoder_inst.:7802: $flatten\u_soc.\u_cpu.\decoder_inst.$auto$ghdl.cc:827:import_module$2546
    New ctrl vector for $pmux cell \u_soc.:336: $flatten\u_soc.$auto$ghdl.cc:827:import_module$106
    New ctrl vector for $pmux cell \u_soc.:338: $flatten\u_soc.$auto$ghdl.cc:827:import_module$107
    New ctrl vector for $pmux cell \u_soc.:340: $flatten\u_soc.$auto$ghdl.cc:827:import_module$108
    New ctrl vector for $pmux cell \u_soc.:342: $auto$opt_reduce.cc:137:opt_pmux$4528
    New ctrl vector for $pmux cell \u_soc.:412: { $flatten\u_soc.$auto$ghdl.cc:827:import_module$72 $auto$opt_reduce.cc:137:opt_pmux$4530 }
    New ctrl vector for $pmux cell \u_soc.:415: { $flatten\u_soc.$auto$ghdl.cc:827:import_module$75 $auto$opt_reduce.cc:137:opt_pmux$4532 }
    New ctrl vector for $pmux cell \u_soc.:418: { $flatten\u_soc.$auto$ghdl.cc:827:import_module$78 $auto$opt_reduce.cc:137:opt_pmux$4534 }
    New ctrl vector for $pmux cell \u_soc.:421: { $flatten\u_soc.$auto$ghdl.cc:827:import_module$81 $auto$opt_reduce.cc:137:opt_pmux$4536 }
    New ctrl vector for $pmux cell \u_soc.:424: { $flatten\u_soc.$auto$ghdl.cc:827:import_module$84 $auto$opt_reduce.cc:137:opt_pmux$4538 }
    New ctrl vector for $pmux cell \u_soc.:427: { $flatten\u_soc.$auto$ghdl.cc:827:import_module$87 $auto$opt_reduce.cc:137:opt_pmux$4540 }
    New ctrl vector for $pmux cell \u_soc.:430: { $flatten\u_soc.$auto$ghdl.cc:827:import_module$90 $auto$opt_reduce.cc:137:opt_pmux$4542 }
    New ctrl vector for $pmux cell \u_soc.:433: { $flatten\u_soc.$auto$ghdl.cc:827:import_module$105 $auto$opt_reduce.cc:137:opt_pmux$4544 }
    New ctrl vector for $pmux cell \u_soc.:435: { $flatten\u_soc.$auto$ghdl.cc:827:import_module$105 $auto$opt_reduce.cc:137:opt_pmux$4546 }
    New ctrl vector for $pmux cell \u_soc.:437: { $flatten\u_soc.$auto$ghdl.cc:827:import_module$190 $flatten\u_soc.$auto$ghdl.cc:827:import_module$150 $flatten\u_soc.$auto$ghdl.cc:827:import_module$105 $auto$opt_reduce.cc:137:opt_pmux$4548 }
    New ctrl vector for $pmux cell \u_soc.:439: { $flatten\u_soc.$auto$ghdl.cc:827:import_module$190 $flatten\u_soc.$auto$ghdl.cc:827:import_module$150 $flatten\u_soc.$auto$ghdl.cc:827:import_module$105 $auto$opt_reduce.cc:137:opt_pmux$4550 }
    New ctrl vector for $pmux cell \u_soc.:441: { $flatten\u_soc.$auto$ghdl.cc:827:import_module$190 $flatten\u_soc.$auto$ghdl.cc:827:import_module$150 $flatten\u_soc.$auto$ghdl.cc:827:import_module$105 $auto$opt_reduce.cc:137:opt_pmux$4552 }
    New ctrl vector for $pmux cell \u_soc.:443: { $flatten\u_soc.$auto$ghdl.cc:827:import_module$190 $flatten\u_soc.$auto$ghdl.cc:827:import_module$150 $flatten\u_soc.$auto$ghdl.cc:827:import_module$105 $auto$opt_reduce.cc:137:opt_pmux$4554 }
    New ctrl vector for $pmux cell \u_soc.:446: { $flatten\u_soc.$auto$ghdl.cc:827:import_module$150 $auto$opt_reduce.cc:137:opt_pmux$4556 }
    New ctrl vector for $pmux cell \u_soc.:448: { $flatten\u_soc.$auto$ghdl.cc:827:import_module$150 $auto$opt_reduce.cc:137:opt_pmux$4558 }
    New ctrl vector for $pmux cell \u_soc.:450: { $flatten\u_soc.$auto$ghdl.cc:827:import_module$150 $auto$opt_reduce.cc:137:opt_pmux$4560 }
    New ctrl vector for $pmux cell \u_soc.:453: { $flatten\u_soc.$auto$ghdl.cc:827:import_module$190 $auto$opt_reduce.cc:137:opt_pmux$4562 }
    New ctrl vector for $pmux cell \u_soc.:455: { $flatten\u_soc.$auto$ghdl.cc:827:import_module$190 $auto$opt_reduce.cc:137:opt_pmux$4564 }
    New ctrl vector for $pmux cell \u_soc.:457: { $flatten\u_soc.$auto$ghdl.cc:827:import_module$190 $auto$opt_reduce.cc:137:opt_pmux$4566 }
    New ctrl vector for $pmux cell \u_soc.:461: { $flatten\u_soc.$auto$ghdl.cc:827:import_module$191 $flatten\u_soc.$auto$ghdl.cc:827:import_module$190 $flatten\u_soc.$auto$ghdl.cc:827:import_module$150 $flatten\u_soc.$auto$ghdl.cc:827:import_module$105 $auto$opt_reduce.cc:137:opt_pmux$4568 $flatten\u_soc.$auto$ghdl.cc:827:import_module$65 }
    New ctrl vector for $pmux cell \u_soc.u_cpu.:4331: { $flatten\u_soc.\u_cpu.$auto$ghdl.cc:827:import_module$1298 $flatten\u_soc.\u_cpu.$auto$ghdl.cc:827:import_module$1297 $flatten\u_soc.\u_cpu.$auto$ghdl.cc:827:import_module$1296 $flatten\u_soc.\u_cpu.$auto$ghdl.cc:827:import_module$1295 $flatten\u_soc.\u_cpu.$auto$ghdl.cc:827:import_module$1294 $flatten\u_soc.\u_cpu.$auto$ghdl.cc:827:import_module$1293 $flatten\u_soc.\u_cpu.$auto$ghdl.cc:827:import_module$1292 $flatten\u_soc.\u_cpu.$auto$ghdl.cc:827:import_module$1291 $flatten\u_soc.\u_cpu.$auto$ghdl.cc:827:import_module$1290 $flatten\u_soc.\u_cpu.$auto$ghdl.cc:827:import_module$1289 $flatten\u_soc.\u_cpu.$auto$ghdl.cc:827:import_module$1288 $flatten\u_soc.\u_cpu.$auto$ghdl.cc:827:import_module$1287 $flatten\u_soc.\u_cpu.$auto$ghdl.cc:827:import_module$1286 $flatten\u_soc.\u_cpu.$auto$ghdl.cc:827:import_module$1285 $flatten\u_soc.\u_cpu.$auto$ghdl.cc:827:import_module$1284 }
    New ctrl vector for $pmux cell \u_soc.u_rx.:658: { $flatten\u_soc.\u_rx.$auto$ghdl.cc:827:import_module$290 $auto$opt_reduce.cc:137:opt_pmux$4570 }
    New ctrl vector for $pmux cell \u_soc.u_rx.:667: { $flatten\u_soc.\u_rx.$auto$ghdl.cc:827:import_module$283 $auto$opt_reduce.cc:137:opt_pmux$4572 $flatten\u_soc.\u_rx.$auto$ghdl.cc:827:import_module$264 }
    New ctrl vector for $pmux cell \u_soc.u_rx.:669: { $flatten\u_soc.\u_rx.$auto$ghdl.cc:827:import_module$283 $auto$opt_reduce.cc:137:opt_pmux$4574 }
    New ctrl vector for $pmux cell \u_soc.u_rx.:671: { $flatten\u_soc.\u_rx.$auto$ghdl.cc:827:import_module$290 $auto$opt_reduce.cc:137:opt_pmux$4576 }
    New ctrl vector for $pmux cell \u_soc.u_timer.:3963: $flatten\u_soc.\u_timer.$auto$ghdl.cc:827:import_module$1182
    New ctrl vector for $pmux cell \u_soc.u_timer.:3965: $flatten\u_soc.\u_timer.$auto$ghdl.cc:827:import_module$1183
    New ctrl vector for $pmux cell \u_soc.u_tx.:816: { $flatten\u_soc.\u_tx.$auto$ghdl.cc:827:import_module$354 $auto$opt_reduce.cc:137:opt_pmux$4578 \u_soc.uart_tx_rdata [1] }
    New ctrl vector for $pmux cell \u_soc.u_tx.:818: { $flatten\u_soc.\u_tx.$auto$ghdl.cc:827:import_module$354 $auto$opt_reduce.cc:137:opt_pmux$4580 \u_soc.uart_tx_rdata [1] }
    New ctrl vector for $pmux cell \u_soc.u_tx.:823: { $flatten\u_soc.\u_tx.$auto$ghdl.cc:827:import_module$354 $flatten\u_soc.\u_tx.$auto$ghdl.cc:827:import_module$343 $auto$opt_reduce.cc:137:opt_pmux$4582 }
  Optimizing cells in module \riscv_soc_gatemate.
Performed a total of 155 changes.

2.11.5. Executing OPT_MERGE pass (detect identical cells).
Finding identical cells in module `\riscv_soc_gatemate'.
<suppressed ~375 debug messages>
Removed a total of 125 cells.

2.11.6. Executing OPT_DFF pass (perform DFF optimizations).

2.11.7. Executing OPT_CLEAN pass (remove unused cells and wires).
Finding unused cells or wires in module \riscv_soc_gatemate..
Removed 1 unused cells and 634 unused wires.
<suppressed ~2 debug messages>

2.11.8. Executing OPT_EXPR pass (perform const folding).
Optimizing module riscv_soc_gatemate.
<suppressed ~9 debug messages>

2.11.9. Rerunning OPT passes. (Maybe there is more to do..)

2.11.10. Executing OPT_MUXTREE pass (detect dead branches in mux trees).
Running muxtree optimizer on module \riscv_soc_gatemate..
  Creating internal representation of mux trees.
  Evaluating internal representation of mux trees.
  Analyzing evaluation results.
Removed 0 multiplexer ports.
<suppressed ~2823 debug messages>

2.11.11. Executing OPT_REDUCE pass (consolidate $*mux and $reduce_* inputs).
  Optimizing cells in module \riscv_soc_gatemate.
    New ctrl vector for $pmux cell \u_soc.u_cpu.decoder_inst.:7363: { $flatten\u_soc.\u_cpu.\decoder_inst.$auto$ghdl.cc:827:import_module$2436 $auto$opt_reduce.cc:137:opt_pmux$4584 $flatten\u_soc.\u_cpu.\decoder_inst.$auto$ghdl.cc:827:import_module$2397 }
    New ctrl vector for $pmux cell \u_soc.u_cpu.decoder_inst.:7366: { $flatten\u_soc.\u_cpu.\decoder_inst.$auto$ghdl.cc:827:import_module$2436 $auto$opt_reduce.cc:137:opt_pmux$4586 $flatten\u_soc.\u_cpu.\decoder_inst.$auto$ghdl.cc:827:import_module$2397 }
    New ctrl vector for $pmux cell \u_soc.u_cpu.decoder_inst.:7692: { $auto$opt_reduce.cc:137:opt_pmux$4588 $auto$opt_reduce.cc:137:opt_pmux$4484 }
    New ctrl vector for $pmux cell \u_soc.u_rx.:664: { $auto$opt_reduce.cc:137:opt_pmux$4590 $flatten\u_soc.\u_rx.$auto$ghdl.cc:827:import_module$272 $flatten\u_soc.\u_rx.$auto$ghdl.cc:827:import_module$264 }
    New ctrl vector for $pmux cell \u_soc.u_tx.:812: { $auto$opt_reduce.cc:137:opt_pmux$4592 \u_soc.uart_tx_rdata [1] }
  Optimizing cells in module \riscv_soc_gatemate.
Performed a total of 5 changes.

2.11.12. Executing OPT_MERGE pass (detect identical cells).
Finding identical cells in module `\riscv_soc_gatemate'.
<suppressed ~3 debug messages>
Removed a total of 1 cells.

2.11.13. Executing OPT_DFF pass (perform DFF optimizations).

2.11.14. Executing OPT_CLEAN pass (remove unused cells and wires).
Finding unused cells or wires in module \riscv_soc_gatemate..
Removed 2 unused cells and 10 unused wires.
<suppressed ~3 debug messages>

2.11.15. Executing OPT_EXPR pass (perform const folding).
Optimizing module riscv_soc_gatemate.

2.11.16. Rerunning OPT passes. (Maybe there is more to do..)

2.11.17. Executing OPT_MUXTREE pass (detect dead branches in mux trees).
Running muxtree optimizer on module \riscv_soc_gatemate..
  Creating internal representation of mux trees.
  Evaluating internal representation of mux trees.
  Analyzing evaluation results.
Removed 0 multiplexer ports.
<suppressed ~2768 debug messages>

2.11.18. Executing OPT_REDUCE pass (consolidate $*mux and $reduce_* inputs).
  Optimizing cells in module \riscv_soc_gatemate.
Performed a total of 0 changes.

2.11.19. Executing OPT_MERGE pass (detect identical cells).
Finding identical cells in module `\riscv_soc_gatemate'.
Removed a total of 0 cells.

2.11.20. Executing OPT_DFF pass (perform DFF optimizations).

2.11.21. Executing OPT_CLEAN pass (remove unused cells and wires).
Finding unused cells or wires in module \riscv_soc_gatemate..

2.11.22. Executing OPT_EXPR pass (perform const folding).
Optimizing module riscv_soc_gatemate.

2.11.23. Finished fast OPT passes. (There is nothing left to do.)

2.12. Executing FSM pass (extract and optimize FSM).

2.12.1. Executing FSM_DETECT pass (finding FSMs in design).
Not marking riscv_soc_gatemate.u_soc.bl_state as FSM state register:
    Register has an initialization value.
Not marking riscv_soc_gatemate.u_soc.u_cpu.csr_inst.state_tmr_error_cnt as FSM state register:
    Users of register don't seem to benefit from recoding.
    Register has an initialization value.
Not marking riscv_soc_gatemate.u_soc.u_cpu.csr_inst.trap_cause_in as FSM state register:
    Users of register don't seem to benefit from recoding.
    Register has an initialization value.
Not marking riscv_soc_gatemate.u_soc.u_cpu.state_a as FSM state register:
    Register has an initialization value.
Not marking riscv_soc_gatemate.u_soc.u_rx.st as FSM state register:
    Register has an initialization value.
Not marking riscv_soc_gatemate.u_soc.u_tx.st as FSM state register:
    Register has an initialization value.

2.12.2. Executing FSM_EXTRACT pass (extracting FSM from design).

2.12.3. Executing FSM_OPT pass (simple optimizations of FSMs).

2.12.4. Executing OPT_CLEAN pass (remove unused cells and wires).
Finding unused cells or wires in module \riscv_soc_gatemate..

2.12.5. Executing FSM_OPT pass (simple optimizations of FSMs).

2.12.6. Executing FSM_RECODE pass (re-assigning FSM state encoding).

2.12.7. Executing FSM_INFO pass (dumping all available information on FSM cells).

2.12.8. Executing FSM_MAP pass (mapping FSMs to basic logic).

2.13. Executing OPT pass (performing simple optimizations).

2.13.1. Executing OPT_EXPR pass (perform const folding).
Optimizing module riscv_soc_gatemate.

2.13.2. Executing OPT_MERGE pass (detect identical cells).
Finding identical cells in module `\riscv_soc_gatemate'.
Removed a total of 0 cells.

2.13.3. Executing OPT_MUXTREE pass (detect dead branches in mux trees).
Running muxtree optimizer on module \riscv_soc_gatemate..
  Creating internal representation of mux trees.
  Evaluating internal representation of mux trees.
  Analyzing evaluation results.
Removed 0 multiplexer ports.
<suppressed ~2768 debug messages>

2.13.4. Executing OPT_REDUCE pass (consolidate $*mux and $reduce_* inputs).
  Optimizing cells in module \riscv_soc_gatemate.
Performed a total of 0 changes.

2.13.5. Executing OPT_MERGE pass (detect identical cells).
Finding identical cells in module `\riscv_soc_gatemate'.
Removed a total of 0 cells.

2.13.6. Executing OPT_DFF pass (perform DFF optimizations).
Adding SRST signal on u_soc.u_tx.:844 ($dff) from module riscv_soc_gatemate (D = $flatten\u_soc.\u_tx.$auto$ghdl.cc:827:import_module$364, Q = \txd_o, rval = 1'1).
Adding SRST signal on u_soc.u_tx.:843 ($dff) from module riscv_soc_gatemate (D = $flatten\u_soc.\u_tx.$auto$ghdl.cc:827:import_module$363, Q = \u_soc.u_tx.bit_cnt, rval = 3'000).
Adding EN signal on $auto$ff.cc:266:slice$4594 ($sdff) from module riscv_soc_gatemate (D = $flatten\u_soc.\u_tx.$auto$ghdl.cc:827:import_module$363, Q = \u_soc.u_tx.bit_cnt).
Adding SRST signal on u_soc.u_tx.:842 ($dff) from module riscv_soc_gatemate (D = $flatten\u_soc.\u_tx.$auto$ghdl.cc:827:import_module$362, Q = \u_soc.u_tx.shreg, rval = 8'00000000).
Adding EN signal on $auto$ff.cc:266:slice$4606 ($sdff) from module riscv_soc_gatemate (D = $flatten\u_soc.\u_tx.$auto$ghdl.cc:827:import_module$362, Q = \u_soc.u_tx.shreg).
Adding SRST signal on u_soc.u_tx.:841 ($dff) from module riscv_soc_gatemate (D = $flatten\u_soc.\u_tx.$auto$ghdl.cc:827:import_module$361, Q = \u_soc.u_tx.st, rval = 2'00).
Adding EN signal on $auto$ff.cc:266:slice$4616 ($sdff) from module riscv_soc_gatemate (D = $flatten\u_soc.\u_tx.$auto$ghdl.cc:827:import_module$361, Q = \u_soc.u_tx.st).
Adding SRST signal on u_soc.u_tx.:840 ($dff) from module riscv_soc_gatemate (D = $flatten\u_soc.\u_tx.$auto$ghdl.cc:827:import_module$360, Q = \u_soc.u_tx.div_cnt, rval = 7'0000000).
Adding SRST signal on u_soc.u_timer.:3999 ($dff) from module riscv_soc_gatemate (D = $flatten\u_soc.\u_timer.$auto$ghdl.cc:827:import_module$1181, Q = \u_soc.irq_timer, rval = 1'0).
Adding SRST signal on u_soc.u_timer.:3998 ($dff) from module riscv_soc_gatemate (D = $flatten\u_soc.\u_timer.$auto$ghdl.cc:827:import_module$1186, Q = \u_soc.u_timer.cmp, rval = 64'0000000000000000000000000000000000000000000000000000000000000000).
Adding EN signal on $auto$ff.cc:266:slice$4630 ($sdff) from module riscv_soc_gatemate (D = \u_soc.dmem_wdata, Q = \u_soc.u_timer.cmp [31:0]).
Adding EN signal on $auto$ff.cc:266:slice$4630 ($sdff) from module riscv_soc_gatemate (D = \u_soc.dmem_wdata, Q = \u_soc.u_timer.cmp [63:32]).
Adding SRST signal on u_soc.u_timer.:3997 ($dff) from module riscv_soc_gatemate (D = $flatten\u_soc.\u_timer.$auto$ghdl.cc:827:import_module$1179, Q = \u_soc.u_timer.cnt, rval = 64'0000000000000000000000000000000000000000000000000000000000000000).
Adding SRST signal on u_soc.u_rx.:696 ($dff) from module riscv_soc_gatemate (D = $flatten\u_soc.\u_rx.$auto$ghdl.cc:827:import_module$296, Q = \u_soc.rx_byte, rval = 8'00000000).
Adding EN signal on $auto$ff.cc:266:slice$4638 ($sdff) from module riscv_soc_gatemate (D = $flatten\u_soc.\u_rx.$auto$ghdl.cc:827:import_module$296, Q = \u_soc.rx_byte).
Adding SRST signal on u_soc.u_rx.:695 ($dff) from module riscv_soc_gatemate (D = $flatten\u_soc.\u_rx.$auto$ghdl.cc:827:import_module$295, Q = \u_soc.u_rx.shift, rval = 8'00000000).
Adding EN signal on $auto$ff.cc:266:slice$4646 ($sdff) from module riscv_soc_gatemate (D = $flatten\u_soc.\u_rx.$auto$ghdl.cc:827:import_module$295 [0], Q = \u_soc.u_rx.shift [0]).
Adding EN signal on $auto$ff.cc:266:slice$4646 ($sdff) from module riscv_soc_gatemate (D = $flatten\u_soc.\u_rx.$auto$ghdl.cc:827:import_module$295 [1], Q = \u_soc.u_rx.shift [1]).
Adding EN signal on $auto$ff.cc:266:slice$4646 ($sdff) from module riscv_soc_gatemate (D = $flatten\u_soc.\u_rx.$auto$ghdl.cc:827:import_module$295 [2], Q = \u_soc.u_rx.shift [2]).
Adding EN signal on $auto$ff.cc:266:slice$4646 ($sdff) from module riscv_soc_gatemate (D = $flatten\u_soc.\u_rx.$auto$ghdl.cc:827:import_module$295 [3], Q = \u_soc.u_rx.shift [3]).
Adding EN signal on $auto$ff.cc:266:slice$4646 ($sdff) from module riscv_soc_gatemate (D = $flatten\u_soc.\u_rx.$auto$ghdl.cc:827:import_module$295 [4], Q = \u_soc.u_rx.shift [4]).
Adding EN signal on $auto$ff.cc:266:slice$4646 ($sdff) from module riscv_soc_gatemate (D = $flatten\u_soc.\u_rx.$auto$ghdl.cc:827:import_module$295 [5], Q = \u_soc.u_rx.shift [5]).
Adding EN signal on $auto$ff.cc:266:slice$4646 ($sdff) from module riscv_soc_gatemate (D = $flatten\u_soc.\u_rx.$auto$ghdl.cc:827:import_module$295 [6], Q = \u_soc.u_rx.shift [6]).
Adding EN signal on $auto$ff.cc:266:slice$4646 ($sdff) from module riscv_soc_gatemate (D = $flatten\u_soc.\u_rx.$auto$ghdl.cc:827:import_module$295 [7], Q = \u_soc.u_rx.shift [7]).
Adding SRST signal on u_soc.u_rx.:694 ($dff) from module riscv_soc_gatemate (D = $flatten\u_soc.\u_rx.$auto$ghdl.cc:827:import_module$294, Q = \u_soc.u_rx.bitidx, rval = 3'000).
Adding EN signal on $auto$ff.cc:266:slice$4719 ($sdff) from module riscv_soc_gatemate (D = $flatten\u_soc.\u_rx.$auto$ghdl.cc:827:import_module$294, Q = \u_soc.u_rx.bitidx).
Adding SRST signal on u_soc.u_rx.:693 ($dff) from module riscv_soc_gatemate (D = $flatten\u_soc.\u_rx.$auto$ghdl.cc:827:import_module$293, Q = \u_soc.u_rx.cnt, rval = 7'0000000).
Adding EN signal on $auto$ff.cc:266:slice$4727 ($sdff) from module riscv_soc_gatemate (D = $flatten\u_soc.\u_rx.$auto$ghdl.cc:827:import_module$293, Q = \u_soc.u_rx.cnt).
Adding SRST signal on u_soc.u_rx.:692 ($dff) from module riscv_soc_gatemate (D = $flatten\u_soc.\u_rx.$auto$ghdl.cc:827:import_module$292, Q = \u_soc.u_rx.st, rval = 2'00).
Adding EN signal on $auto$ff.cc:266:slice$4731 ($sdff) from module riscv_soc_gatemate (D = $flatten\u_soc.\u_rx.$auto$ghdl.cc:827:import_module$292, Q = \u_soc.u_rx.st).
Adding SRST signal on u_soc.u_rx.:691 ($dff) from module riscv_soc_gatemate (D = $flatten\u_soc.\u_rx.$auto$ghdl.cc:827:import_module$291, Q = \u_soc.rx_valid, rval = 1'0).
Adding SRST signal on u_soc.u_imem.:2217 ($dff) from module riscv_soc_gatemate (D = $flatten\u_soc.\u_imem.$auto$ghdl.cc:827:import_module$653, Q = \u_soc.u_imem.rd_word_reg, rval = 39'100111100000000000000000000000000010011).
Adding SRST signal on u_soc.u_cpu.regfile_inst.:8795 ($dff) from module riscv_soc_gatemate (D = $flatten\u_soc.\u_cpu.\regfile_inst.$auto$ghdl.cc:827:import_module$2957 [991:0], Q = \u_soc.u_cpu.regfile_inst.regfile_c [991:0], rval = 992'00000000000000000000000000000000000000000000000000000000000000000000000000000000000000000000000000000000000000000000000000000000000000000000000000000000000000000000000000000000000000000000000000000000000000000000000000000000000000000000000000000000000000000000000000000000000000000000000000000000000000000000000000000000000000000000000000000000000000000000000000000000000000000000000000000000000000000000000000000000000000000000000000000000000000000000000000000000000000000000000000000000000000000000000000000000000000000000000000000000000000000000000000000000000000000000000000000000000000000000000000000000000000000000000000000000000000000000000000000000000000000000000000000000000000000000000000000000000000000000000000000000000000000000000000000000000000000000000000000000000000000000000000000000000000000000000000000000000000000000000000000000000000000000000000000000000000000000000000000000000000000000000000000000000000000000000000000000000000000000000000000000000000000000000000000000).
Adding EN signal on $auto$ff.cc:266:slice$4745 ($sdff) from module riscv_soc_gatemate (D = $flatten\u_soc.\u_cpu.\regfile_inst.$auto$ghdl.cc:827:import_module$2957 [991:960], Q = \u_soc.u_cpu.regfile_inst.regfile_c [991:960]).
Adding EN signal on $auto$ff.cc:266:slice$4745 ($sdff) from module riscv_soc_gatemate (D = $flatten\u_soc.\u_cpu.\regfile_inst.$auto$ghdl.cc:827:import_module$2957 [959:928], Q = \u_soc.u_cpu.regfile_inst.regfile_c [959:928]).
Adding EN signal on $auto$ff.cc:266:slice$4745 ($sdff) from module riscv_soc_gatemate (D = $flatten\u_soc.\u_cpu.\regfile_inst.$auto$ghdl.cc:827:import_module$2957 [927:896], Q = \u_soc.u_cpu.regfile_inst.regfile_c [927:896]).
Adding EN signal on $auto$ff.cc:266:slice$4745 ($sdff) from module riscv_soc_gatemate (D = $flatten\u_soc.\u_cpu.\regfile_inst.$auto$ghdl.cc:827:import_module$2957 [895:864], Q = \u_soc.u_cpu.regfile_inst.regfile_c [895:864]).
Adding EN signal on $auto$ff.cc:266:slice$4745 ($sdff) from module riscv_soc_gatemate (D = $flatten\u_soc.\u_cpu.\regfile_inst.$auto$ghdl.cc:827:import_module$2957 [863:832], Q = \u_soc.u_cpu.regfile_inst.regfile_c [863:832]).
Adding EN signal on $auto$ff.cc:266:slice$4745 ($sdff) from module riscv_soc_gatemate (D = $flatten\u_soc.\u_cpu.\regfile_inst.$auto$ghdl.cc:827:import_module$2957 [831:800], Q = \u_soc.u_cpu.regfile_inst.regfile_c [831:800]).
Adding EN signal on $auto$ff.cc:266:slice$4745 ($sdff) from module riscv_soc_gatemate (D = $flatten\u_soc.\u_cpu.\regfile_inst.$auto$ghdl.cc:827:import_module$2957 [799:768], Q = \u_soc.u_cpu.regfile_inst.regfile_c [799:768]).
Adding EN signal on $auto$ff.cc:266:slice$4745 ($sdff) from module riscv_soc_gatemate (D = $flatten\u_soc.\u_cpu.\regfile_inst.$auto$ghdl.cc:827:import_module$2957 [767:736], Q = \u_soc.u_cpu.regfile_inst.regfile_c [767:736]).
Adding EN signal on $auto$ff.cc:266:slice$4745 ($sdff) from module riscv_soc_gatemate (D = $flatten\u_soc.\u_cpu.\regfile_inst.$auto$ghdl.cc:827:import_module$2957 [735:704], Q = \u_soc.u_cpu.regfile_inst.regfile_c [735:704]).
Adding EN signal on $auto$ff.cc:266:slice$4745 ($sdff) from module riscv_soc_gatemate (D = $flatten\u_soc.\u_cpu.\regfile_inst.$auto$ghdl.cc:827:import_module$2957 [703:672], Q = \u_soc.u_cpu.regfile_inst.regfile_c [703:672]).
Adding EN signal on $auto$ff.cc:266:slice$4745 ($sdff) from module riscv_soc_gatemate (D = $flatten\u_soc.\u_cpu.\regfile_inst.$auto$ghdl.cc:827:import_module$2957 [671:640], Q = \u_soc.u_cpu.regfile_inst.regfile_c [671:640]).
Adding EN signal on $auto$ff.cc:266:slice$4745 ($sdff) from module riscv_soc_gatemate (D = $flatten\u_soc.\u_cpu.\regfile_inst.$auto$ghdl.cc:827:import_module$2957 [639:608], Q = \u_soc.u_cpu.regfile_inst.regfile_c [639:608]).
Adding EN signal on $auto$ff.cc:266:slice$4745 ($sdff) from module riscv_soc_gatemate (D = $flatten\u_soc.\u_cpu.\regfile_inst.$auto$ghdl.cc:827:import_module$2957 [607:576], Q = \u_soc.u_cpu.regfile_inst.regfile_c [607:576]).
Adding EN signal on $auto$ff.cc:266:slice$4745 ($sdff) from module riscv_soc_gatemate (D = $flatten\u_soc.\u_cpu.\regfile_inst.$auto$ghdl.cc:827:import_module$2957 [575:544], Q = \u_soc.u_cpu.regfile_inst.regfile_c [575:544]).
Adding EN signal on $auto$ff.cc:266:slice$4745 ($sdff) from module riscv_soc_gatemate (D = $flatten\u_soc.\u_cpu.\regfile_inst.$auto$ghdl.cc:827:import_module$2957 [543:512], Q = \u_soc.u_cpu.regfile_inst.regfile_c [543:512]).
Adding EN signal on $auto$ff.cc:266:slice$4745 ($sdff) from module riscv_soc_gatemate (D = $flatten\u_soc.\u_cpu.\regfile_inst.$auto$ghdl.cc:827:import_module$2957 [511:480], Q = \u_soc.u_cpu.regfile_inst.regfile_c [511:480]).
Adding EN signal on $auto$ff.cc:266:slice$4745 ($sdff) from module riscv_soc_gatemate (D = $flatten\u_soc.\u_cpu.\regfile_inst.$auto$ghdl.cc:827:import_module$2957 [479:448], Q = \u_soc.u_cpu.regfile_inst.regfile_c [479:448]).
Adding EN signal on $auto$ff.cc:266:slice$4745 ($sdff) from module riscv_soc_gatemate (D = $flatten\u_soc.\u_cpu.\regfile_inst.$auto$ghdl.cc:827:import_module$2957 [447:416], Q = \u_soc.u_cpu.regfile_inst.regfile_c [447:416]).
Adding EN signal on $auto$ff.cc:266:slice$4745 ($sdff) from module riscv_soc_gatemate (D = $flatten\u_soc.\u_cpu.\regfile_inst.$auto$ghdl.cc:827:import_module$2957 [415:384], Q = \u_soc.u_cpu.regfile_inst.regfile_c [415:384]).
Adding EN signal on $auto$ff.cc:266:slice$4745 ($sdff) from module riscv_soc_gatemate (D = $flatten\u_soc.\u_cpu.\regfile_inst.$auto$ghdl.cc:827:import_module$2957 [383:352], Q = \u_soc.u_cpu.regfile_inst.regfile_c [383:352]).
Adding EN signal on $auto$ff.cc:266:slice$4745 ($sdff) from module riscv_soc_gatemate (D = $flatten\u_soc.\u_cpu.\regfile_inst.$auto$ghdl.cc:827:import_module$2957 [351:320], Q = \u_soc.u_cpu.regfile_inst.regfile_c [351:320]).
Adding EN signal on $auto$ff.cc:266:slice$4745 ($sdff) from module riscv_soc_gatemate (D = $flatten\u_soc.\u_cpu.\regfile_inst.$auto$ghdl.cc:827:import_module$2957 [319:288], Q = \u_soc.u_cpu.regfile_inst.regfile_c [319:288]).
Adding EN signal on $auto$ff.cc:266:slice$4745 ($sdff) from module riscv_soc_gatemate (D = $flatten\u_soc.\u_cpu.\regfile_inst.$auto$ghdl.cc:827:import_module$2957 [287:256], Q = \u_soc.u_cpu.regfile_inst.regfile_c [287:256]).
Adding EN signal on $auto$ff.cc:266:slice$4745 ($sdff) from module riscv_soc_gatemate (D = $flatten\u_soc.\u_cpu.\regfile_inst.$auto$ghdl.cc:827:import_module$2957 [255:224], Q = \u_soc.u_cpu.regfile_inst.regfile_c [255:224]).
Adding EN signal on $auto$ff.cc:266:slice$4745 ($sdff) from module riscv_soc_gatemate (D = $flatten\u_soc.\u_cpu.\regfile_inst.$auto$ghdl.cc:827:import_module$2957 [223:192], Q = \u_soc.u_cpu.regfile_inst.regfile_c [223:192]).
Adding EN signal on $auto$ff.cc:266:slice$4745 ($sdff) from module riscv_soc_gatemate (D = $flatten\u_soc.\u_cpu.\regfile_inst.$auto$ghdl.cc:827:import_module$2957 [191:160], Q = \u_soc.u_cpu.regfile_inst.regfile_c [191:160]).
Adding EN signal on $auto$ff.cc:266:slice$4745 ($sdff) from module riscv_soc_gatemate (D = $flatten\u_soc.\u_cpu.\regfile_inst.$auto$ghdl.cc:827:import_module$2957 [159:128], Q = \u_soc.u_cpu.regfile_inst.regfile_c [159:128]).
Adding EN signal on $auto$ff.cc:266:slice$4745 ($sdff) from module riscv_soc_gatemate (D = $flatten\u_soc.\u_cpu.\regfile_inst.$auto$ghdl.cc:827:import_module$2957 [127:96], Q = \u_soc.u_cpu.regfile_inst.regfile_c [127:96]).
Adding EN signal on $auto$ff.cc:266:slice$4745 ($sdff) from module riscv_soc_gatemate (D = $flatten\u_soc.\u_cpu.\regfile_inst.$auto$ghdl.cc:827:import_module$2957 [95:64], Q = \u_soc.u_cpu.regfile_inst.regfile_c [95:64]).
Adding EN signal on $auto$ff.cc:266:slice$4745 ($sdff) from module riscv_soc_gatemate (D = $flatten\u_soc.\u_cpu.\regfile_inst.$auto$ghdl.cc:827:import_module$2957 [63:32], Q = \u_soc.u_cpu.regfile_inst.regfile_c [63:32]).
Adding EN signal on $auto$ff.cc:266:slice$4745 ($sdff) from module riscv_soc_gatemate (D = $flatten\u_soc.\u_cpu.\regfile_inst.$auto$ghdl.cc:827:import_module$2957 [31:0], Q = \u_soc.u_cpu.regfile_inst.regfile_c [31:0]).
Adding SRST signal on u_soc.u_cpu.regfile_inst.:8794 ($dff) from module riscv_soc_gatemate (D = $flatten\u_soc.\u_cpu.\regfile_inst.$auto$ghdl.cc:827:import_module$2956 [991:0], Q = \u_soc.u_cpu.regfile_inst.regfile_b [991:0], rval = 992'00000000000000000000000000000000000000000000000000000000000000000000000000000000000000000000000000000000000000000000000000000000000000000000000000000000000000000000000000000000000000000000000000000000000000000000000000000000000000000000000000000000000000000000000000000000000000000000000000000000000000000000000000000000000000000000000000000000000000000000000000000000000000000000000000000000000000000000000000000000000000000000000000000000000000000000000000000000000000000000000000000000000000000000000000000000000000000000000000000000000000000000000000000000000000000000000000000000000000000000000000000000000000000000000000000000000000000000000000000000000000000000000000000000000000000000000000000000000000000000000000000000000000000000000000000000000000000000000000000000000000000000000000000000000000000000000000000000000000000000000000000000000000000000000000000000000000000000000000000000000000000000000000000000000000000000000000000000000000000000000000000000000000000000000000000000).
Adding EN signal on $auto$ff.cc:266:slice$5088 ($sdff) from module riscv_soc_gatemate (D = $flatten\u_soc.\u_cpu.\regfile_inst.$auto$ghdl.cc:827:import_module$2956 [991:960], Q = \u_soc.u_cpu.regfile_inst.regfile_b [991:960]).
Adding EN signal on $auto$ff.cc:266:slice$5088 ($sdff) from module riscv_soc_gatemate (D = $flatten\u_soc.\u_cpu.\regfile_inst.$auto$ghdl.cc:827:import_module$2956 [959:928], Q = \u_soc.u_cpu.regfile_inst.regfile_b [959:928]).
Adding EN signal on $auto$ff.cc:266:slice$5088 ($sdff) from module riscv_soc_gatemate (D = $flatten\u_soc.\u_cpu.\regfile_inst.$auto$ghdl.cc:827:import_module$2956 [927:896], Q = \u_soc.u_cpu.regfile_inst.regfile_b [927:896]).
Adding EN signal on $auto$ff.cc:266:slice$5088 ($sdff) from module riscv_soc_gatemate (D = $flatten\u_soc.\u_cpu.\regfile_inst.$auto$ghdl.cc:827:import_module$2956 [895:864], Q = \u_soc.u_cpu.regfile_inst.regfile_b [895:864]).
Adding EN signal on $auto$ff.cc:266:slice$5088 ($sdff) from module riscv_soc_gatemate (D = $flatten\u_soc.\u_cpu.\regfile_inst.$auto$ghdl.cc:827:import_module$2956 [863:832], Q = \u_soc.u_cpu.regfile_inst.regfile_b [863:832]).
Adding EN signal on $auto$ff.cc:266:slice$5088 ($sdff) from module riscv_soc_gatemate (D = $flatten\u_soc.\u_cpu.\regfile_inst.$auto$ghdl.cc:827:import_module$2956 [831:800], Q = \u_soc.u_cpu.regfile_inst.regfile_b [831:800]).
Adding EN signal on $auto$ff.cc:266:slice$5088 ($sdff) from module riscv_soc_gatemate (D = $flatten\u_soc.\u_cpu.\regfile_inst.$auto$ghdl.cc:827:import_module$2956 [799:768], Q = \u_soc.u_cpu.regfile_inst.regfile_b [799:768]).
Adding EN signal on $auto$ff.cc:266:slice$5088 ($sdff) from module riscv_soc_gatemate (D = $flatten\u_soc.\u_cpu.\regfile_inst.$auto$ghdl.cc:827:import_module$2956 [767:736], Q = \u_soc.u_cpu.regfile_inst.regfile_b [767:736]).
Adding EN signal on $auto$ff.cc:266:slice$5088 ($sdff) from module riscv_soc_gatemate (D = $flatten\u_soc.\u_cpu.\regfile_inst.$auto$ghdl.cc:827:import_module$2956 [735:704], Q = \u_soc.u_cpu.regfile_inst.regfile_b [735:704]).
Adding EN signal on $auto$ff.cc:266:slice$5088 ($sdff) from module riscv_soc_gatemate (D = $flatten\u_soc.\u_cpu.\regfile_inst.$auto$ghdl.cc:827:import_module$2956 [703:672], Q = \u_soc.u_cpu.regfile_inst.regfile_b [703:672]).
Adding EN signal on $auto$ff.cc:266:slice$5088 ($sdff) from module riscv_soc_gatemate (D = $flatten\u_soc.\u_cpu.\regfile_inst.$auto$ghdl.cc:827:import_module$2956 [671:640], Q = \u_soc.u_cpu.regfile_inst.regfile_b [671:640]).
Adding EN signal on $auto$ff.cc:266:slice$5088 ($sdff) from module riscv_soc_gatemate (D = $flatten\u_soc.\u_cpu.\regfile_inst.$auto$ghdl.cc:827:import_module$2956 [639:608], Q = \u_soc.u_cpu.regfile_inst.regfile_b [639:608]).
Adding EN signal on $auto$ff.cc:266:slice$5088 ($sdff) from module riscv_soc_gatemate (D = $flatten\u_soc.\u_cpu.\regfile_inst.$auto$ghdl.cc:827:import_module$2956 [607:576], Q = \u_soc.u_cpu.regfile_inst.regfile_b [607:576]).
Adding EN signal on $auto$ff.cc:266:slice$5088 ($sdff) from module riscv_soc_gatemate (D = $flatten\u_soc.\u_cpu.\regfile_inst.$auto$ghdl.cc:827:import_module$2956 [575:544], Q = \u_soc.u_cpu.regfile_inst.regfile_b [575:544]).
Adding EN signal on $auto$ff.cc:266:slice$5088 ($sdff) from module riscv_soc_gatemate (D = $flatten\u_soc.\u_cpu.\regfile_inst.$auto$ghdl.cc:827:import_module$2956 [543:512], Q = \u_soc.u_cpu.regfile_inst.regfile_b [543:512]).
Adding EN signal on $auto$ff.cc:266:slice$5088 ($sdff) from module riscv_soc_gatemate (D = $flatten\u_soc.\u_cpu.\regfile_inst.$auto$ghdl.cc:827:import_module$2956 [511:480], Q = \u_soc.u_cpu.regfile_inst.regfile_b [511:480]).
Adding EN signal on $auto$ff.cc:266:slice$5088 ($sdff) from module riscv_soc_gatemate (D = $flatten\u_soc.\u_cpu.\regfile_inst.$auto$ghdl.cc:827:import_module$2956 [479:448], Q = \u_soc.u_cpu.regfile_inst.regfile_b [479:448]).
Adding EN signal on $auto$ff.cc:266:slice$5088 ($sdff) from module riscv_soc_gatemate (D = $flatten\u_soc.\u_cpu.\regfile_inst.$auto$ghdl.cc:827:import_module$2956 [447:416], Q = \u_soc.u_cpu.regfile_inst.regfile_b [447:416]).
Adding EN signal on $auto$ff.cc:266:slice$5088 ($sdff) from module riscv_soc_gatemate (D = $flatten\u_soc.\u_cpu.\regfile_inst.$auto$ghdl.cc:827:import_module$2956 [415:384], Q = \u_soc.u_cpu.regfile_inst.regfile_b [415:384]).
Adding EN signal on $auto$ff.cc:266:slice$5088 ($sdff) from module riscv_soc_gatemate (D = $flatten\u_soc.\u_cpu.\regfile_inst.$auto$ghdl.cc:827:import_module$2956 [383:352], Q = \u_soc.u_cpu.regfile_inst.regfile_b [383:352]).
Adding EN signal on $auto$ff.cc:266:slice$5088 ($sdff) from module riscv_soc_gatemate (D = $flatten\u_soc.\u_cpu.\regfile_inst.$auto$ghdl.cc:827:import_module$2956 [351:320], Q = \u_soc.u_cpu.regfile_inst.regfile_b [351:320]).
Adding EN signal on $auto$ff.cc:266:slice$5088 ($sdff) from module riscv_soc_gatemate (D = $flatten\u_soc.\u_cpu.\regfile_inst.$auto$ghdl.cc:827:import_module$2956 [319:288], Q = \u_soc.u_cpu.regfile_inst.regfile_b [319:288]).
Adding EN signal on $auto$ff.cc:266:slice$5088 ($sdff) from module riscv_soc_gatemate (D = $flatten\u_soc.\u_cpu.\regfile_inst.$auto$ghdl.cc:827:import_module$2956 [287:256], Q = \u_soc.u_cpu.regfile_inst.regfile_b [287:256]).
Adding EN signal on $auto$ff.cc:266:slice$5088 ($sdff) from module riscv_soc_gatemate (D = $flatten\u_soc.\u_cpu.\regfile_inst.$auto$ghdl.cc:827:import_module$2956 [255:224], Q = \u_soc.u_cpu.regfile_inst.regfile_b [255:224]).
Adding EN signal on $auto$ff.cc:266:slice$5088 ($sdff) from module riscv_soc_gatemate (D = $flatten\u_soc.\u_cpu.\regfile_inst.$auto$ghdl.cc:827:import_module$2956 [223:192], Q = \u_soc.u_cpu.regfile_inst.regfile_b [223:192]).
Adding EN signal on $auto$ff.cc:266:slice$5088 ($sdff) from module riscv_soc_gatemate (D = $flatten\u_soc.\u_cpu.\regfile_inst.$auto$ghdl.cc:827:import_module$2956 [191:160], Q = \u_soc.u_cpu.regfile_inst.regfile_b [191:160]).
Adding EN signal on $auto$ff.cc:266:slice$5088 ($sdff) from module riscv_soc_gatemate (D = $flatten\u_soc.\u_cpu.\regfile_inst.$auto$ghdl.cc:827:import_module$2956 [159:128], Q = \u_soc.u_cpu.regfile_inst.regfile_b [159:128]).
Adding EN signal on $auto$ff.cc:266:slice$5088 ($sdff) from module riscv_soc_gatemate (D = $flatten\u_soc.\u_cpu.\regfile_inst.$auto$ghdl.cc:827:import_module$2956 [127:96], Q = \u_soc.u_cpu.regfile_inst.regfile_b [127:96]).
Adding EN signal on $auto$ff.cc:266:slice$5088 ($sdff) from module riscv_soc_gatemate (D = $flatten\u_soc.\u_cpu.\regfile_inst.$auto$ghdl.cc:827:import_module$2956 [95:64], Q = \u_soc.u_cpu.regfile_inst.regfile_b [95:64]).
Adding EN signal on $auto$ff.cc:266:slice$5088 ($sdff) from module riscv_soc_gatemate (D = $flatten\u_soc.\u_cpu.\regfile_inst.$auto$ghdl.cc:827:import_module$2956 [63:32], Q = \u_soc.u_cpu.regfile_inst.regfile_b [63:32]).
Adding EN signal on $auto$ff.cc:266:slice$5088 ($sdff) from module riscv_soc_gatemate (D = $flatten\u_soc.\u_cpu.\regfile_inst.$auto$ghdl.cc:827:import_module$2956 [31:0], Q = \u_soc.u_cpu.regfile_inst.regfile_b [31:0]).
Adding SRST signal on u_soc.u_cpu.regfile_inst.:8793 ($dff) from module riscv_soc_gatemate (D = $flatten\u_soc.\u_cpu.\regfile_inst.$auto$ghdl.cc:827:import_module$2955 [991:0], Q = \u_soc.u_cpu.regfile_inst.regfile_a [991:0], rval = 992'00000000000000000000000000000000000000000000000000000000000000000000000000000000000000000000000000000000000000000000000000000000000000000000000000000000000000000000000000000000000000000000000000000000000000000000000000000000000000000000000000000000000000000000000000000000000000000000000000000000000000000000000000000000000000000000000000000000000000000000000000000000000000000000000000000000000000000000000000000000000000000000000000000000000000000000000000000000000000000000000000000000000000000000000000000000000000000000000000000000000000000000000000000000000000000000000000000000000000000000000000000000000000000000000000000000000000000000000000000000000000000000000000000000000000000000000000000000000000000000000000000000000000000000000000000000000000000000000000000000000000000000000000000000000000000000000000000000000000000000000000000000000000000000000000000000000000000000000000000000000000000000000000000000000000000000000000000000000000000000000000000000000000000000000000000000).
Adding EN signal on $auto$ff.cc:266:slice$5431 ($sdff) from module riscv_soc_gatemate (D = $flatten\u_soc.\u_cpu.\regfile_inst.$auto$ghdl.cc:827:import_module$2955 [991:960], Q = \u_soc.u_cpu.regfile_inst.regfile_a [991:960]).
Adding EN signal on $auto$ff.cc:266:slice$5431 ($sdff) from module riscv_soc_gatemate (D = $flatten\u_soc.\u_cpu.\regfile_inst.$auto$ghdl.cc:827:import_module$2955 [959:928], Q = \u_soc.u_cpu.regfile_inst.regfile_a [959:928]).
Adding EN signal on $auto$ff.cc:266:slice$5431 ($sdff) from module riscv_soc_gatemate (D = $flatten\u_soc.\u_cpu.\regfile_inst.$auto$ghdl.cc:827:import_module$2955 [927:896], Q = \u_soc.u_cpu.regfile_inst.regfile_a [927:896]).
Adding EN signal on $auto$ff.cc:266:slice$5431 ($sdff) from module riscv_soc_gatemate (D = $flatten\u_soc.\u_cpu.\regfile_inst.$auto$ghdl.cc:827:import_module$2955 [895:864], Q = \u_soc.u_cpu.regfile_inst.regfile_a [895:864]).
Adding EN signal on $auto$ff.cc:266:slice$5431 ($sdff) from module riscv_soc_gatemate (D = $flatten\u_soc.\u_cpu.\regfile_inst.$auto$ghdl.cc:827:import_module$2955 [863:832], Q = \u_soc.u_cpu.regfile_inst.regfile_a [863:832]).
Adding EN signal on $auto$ff.cc:266:slice$5431 ($sdff) from module riscv_soc_gatemate (D = $flatten\u_soc.\u_cpu.\regfile_inst.$auto$ghdl.cc:827:import_module$2955 [831:800], Q = \u_soc.u_cpu.regfile_inst.regfile_a [831:800]).
Adding EN signal on $auto$ff.cc:266:slice$5431 ($sdff) from module riscv_soc_gatemate (D = $flatten\u_soc.\u_cpu.\regfile_inst.$auto$ghdl.cc:827:import_module$2955 [799:768], Q = \u_soc.u_cpu.regfile_inst.regfile_a [799:768]).
Adding EN signal on $auto$ff.cc:266:slice$5431 ($sdff) from module riscv_soc_gatemate (D = $flatten\u_soc.\u_cpu.\regfile_inst.$auto$ghdl.cc:827:import_module$2955 [767:736], Q = \u_soc.u_cpu.regfile_inst.regfile_a [767:736]).
Adding EN signal on $auto$ff.cc:266:slice$5431 ($sdff) from module riscv_soc_gatemate (D = $flatten\u_soc.\u_cpu.\regfile_inst.$auto$ghdl.cc:827:import_module$2955 [735:704], Q = \u_soc.u_cpu.regfile_inst.regfile_a [735:704]).
Adding EN signal on $auto$ff.cc:266:slice$5431 ($sdff) from module riscv_soc_gatemate (D = $flatten\u_soc.\u_cpu.\regfile_inst.$auto$ghdl.cc:827:import_module$2955 [703:672], Q = \u_soc.u_cpu.regfile_inst.regfile_a [703:672]).
Adding EN signal on $auto$ff.cc:266:slice$5431 ($sdff) from module riscv_soc_gatemate (D = $flatten\u_soc.\u_cpu.\regfile_inst.$auto$ghdl.cc:827:import_module$2955 [671:640], Q = \u_soc.u_cpu.regfile_inst.regfile_a [671:640]).
Adding EN signal on $auto$ff.cc:266:slice$5431 ($sdff) from module riscv_soc_gatemate (D = $flatten\u_soc.\u_cpu.\regfile_inst.$auto$ghdl.cc:827:import_module$2955 [639:608], Q = \u_soc.u_cpu.regfile_inst.regfile_a [639:608]).
Adding EN signal on $auto$ff.cc:266:slice$5431 ($sdff) from module riscv_soc_gatemate (D = $flatten\u_soc.\u_cpu.\regfile_inst.$auto$ghdl.cc:827:import_module$2955 [607:576], Q = \u_soc.u_cpu.regfile_inst.regfile_a [607:576]).
Adding EN signal on $auto$ff.cc:266:slice$5431 ($sdff) from module riscv_soc_gatemate (D = $flatten\u_soc.\u_cpu.\regfile_inst.$auto$ghdl.cc:827:import_module$2955 [575:544], Q = \u_soc.u_cpu.regfile_inst.regfile_a [575:544]).
Adding EN signal on $auto$ff.cc:266:slice$5431 ($sdff) from module riscv_soc_gatemate (D = $flatten\u_soc.\u_cpu.\regfile_inst.$auto$ghdl.cc:827:import_module$2955 [543:512], Q = \u_soc.u_cpu.regfile_inst.regfile_a [543:512]).
Adding EN signal on $auto$ff.cc:266:slice$5431 ($sdff) from module riscv_soc_gatemate (D = $flatten\u_soc.\u_cpu.\regfile_inst.$auto$ghdl.cc:827:import_module$2955 [511:480], Q = \u_soc.u_cpu.regfile_inst.regfile_a [511:480]).
Adding EN signal on $auto$ff.cc:266:slice$5431 ($sdff) from module riscv_soc_gatemate (D = $flatten\u_soc.\u_cpu.\regfile_inst.$auto$ghdl.cc:827:import_module$2955 [479:448], Q = \u_soc.u_cpu.regfile_inst.regfile_a [479:448]).
Adding EN signal on $auto$ff.cc:266:slice$5431 ($sdff) from module riscv_soc_gatemate (D = $flatten\u_soc.\u_cpu.\regfile_inst.$auto$ghdl.cc:827:import_module$2955 [447:416], Q = \u_soc.u_cpu.regfile_inst.regfile_a [447:416]).
Adding EN signal on $auto$ff.cc:266:slice$5431 ($sdff) from module riscv_soc_gatemate (D = $flatten\u_soc.\u_cpu.\regfile_inst.$auto$ghdl.cc:827:import_module$2955 [415:384], Q = \u_soc.u_cpu.regfile_inst.regfile_a [415:384]).
Adding EN signal on $auto$ff.cc:266:slice$5431 ($sdff) from module riscv_soc_gatemate (D = $flatten\u_soc.\u_cpu.\regfile_inst.$auto$ghdl.cc:827:import_module$2955 [383:352], Q = \u_soc.u_cpu.regfile_inst.regfile_a [383:352]).
Adding EN signal on $auto$ff.cc:266:slice$5431 ($sdff) from module riscv_soc_gatemate (D = $flatten\u_soc.\u_cpu.\regfile_inst.$auto$ghdl.cc:827:import_module$2955 [351:320], Q = \u_soc.u_cpu.regfile_inst.regfile_a [351:320]).
Adding EN signal on $auto$ff.cc:266:slice$5431 ($sdff) from module riscv_soc_gatemate (D = $flatten\u_soc.\u_cpu.\regfile_inst.$auto$ghdl.cc:827:import_module$2955 [319:288], Q = \u_soc.u_cpu.regfile_inst.regfile_a [319:288]).
Adding EN signal on $auto$ff.cc:266:slice$5431 ($sdff) from module riscv_soc_gatemate (D = $flatten\u_soc.\u_cpu.\regfile_inst.$auto$ghdl.cc:827:import_module$2955 [287:256], Q = \u_soc.u_cpu.regfile_inst.regfile_a [287:256]).
Adding EN signal on $auto$ff.cc:266:slice$5431 ($sdff) from module riscv_soc_gatemate (D = $flatten\u_soc.\u_cpu.\regfile_inst.$auto$ghdl.cc:827:import_module$2955 [255:224], Q = \u_soc.u_cpu.regfile_inst.regfile_a [255:224]).
Adding EN signal on $auto$ff.cc:266:slice$5431 ($sdff) from module riscv_soc_gatemate (D = $flatten\u_soc.\u_cpu.\regfile_inst.$auto$ghdl.cc:827:import_module$2955 [223:192], Q = \u_soc.u_cpu.regfile_inst.regfile_a [223:192]).
Adding EN signal on $auto$ff.cc:266:slice$5431 ($sdff) from module riscv_soc_gatemate (D = $flatten\u_soc.\u_cpu.\regfile_inst.$auto$ghdl.cc:827:import_module$2955 [191:160], Q = \u_soc.u_cpu.regfile_inst.regfile_a [191:160]).
Adding EN signal on $auto$ff.cc:266:slice$5431 ($sdff) from module riscv_soc_gatemate (D = $flatten\u_soc.\u_cpu.\regfile_inst.$auto$ghdl.cc:827:import_module$2955 [159:128], Q = \u_soc.u_cpu.regfile_inst.regfile_a [159:128]).
Adding EN signal on $auto$ff.cc:266:slice$5431 ($sdff) from module riscv_soc_gatemate (D = $flatten\u_soc.\u_cpu.\regfile_inst.$auto$ghdl.cc:827:import_module$2955 [127:96], Q = \u_soc.u_cpu.regfile_inst.regfile_a [127:96]).
Adding EN signal on $auto$ff.cc:266:slice$5431 ($sdff) from module riscv_soc_gatemate (D = $flatten\u_soc.\u_cpu.\regfile_inst.$auto$ghdl.cc:827:import_module$2955 [95:64], Q = \u_soc.u_cpu.regfile_inst.regfile_a [95:64]).
Adding EN signal on $auto$ff.cc:266:slice$5431 ($sdff) from module riscv_soc_gatemate (D = $flatten\u_soc.\u_cpu.\regfile_inst.$auto$ghdl.cc:827:import_module$2955 [63:32], Q = \u_soc.u_cpu.regfile_inst.regfile_a [63:32]).
Adding EN signal on $auto$ff.cc:266:slice$5431 ($sdff) from module riscv_soc_gatemate (D = $flatten\u_soc.\u_cpu.\regfile_inst.$auto$ghdl.cc:827:import_module$2955 [31:0], Q = \u_soc.u_cpu.regfile_inst.regfile_a [31:0]).
Adding SRST signal on u_soc.u_cpu.csr_inst.:10929 ($dff) from module riscv_soc_gatemate (D = \u_soc.u_cpu.csr_inst.dmem_ecc_double_error_i, Q = \u_soc.u_cpu.csr_inst.dmem_ecc_double_error_d, rval = 1'0).
Adding SRST signal on u_soc.u_cpu.csr_inst.:10928 ($dff) from module riscv_soc_gatemate (D = \u_soc.u_cpu.csr_inst.dmem_ecc_single_error_i, Q = \u_soc.u_cpu.csr_inst.dmem_ecc_single_error_d, rval = 1'0).
Adding SRST signal on u_soc.u_cpu.csr_inst.:10927 ($dff) from module riscv_soc_gatemate (D = $flatten\u_soc.\u_cpu.\csr_inst.$auto$ghdl.cc:827:import_module$4347, Q = \u_soc.watchdog_reset, rval = 1'0).
Adding SRST signal on u_soc.u_cpu.csr_inst.:10926 ($dff) from module riscv_soc_gatemate (D = $flatten\u_soc.\u_cpu.\csr_inst.$auto$ghdl.cc:827:import_module$4346, Q = \u_soc.u_cpu.csr_inst.wdog_count, rval = 0).
Adding EN signal on $auto$ff.cc:266:slice$5781 ($sdff) from module riscv_soc_gatemate (D = $flatten\u_soc.\u_cpu.\csr_inst.$auto$ghdl.cc:827:import_module$4346, Q = \u_soc.u_cpu.csr_inst.wdog_count).
Adding SRST signal on u_soc.u_cpu.csr_inst.:10925 ($dff) from module riscv_soc_gatemate (D = $flatten\u_soc.\u_cpu.\csr_inst.$auto$ghdl.cc:827:import_module$4317, Q = \u_soc.u_cpu.csr_inst.wdog_reload, rval = 0).
Adding EN signal on $auto$ff.cc:266:slice$5795 ($sdff) from module riscv_soc_gatemate (D = \u_soc.u_cpu.csr_inst.write_value, Q = \u_soc.u_cpu.csr_inst.wdog_reload).
Adding SRST signal on u_soc.u_cpu.csr_inst.:10924 ($dff) from module riscv_soc_gatemate (D = $flatten\u_soc.\u_cpu.\csr_inst.$auto$ghdl.cc:827:import_module$4348, Q = \u_soc.u_cpu.csr_inst.wdog_timeout, rval = 1'0).
Adding SRST signal on u_soc.u_cpu.csr_inst.:10923 ($dff) from module riscv_soc_gatemate (D = $flatten\u_soc.\u_cpu.\csr_inst.$auto$ghdl.cc:827:import_module$4315, Q = \u_soc.u_cpu.csr_inst.wdog_enable, rval = 1'0).
Adding EN signal on $auto$ff.cc:266:slice$5804 ($sdff) from module riscv_soc_gatemate (D = \u_soc.u_cpu.csr_inst.write_value [0], Q = \u_soc.u_cpu.csr_inst.wdog_enable).
Adding SRST signal on u_soc.u_cpu.csr_inst.:10922 ($dff) from module riscv_soc_gatemate (D = $flatten\u_soc.\u_cpu.\csr_inst.$auto$ghdl.cc:827:import_module$4341, Q = \u_soc.u_cpu.csr_inst.dmem_ecc_double_cnt, rval = 0).
Adding EN signal on $auto$ff.cc:266:slice$5812 ($sdff) from module riscv_soc_gatemate (D = $flatten\u_soc.\u_cpu.\csr_inst.$auto$ghdl.cc:827:import_module$4340, Q = \u_soc.u_cpu.csr_inst.dmem_ecc_double_cnt).
Adding SRST signal on u_soc.u_cpu.csr_inst.:10921 ($dff) from module riscv_soc_gatemate (D = $flatten\u_soc.\u_cpu.\csr_inst.$auto$ghdl.cc:827:import_module$4335, Q = \u_soc.u_cpu.csr_inst.dmem_ecc_single_cnt, rval = 0).
Adding EN signal on $auto$ff.cc:266:slice$5814 ($sdff) from module riscv_soc_gatemate (D = $flatten\u_soc.\u_cpu.\csr_inst.$auto$ghdl.cc:827:import_module$4334, Q = \u_soc.u_cpu.csr_inst.dmem_ecc_single_cnt).
Adding SRST signal on u_soc.u_cpu.csr_inst.:10920 ($dff) from module riscv_soc_gatemate (D = $flatten\u_soc.\u_cpu.\csr_inst.$auto$ghdl.cc:827:import_module$4329, Q = \u_soc.u_cpu.csr_inst.csr_tmr_error_cnt, rval = 0).
Adding EN signal on $auto$ff.cc:266:slice$5816 ($sdff) from module riscv_soc_gatemate (D = $flatten\u_soc.\u_cpu.\csr_inst.$auto$ghdl.cc:827:import_module$4328, Q = \u_soc.u_cpu.csr_inst.csr_tmr_error_cnt).
Adding EN signal on u_soc.u_cpu.csr_inst.:10919 ($dff) from module riscv_soc_gatemate (D = 0, Q = \u_soc.u_cpu.csr_inst.state_tmr_error_cnt).
Adding SRST signal on u_soc.u_cpu.csr_inst.:10918 ($dff) from module riscv_soc_gatemate (D = $flatten\u_soc.\u_cpu.\csr_inst.$auto$ghdl.cc:827:import_module$4321, Q = \u_soc.u_cpu.csr_inst.pc_tmr_error_cnt, rval = 0).
Adding EN signal on $auto$ff.cc:266:slice$5819 ($sdff) from module riscv_soc_gatemate (D = $flatten\u_soc.\u_cpu.\csr_inst.$auto$ghdl.cc:827:import_module$4320, Q = \u_soc.u_cpu.csr_inst.pc_tmr_error_cnt).
Adding SRST signal on u_soc.u_cpu.csr_inst.:10917 ($dff) from module riscv_soc_gatemate (D = $flatten\u_soc.\u_cpu.\csr_inst.$auto$ghdl.cc:827:import_module$4314, Q = \u_soc.u_cpu.csr_inst.mcause_c, rval = 0).
Adding EN signal on $auto$ff.cc:266:slice$5821 ($sdff) from module riscv_soc_gatemate (D = $flatten\u_soc.\u_cpu.\csr_inst.$auto$ghdl.cc:827:import_module$4314, Q = \u_soc.u_cpu.csr_inst.mcause_c).
Adding SRST signal on u_soc.u_cpu.csr_inst.:10916 ($dff) from module riscv_soc_gatemate (D = $flatten\u_soc.\u_cpu.\csr_inst.$auto$ghdl.cc:827:import_module$4313, Q = \u_soc.u_cpu.csr_inst.mcause_b, rval = 0).
Adding EN signal on $auto$ff.cc:266:slice$5831 ($sdff) from module riscv_soc_gatemate (D = $flatten\u_soc.\u_cpu.\csr_inst.$auto$ghdl.cc:827:import_module$4313, Q = \u_soc.u_cpu.csr_inst.mcause_b).
Adding SRST signal on u_soc.u_cpu.csr_inst.:10915 ($dff) from module riscv_soc_gatemate (D = $flatten\u_soc.\u_cpu.\csr_inst.$auto$ghdl.cc:827:import_module$4312, Q = \u_soc.u_cpu.csr_inst.mcause_a, rval = 0).
Adding EN signal on $auto$ff.cc:266:slice$5841 ($sdff) from module riscv_soc_gatemate (D = $flatten\u_soc.\u_cpu.\csr_inst.$auto$ghdl.cc:827:import_module$4312, Q = \u_soc.u_cpu.csr_inst.mcause_a).
Adding SRST signal on u_soc.u_cpu.csr_inst.:10914 ($dff) from module riscv_soc_gatemate (D = $flatten\u_soc.\u_cpu.\csr_inst.$auto$ghdl.cc:827:import_module$4311, Q = \u_soc.u_cpu.csr_inst.mepc_c, rval = 0).
Adding EN signal on $auto$ff.cc:266:slice$5851 ($sdff) from module riscv_soc_gatemate (D = $flatten\u_soc.\u_cpu.\csr_inst.$auto$ghdl.cc:827:import_module$4311, Q = \u_soc.u_cpu.csr_inst.mepc_c).
Adding SRST signal on u_soc.u_cpu.csr_inst.:10913 ($dff) from module riscv_soc_gatemate (D = $flatten\u_soc.\u_cpu.\csr_inst.$auto$ghdl.cc:827:import_module$4310, Q = \u_soc.u_cpu.csr_inst.mepc_b, rval = 0).
Adding EN signal on $auto$ff.cc:266:slice$5861 ($sdff) from module riscv_soc_gatemate (D = $flatten\u_soc.\u_cpu.\csr_inst.$auto$ghdl.cc:827:import_module$4310, Q = \u_soc.u_cpu.csr_inst.mepc_b).
Adding SRST signal on u_soc.u_cpu.csr_inst.:10912 ($dff) from module riscv_soc_gatemate (D = $flatten\u_soc.\u_cpu.\csr_inst.$auto$ghdl.cc:827:import_module$4309, Q = \u_soc.u_cpu.csr_inst.mepc_a, rval = 0).
Adding EN signal on $auto$ff.cc:266:slice$5871 ($sdff) from module riscv_soc_gatemate (D = $flatten\u_soc.\u_cpu.\csr_inst.$auto$ghdl.cc:827:import_module$4309, Q = \u_soc.u_cpu.csr_inst.mepc_a).
Adding SRST signal on u_soc.u_cpu.csr_inst.:10911 ($dff) from module riscv_soc_gatemate (D = $flatten\u_soc.\u_cpu.\csr_inst.$auto$ghdl.cc:827:import_module$4308, Q = \u_soc.u_cpu.csr_inst.mtvec_c, rval = 0).
Adding EN signal on $auto$ff.cc:266:slice$5881 ($sdff) from module riscv_soc_gatemate (D = \u_soc.u_cpu.csr_inst.write_value, Q = \u_soc.u_cpu.csr_inst.mtvec_c).
Adding SRST signal on u_soc.u_cpu.csr_inst.:10910 ($dff) from module riscv_soc_gatemate (D = $flatten\u_soc.\u_cpu.\csr_inst.$auto$ghdl.cc:827:import_module$4307, Q = \u_soc.u_cpu.csr_inst.mtvec_b, rval = 0).
Adding EN signal on $auto$ff.cc:266:slice$5889 ($sdff) from module riscv_soc_gatemate (D = \u_soc.u_cpu.csr_inst.write_value, Q = \u_soc.u_cpu.csr_inst.mtvec_b).
Adding SRST signal on u_soc.u_cpu.csr_inst.:10909 ($dff) from module riscv_soc_gatemate (D = $flatten\u_soc.\u_cpu.\csr_inst.$auto$ghdl.cc:827:import_module$4306, Q = \u_soc.u_cpu.csr_inst.mtvec_a, rval = 0).
Adding EN signal on $auto$ff.cc:266:slice$5897 ($sdff) from module riscv_soc_gatemate (D = \u_soc.u_cpu.csr_inst.write_value, Q = \u_soc.u_cpu.csr_inst.mtvec_a).
Adding SRST signal on u_soc.u_cpu.csr_inst.:10908 ($dff) from module riscv_soc_gatemate (D = $flatten\u_soc.\u_cpu.\csr_inst.$auto$ghdl.cc:827:import_module$4305, Q = \u_soc.u_cpu.csr_inst.mie_c, rval = 0).
Adding EN signal on $auto$ff.cc:266:slice$5905 ($sdff) from module riscv_soc_gatemate (D = \u_soc.u_cpu.csr_inst.write_value, Q = \u_soc.u_cpu.csr_inst.mie_c).
Adding SRST signal on u_soc.u_cpu.csr_inst.:10907 ($dff) from module riscv_soc_gatemate (D = $flatten\u_soc.\u_cpu.\csr_inst.$auto$ghdl.cc:827:import_module$4304, Q = \u_soc.u_cpu.csr_inst.mie_b, rval = 0).
Adding EN signal on $auto$ff.cc:266:slice$5913 ($sdff) from module riscv_soc_gatemate (D = \u_soc.u_cpu.csr_inst.write_value, Q = \u_soc.u_cpu.csr_inst.mie_b).
Adding SRST signal on u_soc.u_cpu.csr_inst.:10906 ($dff) from module riscv_soc_gatemate (D = $flatten\u_soc.\u_cpu.\csr_inst.$auto$ghdl.cc:827:import_module$4303, Q = \u_soc.u_cpu.csr_inst.mie_a, rval = 0).
Adding EN signal on $auto$ff.cc:266:slice$5921 ($sdff) from module riscv_soc_gatemate (D = \u_soc.u_cpu.csr_inst.write_value, Q = \u_soc.u_cpu.csr_inst.mie_a).
Adding SRST signal on u_soc.u_cpu.csr_inst.:10905 ($dff) from module riscv_soc_gatemate (D = $flatten\u_soc.\u_cpu.\csr_inst.$auto$ghdl.cc:827:import_module$4268, Q = \u_soc.u_cpu.csr_inst.mstatus_c [3], rval = 1'0).
Adding SRST signal on u_soc.u_cpu.csr_inst.:10905 ($dff) from module riscv_soc_gatemate (D = { $flatten\u_soc.\u_cpu.\csr_inst.$auto$ghdl.cc:827:import_module$4302 $flatten\u_soc.\u_cpu.\csr_inst.$auto$ghdl.cc:827:import_module$4301 $flatten\u_soc.\u_cpu.\csr_inst.$auto$ghdl.cc:827:import_module$4300 $flatten\u_soc.\u_cpu.\csr_inst.$auto$ghdl.cc:827:import_module$4298 }, Q = { \u_soc.u_cpu.csr_inst.mstatus_c [31:4] \u_soc.u_cpu.csr_inst.mstatus_c [2:0] }, rval = 31'0000000000000000000000000000000).
Adding EN signal on $auto$ff.cc:266:slice$5932 ($sdff) from module riscv_soc_gatemate (D = { \u_soc.u_cpu.csr_inst.write_value [31:8] \u_soc.u_cpu.csr_inst.write_value [6:4] \u_soc.u_cpu.csr_inst.write_value [2:0] }, Q = { \u_soc.u_cpu.csr_inst.mstatus_c [31:8] \u_soc.u_cpu.csr_inst.mstatus_c [6:4] \u_soc.u_cpu.csr_inst.mstatus_c [2:0] }).
Adding EN signal on $auto$ff.cc:266:slice$5932 ($sdff) from module riscv_soc_gatemate (D = $flatten\u_soc.\u_cpu.\csr_inst.$auto$ghdl.cc:827:import_module$4301, Q = \u_soc.u_cpu.csr_inst.mstatus_c [7]).
Adding EN signal on $auto$ff.cc:266:slice$5929 ($sdff) from module riscv_soc_gatemate (D = $flatten\u_soc.\u_cpu.\csr_inst.$auto$ghdl.cc:827:import_module$4268, Q = \u_soc.u_cpu.csr_inst.mstatus_c [3]).
Adding SRST signal on u_soc.u_cpu.csr_inst.:10904 ($dff) from module riscv_soc_gatemate (D = $flatten\u_soc.\u_cpu.\csr_inst.$auto$ghdl.cc:827:import_module$4263, Q = \u_soc.u_cpu.csr_inst.mstatus_b [3], rval = 1'0).
Adding SRST signal on u_soc.u_cpu.csr_inst.:10904 ($dff) from module riscv_soc_gatemate (D = { $flatten\u_soc.\u_cpu.\csr_inst.$auto$ghdl.cc:827:import_module$4297 $flatten\u_soc.\u_cpu.\csr_inst.$auto$ghdl.cc:827:import_module$4296 $flatten\u_soc.\u_cpu.\csr_inst.$auto$ghdl.cc:827:import_module$4295 $flatten\u_soc.\u_cpu.\csr_inst.$auto$ghdl.cc:827:import_module$4293 }, Q = { \u_soc.u_cpu.csr_inst.mstatus_b [31:4] \u_soc.u_cpu.csr_inst.mstatus_b [2:0] }, rval = 31'0000000000000000000000000000000).
Adding EN signal on $auto$ff.cc:266:slice$5957 ($sdff) from module riscv_soc_gatemate (D = { \u_soc.u_cpu.csr_inst.write_value [31:8] \u_soc.u_cpu.csr_inst.write_value [6:4] \u_soc.u_cpu.csr_inst.write_value [2:0] }, Q = { \u_soc.u_cpu.csr_inst.mstatus_b [31:8] \u_soc.u_cpu.csr_inst.mstatus_b [6:4] \u_soc.u_cpu.csr_inst.mstatus_b [2:0] }).
Adding EN signal on $auto$ff.cc:266:slice$5957 ($sdff) from module riscv_soc_gatemate (D = $flatten\u_soc.\u_cpu.\csr_inst.$auto$ghdl.cc:827:import_module$4296, Q = \u_soc.u_cpu.csr_inst.mstatus_b [7]).
Adding EN signal on $auto$ff.cc:266:slice$5954 ($sdff) from module riscv_soc_gatemate (D = $flatten\u_soc.\u_cpu.\csr_inst.$auto$ghdl.cc:827:import_module$4263, Q = \u_soc.u_cpu.csr_inst.mstatus_b [3]).
Adding SRST signal on u_soc.u_cpu.csr_inst.:10903 ($dff) from module riscv_soc_gatemate (D = $flatten\u_soc.\u_cpu.\csr_inst.$auto$ghdl.cc:827:import_module$4258, Q = \u_soc.u_cpu.csr_inst.mstatus_a [3], rval = 1'0).
Adding SRST signal on u_soc.u_cpu.csr_inst.:10903 ($dff) from module riscv_soc_gatemate (D = { $flatten\u_soc.\u_cpu.\csr_inst.$auto$ghdl.cc:827:import_module$4292 $flatten\u_soc.\u_cpu.\csr_inst.$auto$ghdl.cc:827:import_module$4291 $flatten\u_soc.\u_cpu.\csr_inst.$auto$ghdl.cc:827:import_module$4290 $flatten\u_soc.\u_cpu.\csr_inst.$auto$ghdl.cc:827:import_module$4288 }, Q = { \u_soc.u_cpu.csr_inst.mstatus_a [31:4] \u_soc.u_cpu.csr_inst.mstatus_a [2:0] }, rval = 31'0000000000000000000000000000000).
Adding EN signal on $auto$ff.cc:266:slice$5982 ($sdff) from module riscv_soc_gatemate (D = { \u_soc.u_cpu.csr_inst.write_value [31:8] \u_soc.u_cpu.csr_inst.write_value [6:4] \u_soc.u_cpu.csr_inst.write_value [2:0] }, Q = { \u_soc.u_cpu.csr_inst.mstatus_a [31:8] \u_soc.u_cpu.csr_inst.mstatus_a [6:4] \u_soc.u_cpu.csr_inst.mstatus_a [2:0] }).
Adding EN signal on $auto$ff.cc:266:slice$5982 ($sdff) from module riscv_soc_gatemate (D = $flatten\u_soc.\u_cpu.\csr_inst.$auto$ghdl.cc:827:import_module$4291, Q = \u_soc.u_cpu.csr_inst.mstatus_a [7]).
Adding EN signal on $auto$ff.cc:266:slice$5979 ($sdff) from module riscv_soc_gatemate (D = $flatten\u_soc.\u_cpu.\csr_inst.$auto$ghdl.cc:827:import_module$4258, Q = \u_soc.u_cpu.csr_inst.mstatus_a [3]).
Adding SRST signal on u_soc.u_cpu.:7186 ($dff) from module riscv_soc_gatemate (D = $flatten\u_soc.\u_cpu.$auto$ghdl.cc:827:import_module$2282, Q = \u_soc.u_cpu.acc_done_sticky, rval = 1'0).
Adding EN signal on $auto$ff.cc:266:slice$6004 ($sdff) from module riscv_soc_gatemate (D = 1'0, Q = \u_soc.u_cpu.acc_done_sticky).
Adding SRST signal on u_soc.u_cpu.:7185 ($dff) from module riscv_soc_gatemate (D = $flatten\u_soc.\u_cpu.$auto$ghdl.cc:827:import_module$2281, Q = \u_soc.u_cpu.acc_k, rval = 0).
Adding EN signal on $auto$ff.cc:266:slice$6008 ($sdff) from module riscv_soc_gatemate (D = \u_soc.u_cpu.cur_rs2_val, Q = \u_soc.u_cpu.acc_k).
Adding SRST signal on u_soc.u_cpu.:7184 ($dff) from module riscv_soc_gatemate (D = $flatten\u_soc.\u_cpu.$auto$ghdl.cc:827:import_module$2280, Q = \u_soc.u_cpu.acc_n, rval = 0).
Adding EN signal on $auto$ff.cc:266:slice$6012 ($sdff) from module riscv_soc_gatemate (D = \u_soc.u_cpu.cur_rs2_val, Q = \u_soc.u_cpu.acc_n).
Adding SRST signal on u_soc.u_cpu.:7183 ($dff) from module riscv_soc_gatemate (D = $flatten\u_soc.\u_cpu.$auto$ghdl.cc:827:import_module$2279, Q = \u_soc.u_cpu.acc_m, rval = 0).
Adding EN signal on $auto$ff.cc:266:slice$6016 ($sdff) from module riscv_soc_gatemate (D = \u_soc.u_cpu.cur_rs2_val, Q = \u_soc.u_cpu.acc_m).
Adding SRST signal on u_soc.u_cpu.:7182 ($dff) from module riscv_soc_gatemate (D = $flatten\u_soc.\u_cpu.$auto$ghdl.cc:827:import_module$2278, Q = \u_soc.u_cpu.acc_c_base, rval = 0).
Adding EN signal on $auto$ff.cc:266:slice$6020 ($sdff) from module riscv_soc_gatemate (D = \u_soc.u_cpu.cur_rs2_val, Q = \u_soc.u_cpu.acc_c_base).
Adding SRST signal on u_soc.u_cpu.:7181 ($dff) from module riscv_soc_gatemate (D = $flatten\u_soc.\u_cpu.$auto$ghdl.cc:827:import_module$2277, Q = \u_soc.u_cpu.acc_b_base, rval = 0).
Adding EN signal on $auto$ff.cc:266:slice$6024 ($sdff) from module riscv_soc_gatemate (D = \u_soc.u_cpu.cur_rs2_val, Q = \u_soc.u_cpu.acc_b_base).
Adding SRST signal on u_soc.u_cpu.:7180 ($dff) from module riscv_soc_gatemate (D = $flatten\u_soc.\u_cpu.$auto$ghdl.cc:827:import_module$2276, Q = \u_soc.u_cpu.acc_a_base, rval = 0).
Adding EN signal on $auto$ff.cc:266:slice$6028 ($sdff) from module riscv_soc_gatemate (D = \u_soc.u_cpu.cur_rs2_val, Q = \u_soc.u_cpu.acc_a_base).
Adding SRST signal on u_soc.u_cpu.:7179 ($dff) from module riscv_soc_gatemate (D = $flatten\u_soc.\u_cpu.$auto$ghdl.cc:827:import_module$2275, Q = \u_soc.u_cpu.csr_inst.mret_exec, rval = 1'0).
Adding SRST signal on u_soc.u_cpu.:7178 ($dff) from module riscv_soc_gatemate (D = $flatten\u_soc.\u_cpu.$auto$ghdl.cc:827:import_module$2049 [31:2], Q = \u_soc.u_cpu.csr_inst.trap_cause_in [31:2], rval = 30'000000000000000000000000000000).
Adding SRST signal on u_soc.u_cpu.:7178 ($dff) from module riscv_soc_gatemate (D = $flatten\u_soc.\u_cpu.$auto$ghdl.cc:827:import_module$2048 [0], Q = \u_soc.u_cpu.csr_inst.trap_cause_in [0], rval = 1'0).
Adding SRST signal on u_soc.u_cpu.:7178 ($dff) from module riscv_soc_gatemate (D = \u_soc.u_cpu.trap_cause_sel [1], Q = \u_soc.u_cpu.csr_inst.trap_cause_in [1], rval = 1'0).
Adding SRST signal on u_soc.u_cpu.:7177 ($dff) from module riscv_soc_gatemate (D = \u_soc.u_cpu.instr_pc, Q = \u_soc.u_cpu.csr_inst.trap_pc_in, rval = 0).
Adding SRST signal on u_soc.u_cpu.:7176 ($dff) from module riscv_soc_gatemate (D = $flatten\u_soc.\u_cpu.$auto$ghdl.cc:827:import_module$2272, Q = \u_soc.u_cpu.csr_inst.trap_enter, rval = 1'0).
Adding SRST signal on u_soc.u_cpu.:7175 ($dff) from module riscv_soc_gatemate (D = $flatten\u_soc.\u_cpu.$auto$ghdl.cc:827:import_module$2271, Q = \u_soc.u_cpu.next_pc_reg, rval = 0).
Adding EN signal on $auto$ff.cc:266:slice$6054 ($sdff) from module riscv_soc_gatemate (D = $flatten\u_soc.\u_cpu.$auto$ghdl.cc:827:import_module$2167, Q = \u_soc.u_cpu.next_pc_reg).
Adding SRST signal on u_soc.u_cpu.:7174 ($dff) from module riscv_soc_gatemate (D = $flatten\u_soc.\u_cpu.$auto$ghdl.cc:827:import_module$2270, Q = \u_soc.u_cpu.csr_read_reg, rval = 0).
Adding EN signal on $auto$ff.cc:266:slice$6056 ($sdff) from module riscv_soc_gatemate (D = \u_soc.u_cpu.csr_rdata, Q = \u_soc.u_cpu.csr_read_reg).
Adding SRST signal on u_soc.u_cpu.:7173 ($dff) from module riscv_soc_gatemate (D = $flatten\u_soc.\u_cpu.$auto$ghdl.cc:827:import_module$2269, Q = \u_soc.u_cpu.load_data_reg, rval = 0).
Adding EN signal on $auto$ff.cc:266:slice$6058 ($sdff) from module riscv_soc_gatemate (D = \u_soc.u_cpu.load_data_aligned, Q = \u_soc.u_cpu.load_data_reg).
Adding SRST signal on u_soc.u_cpu.:7172 ($dff) from module riscv_soc_gatemate (D = $flatten\u_soc.\u_cpu.$auto$ghdl.cc:827:import_module$2268, Q = \u_soc.u_cpu.mem_addr_reg, rval = 0).
Adding EN signal on $auto$ff.cc:266:slice$6060 ($sdff) from module riscv_soc_gatemate (D = \u_soc.u_cpu.calc_mem_addr, Q = \u_soc.u_cpu.mem_addr_reg).
Adding SRST signal on u_soc.u_cpu.:7171 ($dff) from module riscv_soc_gatemate (D = $flatten\u_soc.\u_cpu.$auto$ghdl.cc:827:import_module$2267, Q = \u_soc.u_cpu.exec_result, rval = 0).
Adding EN signal on $auto$ff.cc:266:slice$6062 ($sdff) from module riscv_soc_gatemate (D = $flatten\u_soc.\u_cpu.$auto$ghdl.cc:827:import_module$2267, Q = \u_soc.u_cpu.exec_result).
Adding SRST signal on u_soc.u_cpu.:7170 ($dff) from module riscv_soc_gatemate (D = $flatten\u_soc.\u_cpu.$auto$ghdl.cc:827:import_module$2266, Q = \u_soc.u_cpu.cur_rs2_val, rval = 0).
Adding EN signal on $auto$ff.cc:266:slice$6066 ($sdff) from module riscv_soc_gatemate (D = \u_soc.u_cpu.reg_rs2, Q = \u_soc.u_cpu.cur_rs2_val).
Adding SRST signal on u_soc.u_cpu.:7169 ($dff) from module riscv_soc_gatemate (D = $flatten\u_soc.\u_cpu.$auto$ghdl.cc:827:import_module$2265, Q = \u_soc.u_cpu.cur_rs1_val, rval = 0).
Adding EN signal on $auto$ff.cc:266:slice$6068 ($sdff) from module riscv_soc_gatemate (D = \u_soc.u_cpu.reg_rs1, Q = \u_soc.u_cpu.cur_rs1_val).
Adding SRST signal on u_soc.u_cpu.:7168 ($dff) from module riscv_soc_gatemate (D = $flatten\u_soc.\u_cpu.$auto$ghdl.cc:827:import_module$2264, Q = \u_soc.u_cpu.cur_ctl_c, rval = 89'00000000000000000000000000000000000000000000000000000000000000010110000000000000000000011).
Adding EN signal on $auto$ff.cc:266:slice$6070 ($sdff) from module riscv_soc_gatemate (D = { \u_soc.u_cpu.rs1 \u_soc.u_cpu.rs2 \u_soc.u_cpu.decoder_inst.instr [11:7] \u_soc.u_cpu.imm \u_soc.u_cpu.alu_op \u_soc.u_cpu.alu_src \u_soc.u_cpu.branch_type \u_soc.u_cpu.reg_write_dec \u_soc.u_cpu.mem_write_dec \u_soc.u_cpu.mem_read_dec \u_soc.u_cpu.mem_read_dec \u_soc.u_cpu.jump_dec \u_soc.u_cpu.jalr_dec \u_soc.u_cpu.branch_dec \u_soc.u_cpu.is_auipc \u_soc.u_cpu.load_size \u_soc.u_cpu.load_sign \u_soc.u_cpu.store_size \u_soc.u_cpu.is_ecall \u_soc.u_cpu.is_ebreak \u_soc.u_cpu.is_mret \u_soc.u_cpu.illegal_instr \u_soc.u_cpu.csr_en \u_soc.u_cpu.csr_we \u_soc.u_cpu.csr_addr \u_soc.u_cpu.csr_use_imm \u_soc.u_cpu.csr_cmd }, Q = \u_soc.u_cpu.cur_ctl_c).
Adding SRST signal on u_soc.u_cpu.:7167 ($dff) from module riscv_soc_gatemate (D = $flatten\u_soc.\u_cpu.$auto$ghdl.cc:827:import_module$2263, Q = \u_soc.u_cpu.cur_ctl_b, rval = 89'00000000000000000000000000000000000000000000000000000000000000010110000000000000000000011).
Adding EN signal on $auto$ff.cc:266:slice$6072 ($sdff) from module riscv_soc_gatemate (D = { \u_soc.u_cpu.rs1 \u_soc.u_cpu.rs2 \u_soc.u_cpu.decoder_inst.instr [11:7] \u_soc.u_cpu.imm \u_soc.u_cpu.alu_op \u_soc.u_cpu.alu_src \u_soc.u_cpu.branch_type \u_soc.u_cpu.reg_write_dec \u_soc.u_cpu.mem_write_dec \u_soc.u_cpu.mem_read_dec \u_soc.u_cpu.mem_read_dec \u_soc.u_cpu.jump_dec \u_soc.u_cpu.jalr_dec \u_soc.u_cpu.branch_dec \u_soc.u_cpu.is_auipc \u_soc.u_cpu.load_size \u_soc.u_cpu.load_sign \u_soc.u_cpu.store_size \u_soc.u_cpu.is_ecall \u_soc.u_cpu.is_ebreak \u_soc.u_cpu.is_mret \u_soc.u_cpu.illegal_instr \u_soc.u_cpu.csr_en \u_soc.u_cpu.csr_we \u_soc.u_cpu.csr_addr \u_soc.u_cpu.csr_use_imm \u_soc.u_cpu.csr_cmd }, Q = \u_soc.u_cpu.cur_ctl_b).
Adding SRST signal on u_soc.u_cpu.:7166 ($dff) from module riscv_soc_gatemate (D = $flatten\u_soc.\u_cpu.$auto$ghdl.cc:827:import_module$2262, Q = \u_soc.u_cpu.cur_ctl_a, rval = 89'00000000000000000000000000000000000000000000000000000000000000010110000000000000000000011).
Adding EN signal on $auto$ff.cc:266:slice$6074 ($sdff) from module riscv_soc_gatemate (D = { \u_soc.u_cpu.rs1 \u_soc.u_cpu.rs2 \u_soc.u_cpu.decoder_inst.instr [11:7] \u_soc.u_cpu.imm \u_soc.u_cpu.alu_op \u_soc.u_cpu.alu_src \u_soc.u_cpu.branch_type \u_soc.u_cpu.reg_write_dec \u_soc.u_cpu.mem_write_dec \u_soc.u_cpu.mem_read_dec \u_soc.u_cpu.mem_read_dec \u_soc.u_cpu.jump_dec \u_soc.u_cpu.jalr_dec \u_soc.u_cpu.branch_dec \u_soc.u_cpu.is_auipc \u_soc.u_cpu.load_size \u_soc.u_cpu.load_sign \u_soc.u_cpu.store_size \u_soc.u_cpu.is_ecall \u_soc.u_cpu.is_ebreak \u_soc.u_cpu.is_mret \u_soc.u_cpu.illegal_instr \u_soc.u_cpu.csr_en \u_soc.u_cpu.csr_we \u_soc.u_cpu.csr_addr \u_soc.u_cpu.csr_use_imm \u_soc.u_cpu.csr_cmd }, Q = \u_soc.u_cpu.cur_ctl_a).
Adding SRST signal on u_soc.u_cpu.:7165 ($dff) from module riscv_soc_gatemate (D = $flatten\u_soc.\u_cpu.$auto$ghdl.cc:827:import_module$2238, Q = \u_soc.u_cpu.regfile_inst.reg_in_data, rval = 0).
Adding SRST signal on u_soc.u_cpu.:7164 ($dff) from module riscv_soc_gatemate (D = \u_soc.u_cpu.cur_rd_addr, Q = \u_soc.u_cpu.regfile_inst.reg_write_addr, rval = 5'00000).
Adding SRST signal on u_soc.u_cpu.:7163 ($dff) from module riscv_soc_gatemate (D = $flatten\u_soc.\u_cpu.$auto$ghdl.cc:827:import_module$2239, Q = \u_soc.u_cpu.regfile_inst.we, rval = 1'0).
Adding SRST signal on u_soc.u_cpu.:7162 ($dff) from module riscv_soc_gatemate (D = $flatten\u_soc.\u_cpu.$auto$ghdl.cc:827:import_module$2258, Q = \u_soc.u_cpu.instr_pc, rval = 0).
Adding EN signal on $auto$ff.cc:266:slice$6095 ($sdff) from module riscv_soc_gatemate (D = \u_soc.imem_pc, Q = \u_soc.u_cpu.instr_pc).
Adding SRST signal on u_soc.u_cpu.:7161 ($dff) from module riscv_soc_gatemate (D = $flatten\u_soc.\u_cpu.$auto$ghdl.cc:827:import_module$2257, Q = \u_soc.u_cpu.instr_c, rval = 19).
Adding EN signal on $auto$ff.cc:266:slice$6097 ($sdff) from module riscv_soc_gatemate (D = \u_soc.imem_instr, Q = \u_soc.u_cpu.instr_c).
Adding SRST signal on u_soc.u_cpu.:7160 ($dff) from module riscv_soc_gatemate (D = $flatten\u_soc.\u_cpu.$auto$ghdl.cc:827:import_module$2256, Q = \u_soc.u_cpu.instr_b, rval = 19).
Adding EN signal on $auto$ff.cc:266:slice$6099 ($sdff) from module riscv_soc_gatemate (D = \u_soc.imem_instr, Q = \u_soc.u_cpu.instr_b).
Adding SRST signal on u_soc.u_cpu.:7159 ($dff) from module riscv_soc_gatemate (D = $flatten\u_soc.\u_cpu.$auto$ghdl.cc:827:import_module$2255, Q = \u_soc.u_cpu.instr_a, rval = 19).
Adding EN signal on $auto$ff.cc:266:slice$6101 ($sdff) from module riscv_soc_gatemate (D = \u_soc.imem_instr, Q = \u_soc.u_cpu.instr_a).
Adding SRST signal on u_soc.u_cpu.:7158 ($dff) from module riscv_soc_gatemate (D = $flatten\u_soc.\u_cpu.$auto$ghdl.cc:827:import_module$2254, Q = \u_soc.u_cpu.pc_c, rval = 0).
Adding EN signal on $auto$ff.cc:266:slice$6103 ($sdff) from module riscv_soc_gatemate (D = $flatten\u_soc.\u_cpu.$auto$ghdl.cc:827:import_module$2254, Q = \u_soc.u_cpu.pc_c).
Adding SRST signal on u_soc.u_cpu.:7157 ($dff) from module riscv_soc_gatemate (D = $flatten\u_soc.\u_cpu.$auto$ghdl.cc:827:import_module$2253, Q = \u_soc.u_cpu.pc_b, rval = 0).
Adding EN signal on $auto$ff.cc:266:slice$6111 ($sdff) from module riscv_soc_gatemate (D = $flatten\u_soc.\u_cpu.$auto$ghdl.cc:827:import_module$2253, Q = \u_soc.u_cpu.pc_b).
Adding SRST signal on u_soc.u_cpu.:7156 ($dff) from module riscv_soc_gatemate (D = $flatten\u_soc.\u_cpu.$auto$ghdl.cc:827:import_module$2252, Q = \u_soc.u_cpu.pc_a, rval = 0).
Adding EN signal on $auto$ff.cc:266:slice$6119 ($sdff) from module riscv_soc_gatemate (D = $flatten\u_soc.\u_cpu.$auto$ghdl.cc:827:import_module$2252, Q = \u_soc.u_cpu.pc_a).
Adding SRST signal on u_soc.u_cpu.:7153 ($dff) from module riscv_soc_gatemate (D = $flatten\u_soc.\u_cpu.$auto$ghdl.cc:827:import_module$2249, Q = \u_soc.u_cpu.state_a, rval = 4'0000).
Adding SRST signal on u_soc.:567 ($dff) from module riscv_soc_gatemate (D = $flatten\u_soc.$auto$ghdl.cc:827:import_module$237, Q = \led_o, rval = 1'0).
Adding SRST signal on u_soc.:566 ($dff) from module riscv_soc_gatemate (D = $flatten\u_soc.$auto$ghdl.cc:827:import_module$231, Q = \u_soc.hb_cnt, rval = 26'00000000000000000000000000).
Adding SRST signal on u_soc.:565 ($dff) from module riscv_soc_gatemate (D = \u_soc.dmem_ecc_double_error, Q = \u_soc.dmem_ecc_double_prev, rval = 1'0).
Adding SRST signal on u_soc.:564 ($dff) from module riscv_soc_gatemate (D = \u_soc.dmem_ecc_single_error, Q = \u_soc.dmem_ecc_single_prev, rval = 1'0).
Adding SRST signal on u_soc.:563 ($dff) from module riscv_soc_gatemate (D = $flatten\u_soc.$auto$ghdl.cc:827:import_module$42, Q = \u_soc.watchdog_reset_stretch, rval = 3'000).
Adding EN signal on $auto$ff.cc:266:slice$6132 ($sdff) from module riscv_soc_gatemate (D = $flatten\u_soc.$auto$ghdl.cc:827:import_module$42, Q = \u_soc.watchdog_reset_stretch).
Adding SRST signal on u_soc.:562 ($dff) from module riscv_soc_gatemate (D = $flatten\u_soc.$auto$ghdl.cc:827:import_module$212, Q = \u_soc.boot_done, rval = 1'0).
Adding EN signal on $auto$ff.cc:266:slice$6136 ($sdff) from module riscv_soc_gatemate (D = $flatten\u_soc.$auto$ghdl.cc:827:import_module$212, Q = \u_soc.boot_done).
Adding SRST signal on u_soc.:561 ($dff) from module riscv_soc_gatemate (D = $flatten\u_soc.$auto$ghdl.cc:827:import_module$211, Q = \u_soc.dmem_prog_wdata, rval = 0).
Adding EN signal on $auto$ff.cc:266:slice$6148 ($sdff) from module riscv_soc_gatemate (D = $flatten\u_soc.$auto$ghdl.cc:827:import_module$211, Q = \u_soc.dmem_prog_wdata).
Adding SRST signal on u_soc.:560 ($dff) from module riscv_soc_gatemate (D = $flatten\u_soc.$auto$ghdl.cc:827:import_module$210, Q = \u_soc.dmem_prog_addr, rval = 0).
Adding EN signal on $auto$ff.cc:266:slice$6158 ($sdff) from module riscv_soc_gatemate (D = $flatten\u_soc.$auto$ghdl.cc:827:import_module$210, Q = \u_soc.dmem_prog_addr).
Adding SRST signal on u_soc.:559 ($dff) from module riscv_soc_gatemate (D = $flatten\u_soc.$auto$ghdl.cc:827:import_module$209, Q = \u_soc.u_dmem.prog_we, rval = 1'0).
Adding SRST signal on u_soc.:558 ($dff) from module riscv_soc_gatemate (D = $flatten\u_soc.$auto$ghdl.cc:827:import_module$208, Q = \u_soc.prog_wdata, rval = 0).
Adding EN signal on $auto$ff.cc:266:slice$6169 ($sdff) from module riscv_soc_gatemate (D = $flatten\u_soc.$auto$ghdl.cc:827:import_module$208, Q = \u_soc.prog_wdata).
Adding SRST signal on u_soc.:557 ($dff) from module riscv_soc_gatemate (D = $flatten\u_soc.$auto$ghdl.cc:827:import_module$207, Q = \u_soc.prog_addr, rval = 0).
Adding EN signal on $auto$ff.cc:266:slice$6179 ($sdff) from module riscv_soc_gatemate (D = $flatten\u_soc.$auto$ghdl.cc:827:import_module$207, Q = \u_soc.prog_addr).
Adding SRST signal on u_soc.:556 ($dff) from module riscv_soc_gatemate (D = $flatten\u_soc.$auto$ghdl.cc:827:import_module$206, Q = \u_soc.u_imem.prog_we, rval = 1'0).
Adding SRST signal on u_soc.:555 ($dff) from module riscv_soc_gatemate (D = $flatten\u_soc.$auto$ghdl.cc:827:import_module$205, Q = \u_soc.word_index, rval = 0).
Adding EN signal on $auto$ff.cc:266:slice$6190 ($sdff) from module riscv_soc_gatemate (D = $flatten\u_soc.$auto$ghdl.cc:827:import_module$205, Q = \u_soc.word_index).
Adding SRST signal on u_soc.:554 ($dff) from module riscv_soc_gatemate (D = $flatten\u_soc.$auto$ghdl.cc:827:import_module$204, Q = \u_soc.byte_in_word, rval = 2'00).
Adding EN signal on $auto$ff.cc:266:slice$6204 ($sdff) from module riscv_soc_gatemate (D = $flatten\u_soc.$auto$ghdl.cc:827:import_module$204, Q = \u_soc.byte_in_word).
Adding SRST signal on u_soc.:553 ($dff) from module riscv_soc_gatemate (D = $flatten\u_soc.$auto$ghdl.cc:827:import_module$203, Q = \u_soc.word_buf, rval = 0).
Adding EN signal on $auto$ff.cc:266:slice$6216 ($sdff) from module riscv_soc_gatemate (D = $flatten\u_soc.$auto$ghdl.cc:827:import_module$203, Q = \u_soc.word_buf).
Adding SRST signal on u_soc.:552 ($dff) from module riscv_soc_gatemate (D = $flatten\u_soc.$auto$ghdl.cc:827:import_module$202, Q = \u_soc.bytes_rcvd, rval = 0).
Adding EN signal on $auto$ff.cc:266:slice$6228 ($sdff) from module riscv_soc_gatemate (D = $flatten\u_soc.$auto$ghdl.cc:827:import_module$202, Q = \u_soc.bytes_rcvd).
Adding SRST signal on u_soc.:551 ($dff) from module riscv_soc_gatemate (D = $flatten\u_soc.$auto$ghdl.cc:827:import_module$201, Q = \u_soc.dmem_length_full, rval = 0).
Adding EN signal on $auto$ff.cc:266:slice$6240 ($sdff) from module riscv_soc_gatemate (D = $flatten\u_soc.$auto$ghdl.cc:827:import_module$201, Q = \u_soc.dmem_length_full).
Adding SRST signal on u_soc.:550 ($dff) from module riscv_soc_gatemate (D = { $flatten\u_soc.$auto$ghdl.cc:827:import_module$200 $flatten\u_soc.$auto$ghdl.cc:827:import_module$199 $flatten\u_soc.$auto$ghdl.cc:827:import_module$198 $flatten\u_soc.$auto$ghdl.cc:827:import_module$197 }, Q = \u_soc.dmem_length_bytes, rval = 0).
Adding EN signal on $auto$ff.cc:266:slice$6248 ($sdff) from module riscv_soc_gatemate (D = $flatten\u_soc.$auto$ghdl.cc:827:import_module$200, Q = \u_soc.dmem_length_bytes [31:24]).
Adding EN signal on $auto$ff.cc:266:slice$6248 ($sdff) from module riscv_soc_gatemate (D = $flatten\u_soc.$auto$ghdl.cc:827:import_module$199, Q = \u_soc.dmem_length_bytes [23:16]).
Adding EN signal on $auto$ff.cc:266:slice$6248 ($sdff) from module riscv_soc_gatemate (D = $flatten\u_soc.$auto$ghdl.cc:827:import_module$198, Q = \u_soc.dmem_length_bytes [15:8]).
Adding EN signal on $auto$ff.cc:266:slice$6248 ($sdff) from module riscv_soc_gatemate (D = $flatten\u_soc.$auto$ghdl.cc:827:import_module$197, Q = \u_soc.dmem_length_bytes [7:0]).
Adding SRST signal on u_soc.:549 ($dff) from module riscv_soc_gatemate (D = { $flatten\u_soc.$auto$ghdl.cc:827:import_module$196 $flatten\u_soc.$auto$ghdl.cc:827:import_module$195 $flatten\u_soc.$auto$ghdl.cc:827:import_module$194 $flatten\u_soc.$auto$ghdl.cc:827:import_module$193 }, Q = \u_soc.imem_length_bytes, rval = 0).
Adding EN signal on $auto$ff.cc:266:slice$6277 ($sdff) from module riscv_soc_gatemate (D = $flatten\u_soc.$auto$ghdl.cc:827:import_module$196, Q = \u_soc.imem_length_bytes [31:24]).
Adding EN signal on $auto$ff.cc:266:slice$6277 ($sdff) from module riscv_soc_gatemate (D = $flatten\u_soc.$auto$ghdl.cc:827:import_module$195, Q = \u_soc.imem_length_bytes [23:16]).
Adding EN signal on $auto$ff.cc:266:slice$6277 ($sdff) from module riscv_soc_gatemate (D = $flatten\u_soc.$auto$ghdl.cc:827:import_module$194, Q = \u_soc.imem_length_bytes [15:8]).
Adding EN signal on $auto$ff.cc:266:slice$6277 ($sdff) from module riscv_soc_gatemate (D = $flatten\u_soc.$auto$ghdl.cc:827:import_module$193, Q = \u_soc.imem_length_bytes [7:0]).
Adding SRST signal on u_soc.:548 ($dff) from module riscv_soc_gatemate (D = $flatten\u_soc.$auto$ghdl.cc:827:import_module$192, Q = \u_soc.bl_state, rval = 4'0000).
Adding EN signal on $auto$ff.cc:266:slice$6306 ($sdff) from module riscv_soc_gatemate (D = $flatten\u_soc.$auto$ghdl.cc:827:import_module$192, Q = \u_soc.bl_state).
Adding SRST signal on u_soc.:547 ($dff) from module riscv_soc_gatemate (D = $flatten\u_soc.$auto$ghdl.cc:827:import_module$36, Q = \u_soc.u_tx.data, rval = 8'00000000).
Adding EN signal on $auto$ff.cc:266:slice$6336 ($sdff) from module riscv_soc_gatemate (D = \u_soc.dmem_wdata [7:0], Q = \u_soc.u_tx.data).
Adding SRST signal on u_soc.:546 ($dff) from module riscv_soc_gatemate (D = $flatten\u_soc.$auto$ghdl.cc:827:import_module$35, Q = \u_soc.u_tx.start, rval = 1'0).
Setting constant 0-bit at position 0 on $auto$ff.cc:266:slice$6005 ($sdffe) from module riscv_soc_gatemate.
Setting constant 0-bit at position 0 on $auto$ff.cc:266:slice$5818 ($dffe) from module riscv_soc_gatemate.
Setting constant 0-bit at position 1 on $auto$ff.cc:266:slice$5818 ($dffe) from module riscv_soc_gatemate.
Setting constant 0-bit at position 2 on $auto$ff.cc:266:slice$5818 ($dffe) from module riscv_soc_gatemate.
Setting constant 0-bit at position 3 on $auto$ff.cc:266:slice$5818 ($dffe) from module riscv_soc_gatemate.
Setting constant 0-bit at position 4 on $auto$ff.cc:266:slice$5818 ($dffe) from module riscv_soc_gatemate.
Setting constant 0-bit at position 5 on $auto$ff.cc:266:slice$5818 ($dffe) from module riscv_soc_gatemate.
Setting constant 0-bit at position 6 on $auto$ff.cc:266:slice$5818 ($dffe) from module riscv_soc_gatemate.
Setting constant 0-bit at position 7 on $auto$ff.cc:266:slice$5818 ($dffe) from module riscv_soc_gatemate.
Setting constant 0-bit at position 8 on $auto$ff.cc:266:slice$5818 ($dffe) from module riscv_soc_gatemate.
Setting constant 0-bit at position 9 on $auto$ff.cc:266:slice$5818 ($dffe) from module riscv_soc_gatemate.
Setting constant 0-bit at position 10 on $auto$ff.cc:266:slice$5818 ($dffe) from module riscv_soc_gatemate.
Setting constant 0-bit at position 11 on $auto$ff.cc:266:slice$5818 ($dffe) from module riscv_soc_gatemate.
Setting constant 0-bit at position 12 on $auto$ff.cc:266:slice$5818 ($dffe) from module riscv_soc_gatemate.
Setting constant 0-bit at position 13 on $auto$ff.cc:266:slice$5818 ($dffe) from module riscv_soc_gatemate.
Setting constant 0-bit at position 14 on $auto$ff.cc:266:slice$5818 ($dffe) from module riscv_soc_gatemate.
Setting constant 0-bit at position 15 on $auto$ff.cc:266:slice$5818 ($dffe) from module riscv_soc_gatemate.
Setting constant 0-bit at position 16 on $auto$ff.cc:266:slice$5818 ($dffe) from module riscv_soc_gatemate.
Setting constant 0-bit at position 17 on $auto$ff.cc:266:slice$5818 ($dffe) from module riscv_soc_gatemate.
Setting constant 0-bit at position 18 on $auto$ff.cc:266:slice$5818 ($dffe) from module riscv_soc_gatemate.
Setting constant 0-bit at position 19 on $auto$ff.cc:266:slice$5818 ($dffe) from module riscv_soc_gatemate.
Setting constant 0-bit at position 20 on $auto$ff.cc:266:slice$5818 ($dffe) from module riscv_soc_gatemate.
Setting constant 0-bit at position 21 on $auto$ff.cc:266:slice$5818 ($dffe) from module riscv_soc_gatemate.
Setting constant 0-bit at position 22 on $auto$ff.cc:266:slice$5818 ($dffe) from module riscv_soc_gatemate.
Setting constant 0-bit at position 23 on $auto$ff.cc:266:slice$5818 ($dffe) from module riscv_soc_gatemate.
Setting constant 0-bit at position 24 on $auto$ff.cc:266:slice$5818 ($dffe) from module riscv_soc_gatemate.
Setting constant 0-bit at position 25 on $auto$ff.cc:266:slice$5818 ($dffe) from module riscv_soc_gatemate.
Setting constant 0-bit at position 26 on $auto$ff.cc:266:slice$5818 ($dffe) from module riscv_soc_gatemate.
Setting constant 0-bit at position 27 on $auto$ff.cc:266:slice$5818 ($dffe) from module riscv_soc_gatemate.
Setting constant 0-bit at position 28 on $auto$ff.cc:266:slice$5818 ($dffe) from module riscv_soc_gatemate.
Setting constant 0-bit at position 29 on $auto$ff.cc:266:slice$5818 ($dffe) from module riscv_soc_gatemate.
Setting constant 0-bit at position 30 on $auto$ff.cc:266:slice$5818 ($dffe) from module riscv_soc_gatemate.
Setting constant 0-bit at position 31 on $auto$ff.cc:266:slice$5818 ($dffe) from module riscv_soc_gatemate.

2.13.7. Executing OPT_CLEAN pass (remove unused cells and wires).
Finding unused cells or wires in module \riscv_soc_gatemate..
Removed 207 unused cells and 206 unused wires.
<suppressed ~208 debug messages>

2.13.8. Executing OPT_EXPR pass (perform const folding).
Optimizing module riscv_soc_gatemate.
<suppressed ~247 debug messages>

2.13.9. Rerunning OPT passes. (Maybe there is more to do..)

2.13.10. Executing OPT_MUXTREE pass (detect dead branches in mux trees).
Running muxtree optimizer on module \riscv_soc_gatemate..
  Creating internal representation of mux trees.
  Evaluating internal representation of mux trees.
  Analyzing evaluation results.
Removed 0 multiplexer ports.
<suppressed ~2230 debug messages>

2.13.11. Executing OPT_REDUCE pass (consolidate $*mux and $reduce_* inputs).
  Optimizing cells in module \riscv_soc_gatemate.
    New ctrl vector for $pmux cell \u_soc.:409: { $flatten\u_soc.$auto$ghdl.cc:827:import_module$190 $flatten\u_soc.$auto$ghdl.cc:827:import_module$150 $flatten\u_soc.$auto$ghdl.cc:827:import_module$105 $flatten\u_soc.$auto$ghdl.cc:827:import_module$90 $flatten\u_soc.$auto$ghdl.cc:827:import_module$87 $flatten\u_soc.$auto$ghdl.cc:827:import_module$84 $flatten\u_soc.$auto$ghdl.cc:827:import_module$81 $flatten\u_soc.$auto$ghdl.cc:827:import_module$78 $flatten\u_soc.$auto$ghdl.cc:827:import_module$75 $flatten\u_soc.$auto$ghdl.cc:827:import_module$72 $flatten\u_soc.$auto$ghdl.cc:827:import_module$69 $flatten\u_soc.$auto$ghdl.cc:827:import_module$65 }
    New ctrl vector for $pmux cell \u_soc.:412: $flatten\u_soc.$auto$ghdl.cc:827:import_module$72
    New ctrl vector for $pmux cell \u_soc.:415: $flatten\u_soc.$auto$ghdl.cc:827:import_module$75
    New ctrl vector for $pmux cell \u_soc.:418: $flatten\u_soc.$auto$ghdl.cc:827:import_module$78
    New ctrl vector for $pmux cell \u_soc.:421: $flatten\u_soc.$auto$ghdl.cc:827:import_module$81
    New ctrl vector for $pmux cell \u_soc.:424: $flatten\u_soc.$auto$ghdl.cc:827:import_module$84
    New ctrl vector for $pmux cell \u_soc.:427: $flatten\u_soc.$auto$ghdl.cc:827:import_module$87
    New ctrl vector for $pmux cell \u_soc.:430: $flatten\u_soc.$auto$ghdl.cc:827:import_module$90
    New ctrl vector for $pmux cell \u_soc.:435: $flatten\u_soc.$auto$ghdl.cc:827:import_module$105
    New ctrl vector for $pmux cell \u_soc.:437: { $flatten\u_soc.$auto$ghdl.cc:827:import_module$190 $flatten\u_soc.$auto$ghdl.cc:827:import_module$150 $flatten\u_soc.$auto$ghdl.cc:827:import_module$105 }
    New ctrl vector for $pmux cell \u_soc.:439: { $flatten\u_soc.$auto$ghdl.cc:827:import_module$190 $flatten\u_soc.$auto$ghdl.cc:827:import_module$150 $flatten\u_soc.$auto$ghdl.cc:827:import_module$105 }
    New ctrl vector for $pmux cell \u_soc.:441: { $flatten\u_soc.$auto$ghdl.cc:827:import_module$190 $flatten\u_soc.$auto$ghdl.cc:827:import_module$150 $flatten\u_soc.$auto$ghdl.cc:827:import_module$105 }
    New ctrl vector for $pmux cell \u_soc.:443: { $flatten\u_soc.$auto$ghdl.cc:827:import_module$190 $flatten\u_soc.$auto$ghdl.cc:827:import_module$150 $flatten\u_soc.$auto$ghdl.cc:827:import_module$105 }
    New ctrl vector for $pmux cell \u_soc.:448: $flatten\u_soc.$auto$ghdl.cc:827:import_module$150
    New ctrl vector for $pmux cell \u_soc.:450: $flatten\u_soc.$auto$ghdl.cc:827:import_module$150
    New ctrl vector for $pmux cell \u_soc.:455: $flatten\u_soc.$auto$ghdl.cc:827:import_module$190
    New ctrl vector for $pmux cell \u_soc.:457: $flatten\u_soc.$auto$ghdl.cc:827:import_module$190
    New ctrl vector for $pmux cell \u_soc.:461: { $flatten\u_soc.$auto$ghdl.cc:827:import_module$191 $flatten\u_soc.$auto$ghdl.cc:827:import_module$190 $flatten\u_soc.$auto$ghdl.cc:827:import_module$150 $flatten\u_soc.$auto$ghdl.cc:827:import_module$105 $flatten\u_soc.$auto$ghdl.cc:827:import_module$65 }
    New ctrl vector for $pmux cell \u_soc.u_cpu.:6566: { $flatten\u_soc.\u_cpu.$auto$ghdl.cc:827:import_module$2136 $flatten\u_soc.\u_cpu.$auto$ghdl.cc:827:import_module$2135 $flatten\u_soc.\u_cpu.$auto$ghdl.cc:827:import_module$2134 $flatten\u_soc.\u_cpu.$auto$ghdl.cc:827:import_module$2133 $flatten\u_soc.\u_cpu.$auto$ghdl.cc:827:import_module$2132 $flatten\u_soc.\u_cpu.$auto$ghdl.cc:827:import_module$2131 }
    New ctrl vector for $pmux cell \u_soc.u_cpu.csr_inst.:10572: { $flatten\u_soc.\u_cpu.\csr_inst.$auto$ghdl.cc:827:import_module$4204 $flatten\u_soc.\u_cpu.\csr_inst.$auto$ghdl.cc:827:import_module$4203 $flatten\u_soc.\u_cpu.\csr_inst.$auto$ghdl.cc:827:import_module$4202 $flatten\u_soc.\u_cpu.\csr_inst.$auto$ghdl.cc:827:import_module$4201 $flatten\u_soc.\u_cpu.\csr_inst.$auto$ghdl.cc:827:import_module$4200 $flatten\u_soc.\u_cpu.\csr_inst.$auto$ghdl.cc:827:import_module$4199 $flatten\u_soc.\u_cpu.\csr_inst.$auto$ghdl.cc:827:import_module$4197 $flatten\u_soc.\u_cpu.\csr_inst.$auto$ghdl.cc:827:import_module$4182 $flatten\u_soc.\u_cpu.\csr_inst.$auto$ghdl.cc:827:import_module$4181 $flatten\u_soc.\u_cpu.\csr_inst.$auto$ghdl.cc:827:import_module$4180 $flatten\u_soc.\u_cpu.\csr_inst.$auto$ghdl.cc:827:import_module$4179 $flatten\u_soc.\u_cpu.\csr_inst.$auto$ghdl.cc:827:import_module$4178 $flatten\u_soc.\u_cpu.\csr_inst.$auto$ghdl.cc:827:import_module$4177 }
    New ctrl vector for $pmux cell \u_soc.u_rx.:667: { $flatten\u_soc.\u_rx.$auto$ghdl.cc:827:import_module$283 $flatten\u_soc.\u_rx.$auto$ghdl.cc:827:import_module$264 }
    New ctrl vector for $pmux cell \u_soc.u_rx.:669: $flatten\u_soc.\u_rx.$auto$ghdl.cc:827:import_module$283
    New ctrl vector for $pmux cell \u_soc.u_rx.:671: $flatten\u_soc.\u_rx.$auto$ghdl.cc:827:import_module$290
    New ctrl vector for $pmux cell \u_soc.u_tx.:816: { $flatten\u_soc.\u_tx.$auto$ghdl.cc:827:import_module$354 \u_soc.uart_tx_rdata [1] }
    New ctrl vector for $pmux cell \u_soc.u_tx.:818: { $flatten\u_soc.\u_tx.$auto$ghdl.cc:827:import_module$354 \u_soc.uart_tx_rdata [1] }
  Optimizing cells in module \riscv_soc_gatemate.
Performed a total of 25 changes.

2.13.12. Executing OPT_MERGE pass (detect identical cells).
Finding identical cells in module `\riscv_soc_gatemate'.
<suppressed ~2886 debug messages>
Removed a total of 962 cells.

2.13.13. Executing OPT_DFF pass (perform DFF optimizations).

2.13.14. Executing OPT_CLEAN pass (remove unused cells and wires).
Finding unused cells or wires in module \riscv_soc_gatemate..
Removed 2 unused cells and 944 unused wires.
<suppressed ~3 debug messages>

2.13.15. Executing OPT_EXPR pass (perform const folding).
Optimizing module riscv_soc_gatemate.
<suppressed ~507 debug messages>

2.13.16. Rerunning OPT passes. (Maybe there is more to do..)

2.13.17. Executing OPT_MUXTREE pass (detect dead branches in mux trees).
Running muxtree optimizer on module \riscv_soc_gatemate..
  Creating internal representation of mux trees.
  Evaluating internal representation of mux trees.
  Analyzing evaluation results.
Removed 0 multiplexer ports.
<suppressed ~1964 debug messages>

2.13.18. Executing OPT_REDUCE pass (consolidate $*mux and $reduce_* inputs).
  Optimizing cells in module \riscv_soc_gatemate.
Performed a total of 0 changes.

2.13.19. Executing OPT_MERGE pass (detect identical cells).
Finding identical cells in module `\riscv_soc_gatemate'.
Removed a total of 0 cells.

2.13.20. Executing OPT_DFF pass (perform DFF optimizations).
Handling never-active EN on $auto$ff.cc:266:slice$5820 ($sdffe) from module riscv_soc_gatemate (connecting SRST instead).
Setting constant 0-bit at position 0 on $auto$ff.cc:266:slice$5820 ($dffe) from module riscv_soc_gatemate.
Setting constant 0-bit at position 1 on $auto$ff.cc:266:slice$5820 ($dffe) from module riscv_soc_gatemate.
Setting constant 0-bit at position 2 on $auto$ff.cc:266:slice$5820 ($dffe) from module riscv_soc_gatemate.
Setting constant 0-bit at position 3 on $auto$ff.cc:266:slice$5820 ($dffe) from module riscv_soc_gatemate.
Setting constant 0-bit at position 4 on $auto$ff.cc:266:slice$5820 ($dffe) from module riscv_soc_gatemate.
Setting constant 0-bit at position 5 on $auto$ff.cc:266:slice$5820 ($dffe) from module riscv_soc_gatemate.
Setting constant 0-bit at position 6 on $auto$ff.cc:266:slice$5820 ($dffe) from module riscv_soc_gatemate.
Setting constant 0-bit at position 7 on $auto$ff.cc:266:slice$5820 ($dffe) from module riscv_soc_gatemate.
Setting constant 0-bit at position 8 on $auto$ff.cc:266:slice$5820 ($dffe) from module riscv_soc_gatemate.
Setting constant 0-bit at position 9 on $auto$ff.cc:266:slice$5820 ($dffe) from module riscv_soc_gatemate.
Setting constant 0-bit at position 10 on $auto$ff.cc:266:slice$5820 ($dffe) from module riscv_soc_gatemate.
Setting constant 0-bit at position 11 on $auto$ff.cc:266:slice$5820 ($dffe) from module riscv_soc_gatemate.
Setting constant 0-bit at position 12 on $auto$ff.cc:266:slice$5820 ($dffe) from module riscv_soc_gatemate.
Setting constant 0-bit at position 13 on $auto$ff.cc:266:slice$5820 ($dffe) from module riscv_soc_gatemate.
Setting constant 0-bit at position 14 on $auto$ff.cc:266:slice$5820 ($dffe) from module riscv_soc_gatemate.
Setting constant 0-bit at position 15 on $auto$ff.cc:266:slice$5820 ($dffe) from module riscv_soc_gatemate.
Setting constant 0-bit at position 16 on $auto$ff.cc:266:slice$5820 ($dffe) from module riscv_soc_gatemate.
Setting constant 0-bit at position 17 on $auto$ff.cc:266:slice$5820 ($dffe) from module riscv_soc_gatemate.
Setting constant 0-bit at position 18 on $auto$ff.cc:266:slice$5820 ($dffe) from module riscv_soc_gatemate.
Setting constant 0-bit at position 19 on $auto$ff.cc:266:slice$5820 ($dffe) from module riscv_soc_gatemate.
Setting constant 0-bit at position 20 on $auto$ff.cc:266:slice$5820 ($dffe) from module riscv_soc_gatemate.
Setting constant 0-bit at position 21 on $auto$ff.cc:266:slice$5820 ($dffe) from module riscv_soc_gatemate.
Setting constant 0-bit at position 22 on $auto$ff.cc:266:slice$5820 ($dffe) from module riscv_soc_gatemate.
Setting constant 0-bit at position 23 on $auto$ff.cc:266:slice$5820 ($dffe) from module riscv_soc_gatemate.
Setting constant 0-bit at position 24 on $auto$ff.cc:266:slice$5820 ($dffe) from module riscv_soc_gatemate.
Setting constant 0-bit at position 25 on $auto$ff.cc:266:slice$5820 ($dffe) from module riscv_soc_gatemate.
Setting constant 0-bit at position 26 on $auto$ff.cc:266:slice$5820 ($dffe) from module riscv_soc_gatemate.
Setting constant 0-bit at position 27 on $auto$ff.cc:266:slice$5820 ($dffe) from module riscv_soc_gatemate.
Setting constant 0-bit at position 28 on $auto$ff.cc:266:slice$5820 ($dffe) from module riscv_soc_gatemate.
Setting constant 0-bit at position 29 on $auto$ff.cc:266:slice$5820 ($dffe) from module riscv_soc_gatemate.
Setting constant 0-bit at position 30 on $auto$ff.cc:266:slice$5820 ($dffe) from module riscv_soc_gatemate.
Setting constant 0-bit at position 31 on $auto$ff.cc:266:slice$5820 ($dffe) from module riscv_soc_gatemate.

2.13.21. Executing OPT_CLEAN pass (remove unused cells and wires).
Finding unused cells or wires in module \riscv_soc_gatemate..
Removed 2 unused cells and 382 unused wires.
<suppressed ~3 debug messages>

2.13.22. Executing OPT_EXPR pass (perform const folding).
Optimizing module riscv_soc_gatemate.

2.13.23. Rerunning OPT passes. (Maybe there is more to do..)

2.13.24. Executing OPT_MUXTREE pass (detect dead branches in mux trees).
Running muxtree optimizer on module \riscv_soc_gatemate..
  Creating internal representation of mux trees.
  Evaluating internal representation of mux trees.
  Analyzing evaluation results.
Removed 0 multiplexer ports.
<suppressed ~1964 debug messages>

2.13.25. Executing OPT_REDUCE pass (consolidate $*mux and $reduce_* inputs).
  Optimizing cells in module \riscv_soc_gatemate.
    New ctrl vector for $pmux cell \u_soc.u_cpu.csr_inst.:10572: { $flatten\u_soc.\u_cpu.\csr_inst.$auto$ghdl.cc:827:import_module$4204 $flatten\u_soc.\u_cpu.\csr_inst.$auto$ghdl.cc:827:import_module$4203 $flatten\u_soc.\u_cpu.\csr_inst.$auto$ghdl.cc:827:import_module$4202 $flatten\u_soc.\u_cpu.\csr_inst.$auto$ghdl.cc:827:import_module$4201 $flatten\u_soc.\u_cpu.\csr_inst.$auto$ghdl.cc:827:import_module$4200 $flatten\u_soc.\u_cpu.\csr_inst.$auto$ghdl.cc:827:import_module$4199 $flatten\u_soc.\u_cpu.\csr_inst.$auto$ghdl.cc:827:import_module$4182 $flatten\u_soc.\u_cpu.\csr_inst.$auto$ghdl.cc:827:import_module$4181 $flatten\u_soc.\u_cpu.\csr_inst.$auto$ghdl.cc:827:import_module$4180 $flatten\u_soc.\u_cpu.\csr_inst.$auto$ghdl.cc:827:import_module$4179 $flatten\u_soc.\u_cpu.\csr_inst.$auto$ghdl.cc:827:import_module$4178 $flatten\u_soc.\u_cpu.\csr_inst.$auto$ghdl.cc:827:import_module$4177 }
  Optimizing cells in module \riscv_soc_gatemate.
Performed a total of 1 changes.

2.13.26. Executing OPT_MERGE pass (detect identical cells).
Finding identical cells in module `\riscv_soc_gatemate'.
Removed a total of 0 cells.

2.13.27. Executing OPT_DFF pass (perform DFF optimizations).

2.13.28. Executing OPT_CLEAN pass (remove unused cells and wires).
Finding unused cells or wires in module \riscv_soc_gatemate..
Removed 1 unused cells and 1 unused wires.
<suppressed ~2 debug messages>

2.13.29. Executing OPT_EXPR pass (perform const folding).
Optimizing module riscv_soc_gatemate.

2.13.30. Rerunning OPT passes. (Maybe there is more to do..)

2.13.31. Executing OPT_MUXTREE pass (detect dead branches in mux trees).
Running muxtree optimizer on module \riscv_soc_gatemate..
  Creating internal representation of mux trees.
  Evaluating internal representation of mux trees.
  Analyzing evaluation results.
Removed 0 multiplexer ports.
<suppressed ~1964 debug messages>

2.13.32. Executing OPT_REDUCE pass (consolidate $*mux and $reduce_* inputs).
  Optimizing cells in module \riscv_soc_gatemate.
Performed a total of 0 changes.

2.13.33. Executing OPT_MERGE pass (detect identical cells).
Finding identical cells in module `\riscv_soc_gatemate'.
Removed a total of 0 cells.

2.13.34. Executing OPT_DFF pass (perform DFF optimizations).

2.13.35. Executing OPT_CLEAN pass (remove unused cells and wires).
Finding unused cells or wires in module \riscv_soc_gatemate..

2.13.36. Executing OPT_EXPR pass (perform const folding).
Optimizing module riscv_soc_gatemate.

2.13.37. Finished fast OPT passes. (There is nothing left to do.)

2.14. Executing WREDUCE pass (reducing word size of cells).
Removed top 1 bits (of 2) from port B of cell riscv_soc_gatemate.$auto$opt_dff.cc:248:make_patterns_logic$4669 ($ne).
Removed top 1 bits (of 2) from port B of cell riscv_soc_gatemate.$auto$opt_dff.cc:248:make_patterns_logic$4678 ($ne).
Removed top 1 bits (of 2) from port B of cell riscv_soc_gatemate.$auto$opt_dff.cc:248:make_patterns_logic$4687 ($ne).
Removed top 1 bits (of 2) from port B of cell riscv_soc_gatemate.$auto$opt_dff.cc:248:make_patterns_logic$4696 ($ne).
Removed top 1 bits (of 2) from port B of cell riscv_soc_gatemate.$auto$opt_dff.cc:248:make_patterns_logic$4705 ($ne).
Removed top 1 bits (of 2) from port B of cell riscv_soc_gatemate.$auto$opt_dff.cc:248:make_patterns_logic$4714 ($ne).
Removed top 1 bits (of 3) from port B of cell riscv_soc_gatemate.$auto$opt_dff.cc:248:make_patterns_logic$4751 ($ne).
Removed top 1 bits (of 3) from port B of cell riscv_soc_gatemate.$auto$opt_dff.cc:248:make_patterns_logic$4839 ($ne).
Removed top 1 bits (of 3) from port B of cell riscv_soc_gatemate.$auto$opt_dff.cc:248:make_patterns_logic$4828 ($ne).
Removed top 1 bits (of 3) from port B of cell riscv_soc_gatemate.$auto$opt_dff.cc:248:make_patterns_logic$4817 ($ne).
Removed top 1 bits (of 3) from port B of cell riscv_soc_gatemate.$auto$opt_dff.cc:248:make_patterns_logic$4806 ($ne).
Removed top 1 bits (of 3) from port B of cell riscv_soc_gatemate.$auto$opt_dff.cc:248:make_patterns_logic$4795 ($ne).
Removed top 1 bits (of 3) from port B of cell riscv_soc_gatemate.$auto$opt_dff.cc:248:make_patterns_logic$4784 ($ne).
Removed top 1 bits (of 3) from port B of cell riscv_soc_gatemate.$auto$opt_dff.cc:248:make_patterns_logic$4773 ($ne).
Removed top 1 bits (of 3) from port B of cell riscv_soc_gatemate.$auto$opt_dff.cc:248:make_patterns_logic$5081 ($ne).
Removed top 1 bits (of 3) from port B of cell riscv_soc_gatemate.$auto$opt_dff.cc:248:make_patterns_logic$5070 ($ne).
Removed top 1 bits (of 3) from port B of cell riscv_soc_gatemate.$auto$opt_dff.cc:248:make_patterns_logic$5059 ($ne).
Removed top 1 bits (of 3) from port B of cell riscv_soc_gatemate.$auto$opt_dff.cc:248:make_patterns_logic$5048 ($ne).
Removed top 1 bits (of 3) from port B of cell riscv_soc_gatemate.$auto$opt_dff.cc:248:make_patterns_logic$5037 ($ne).
Removed top 1 bits (of 3) from port B of cell riscv_soc_gatemate.$auto$opt_dff.cc:248:make_patterns_logic$5026 ($ne).
Removed top 1 bits (of 3) from port B of cell riscv_soc_gatemate.$auto$opt_dff.cc:248:make_patterns_logic$5015 ($ne).
Removed top 1 bits (of 3) from port B of cell riscv_soc_gatemate.$auto$opt_dff.cc:248:make_patterns_logic$5004 ($ne).
Removed top 1 bits (of 3) from port B of cell riscv_soc_gatemate.$auto$opt_dff.cc:248:make_patterns_logic$4993 ($ne).
Removed top 1 bits (of 2) from port B of cell riscv_soc_gatemate.$auto$opt_dff.cc:248:make_patterns_logic$6333 ($ne).
Removed top 1 bits (of 2) from port B of cell riscv_soc_gatemate.$auto$opt_dff.cc:248:make_patterns_logic$6331 ($ne).
Removed top 1 bits (of 2) from port B of cell riscv_soc_gatemate.$auto$opt_dff.cc:248:make_patterns_logic$6313 ($ne).
Removed top 1 bits (of 2) from port B of cell riscv_soc_gatemate.$auto$opt_dff.cc:248:make_patterns_logic$6301 ($ne).
Removed top 1 bits (of 2) from port B of cell riscv_soc_gatemate.$auto$opt_dff.cc:248:make_patterns_logic$6294 ($ne).
Removed top 1 bits (of 2) from port B of cell riscv_soc_gatemate.$auto$opt_dff.cc:248:make_patterns_logic$6287 ($ne).
Removed top 1 bits (of 2) from port B of cell riscv_soc_gatemate.$auto$opt_dff.cc:248:make_patterns_logic$6280 ($ne).
Removed top 1 bits (of 2) from port B of cell riscv_soc_gatemate.$auto$opt_dff.cc:248:make_patterns_logic$6272 ($ne).
Removed top 1 bits (of 2) from port B of cell riscv_soc_gatemate.$auto$opt_dff.cc:248:make_patterns_logic$6265 ($ne).
Removed top 1 bits (of 2) from port B of cell riscv_soc_gatemate.$auto$opt_dff.cc:248:make_patterns_logic$6258 ($ne).
Removed top 1 bits (of 2) from port B of cell riscv_soc_gatemate.$auto$opt_dff.cc:248:make_patterns_logic$6199 ($ne).
Removed top 2 bits (of 3) from port B of cell riscv_soc_gatemate.$auto$opt_dff.cc:248:make_patterns_logic$6195 ($ne).
Removed top 1 bits (of 2) from port B of cell riscv_soc_gatemate.$auto$opt_dff.cc:248:make_patterns_logic$6193 ($ne).
Removed top 1 bits (of 2) from port B of cell riscv_soc_gatemate.$auto$opt_dff.cc:248:make_patterns_logic$6174 ($ne).
Removed top 2 bits (of 3) from port B of cell riscv_soc_gatemate.$auto$opt_dff.cc:248:make_patterns_logic$6172 ($ne).
Removed top 1 bits (of 3) from port B of cell riscv_soc_gatemate.$auto$opt_dff.cc:248:make_patterns_logic$4982 ($ne).
Removed top 1 bits (of 3) from port B of cell riscv_soc_gatemate.$auto$opt_dff.cc:248:make_patterns_logic$4971 ($ne).
Removed top 1 bits (of 3) from port B of cell riscv_soc_gatemate.$auto$opt_dff.cc:248:make_patterns_logic$4960 ($ne).
Removed top 1 bits (of 3) from port B of cell riscv_soc_gatemate.$auto$opt_dff.cc:248:make_patterns_logic$4949 ($ne).
Removed top 1 bits (of 3) from port B of cell riscv_soc_gatemate.$auto$opt_dff.cc:248:make_patterns_logic$4938 ($ne).
Removed top 1 bits (of 3) from port B of cell riscv_soc_gatemate.$auto$opt_dff.cc:248:make_patterns_logic$4927 ($ne).
Removed top 1 bits (of 3) from port B of cell riscv_soc_gatemate.$auto$opt_dff.cc:248:make_patterns_logic$4916 ($ne).
Removed top 1 bits (of 3) from port B of cell riscv_soc_gatemate.$auto$opt_dff.cc:248:make_patterns_logic$4905 ($ne).
Removed top 1 bits (of 3) from port B of cell riscv_soc_gatemate.$auto$opt_dff.cc:248:make_patterns_logic$4894 ($ne).
Removed top 1 bits (of 3) from port B of cell riscv_soc_gatemate.$auto$opt_dff.cc:248:make_patterns_logic$4883 ($ne).
Removed top 1 bits (of 3) from port B of cell riscv_soc_gatemate.$auto$opt_dff.cc:248:make_patterns_logic$4872 ($ne).
Removed top 1 bits (of 3) from port B of cell riscv_soc_gatemate.$auto$opt_dff.cc:248:make_patterns_logic$4861 ($ne).
Removed top 1 bits (of 2) from port B of cell riscv_soc_gatemate.$auto$opt_dff.cc:248:make_patterns_logic$6153 ($ne).
Removed top 2 bits (of 3) from port B of cell riscv_soc_gatemate.$auto$opt_dff.cc:248:make_patterns_logic$6151 ($ne).
Removed top 1 bits (of 2) from port B of cell riscv_soc_gatemate.$auto$opt_dff.cc:248:make_patterns_logic$6143 ($ne).
Removed top 1 bits (of 2) from port B of cell riscv_soc_gatemate.$auto$opt_dff.cc:248:make_patterns_logic$6141 ($ne).
Removed top 1 bits (of 2) from port B of cell riscv_soc_gatemate.$auto$opt_dff.cc:248:make_patterns_logic$6139 ($ne).
Removed top 1 bits (of 3) from port B of cell riscv_soc_gatemate.$auto$opt_dff.cc:248:make_patterns_logic$4850 ($ne).
Removed top 1 bits (of 3) from port B of cell riscv_soc_gatemate.$auto$opt_dff.cc:248:make_patterns_logic$4762 ($ne).
Removed top 1 bits (of 2) from port B of cell riscv_soc_gatemate.$auto$opt_dff.cc:248:make_patterns_logic$4660 ($ne).
Removed top 1 bits (of 2) from port B of cell riscv_soc_gatemate.$auto$opt_dff.cc:248:make_patterns_logic$4651 ($ne).
Removed top 1 bits (of 2) from port B of cell riscv_soc_gatemate.$auto$opt_dff.cc:248:make_patterns_logic$5828 ($ne).
Removed top 1 bits (of 3) from port B of cell riscv_soc_gatemate.$auto$opt_dff.cc:248:make_patterns_logic$5788 ($ne).
Removed top 3 bits (of 4) from port B of cell riscv_soc_gatemate.u_soc.u_cpu.:4088 ($eq).
Removed top 2 bits (of 4) from port B of cell riscv_soc_gatemate.u_soc.u_cpu.:4091 ($eq).
Removed top 2 bits (of 4) from port B of cell riscv_soc_gatemate.u_soc.u_cpu.:4094 ($eq).
Removed top 1 bits (of 4) from port B of cell riscv_soc_gatemate.u_soc.u_cpu.:4097 ($eq).
Removed top 1 bits (of 4) from port B of cell riscv_soc_gatemate.u_soc.u_cpu.:4100 ($eq).
Removed top 1 bits (of 4) from port B of cell riscv_soc_gatemate.u_soc.u_cpu.:4103 ($eq).
Removed top 1 bits (of 4) from port B of cell riscv_soc_gatemate.u_soc.u_cpu.:4106 ($eq).
Removed top 3 bits (of 4) from port B of cell riscv_soc_gatemate.u_soc.u_cpu.:4286 ($eq).
Removed top 2 bits (of 4) from port B of cell riscv_soc_gatemate.u_soc.u_cpu.:4289 ($eq).
Removed top 2 bits (of 4) from port B of cell riscv_soc_gatemate.u_soc.u_cpu.:4292 ($eq).
Removed top 1 bits (of 4) from port B of cell riscv_soc_gatemate.u_soc.u_cpu.:4295 ($eq).
Removed top 1 bits (of 4) from port B of cell riscv_soc_gatemate.u_soc.u_cpu.:4298 ($eq).
Removed top 1 bits (of 4) from port B of cell riscv_soc_gatemate.u_soc.u_cpu.:4301 ($eq).
Removed top 1 bits (of 4) from port B of cell riscv_soc_gatemate.u_soc.u_cpu.:4304 ($eq).
Removed top 29 bits (of 32) from port B of cell riscv_soc_gatemate.u_soc.u_cpu.:6350 ($add).
Removed top 30 bits (of 32) from mux cell riscv_soc_gatemate.u_soc.u_cpu.:6366 ($mux).
Removed top 30 bits (of 32) from mux cell riscv_soc_gatemate.u_soc.u_cpu.:6368 ($mux).
Removed top 1 bits (of 20) from port B of cell riscv_soc_gatemate.u_soc.u_cpu.:6384 ($eq).
Removed top 2 bits (of 3) from port B of cell riscv_soc_gatemate.u_soc.u_cpu.:6440 ($eq).
Removed top 1 bits (of 3) from port B of cell riscv_soc_gatemate.u_soc.u_cpu.:6446 ($eq).
Removed top 1 bits (of 3) from port B of cell riscv_soc_gatemate.u_soc.u_cpu.:6452 ($eq).
Removed top 1 bits (of 2) from port B of cell riscv_soc_gatemate.u_soc.u_cpu.:6480 ($eq).
Removed top 1 bits (of 2) from port B of cell riscv_soc_gatemate.u_soc.u_cpu.:6505 ($eq).
Removed top 5 bits (of 8) from port B of cell riscv_soc_gatemate.u_soc.u_cpu.:6531 ($eq).
Removed top 4 bits (of 8) from port B of cell riscv_soc_gatemate.u_soc.u_cpu.:6533 ($eq).
Removed top 4 bits (of 8) from port B of cell riscv_soc_gatemate.u_soc.u_cpu.:6535 ($eq).
Removed top 3 bits (of 8) from port B of cell riscv_soc_gatemate.u_soc.u_cpu.:6537 ($eq).
Removed top 3 bits (of 8) from port B of cell riscv_soc_gatemate.u_soc.u_cpu.:6539 ($eq).
Removed top 3 bits (of 8) from port B of cell riscv_soc_gatemate.u_soc.u_cpu.:6541 ($eq).
Removed top 1 bits (of 2) from port B of cell riscv_soc_gatemate.u_soc.u_cpu.:6619 ($eq).
Removed top 1 bits (of 4) from port B of cell riscv_soc_gatemate.u_soc.u_cpu.:6633 ($eq).
Removed top 1 bits (of 4) from port B of cell riscv_soc_gatemate.u_soc.u_cpu.:6635 ($eq).
Removed top 3 bits (of 4) from port B of cell riscv_soc_gatemate.u_soc.u_cpu.:6646 ($eq).
Removed top 2 bits (of 4) from port B of cell riscv_soc_gatemate.u_soc.u_cpu.:6648 ($eq).
Removed top 29 bits (of 32) from port B of cell riscv_soc_gatemate.u_soc.u_cpu.:6749 ($add).
Removed top 2 bits (of 4) from port B of cell riscv_soc_gatemate.u_soc.u_cpu.:6751 ($eq).
Removed top 1 bits (of 4) from port B of cell riscv_soc_gatemate.u_soc.u_cpu.:6802 ($eq).
Removed top 1 bits (of 4) from port B of cell riscv_soc_gatemate.u_soc.u_cpu.:6804 ($eq).
Removed top 2 bits (of 12) from port B of cell riscv_soc_gatemate.u_soc.u_cpu.decoder_inst.:7602 ($eq).
Removed top 11 bits (of 12) from port B of cell riscv_soc_gatemate.u_soc.u_cpu.decoder_inst.:7595 ($eq).
Removed top 2 bits (of 7) from port B of cell riscv_soc_gatemate.u_soc.u_cpu.decoder_inst.:7585 ($eq).
Removed top 1 bits (of 7) from port B of cell riscv_soc_gatemate.u_soc.u_cpu.decoder_inst.:7580 ($eq).
Removed top 1 bits (of 7) from port B of cell riscv_soc_gatemate.u_soc.u_cpu.decoder_inst.:7503 ($eq).
Removed top 5 bits (of 7) from port B of cell riscv_soc_gatemate.u_soc.u_cpu.decoder_inst.:7478 ($eq).
Removed top 2 bits (of 7) from port B of cell riscv_soc_gatemate.u_soc.u_cpu.decoder_inst.:7434 ($eq).
Removed top 1 bits (of 7) from port B of cell riscv_soc_gatemate.u_soc.u_cpu.decoder_inst.:7368 ($eq).
Removed top 1 bits (of 4) from mux cell riscv_soc_gatemate.u_soc.u_cpu.decoder_inst.:7344 ($mux).
Removed top 2 bits (of 3) from port B of cell riscv_soc_gatemate.u_soc.u_cpu.decoder_inst.:7337 ($eq).
Removed top 1 bits (of 4) from mux cell riscv_soc_gatemate.u_soc.u_cpu.decoder_inst.:7329 ($mux).
Removed top 1 bits (of 3) from port B of cell riscv_soc_gatemate.u_soc.u_cpu.decoder_inst.:7324 ($eq).
Removed top 1 bits (of 3) from port B of cell riscv_soc_gatemate.u_soc.u_cpu.decoder_inst.:7311 ($eq).
Removed top 1 bits (of 4) from mux cell riscv_soc_gatemate.u_soc.u_cpu.decoder_inst.:7290 ($mux).
Removed top 2 bits (of 4) from mux cell riscv_soc_gatemate.u_soc.u_cpu.decoder_inst.:7277 ($mux).
Removed top 2 bits (of 4) from mux cell riscv_soc_gatemate.u_soc.u_cpu.decoder_inst.:7264 ($mux).
Removed top 6 bits (of 7) from port B of cell riscv_soc_gatemate.u_soc.u_cpu.decoder_inst.:7236 ($eq).
Removed top 1 bits (of 7) from port B of cell riscv_soc_gatemate.u_soc.u_cpu.decoder_inst.:7234 ($eq).
Removed cell riscv_soc_gatemate.u_soc.u_cpu.regfile_inst.:8768 ($mux).
Removed cell riscv_soc_gatemate.u_soc.u_cpu.regfile_inst.:8765 ($mux).
Removed cell riscv_soc_gatemate.u_soc.u_cpu.regfile_inst.:8762 ($mux).
Removed top 32 bits (of 1024) from mux cell riscv_soc_gatemate.u_soc.u_cpu.regfile_inst.:8753 ($mux).
Removed top 32 bits (of 1024) from mux cell riscv_soc_gatemate.u_soc.u_cpu.regfile_inst.:8752 ($mux).
Removed top 32 bits (of 1024) from mux cell riscv_soc_gatemate.u_soc.u_cpu.regfile_inst.:8751 ($mux).
Removed top 32 bits (of 1024) from mux cell riscv_soc_gatemate.u_soc.u_cpu.regfile_inst.:8747 ($mux).
Removed top 32 bits (of 1024) from mux cell riscv_soc_gatemate.u_soc.u_cpu.regfile_inst.:8746 ($mux).
Removed top 32 bits (of 1024) from mux cell riscv_soc_gatemate.u_soc.u_cpu.regfile_inst.:8745 ($mux).
Removed top 32 bits (of 1024) from mux cell riscv_soc_gatemate.u_soc.u_cpu.regfile_inst.:8744 ($mux).
Removed top 32 bits (of 1024) from mux cell riscv_soc_gatemate.u_soc.u_cpu.regfile_inst.:8743 ($mux).
Removed top 32 bits (of 1024) from mux cell riscv_soc_gatemate.u_soc.u_cpu.regfile_inst.:8742 ($mux).
Removed cell riscv_soc_gatemate.u_soc.u_cpu.regfile_inst.:10423 ($mux).
Removed top 31 bits (of 32) from port B of cell riscv_soc_gatemate.u_soc.u_cpu.csr_inst.:10806 ($sub).
Removed top 31 bits (of 32) from port B of cell riscv_soc_gatemate.u_soc.u_cpu.csr_inst.:10800 ($add).
Removed top 31 bits (of 32) from port B of cell riscv_soc_gatemate.u_soc.u_cpu.csr_inst.:10792 ($add).
Removed top 31 bits (of 32) from port B of cell riscv_soc_gatemate.u_soc.u_cpu.csr_inst.:10784 ($add).
Removed top 24 bits (of 32) from mux cell riscv_soc_gatemate.u_soc.u_cpu.csr_inst.:10637 ($mux).
Removed top 24 bits (of 32) from mux cell riscv_soc_gatemate.u_soc.u_cpu.csr_inst.:10618 ($mux).
Removed top 1 bits (of 12) from port B of cell riscv_soc_gatemate.u_soc.u_cpu.csr_inst.:10569 ($eq).
Removed top 1 bits (of 12) from port B of cell riscv_soc_gatemate.u_soc.u_cpu.csr_inst.:10567 ($eq).
Removed top 1 bits (of 12) from port B of cell riscv_soc_gatemate.u_soc.u_cpu.csr_inst.:10565 ($eq).
Removed top 1 bits (of 12) from port B of cell riscv_soc_gatemate.u_soc.u_cpu.csr_inst.:10562 ($eq).
Removed top 1 bits (of 12) from port B of cell riscv_soc_gatemate.u_soc.u_cpu.csr_inst.:10560 ($eq).
Removed top 1 bits (of 12) from port B of cell riscv_soc_gatemate.u_soc.u_cpu.csr_inst.:10558 ($eq).
Removed top 1 bits (of 2) from port B of cell riscv_soc_gatemate.u_soc.u_cpu.csr_inst.:10527 ($eq).
Removed top 2 bits (of 12) from port B of cell riscv_soc_gatemate.u_soc.u_cpu.csr_inst.:10516 ($eq).
Removed top 2 bits (of 12) from port B of cell riscv_soc_gatemate.u_soc.u_cpu.csr_inst.:10514 ($eq).
Removed top 2 bits (of 12) from port B of cell riscv_soc_gatemate.u_soc.u_cpu.csr_inst.:10512 ($eq).
Removed top 2 bits (of 12) from port B of cell riscv_soc_gatemate.u_soc.u_cpu.csr_inst.:10510 ($eq).
Removed top 2 bits (of 12) from port B of cell riscv_soc_gatemate.u_soc.u_cpu.csr_inst.:10508 ($eq).
Removed top 2 bits (of 12) from port B of cell riscv_soc_gatemate.u_soc.u_cpu.csr_inst.:10506 ($eq).
Removed top 29 bits (of 32) from port B of cell riscv_soc_gatemate.u_soc.u_cpu.alu_inst.:10987 ($add).
Removed top 32 bits (of 64) from port A of cell riscv_soc_gatemate.u_soc.u_cpu.alu_inst.:10982 ($mul).
Removed top 32 bits (of 64) from port B of cell riscv_soc_gatemate.u_soc.u_cpu.alu_inst.:10982 ($mul).
Removed top 32 bits (of 64) from port Y of cell riscv_soc_gatemate.u_soc.u_cpu.alu_inst.:10982 ($mul).
Removed top 1 bits (of 4) from port B of cell riscv_soc_gatemate.u_soc.u_cpu.alu_inst.:10967 ($eq).
Removed top 26 bits (of 31) from port B of cell riscv_soc_gatemate.u_soc.u_cpu.alu_inst.:10965 ($sshr).
Removed top 1 bits (of 4) from port B of cell riscv_soc_gatemate.u_soc.u_cpu.alu_inst.:10962 ($eq).
Removed top 27 bits (of 32) from port B of cell riscv_soc_gatemate.u_soc.u_cpu.alu_inst.:10960 ($shr).
Removed top 1 bits (of 4) from port B of cell riscv_soc_gatemate.u_soc.u_cpu.alu_inst.:10956 ($eq).
Removed top 27 bits (of 32) from port B of cell riscv_soc_gatemate.u_soc.u_cpu.alu_inst.:10954 ($shl).
Removed top 1 bits (of 4) from port B of cell riscv_soc_gatemate.u_soc.u_cpu.alu_inst.:10950 ($eq).
Removed top 2 bits (of 4) from port B of cell riscv_soc_gatemate.u_soc.u_cpu.alu_inst.:10947 ($eq).
Removed top 2 bits (of 4) from port B of cell riscv_soc_gatemate.u_soc.u_cpu.alu_inst.:10944 ($eq).
Removed top 3 bits (of 4) from port B of cell riscv_soc_gatemate.u_soc.u_cpu.alu_inst.:10941 ($eq).
Removed top 1 bits (of 2) from port B of cell riscv_soc_gatemate.u_soc.u_timer.:3960 ($eq).
Removed top 20 bits (of 32) from mux cell riscv_soc_gatemate.u_soc.u_dmem.:2399 ($mux).
Removed top 25 bits (of 32) from port A of cell riscv_soc_gatemate.u_soc.u_dmem.:3647 ($ge).
Removed top 30 bits (of 32) from port B of cell riscv_soc_gatemate.u_soc.u_dmem.:3647 ($ge).
Converting cell riscv_soc_gatemate.u_soc.u_dmem.:3647 ($ge) from signed to unsigned.
Removed top 1 bits (of 7) from port A of cell riscv_soc_gatemate.u_soc.u_dmem.:3647 ($ge).
Removed top 1 bits (of 2) from port B of cell riscv_soc_gatemate.u_soc.u_dmem.:3647 ($ge).
Removed top 25 bits (of 32) from port A of cell riscv_soc_gatemate.u_soc.u_dmem.:3651 ($le).
Removed top 25 bits (of 32) from port B of cell riscv_soc_gatemate.u_soc.u_dmem.:3651 ($le).
Converting cell riscv_soc_gatemate.u_soc.u_dmem.:3651 ($le) from signed to unsigned.
Removed top 1 bits (of 7) from port A of cell riscv_soc_gatemate.u_soc.u_dmem.:3651 ($le).
Removed top 1 bits (of 7) from port B of cell riscv_soc_gatemate.u_soc.u_dmem.:3651 ($le).
Removed top 26 bits (of 32) from port A of cell riscv_soc_gatemate.u_soc.u_dmem.:3656 ($sub).
Removed top 31 bits (of 32) from port B of cell riscv_soc_gatemate.u_soc.u_dmem.:3656 ($sub).
Removed top 26 bits (of 32) from port Y of cell riscv_soc_gatemate.u_soc.u_dmem.:3656 ($sub).
Removed top 1 bits (of 39) from mux cell riscv_soc_gatemate.u_soc.u_dmem.:3668 ($mux).
Removed top 1 bits (of 32) from port A of cell riscv_soc_gatemate.u_soc.u_imem.:862 ($lt).
Removed top 18 bits (of 32) from port B of cell riscv_soc_gatemate.u_soc.u_imem.:862 ($lt).
Converting cell riscv_soc_gatemate.u_soc.u_imem.:862 ($lt) from signed to unsigned.
Removed top 1 bits (of 31) from port A of cell riscv_soc_gatemate.u_soc.u_imem.:862 ($lt).
Removed top 1 bits (of 14) from port B of cell riscv_soc_gatemate.u_soc.u_imem.:862 ($lt).
Removed top 31 bits (of 32) from port B of cell riscv_soc_gatemate.u_soc.u_imem.:878 ($ge).
Converting cell riscv_soc_gatemate.u_soc.u_imem.:878 ($ge) from signed to unsigned.
Removed top 1 bits (of 32) from port A of cell riscv_soc_gatemate.u_soc.u_imem.:878 ($ge).
Removed top 18 bits (of 32) from port B of cell riscv_soc_gatemate.u_soc.u_imem.:880 ($lt).
Converting cell riscv_soc_gatemate.u_soc.u_imem.:880 ($lt) from signed to unsigned.
Removed top 1 bits (of 32) from port A of cell riscv_soc_gatemate.u_soc.u_imem.:880 ($lt).
Removed top 1 bits (of 14) from port B of cell riscv_soc_gatemate.u_soc.u_imem.:880 ($lt).
Removed top 25 bits (of 32) from port A of cell riscv_soc_gatemate.u_soc.u_imem.:2115 ($ge).
Removed top 30 bits (of 32) from port B of cell riscv_soc_gatemate.u_soc.u_imem.:2115 ($ge).
Converting cell riscv_soc_gatemate.u_soc.u_imem.:2115 ($ge) from signed to unsigned.
Removed top 1 bits (of 7) from port A of cell riscv_soc_gatemate.u_soc.u_imem.:2115 ($ge).
Removed top 1 bits (of 2) from port B of cell riscv_soc_gatemate.u_soc.u_imem.:2115 ($ge).
Removed top 25 bits (of 32) from port A of cell riscv_soc_gatemate.u_soc.u_imem.:2119 ($le).
Removed top 25 bits (of 32) from port B of cell riscv_soc_gatemate.u_soc.u_imem.:2119 ($le).
Converting cell riscv_soc_gatemate.u_soc.u_imem.:2119 ($le) from signed to unsigned.
Removed top 1 bits (of 7) from port A of cell riscv_soc_gatemate.u_soc.u_imem.:2119 ($le).
Removed top 1 bits (of 7) from port B of cell riscv_soc_gatemate.u_soc.u_imem.:2119 ($le).
Removed top 26 bits (of 32) from port A of cell riscv_soc_gatemate.u_soc.u_imem.:2124 ($sub).
Removed top 31 bits (of 32) from port B of cell riscv_soc_gatemate.u_soc.u_imem.:2124 ($sub).
Removed top 26 bits (of 32) from port Y of cell riscv_soc_gatemate.u_soc.u_imem.:2124 ($sub).
Removed top 1 bits (of 39) from mux cell riscv_soc_gatemate.u_soc.u_imem.:2136 ($mux).
Removed top 25 bits (of 32) from port A of cell riscv_soc_gatemate.u_soc.u_tx.:760 ($add).
Removed top 31 bits (of 32) from port B of cell riscv_soc_gatemate.u_soc.u_tx.:760 ($add).
Removed top 25 bits (of 32) from port Y of cell riscv_soc_gatemate.u_soc.u_tx.:760 ($add).
Removed top 1 bits (of 2) from port B of cell riscv_soc_gatemate.u_soc.u_tx.:767 ($eq).
Removed top 29 bits (of 32) from port A of cell riscv_soc_gatemate.u_soc.u_tx.:780 ($add).
Removed top 31 bits (of 32) from port B of cell riscv_soc_gatemate.u_soc.u_tx.:780 ($add).
Removed top 29 bits (of 32) from port Y of cell riscv_soc_gatemate.u_soc.u_tx.:780 ($add).
Removed top 1 bits (of 7) from port B of cell riscv_soc_gatemate.u_soc.u_rx.:594 ($eq).
Removed top 25 bits (of 32) from port A of cell riscv_soc_gatemate.u_soc.u_rx.:604 ($add).
Removed top 31 bits (of 32) from port B of cell riscv_soc_gatemate.u_soc.u_rx.:604 ($add).
Removed top 25 bits (of 32) from port Y of cell riscv_soc_gatemate.u_soc.u_rx.:604 ($add).
Removed top 1 bits (of 2) from port B of cell riscv_soc_gatemate.u_soc.u_rx.:609 ($eq).
Removed top 29 bits (of 32) from port A of cell riscv_soc_gatemate.u_soc.u_rx.:621 ($add).
Removed top 31 bits (of 32) from port B of cell riscv_soc_gatemate.u_soc.u_rx.:621 ($add).
Removed top 29 bits (of 32) from port Y of cell riscv_soc_gatemate.u_soc.u_rx.:621 ($add).
Removed top 20 bits (of 32) from FF cell riscv_soc_gatemate.$auto$ff.cc:266:slice$6159 ($sdffe).
Removed top 1 bits (of 32) from FF cell riscv_soc_gatemate.$auto$ff.cc:266:slice$6180 ($sdffe).
Removed top 25 bits (of 26) from port B of cell riscv_soc_gatemate.u_soc.:527 ($add).
Removed top 10 bits (of 32) from port Y of cell riscv_soc_gatemate.u_soc.:522 ($xor).
Removed top 10 bits (of 32) from port A of cell riscv_soc_gatemate.u_soc.:522 ($xor).
Removed top 10 bits (of 32) from port B of cell riscv_soc_gatemate.u_soc.:522 ($xor).
Removed top 10 bits (of 32) from port Y of cell riscv_soc_gatemate.u_soc.:521 ($xor).
Removed top 10 bits (of 32) from port A of cell riscv_soc_gatemate.u_soc.:521 ($xor).
Removed top 10 bits (of 32) from port B of cell riscv_soc_gatemate.u_soc.:521 ($xor).
Removed top 10 bits (of 32) from port Y of cell riscv_soc_gatemate.u_soc.:520 ($xor).
Removed top 10 bits (of 32) from port A of cell riscv_soc_gatemate.u_soc.:520 ($xor).
Removed top 10 bits (of 32) from port B of cell riscv_soc_gatemate.u_soc.:520 ($xor).
Removed top 20 bits (of 32) from mux cell riscv_soc_gatemate.u_soc.:455 ($mux).
Removed top 1 bits (of 32) from mux cell riscv_soc_gatemate.u_soc.:448 ($mux).
Removed top 20 bits (of 32) from mux cell riscv_soc_gatemate.u_soc.:398 ($mux).
Removed top 20 bits (of 32) from mux cell riscv_soc_gatemate.u_soc.:382 ($mux).
Removed top 20 bits (of 32) from mux cell riscv_soc_gatemate.u_soc.:369 ($mux).
Removed top 1 bits (of 32) from mux cell riscv_soc_gatemate.u_soc.:321 ($mux).
Removed top 1 bits (of 4) from mux cell riscv_soc_gatemate.u_soc.:298 ($mux).
Removed top 1 bits (of 32) from mux cell riscv_soc_gatemate.u_soc.:292 ($mux).
Removed top 1 bits (of 32) from mux cell riscv_soc_gatemate.u_soc.:281 ($mux).
Removed top 30 bits (of 32) from port A of cell riscv_soc_gatemate.u_soc.:271 ($add).
Removed top 31 bits (of 32) from port B of cell riscv_soc_gatemate.u_soc.:271 ($add).
Removed top 30 bits (of 32) from port Y of cell riscv_soc_gatemate.u_soc.:271 ($add).
Removed top 31 bits (of 32) from port B of cell riscv_soc_gatemate.u_soc.:268 ($add).
Removed top 31 bits (of 32) from port B of cell riscv_soc_gatemate.u_soc.:262 ($add).
Removed top 1 bits (of 2) from port B of cell riscv_soc_gatemate.u_soc.:245 ($eq).
Removed top 1 bits (of 4) from mux cell riscv_soc_gatemate.u_soc.:220 ($mux).
Removed top 1 bits (of 4) from port B of cell riscv_soc_gatemate.u_soc.:205 ($eq).
Removed top 1 bits (of 4) from port B of cell riscv_soc_gatemate.u_soc.:199 ($eq).
Removed top 1 bits (of 4) from port B of cell riscv_soc_gatemate.u_soc.:193 ($eq).
Removed top 1 bits (of 4) from port B of cell riscv_soc_gatemate.u_soc.:187 ($eq).
Removed top 2 bits (of 4) from port B of cell riscv_soc_gatemate.u_soc.:181 ($eq).
Removed top 2 bits (of 4) from port B of cell riscv_soc_gatemate.u_soc.:175 ($eq).
Removed top 3 bits (of 4) from port B of cell riscv_soc_gatemate.u_soc.:169 ($eq).
Removed top 2 bits (of 4) from mux cell riscv_soc_gatemate.u_soc.:166 ($mux).
Removed top 1 bits (of 8) from port B of cell riscv_soc_gatemate.u_soc.:156 ($eq).
Removed top 2 bits (of 3) from port B of cell riscv_soc_gatemate.u_soc.:113 ($sub).
Removed top 1 bits (of 32) from port B of cell riscv_soc_gatemate.u_soc.:76 ($eq).
Removed top 1 bits (of 20) from port B of cell riscv_soc_gatemate.u_soc.:71 ($eq).
Removed top 63 bits (of 64) from port B of cell riscv_soc_gatemate.u_soc.u_timer.:3951 ($add).
Removed top 1 bits (of 32) from port A of cell riscv_soc_gatemate.u_soc.u_imem.:860 ($ge).
Removed top 31 bits (of 32) from port B of cell riscv_soc_gatemate.u_soc.u_imem.:860 ($ge).
Converting cell riscv_soc_gatemate.u_soc.u_imem.:860 ($ge) from signed to unsigned.
Removed top 1 bits (of 31) from port A of cell riscv_soc_gatemate.u_soc.u_imem.:860 ($ge).
Removed cell riscv_soc_gatemate.$auto$ff.cc:266:slice$4746 ($dff).
Removed cell riscv_soc_gatemate.$auto$ff.cc:266:slice$5089 ($dff).
Removed cell riscv_soc_gatemate.u_soc.u_cpu.regfile_inst.:10288 ($mux).
Removed cell riscv_soc_gatemate.u_soc.u_cpu.regfile_inst.:10153 ($mux).
Removed cell riscv_soc_gatemate.u_soc.u_cpu.regfile_inst.:10018 ($mux).
Removed cell riscv_soc_gatemate.$auto$ff.cc:266:slice$5432 ($dff).
Removed cell riscv_soc_gatemate.u_soc.u_cpu.regfile_inst.:9883 ($mux).
Removed cell riscv_soc_gatemate.u_soc.u_cpu.regfile_inst.:9748 ($mux).
Removed cell riscv_soc_gatemate.u_soc.u_cpu.regfile_inst.:9205 ($mux).
Removed cell riscv_soc_gatemate.u_soc.u_cpu.regfile_inst.:9070 ($mux).
Removed cell riscv_soc_gatemate.u_soc.u_cpu.regfile_inst.:8935 ($mux).
Removed cell riscv_soc_gatemate.u_soc.u_dmem.:3939 ($mux).
Removed cell riscv_soc_gatemate.u_soc.u_imem.:2391 ($mux).
Removed top 30 bits (of 32) from wire riscv_soc_gatemate.$flatten\u_soc.$auto$ghdl.cc:827:import_module$116.
Removed top 1 bits (of 32) from wire riscv_soc_gatemate.$flatten\u_soc.$auto$ghdl.cc:827:import_module$121.
Removed top 1 bits (of 32) from wire riscv_soc_gatemate.$flatten\u_soc.$auto$ghdl.cc:827:import_module$127.
Removed top 1 bits (of 4) from wire riscv_soc_gatemate.$flatten\u_soc.$auto$ghdl.cc:827:import_module$130.
Removed top 1 bits (of 32) from wire riscv_soc_gatemate.$flatten\u_soc.$auto$ghdl.cc:827:import_module$147.
Removed top 20 bits (of 32) from wire riscv_soc_gatemate.$flatten\u_soc.$auto$ghdl.cc:827:import_module$167.
Removed top 20 bits (of 32) from wire riscv_soc_gatemate.$flatten\u_soc.$auto$ghdl.cc:827:import_module$174.
Removed top 20 bits (of 32) from wire riscv_soc_gatemate.$flatten\u_soc.$auto$ghdl.cc:827:import_module$187.
Removed top 1 bits (of 32) from wire riscv_soc_gatemate.$flatten\u_soc.$auto$ghdl.cc:827:import_module$207.
Removed top 20 bits (of 32) from wire riscv_soc_gatemate.$flatten\u_soc.$auto$ghdl.cc:827:import_module$210.
Removed top 10 bits (of 32) from wire riscv_soc_gatemate.$flatten\u_soc.$auto$ghdl.cc:827:import_module$228.
Removed top 10 bits (of 32) from wire riscv_soc_gatemate.$flatten\u_soc.$auto$ghdl.cc:827:import_module$229.
Removed top 3 bits (of 26) from wire riscv_soc_gatemate.$flatten\u_soc.$auto$ghdl.cc:827:import_module$231.
Removed top 2 bits (of 4) from wire riscv_soc_gatemate.$flatten\u_soc.$auto$ghdl.cc:827:import_module$67.
Removed top 1 bits (of 4) from wire riscv_soc_gatemate.$flatten\u_soc.$auto$ghdl.cc:827:import_module$93.
Removed top 30 bits (of 32) from wire riscv_soc_gatemate.$flatten\u_soc.\u_cpu.$auto$ghdl.cc:827:import_module$2048.
Removed top 32 bits (of 64) from wire riscv_soc_gatemate.$flatten\u_soc.\u_cpu.\alu_inst.$auto$ghdl.cc:827:import_module$4427.
Removed top 24 bits (of 32) from wire riscv_soc_gatemate.$flatten\u_soc.\u_cpu.\csr_inst.$auto$ghdl.cc:827:import_module$4219.
Removed top 24 bits (of 32) from wire riscv_soc_gatemate.$flatten\u_soc.\u_cpu.\csr_inst.$auto$ghdl.cc:827:import_module$4238.
Removed top 2 bits (of 4) from wire riscv_soc_gatemate.$flatten\u_soc.\u_cpu.\decoder_inst.$auto$ghdl.cc:827:import_module$2399.
Removed top 2 bits (of 4) from wire riscv_soc_gatemate.$flatten\u_soc.\u_cpu.\decoder_inst.$auto$ghdl.cc:827:import_module$2404.
Removed top 1 bits (of 4) from wire riscv_soc_gatemate.$flatten\u_soc.\u_cpu.\decoder_inst.$auto$ghdl.cc:827:import_module$2409.
Removed top 1 bits (of 4) from wire riscv_soc_gatemate.$flatten\u_soc.\u_cpu.\decoder_inst.$auto$ghdl.cc:827:import_module$2424.
Removed top 1 bits (of 4) from wire riscv_soc_gatemate.$flatten\u_soc.\u_cpu.\decoder_inst.$auto$ghdl.cc:827:import_module$2430.
Removed top 32 bits (of 1024) from wire riscv_soc_gatemate.$flatten\u_soc.\u_cpu.\regfile_inst.$auto$ghdl.cc:827:import_module$2946.
Removed top 383 bits (of 1024) from wire riscv_soc_gatemate.$flatten\u_soc.\u_cpu.\regfile_inst.$auto$ghdl.cc:827:import_module$2947.
Removed top 63 bits (of 1024) from wire riscv_soc_gatemate.$flatten\u_soc.\u_cpu.\regfile_inst.$auto$ghdl.cc:827:import_module$2948.
Removed top 383 bits (of 1024) from wire riscv_soc_gatemate.$flatten\u_soc.\u_cpu.\regfile_inst.$auto$ghdl.cc:827:import_module$2949.
Removed top 63 bits (of 1024) from wire riscv_soc_gatemate.$flatten\u_soc.\u_cpu.\regfile_inst.$auto$ghdl.cc:827:import_module$2950.
Removed top 383 bits (of 1024) from wire riscv_soc_gatemate.$flatten\u_soc.\u_cpu.\regfile_inst.$auto$ghdl.cc:827:import_module$2951.
Removed top 254 bits (of 1024) from wire riscv_soc_gatemate.$flatten\u_soc.\u_cpu.\regfile_inst.$auto$ghdl.cc:827:import_module$2955.
Removed top 254 bits (of 1024) from wire riscv_soc_gatemate.$flatten\u_soc.\u_cpu.\regfile_inst.$auto$ghdl.cc:827:import_module$2956.
Removed top 46 bits (of 1024) from wire riscv_soc_gatemate.$flatten\u_soc.\u_cpu.\regfile_inst.$auto$ghdl.cc:827:import_module$2957.
Removed top 21 bits (of 32) from wire riscv_soc_gatemate.$flatten\u_soc.\u_cpu.\regfile_inst.$auto$ghdl.cc:827:import_module$3056.
Removed top 5 bits (of 32) from wire riscv_soc_gatemate.$flatten\u_soc.\u_cpu.\regfile_inst.$auto$ghdl.cc:827:import_module$3057.
Removed top 5 bits (of 32) from wire riscv_soc_gatemate.$flatten\u_soc.\u_cpu.\regfile_inst.$auto$ghdl.cc:827:import_module$3058.
Removed top 5 bits (of 32) from wire riscv_soc_gatemate.$flatten\u_soc.\u_cpu.\regfile_inst.$auto$ghdl.cc:827:import_module$3059.
Removed top 5 bits (of 32) from wire riscv_soc_gatemate.$flatten\u_soc.\u_cpu.\regfile_inst.$auto$ghdl.cc:827:import_module$3060.
Removed top 5 bits (of 32) from wire riscv_soc_gatemate.$flatten\u_soc.\u_cpu.\regfile_inst.$auto$ghdl.cc:827:import_module$3061.
Removed top 5 bits (of 32) from wire riscv_soc_gatemate.$flatten\u_soc.\u_cpu.\regfile_inst.$auto$ghdl.cc:827:import_module$3062.
Removed top 5 bits (of 32) from wire riscv_soc_gatemate.$flatten\u_soc.\u_cpu.\regfile_inst.$auto$ghdl.cc:827:import_module$3063.
Removed top 5 bits (of 32) from wire riscv_soc_gatemate.$flatten\u_soc.\u_cpu.\regfile_inst.$auto$ghdl.cc:827:import_module$3064.
Removed top 5 bits (of 32) from wire riscv_soc_gatemate.$flatten\u_soc.\u_cpu.\regfile_inst.$auto$ghdl.cc:827:import_module$3065.
Removed top 5 bits (of 32) from wire riscv_soc_gatemate.$flatten\u_soc.\u_cpu.\regfile_inst.$auto$ghdl.cc:827:import_module$3066.
Removed top 5 bits (of 32) from wire riscv_soc_gatemate.$flatten\u_soc.\u_cpu.\regfile_inst.$auto$ghdl.cc:827:import_module$3067.
Removed top 5 bits (of 32) from wire riscv_soc_gatemate.$flatten\u_soc.\u_cpu.\regfile_inst.$auto$ghdl.cc:827:import_module$3068.
Removed top 5 bits (of 32) from wire riscv_soc_gatemate.$flatten\u_soc.\u_cpu.\regfile_inst.$auto$ghdl.cc:827:import_module$3069.
Removed top 5 bits (of 32) from wire riscv_soc_gatemate.$flatten\u_soc.\u_cpu.\regfile_inst.$auto$ghdl.cc:827:import_module$3070.
Removed top 5 bits (of 32) from wire riscv_soc_gatemate.$flatten\u_soc.\u_cpu.\regfile_inst.$auto$ghdl.cc:827:import_module$3071.
Removed top 5 bits (of 32) from wire riscv_soc_gatemate.$flatten\u_soc.\u_cpu.\regfile_inst.$auto$ghdl.cc:827:import_module$3072.
Removed top 5 bits (of 32) from wire riscv_soc_gatemate.$flatten\u_soc.\u_cpu.\regfile_inst.$auto$ghdl.cc:827:import_module$3073.
Removed top 5 bits (of 32) from wire riscv_soc_gatemate.$flatten\u_soc.\u_cpu.\regfile_inst.$auto$ghdl.cc:827:import_module$3074.
Removed top 5 bits (of 32) from wire riscv_soc_gatemate.$flatten\u_soc.\u_cpu.\regfile_inst.$auto$ghdl.cc:827:import_module$3075.
Removed top 26 bits (of 32) from wire riscv_soc_gatemate.$flatten\u_soc.\u_dmem.$auto$ghdl.cc:827:import_module$1042.
Removed top 1 bits (of 39) from wire riscv_soc_gatemate.$flatten\u_soc.\u_dmem.$auto$ghdl.cc:827:import_module$1045.
Removed top 26 bits (of 32) from wire riscv_soc_gatemate.$flatten\u_soc.\u_imem.$auto$ghdl.cc:827:import_module$645.
Removed top 1 bits (of 39) from wire riscv_soc_gatemate.$flatten\u_soc.\u_imem.$auto$ghdl.cc:827:import_module$648.
Removed top 25 bits (of 32) from wire riscv_soc_gatemate.$flatten\u_soc.\u_rx.$auto$ghdl.cc:827:import_module$269.
Removed top 29 bits (of 32) from wire riscv_soc_gatemate.$flatten\u_soc.\u_rx.$auto$ghdl.cc:827:import_module$275.

2.15. Executing PEEPOPT pass (run peephole optimizers).

2.16. Executing OPT_CLEAN pass (remove unused cells and wires).
Finding unused cells or wires in module \riscv_soc_gatemate..
Removed 7 unused cells and 80 unused wires.
<suppressed ~8 debug messages>

2.17. Executing MUXPACK pass ($mux cell cascades to $pmux).
Converted 0 (p)mux cells into 0 pmux cells.
<suppressed ~268 debug messages>

2.18. Executing SHARE pass (SAT-based resource sharing).
Found 4 cells in module riscv_soc_gatemate that may be considered for resource sharing.
  Analyzing resource sharing options for u_soc.u_cpu.alu_inst.:10982 ($mul):
    Found 1 activation_patterns using ctrl signal { $flatten\u_soc.\u_cpu.\alu_inst.$auto$ghdl.cc:827:import_module$4428 $flatten\u_soc.\u_cpu.$auto$ghdl.cc:827:import_module$2195 }.
    No candidates found.
  Analyzing resource sharing options for u_soc.u_cpu.alu_inst.:10965 ($sshr):
    Found 1 activation_patterns using ctrl signal { $flatten\u_soc.\u_cpu.\alu_inst.$auto$ghdl.cc:827:import_module$4420 $flatten\u_soc.\u_cpu.$auto$ghdl.cc:827:import_module$2195 }.
    No candidates found.
  Analyzing resource sharing options for u_soc.u_cpu.alu_inst.:10960 ($shr):
    Found 1 activation_patterns using ctrl signal { $flatten\u_soc.\u_cpu.\alu_inst.$auto$ghdl.cc:827:import_module$4418 $flatten\u_soc.\u_cpu.$auto$ghdl.cc:827:import_module$2195 }.
    No candidates found.
  Analyzing resource sharing options for u_soc.u_cpu.alu_inst.:10954 ($shl):
    Found 1 activation_patterns using ctrl signal { $flatten\u_soc.\u_cpu.\alu_inst.$auto$ghdl.cc:827:import_module$4416 $flatten\u_soc.\u_cpu.$auto$ghdl.cc:827:import_module$2195 }.
    No candidates found.

2.19. Executing TECHMAP pass (map to technology primitives).

2.19.1. Executing Verilog-2005 frontend: /home/krischan-ledwig/Downloads/oss-cad-suite-linux-x64-20251104/oss-cad-suite/lib/../share/yosys/cmp2lut.v
Parsing Verilog input from `/home/krischan-ledwig/Downloads/oss-cad-suite-linux-x64-20251104/oss-cad-suite/lib/../share/yosys/cmp2lut.v' to AST representation.
verilog frontend filename /home/krischan-ledwig/Downloads/oss-cad-suite-linux-x64-20251104/oss-cad-suite/lib/../share/yosys/cmp2lut.v
Generating RTLIL representation for module `\_90_lut_cmp_'.
Successfully finished Verilog frontend.

2.19.2. Continuing TECHMAP pass.
No more expansions possible.
<suppressed ~270 debug messages>

2.20. Executing OPT_EXPR pass (perform const folding).
Optimizing module riscv_soc_gatemate.

2.21. Executing OPT_CLEAN pass (remove unused cells and wires).
Finding unused cells or wires in module \riscv_soc_gatemate..

2.22. Executing TECHMAP pass (map to technology primitives).

2.22.1. Executing Verilog-2005 frontend: /home/krischan-ledwig/Downloads/oss-cad-suite-linux-x64-20251104/oss-cad-suite/lib/../share/yosys/gatemate/mul_map.v
Parsing Verilog input from `/home/krischan-ledwig/Downloads/oss-cad-suite-linux-x64-20251104/oss-cad-suite/lib/../share/yosys/gatemate/mul_map.v' to AST representation.
verilog frontend filename /home/krischan-ledwig/Downloads/oss-cad-suite-linux-x64-20251104/oss-cad-suite/lib/../share/yosys/gatemate/mul_map.v
Generating RTLIL representation for module `\$__MULMXN'.
Successfully finished Verilog frontend.

2.22.2. Continuing TECHMAP pass.
Using template $paramod$fbc7873bff55778c0b3173955b7e4bce1d9d6834\$__MULMXN for cells of type $mul.
No more expansions possible.
<suppressed ~24 debug messages>

2.23. Executing ALUMACC pass (create $alu and $macc cells).
Extracting $alu and $macc cells in module riscv_soc_gatemate:
  creating $macc model for u_soc.:113 ($sub).
  creating $macc model for u_soc.:262 ($add).
  creating $macc model for u_soc.:268 ($add).
  creating $macc model for u_soc.:271 ($add).
  creating $macc model for u_soc.:527 ($add).
  creating $macc model for u_soc.u_cpu.:6350 ($add).
  creating $macc model for u_soc.u_cpu.:6351 ($add).
  creating $macc model for u_soc.u_cpu.:6353 ($add).
  creating $macc model for u_soc.u_cpu.:6749 ($add).
  creating $macc model for u_soc.u_cpu.alu_inst.:10936 ($add).
  creating $macc model for u_soc.u_cpu.alu_inst.:10939 ($sub).
  creating $macc model for u_soc.u_cpu.alu_inst.:10987 ($add).
  creating $macc model for u_soc.u_cpu.csr_inst.:10784 ($add).
  creating $macc model for u_soc.u_cpu.csr_inst.:10792 ($add).
  creating $macc model for u_soc.u_cpu.csr_inst.:10800 ($add).
  creating $macc model for u_soc.u_cpu.csr_inst.:10806 ($sub).
  creating $macc model for u_soc.u_cpu.regfile_inst.:7813 ($sub).
  creating $macc model for u_soc.u_cpu.regfile_inst.:7828 ($sub).
  creating $macc model for u_soc.u_cpu.regfile_inst.:8655 ($sub).
  creating $macc model for u_soc.u_dmem.:3656 ($sub).
  creating $macc model for u_soc.u_imem.:2124 ($sub).
  creating $macc model for u_soc.u_rx.:604 ($add).
  creating $macc model for u_soc.u_rx.:621 ($add).
  creating $macc model for u_soc.u_timer.:3951 ($add).
  creating $macc model for u_soc.u_tx.:760 ($add).
  creating $macc model for u_soc.u_tx.:780 ($add).
  creating $alu model for $macc u_soc.u_tx.:780.
  creating $alu model for $macc u_soc.u_tx.:760.
  creating $alu model for $macc u_soc.u_timer.:3951.
  creating $alu model for $macc u_soc.u_rx.:621.
  creating $alu model for $macc u_soc.u_rx.:604.
  creating $alu model for $macc u_soc.u_imem.:2124.
  creating $alu model for $macc u_soc.u_dmem.:3656.
  creating $alu model for $macc u_soc.u_cpu.regfile_inst.:8655.
  creating $alu model for $macc u_soc.u_cpu.regfile_inst.:7828.
  creating $alu model for $macc u_soc.u_cpu.regfile_inst.:7813.
  creating $alu model for $macc u_soc.u_cpu.csr_inst.:10806.
  creating $alu model for $macc u_soc.u_cpu.csr_inst.:10800.
  creating $alu model for $macc u_soc.u_cpu.csr_inst.:10792.
  creating $alu model for $macc u_soc.u_cpu.csr_inst.:10784.
  creating $alu model for $macc u_soc.u_cpu.alu_inst.:10987.
  creating $alu model for $macc u_soc.u_cpu.alu_inst.:10939.
  creating $alu model for $macc u_soc.u_cpu.alu_inst.:10936.
  creating $alu model for $macc u_soc.u_cpu.:6749.
  creating $alu model for $macc u_soc.u_cpu.:6353.
  creating $alu model for $macc u_soc.u_cpu.:6351.
  creating $alu model for $macc u_soc.u_cpu.:6350.
  creating $alu model for $macc u_soc.:527.
  creating $alu model for $macc u_soc.:271.
  creating $alu model for $macc u_soc.:268.
  creating $alu model for $macc u_soc.:262.
  creating $alu model for $macc u_soc.:113.
  creating $alu model for u_soc.u_cpu.:6441 ($lt): new $alu
  creating $alu model for u_soc.u_cpu.:6447 ($ge): merged with u_soc.u_cpu.:6441.
  creating $alu model for u_soc.u_cpu.:6453 ($lt): merged with u_soc.u_cpu.:6441.
  creating $alu model for u_soc.u_cpu.:6459 ($ge): merged with u_soc.u_cpu.:6441.
  creating $alu model for u_soc.u_cpu.alu_inst.:10968 ($lt): merged with u_soc.u_cpu.alu_inst.:10939.
  creating $alu model for u_soc.u_cpu.alu_inst.:10974 ($lt): merged with u_soc.u_cpu.alu_inst.:10939.
  creating $alu model for u_soc.u_dmem.:3647 ($ge): merged with u_soc.u_dmem.:3656.
  creating $alu model for u_soc.u_dmem.:3651 ($le): new $alu
  creating $alu model for u_soc.u_imem.:2115 ($ge): merged with u_soc.u_imem.:2124.
  creating $alu model for u_soc.u_imem.:2119 ($le): new $alu
  creating $alu model for u_soc.u_imem.:860 ($ge): new $alu
  creating $alu model for u_soc.u_imem.:862 ($lt): new $alu
  creating $alu model for u_soc.u_imem.:878 ($ge): new $alu
  creating $alu model for u_soc.u_imem.:880 ($lt): new $alu
  creating $alu model for u_soc.u_cpu.:6429 ($eq): merged with u_soc.u_cpu.:6441.
  creating $alu model for u_soc.u_cpu.:6435 ($ne): merged with u_soc.u_cpu.:6441.
  creating $alu cell for u_soc.u_imem.:880: $auto$alumacc.cc:512:replace_alu$6407
  creating $alu cell for u_soc.u_imem.:878: $auto$alumacc.cc:512:replace_alu$6412
  creating $alu cell for u_soc.u_imem.:862: $auto$alumacc.cc:512:replace_alu$6425
  creating $alu cell for u_soc.u_imem.:860: $auto$alumacc.cc:512:replace_alu$6430
  creating $alu cell for u_soc.u_imem.:2119: $auto$alumacc.cc:512:replace_alu$6443
  creating $alu cell for u_soc.u_dmem.:3651: $auto$alumacc.cc:512:replace_alu$6452
  creating $alu cell for u_soc.u_cpu.:6441, u_soc.u_cpu.:6447, u_soc.u_cpu.:6453, u_soc.u_cpu.:6459, u_soc.u_cpu.:6429, u_soc.u_cpu.:6435: $auto$alumacc.cc:512:replace_alu$6461
  creating $alu cell for u_soc.:113: $auto$alumacc.cc:512:replace_alu$6486
  creating $alu cell for u_soc.:262: $auto$alumacc.cc:512:replace_alu$6489
  creating $alu cell for u_soc.:268: $auto$alumacc.cc:512:replace_alu$6492
  creating $alu cell for u_soc.:271: $auto$alumacc.cc:512:replace_alu$6495
  creating $alu cell for u_soc.:527: $auto$alumacc.cc:512:replace_alu$6498
  creating $alu cell for u_soc.u_cpu.:6350: $auto$alumacc.cc:512:replace_alu$6501
  creating $alu cell for u_soc.u_cpu.:6351: $auto$alumacc.cc:512:replace_alu$6504
  creating $alu cell for u_soc.u_cpu.:6353: $auto$alumacc.cc:512:replace_alu$6507
  creating $alu cell for u_soc.u_cpu.:6749: $auto$alumacc.cc:512:replace_alu$6510
  creating $alu cell for u_soc.u_cpu.alu_inst.:10936: $auto$alumacc.cc:512:replace_alu$6513
  creating $alu cell for u_soc.u_cpu.alu_inst.:10939, u_soc.u_cpu.alu_inst.:10968, u_soc.u_cpu.alu_inst.:10974: $auto$alumacc.cc:512:replace_alu$6516
  creating $alu cell for u_soc.u_cpu.alu_inst.:10987: $auto$alumacc.cc:512:replace_alu$6525
  creating $alu cell for u_soc.u_cpu.csr_inst.:10784: $auto$alumacc.cc:512:replace_alu$6528
  creating $alu cell for u_soc.u_cpu.csr_inst.:10792: $auto$alumacc.cc:512:replace_alu$6531
  creating $alu cell for u_soc.u_cpu.csr_inst.:10800: $auto$alumacc.cc:512:replace_alu$6534
  creating $alu cell for u_soc.u_cpu.csr_inst.:10806: $auto$alumacc.cc:512:replace_alu$6537
  creating $alu cell for u_soc.u_cpu.regfile_inst.:7813: $auto$alumacc.cc:512:replace_alu$6540
  creating $alu cell for u_soc.u_cpu.regfile_inst.:7828: $auto$alumacc.cc:512:replace_alu$6543
  creating $alu cell for u_soc.u_cpu.regfile_inst.:8655: $auto$alumacc.cc:512:replace_alu$6546
  creating $alu cell for u_soc.u_dmem.:3656, u_soc.u_dmem.:3647: $auto$alumacc.cc:512:replace_alu$6549
  creating $alu cell for u_soc.u_imem.:2124, u_soc.u_imem.:2115: $auto$alumacc.cc:512:replace_alu$6562
  creating $alu cell for u_soc.u_rx.:604: $auto$alumacc.cc:512:replace_alu$6575
  creating $alu cell for u_soc.u_rx.:621: $auto$alumacc.cc:512:replace_alu$6578
  creating $alu cell for u_soc.u_timer.:3951: $auto$alumacc.cc:512:replace_alu$6581
  creating $alu cell for u_soc.u_tx.:760: $auto$alumacc.cc:512:replace_alu$6584
  creating $alu cell for u_soc.u_tx.:780: $auto$alumacc.cc:512:replace_alu$6587
  created 33 $alu and 0 $macc cells.

2.24. Executing OPT pass (performing simple optimizations).

2.24.1. Executing OPT_EXPR pass (perform const folding).
Optimizing module riscv_soc_gatemate.
<suppressed ~14 debug messages>

2.24.2. Executing OPT_MERGE pass (detect identical cells).
Finding identical cells in module `\riscv_soc_gatemate'.
Removed a total of 0 cells.

2.24.3. Executing OPT_MUXTREE pass (detect dead branches in mux trees).
Running muxtree optimizer on module \riscv_soc_gatemate..
  Creating internal representation of mux trees.
  Evaluating internal representation of mux trees.
  Analyzing evaluation results.
Removed 0 multiplexer ports.
<suppressed ~1929 debug messages>

2.24.4. Executing OPT_REDUCE pass (consolidate $*mux and $reduce_* inputs).
  Optimizing cells in module \riscv_soc_gatemate.
Performed a total of 0 changes.

2.24.5. Executing OPT_MERGE pass (detect identical cells).
Finding identical cells in module `\riscv_soc_gatemate'.
<suppressed ~612 debug messages>
Removed a total of 204 cells.

2.24.6. Executing OPT_DFF pass (perform DFF optimizations).

2.24.7. Executing OPT_CLEAN pass (remove unused cells and wires).
Finding unused cells or wires in module \riscv_soc_gatemate..
Removed 9 unused cells and 182 unused wires.
<suppressed ~12 debug messages>

2.24.8. Executing OPT_EXPR pass (perform const folding).
Optimizing module riscv_soc_gatemate.
<suppressed ~207 debug messages>

2.24.9. Rerunning OPT passes. (Maybe there is more to do..)

2.24.10. Executing OPT_MUXTREE pass (detect dead branches in mux trees).
Running muxtree optimizer on module \riscv_soc_gatemate..
  Creating internal representation of mux trees.
  Evaluating internal representation of mux trees.
  Analyzing evaluation results.
    dead port 1/2 on $mux \u_soc.u_cpu.regfile_inst.:10000.
    dead port 2/2 on $mux \u_soc.u_cpu.regfile_inst.:10000.
    dead port 1/2 on $mux \u_soc.u_cpu.regfile_inst.:10002.
    dead port 2/2 on $mux \u_soc.u_cpu.regfile_inst.:10002.
    dead port 1/2 on $mux \u_soc.u_cpu.regfile_inst.:10004.
    dead port 2/2 on $mux \u_soc.u_cpu.regfile_inst.:10004.
    dead port 1/2 on $mux \u_soc.u_cpu.regfile_inst.:10006.
    dead port 2/2 on $mux \u_soc.u_cpu.regfile_inst.:10006.
    dead port 1/2 on $mux \u_soc.u_cpu.regfile_inst.:10008.
    dead port 2/2 on $mux \u_soc.u_cpu.regfile_inst.:10008.
    dead port 1/2 on $mux \u_soc.u_cpu.regfile_inst.:10010.
    dead port 2/2 on $mux \u_soc.u_cpu.regfile_inst.:10010.
    dead port 1/2 on $mux \u_soc.u_cpu.regfile_inst.:10012.
    dead port 2/2 on $mux \u_soc.u_cpu.regfile_inst.:10012.
    dead port 1/2 on $mux \u_soc.u_cpu.regfile_inst.:10014.
    dead port 2/2 on $mux \u_soc.u_cpu.regfile_inst.:10014.
    dead port 1/2 on $mux \u_soc.u_cpu.regfile_inst.:10016.
    dead port 2/2 on $mux \u_soc.u_cpu.regfile_inst.:10016.
    dead port 1/2 on $mux \u_soc.u_cpu.regfile_inst.:10091.
    dead port 2/2 on $mux \u_soc.u_cpu.regfile_inst.:10091.
    dead port 1/2 on $mux \u_soc.u_cpu.regfile_inst.:10093.
    dead port 2/2 on $mux \u_soc.u_cpu.regfile_inst.:10093.
    dead port 1/2 on $mux \u_soc.u_cpu.regfile_inst.:10095.
    dead port 2/2 on $mux \u_soc.u_cpu.regfile_inst.:10095.
    dead port 1/2 on $mux \u_soc.u_cpu.regfile_inst.:10097.
    dead port 2/2 on $mux \u_soc.u_cpu.regfile_inst.:10097.
    dead port 1/2 on $mux \u_soc.u_cpu.regfile_inst.:10099.
    dead port 2/2 on $mux \u_soc.u_cpu.regfile_inst.:10099.
    dead port 1/2 on $mux \u_soc.u_cpu.regfile_inst.:10101.
    dead port 2/2 on $mux \u_soc.u_cpu.regfile_inst.:10101.
    dead port 1/2 on $mux \u_soc.u_cpu.regfile_inst.:10103.
    dead port 2/2 on $mux \u_soc.u_cpu.regfile_inst.:10103.
    dead port 1/2 on $mux \u_soc.u_cpu.regfile_inst.:10105.
    dead port 2/2 on $mux \u_soc.u_cpu.regfile_inst.:10105.
    dead port 1/2 on $mux \u_soc.u_cpu.regfile_inst.:10107.
    dead port 2/2 on $mux \u_soc.u_cpu.regfile_inst.:10107.
    dead port 1/2 on $mux \u_soc.u_cpu.regfile_inst.:10109.
    dead port 2/2 on $mux \u_soc.u_cpu.regfile_inst.:10109.
    dead port 1/2 on $mux \u_soc.u_cpu.regfile_inst.:10111.
    dead port 2/2 on $mux \u_soc.u_cpu.regfile_inst.:10111.
    dead port 1/2 on $mux \u_soc.u_cpu.regfile_inst.:10113.
    dead port 2/2 on $mux \u_soc.u_cpu.regfile_inst.:10113.
    dead port 1/2 on $mux \u_soc.u_cpu.regfile_inst.:10115.
    dead port 2/2 on $mux \u_soc.u_cpu.regfile_inst.:10115.
    dead port 1/2 on $mux \u_soc.u_cpu.regfile_inst.:10117.
    dead port 2/2 on $mux \u_soc.u_cpu.regfile_inst.:10117.
    dead port 1/2 on $mux \u_soc.u_cpu.regfile_inst.:10119.
    dead port 2/2 on $mux \u_soc.u_cpu.regfile_inst.:10119.
    dead port 1/2 on $mux \u_soc.u_cpu.regfile_inst.:10121.
    dead port 2/2 on $mux \u_soc.u_cpu.regfile_inst.:10121.
    dead port 1/2 on $mux \u_soc.u_cpu.regfile_inst.:10123.
    dead port 2/2 on $mux \u_soc.u_cpu.regfile_inst.:10123.
    dead port 1/2 on $mux \u_soc.u_cpu.regfile_inst.:10125.
    dead port 2/2 on $mux \u_soc.u_cpu.regfile_inst.:10125.
    dead port 1/2 on $mux \u_soc.u_cpu.regfile_inst.:10127.
    dead port 2/2 on $mux \u_soc.u_cpu.regfile_inst.:10127.
    dead port 1/2 on $mux \u_soc.u_cpu.regfile_inst.:10129.
    dead port 2/2 on $mux \u_soc.u_cpu.regfile_inst.:10129.
    dead port 1/2 on $mux \u_soc.u_cpu.regfile_inst.:10131.
    dead port 2/2 on $mux \u_soc.u_cpu.regfile_inst.:10131.
    dead port 1/2 on $mux \u_soc.u_cpu.regfile_inst.:10133.
    dead port 2/2 on $mux \u_soc.u_cpu.regfile_inst.:10133.
    dead port 1/2 on $mux \u_soc.u_cpu.regfile_inst.:10135.
    dead port 2/2 on $mux \u_soc.u_cpu.regfile_inst.:10135.
    dead port 1/2 on $mux \u_soc.u_cpu.regfile_inst.:10137.
    dead port 2/2 on $mux \u_soc.u_cpu.regfile_inst.:10137.
    dead port 1/2 on $mux \u_soc.u_cpu.regfile_inst.:10139.
    dead port 2/2 on $mux \u_soc.u_cpu.regfile_inst.:10139.
    dead port 1/2 on $mux \u_soc.u_cpu.regfile_inst.:10141.
    dead port 2/2 on $mux \u_soc.u_cpu.regfile_inst.:10141.
    dead port 1/2 on $mux \u_soc.u_cpu.regfile_inst.:10143.
    dead port 2/2 on $mux \u_soc.u_cpu.regfile_inst.:10143.
    dead port 1/2 on $mux \u_soc.u_cpu.regfile_inst.:10145.
    dead port 2/2 on $mux \u_soc.u_cpu.regfile_inst.:10145.
    dead port 1/2 on $mux \u_soc.u_cpu.regfile_inst.:10147.
    dead port 2/2 on $mux \u_soc.u_cpu.regfile_inst.:10147.
    dead port 1/2 on $mux \u_soc.u_cpu.regfile_inst.:10149.
    dead port 2/2 on $mux \u_soc.u_cpu.regfile_inst.:10149.
    dead port 1/2 on $mux \u_soc.u_cpu.regfile_inst.:10151.
    dead port 2/2 on $mux \u_soc.u_cpu.regfile_inst.:10151.
    dead port 1/2 on $mux \u_soc.u_cpu.regfile_inst.:9686.
    dead port 2/2 on $mux \u_soc.u_cpu.regfile_inst.:9686.
    dead port 1/2 on $mux \u_soc.u_cpu.regfile_inst.:9688.
    dead port 2/2 on $mux \u_soc.u_cpu.regfile_inst.:9688.
    dead port 1/2 on $mux \u_soc.u_cpu.regfile_inst.:9690.
    dead port 2/2 on $mux \u_soc.u_cpu.regfile_inst.:9690.
    dead port 1/2 on $mux \u_soc.u_cpu.regfile_inst.:9692.
    dead port 2/2 on $mux \u_soc.u_cpu.regfile_inst.:9692.
    dead port 1/2 on $mux \u_soc.u_cpu.regfile_inst.:9694.
    dead port 2/2 on $mux \u_soc.u_cpu.regfile_inst.:9694.
    dead port 1/2 on $mux \u_soc.u_cpu.regfile_inst.:9696.
    dead port 2/2 on $mux \u_soc.u_cpu.regfile_inst.:9696.
    dead port 1/2 on $mux \u_soc.u_cpu.regfile_inst.:9698.
    dead port 2/2 on $mux \u_soc.u_cpu.regfile_inst.:9698.
    dead port 1/2 on $mux \u_soc.u_cpu.regfile_inst.:9700.
    dead port 2/2 on $mux \u_soc.u_cpu.regfile_inst.:9700.
    dead port 1/2 on $mux \u_soc.u_cpu.regfile_inst.:9702.
    dead port 2/2 on $mux \u_soc.u_cpu.regfile_inst.:9702.
    dead port 1/2 on $mux \u_soc.u_cpu.regfile_inst.:9704.
    dead port 2/2 on $mux \u_soc.u_cpu.regfile_inst.:9704.
    dead port 1/2 on $mux \u_soc.u_cpu.regfile_inst.:9706.
    dead port 2/2 on $mux \u_soc.u_cpu.regfile_inst.:9706.
    dead port 1/2 on $mux \u_soc.u_cpu.regfile_inst.:9708.
    dead port 2/2 on $mux \u_soc.u_cpu.regfile_inst.:9708.
    dead port 1/2 on $mux \u_soc.u_cpu.regfile_inst.:9710.
    dead port 2/2 on $mux \u_soc.u_cpu.regfile_inst.:9710.
    dead port 1/2 on $mux \u_soc.u_cpu.regfile_inst.:9712.
    dead port 2/2 on $mux \u_soc.u_cpu.regfile_inst.:9712.
    dead port 1/2 on $mux \u_soc.u_cpu.regfile_inst.:9714.
    dead port 2/2 on $mux \u_soc.u_cpu.regfile_inst.:9714.
    dead port 1/2 on $mux \u_soc.u_cpu.regfile_inst.:9716.
    dead port 2/2 on $mux \u_soc.u_cpu.regfile_inst.:9716.
    dead port 1/2 on $mux \u_soc.u_cpu.regfile_inst.:9718.
    dead port 2/2 on $mux \u_soc.u_cpu.regfile_inst.:9718.
    dead port 1/2 on $mux \u_soc.u_cpu.regfile_inst.:9720.
    dead port 2/2 on $mux \u_soc.u_cpu.regfile_inst.:9720.
    dead port 1/2 on $mux \u_soc.u_cpu.regfile_inst.:9722.
    dead port 2/2 on $mux \u_soc.u_cpu.regfile_inst.:9722.
    dead port 1/2 on $mux \u_soc.u_cpu.regfile_inst.:9724.
    dead port 2/2 on $mux \u_soc.u_cpu.regfile_inst.:9724.
    dead port 1/2 on $mux \u_soc.u_cpu.regfile_inst.:9726.
    dead port 2/2 on $mux \u_soc.u_cpu.regfile_inst.:9726.
    dead port 1/2 on $mux \u_soc.u_cpu.regfile_inst.:9728.
    dead port 2/2 on $mux \u_soc.u_cpu.regfile_inst.:9728.
Removed 124 multiplexer ports.
<suppressed ~1481 debug messages>

2.24.11. Executing OPT_REDUCE pass (consolidate $*mux and $reduce_* inputs).
  Optimizing cells in module \riscv_soc_gatemate.
Performed a total of 0 changes.

2.24.12. Executing OPT_MERGE pass (detect identical cells).
Finding identical cells in module `\riscv_soc_gatemate'.
Removed a total of 0 cells.

2.24.13. Executing OPT_DFF pass (perform DFF optimizations).
Handling never-active EN on $auto$ff.cc:266:slice$5817 ($sdffe) from module riscv_soc_gatemate (connecting SRST instead).
Setting constant 0-bit at position 0 on $auto$ff.cc:266:slice$5817 ($dffe) from module riscv_soc_gatemate.
Setting constant 0-bit at position 1 on $auto$ff.cc:266:slice$5817 ($dffe) from module riscv_soc_gatemate.
Setting constant 0-bit at position 2 on $auto$ff.cc:266:slice$5817 ($dffe) from module riscv_soc_gatemate.
Setting constant 0-bit at position 3 on $auto$ff.cc:266:slice$5817 ($dffe) from module riscv_soc_gatemate.
Setting constant 0-bit at position 4 on $auto$ff.cc:266:slice$5817 ($dffe) from module riscv_soc_gatemate.
Setting constant 0-bit at position 5 on $auto$ff.cc:266:slice$5817 ($dffe) from module riscv_soc_gatemate.
Setting constant 0-bit at position 6 on $auto$ff.cc:266:slice$5817 ($dffe) from module riscv_soc_gatemate.
Setting constant 0-bit at position 7 on $auto$ff.cc:266:slice$5817 ($dffe) from module riscv_soc_gatemate.
Setting constant 0-bit at position 8 on $auto$ff.cc:266:slice$5817 ($dffe) from module riscv_soc_gatemate.
Setting constant 0-bit at position 9 on $auto$ff.cc:266:slice$5817 ($dffe) from module riscv_soc_gatemate.
Setting constant 0-bit at position 10 on $auto$ff.cc:266:slice$5817 ($dffe) from module riscv_soc_gatemate.
Setting constant 0-bit at position 11 on $auto$ff.cc:266:slice$5817 ($dffe) from module riscv_soc_gatemate.
Setting constant 0-bit at position 12 on $auto$ff.cc:266:slice$5817 ($dffe) from module riscv_soc_gatemate.
Setting constant 0-bit at position 13 on $auto$ff.cc:266:slice$5817 ($dffe) from module riscv_soc_gatemate.
Setting constant 0-bit at position 14 on $auto$ff.cc:266:slice$5817 ($dffe) from module riscv_soc_gatemate.
Setting constant 0-bit at position 15 on $auto$ff.cc:266:slice$5817 ($dffe) from module riscv_soc_gatemate.
Setting constant 0-bit at position 16 on $auto$ff.cc:266:slice$5817 ($dffe) from module riscv_soc_gatemate.
Setting constant 0-bit at position 17 on $auto$ff.cc:266:slice$5817 ($dffe) from module riscv_soc_gatemate.
Setting constant 0-bit at position 18 on $auto$ff.cc:266:slice$5817 ($dffe) from module riscv_soc_gatemate.
Setting constant 0-bit at position 19 on $auto$ff.cc:266:slice$5817 ($dffe) from module riscv_soc_gatemate.
Setting constant 0-bit at position 20 on $auto$ff.cc:266:slice$5817 ($dffe) from module riscv_soc_gatemate.
Setting constant 0-bit at position 21 on $auto$ff.cc:266:slice$5817 ($dffe) from module riscv_soc_gatemate.
Setting constant 0-bit at position 22 on $auto$ff.cc:266:slice$5817 ($dffe) from module riscv_soc_gatemate.
Setting constant 0-bit at position 23 on $auto$ff.cc:266:slice$5817 ($dffe) from module riscv_soc_gatemate.
Setting constant 0-bit at position 24 on $auto$ff.cc:266:slice$5817 ($dffe) from module riscv_soc_gatemate.
Setting constant 0-bit at position 25 on $auto$ff.cc:266:slice$5817 ($dffe) from module riscv_soc_gatemate.
Setting constant 0-bit at position 26 on $auto$ff.cc:266:slice$5817 ($dffe) from module riscv_soc_gatemate.
Setting constant 0-bit at position 27 on $auto$ff.cc:266:slice$5817 ($dffe) from module riscv_soc_gatemate.
Setting constant 0-bit at position 28 on $auto$ff.cc:266:slice$5817 ($dffe) from module riscv_soc_gatemate.
Setting constant 0-bit at position 29 on $auto$ff.cc:266:slice$5817 ($dffe) from module riscv_soc_gatemate.
Setting constant 0-bit at position 30 on $auto$ff.cc:266:slice$5817 ($dffe) from module riscv_soc_gatemate.
Setting constant 0-bit at position 31 on $auto$ff.cc:266:slice$5817 ($dffe) from module riscv_soc_gatemate.

2.24.14. Executing OPT_CLEAN pass (remove unused cells and wires).
Finding unused cells or wires in module \riscv_soc_gatemate..
Removed 4 unused cells and 208 unused wires.
<suppressed ~5 debug messages>

2.24.15. Executing OPT_EXPR pass (perform const folding).
Optimizing module riscv_soc_gatemate.
<suppressed ~31 debug messages>

2.24.16. Rerunning OPT passes. (Maybe there is more to do..)

2.24.17. Executing OPT_MUXTREE pass (detect dead branches in mux trees).
Running muxtree optimizer on module \riscv_soc_gatemate..
  Creating internal representation of mux trees.
  Evaluating internal representation of mux trees.
  Analyzing evaluation results.
Removed 0 multiplexer ports.
<suppressed ~1481 debug messages>

2.24.18. Executing OPT_REDUCE pass (consolidate $*mux and $reduce_* inputs).
  Optimizing cells in module \riscv_soc_gatemate.
    New input vector for $reduce_and cell $auto$opt_dff.cc:273:make_patterns_logic$5087: { $auto$opt_dff.cc:247:make_patterns_logic$5078 $auto$opt_dff.cc:247:make_patterns_logic$5082 $auto$opt_dff.cc:247:make_patterns_logic$4754 }
    New input vector for $reduce_and cell $auto$opt_dff.cc:273:make_patterns_logic$5076: { $auto$opt_dff.cc:247:make_patterns_logic$5067 $auto$opt_dff.cc:247:make_patterns_logic$5071 $auto$opt_dff.cc:247:make_patterns_logic$4754 }
    New input vector for $reduce_and cell $auto$opt_dff.cc:273:make_patterns_logic$5065: { $auto$opt_dff.cc:247:make_patterns_logic$5056 $auto$opt_dff.cc:247:make_patterns_logic$5060 $auto$opt_dff.cc:247:make_patterns_logic$4754 }
    New input vector for $reduce_and cell $auto$opt_dff.cc:273:make_patterns_logic$5054: { $auto$opt_dff.cc:247:make_patterns_logic$5045 $auto$opt_dff.cc:247:make_patterns_logic$5049 $auto$opt_dff.cc:247:make_patterns_logic$4754 }
    New input vector for $reduce_and cell $auto$opt_dff.cc:273:make_patterns_logic$5043: { $auto$opt_dff.cc:247:make_patterns_logic$5034 $auto$opt_dff.cc:247:make_patterns_logic$5038 $auto$opt_dff.cc:247:make_patterns_logic$4754 }
    New input vector for $reduce_and cell $auto$opt_dff.cc:273:make_patterns_logic$5032: { $auto$opt_dff.cc:247:make_patterns_logic$5023 $auto$opt_dff.cc:247:make_patterns_logic$5027 $auto$opt_dff.cc:247:make_patterns_logic$4754 }
    New input vector for $reduce_and cell $auto$opt_dff.cc:273:make_patterns_logic$5021: { $auto$opt_dff.cc:247:make_patterns_logic$5012 $auto$opt_dff.cc:247:make_patterns_logic$5016 $auto$opt_dff.cc:247:make_patterns_logic$4754 }
    New input vector for $reduce_and cell $auto$opt_dff.cc:273:make_patterns_logic$5010: { $auto$opt_dff.cc:247:make_patterns_logic$5001 $auto$opt_dff.cc:247:make_patterns_logic$5005 $auto$opt_dff.cc:247:make_patterns_logic$4754 }
    New input vector for $reduce_and cell $auto$opt_dff.cc:273:make_patterns_logic$4999: { $auto$opt_dff.cc:247:make_patterns_logic$4990 $auto$opt_dff.cc:247:make_patterns_logic$4994 $auto$opt_dff.cc:247:make_patterns_logic$4754 }
    New input vector for $reduce_and cell $auto$opt_dff.cc:273:make_patterns_logic$4988: { $auto$opt_dff.cc:247:make_patterns_logic$4979 $auto$opt_dff.cc:247:make_patterns_logic$4983 $auto$opt_dff.cc:247:make_patterns_logic$4754 }
    New input vector for $reduce_and cell $auto$opt_dff.cc:273:make_patterns_logic$4977: { $auto$opt_dff.cc:247:make_patterns_logic$4968 $auto$opt_dff.cc:247:make_patterns_logic$4972 $auto$opt_dff.cc:247:make_patterns_logic$4754 }
    New input vector for $reduce_and cell $auto$opt_dff.cc:273:make_patterns_logic$4966: { $auto$opt_dff.cc:247:make_patterns_logic$4957 $auto$opt_dff.cc:247:make_patterns_logic$4961 $auto$opt_dff.cc:247:make_patterns_logic$4754 }
    New input vector for $reduce_and cell $auto$opt_dff.cc:273:make_patterns_logic$4955: { $auto$opt_dff.cc:247:make_patterns_logic$4946 $auto$opt_dff.cc:247:make_patterns_logic$4950 $auto$opt_dff.cc:247:make_patterns_logic$4754 }
    New input vector for $reduce_and cell $auto$opt_dff.cc:273:make_patterns_logic$4944: { $auto$opt_dff.cc:247:make_patterns_logic$4935 $auto$opt_dff.cc:247:make_patterns_logic$4939 $auto$opt_dff.cc:247:make_patterns_logic$4754 }
    New input vector for $reduce_and cell $auto$opt_dff.cc:273:make_patterns_logic$4933: { $auto$opt_dff.cc:247:make_patterns_logic$4924 $auto$opt_dff.cc:247:make_patterns_logic$4928 $auto$opt_dff.cc:247:make_patterns_logic$4754 }
    New input vector for $reduce_and cell $auto$opt_dff.cc:273:make_patterns_logic$4922: { $auto$opt_dff.cc:247:make_patterns_logic$4913 $auto$opt_dff.cc:247:make_patterns_logic$4917 $auto$opt_dff.cc:247:make_patterns_logic$4754 }
    New input vector for $reduce_and cell $auto$opt_dff.cc:273:make_patterns_logic$4911: { $auto$opt_dff.cc:247:make_patterns_logic$4902 $auto$opt_dff.cc:247:make_patterns_logic$4906 $auto$opt_dff.cc:247:make_patterns_logic$4754 }
    New input vector for $reduce_and cell $auto$opt_dff.cc:273:make_patterns_logic$4900: { $auto$opt_dff.cc:247:make_patterns_logic$4891 $auto$opt_dff.cc:247:make_patterns_logic$4895 $auto$opt_dff.cc:247:make_patterns_logic$4754 }
    New input vector for $reduce_and cell $auto$opt_dff.cc:273:make_patterns_logic$4889: { $auto$opt_dff.cc:247:make_patterns_logic$4880 $auto$opt_dff.cc:247:make_patterns_logic$4884 $auto$opt_dff.cc:247:make_patterns_logic$4754 }
    New input vector for $reduce_and cell $auto$opt_dff.cc:273:make_patterns_logic$4878: { $auto$opt_dff.cc:247:make_patterns_logic$4869 $auto$opt_dff.cc:247:make_patterns_logic$4873 $auto$opt_dff.cc:247:make_patterns_logic$4754 }
    New input vector for $reduce_and cell $auto$opt_dff.cc:273:make_patterns_logic$4867: { $auto$opt_dff.cc:247:make_patterns_logic$4858 $auto$opt_dff.cc:247:make_patterns_logic$4862 $auto$opt_dff.cc:247:make_patterns_logic$4754 }
    New input vector for $reduce_and cell $auto$opt_dff.cc:273:make_patterns_logic$4856: { $auto$opt_dff.cc:247:make_patterns_logic$4847 $auto$opt_dff.cc:247:make_patterns_logic$4851 $auto$opt_dff.cc:247:make_patterns_logic$4754 }
    New input vector for $reduce_and cell $auto$opt_dff.cc:273:make_patterns_logic$4845: { $auto$opt_dff.cc:247:make_patterns_logic$4836 $auto$opt_dff.cc:247:make_patterns_logic$4840 $auto$opt_dff.cc:247:make_patterns_logic$4754 }
    New input vector for $reduce_and cell $auto$opt_dff.cc:273:make_patterns_logic$4834: { $auto$opt_dff.cc:247:make_patterns_logic$4825 $auto$opt_dff.cc:247:make_patterns_logic$4829 $auto$opt_dff.cc:247:make_patterns_logic$4754 }
    New input vector for $reduce_and cell $auto$opt_dff.cc:273:make_patterns_logic$4823: { $auto$opt_dff.cc:247:make_patterns_logic$4814 $auto$opt_dff.cc:247:make_patterns_logic$4818 $auto$opt_dff.cc:247:make_patterns_logic$4754 }
    New input vector for $reduce_and cell $auto$opt_dff.cc:273:make_patterns_logic$4812: { $auto$opt_dff.cc:247:make_patterns_logic$4803 $auto$opt_dff.cc:247:make_patterns_logic$4807 $auto$opt_dff.cc:247:make_patterns_logic$4754 }
    New input vector for $reduce_and cell $auto$opt_dff.cc:273:make_patterns_logic$4801: { $auto$opt_dff.cc:247:make_patterns_logic$4792 $auto$opt_dff.cc:247:make_patterns_logic$4796 $auto$opt_dff.cc:247:make_patterns_logic$4754 }
    New input vector for $reduce_and cell $auto$opt_dff.cc:273:make_patterns_logic$4790: { $auto$opt_dff.cc:247:make_patterns_logic$4781 $auto$opt_dff.cc:247:make_patterns_logic$4785 $auto$opt_dff.cc:247:make_patterns_logic$4754 }
    New input vector for $reduce_and cell $auto$opt_dff.cc:273:make_patterns_logic$4779: { $auto$opt_dff.cc:247:make_patterns_logic$4770 $auto$opt_dff.cc:247:make_patterns_logic$4774 $auto$opt_dff.cc:247:make_patterns_logic$4754 }
    New input vector for $reduce_and cell $auto$opt_dff.cc:273:make_patterns_logic$4768: { $auto$opt_dff.cc:247:make_patterns_logic$4759 $auto$opt_dff.cc:247:make_patterns_logic$4763 $auto$opt_dff.cc:247:make_patterns_logic$4754 }
    New input vector for $reduce_and cell $auto$opt_dff.cc:273:make_patterns_logic$4757: { $auto$opt_dff.cc:247:make_patterns_logic$4754 $auto$opt_dff.cc:247:make_patterns_logic$4752 $auto$opt_dff.cc:247:make_patterns_logic$4748 }
    New ctrl vector for $pmux cell \u_soc.u_cpu.csr_inst.:10572: { $flatten\u_soc.\u_cpu.\csr_inst.$auto$ghdl.cc:827:import_module$4204 $flatten\u_soc.\u_cpu.\csr_inst.$auto$ghdl.cc:827:import_module$4203 $flatten\u_soc.\u_cpu.\csr_inst.$auto$ghdl.cc:827:import_module$4202 $flatten\u_soc.\u_cpu.\csr_inst.$auto$ghdl.cc:827:import_module$4201 $flatten\u_soc.\u_cpu.\csr_inst.$auto$ghdl.cc:827:import_module$4200 $flatten\u_soc.\u_cpu.\csr_inst.$auto$ghdl.cc:827:import_module$4182 $flatten\u_soc.\u_cpu.\csr_inst.$auto$ghdl.cc:827:import_module$4181 $flatten\u_soc.\u_cpu.\csr_inst.$auto$ghdl.cc:827:import_module$4180 $flatten\u_soc.\u_cpu.\csr_inst.$auto$ghdl.cc:827:import_module$4179 $flatten\u_soc.\u_cpu.\csr_inst.$auto$ghdl.cc:827:import_module$4178 $flatten\u_soc.\u_cpu.\csr_inst.$auto$ghdl.cc:827:import_module$4177 }
  Optimizing cells in module \riscv_soc_gatemate.
Performed a total of 32 changes.

2.24.19. Executing OPT_MERGE pass (detect identical cells).
Finding identical cells in module `\riscv_soc_gatemate'.
Removed a total of 0 cells.

2.24.20. Executing OPT_DFF pass (perform DFF optimizations).

2.24.21. Executing OPT_CLEAN pass (remove unused cells and wires).
Finding unused cells or wires in module \riscv_soc_gatemate..
Removed 65 unused cells and 96 unused wires.
<suppressed ~66 debug messages>

2.24.22. Executing OPT_EXPR pass (perform const folding).
Optimizing module riscv_soc_gatemate.

2.24.23. Rerunning OPT passes. (Maybe there is more to do..)

2.24.24. Executing OPT_MUXTREE pass (detect dead branches in mux trees).
Running muxtree optimizer on module \riscv_soc_gatemate..
  Creating internal representation of mux trees.
  Evaluating internal representation of mux trees.
  Analyzing evaluation results.
Removed 0 multiplexer ports.
<suppressed ~1481 debug messages>

2.24.25. Executing OPT_REDUCE pass (consolidate $*mux and $reduce_* inputs).
  Optimizing cells in module \riscv_soc_gatemate.
Performed a total of 0 changes.

2.24.26. Executing OPT_MERGE pass (detect identical cells).
Finding identical cells in module `\riscv_soc_gatemate'.
Removed a total of 0 cells.

2.24.27. Executing OPT_DFF pass (perform DFF optimizations).

2.24.28. Executing OPT_CLEAN pass (remove unused cells and wires).
Finding unused cells or wires in module \riscv_soc_gatemate..

2.24.29. Executing OPT_EXPR pass (perform const folding).
Optimizing module riscv_soc_gatemate.

2.24.30. Finished fast OPT passes. (There is nothing left to do.)

2.25. Executing MEMORY pass.

2.25.1. Executing OPT_MEM pass (optimize memories).
Performed a total of 0 transformations.

2.25.2. Executing OPT_MEM_PRIORITY pass (removing unnecessary memory write priority relations).
Performed a total of 0 transformations.

2.25.3. Executing OPT_MEM_FEEDBACK pass (finding memory read-to-write feedback paths).
  Analyzing riscv_soc_gatemate.u_soc.u_dmem.ram write port 0.
  Analyzing riscv_soc_gatemate.u_soc.u_imem.ram write port 0.

2.25.4. Executing MEMORY_BMUX2ROM pass (converting muxes to ROMs).

2.25.5. Executing MEMORY_DFF pass (merging $dff cells to $memrd).
Checking read port `\u_soc.u_dmem.ram'[0] in module `\riscv_soc_gatemate': merging output FF to cell.
    Write port 0: non-transparent.
Checking read port `\u_soc.u_imem.ram'[0] in module `\riscv_soc_gatemate': merging output FF to cell.
    Write port 0: non-transparent.

2.25.6. Executing OPT_CLEAN pass (remove unused cells and wires).
Finding unused cells or wires in module \riscv_soc_gatemate..
Removed 2 unused cells and 80 unused wires.
<suppressed ~3 debug messages>

2.25.7. Executing MEMORY_SHARE pass (consolidating $memrd/$memwr cells).

2.25.8. Executing OPT_MEM_WIDEN pass (optimize memories where all ports are wide).
Performed a total of 0 transformations.

2.25.9. Executing OPT_CLEAN pass (remove unused cells and wires).
Finding unused cells or wires in module \riscv_soc_gatemate..

2.25.10. Executing MEMORY_COLLECT pass (generating $mem cells).

2.26. Executing OPT_CLEAN pass (remove unused cells and wires).
Finding unused cells or wires in module \riscv_soc_gatemate..

2.27. Executing MEMORY_LIBMAP pass (mapping memories to cells).
found attribute 'ram_style = block' on memory riscv_soc_gatemate.u_soc.u_dmem.ram, forced mapping to block RAM
mapping memory riscv_soc_gatemate.u_soc.u_dmem.ram via $__CC_BRAM_TDP_
found attribute 'ram_style = block' on memory riscv_soc_gatemate.u_soc.u_imem.ram, forced mapping to block RAM
mapping memory riscv_soc_gatemate.u_soc.u_imem.ram via $__CC_BRAM_TDP_
<suppressed ~673 debug messages>

2.28. Executing TECHMAP pass (map to technology primitives).

2.28.1. Executing Verilog-2005 frontend: /home/krischan-ledwig/Downloads/oss-cad-suite-linux-x64-20251104/oss-cad-suite/lib/../share/yosys/gatemate/brams_map.v
Parsing Verilog input from `/home/krischan-ledwig/Downloads/oss-cad-suite-linux-x64-20251104/oss-cad-suite/lib/../share/yosys/gatemate/brams_map.v' to AST representation.
verilog frontend filename /home/krischan-ledwig/Downloads/oss-cad-suite-linux-x64-20251104/oss-cad-suite/lib/../share/yosys/gatemate/brams_map.v
Generating RTLIL representation for module `\$__CC_BRAM_TDP_'.
Generating RTLIL representation for module `\$__CC_BRAM_SDP_'.
Successfully finished Verilog frontend.

2.28.2. Continuing TECHMAP pass.
Using template $paramod$3c810bd8b0587454cbacb371782f84a64f0b850d\$__CC_BRAM_TDP_ for cells of type $__CC_BRAM_TDP_.
Using template $paramod$0ae175a56379561eb6694fdfc2851321a5135f54\$__CC_BRAM_TDP_ for cells of type $__CC_BRAM_TDP_.
No more expansions possible.
<suppressed ~91 debug messages>

2.29. Executing OPT pass (performing simple optimizations).

2.29.1. Executing OPT_EXPR pass (perform const folding).
Optimizing module riscv_soc_gatemate.
<suppressed ~273 debug messages>

2.29.2. Executing OPT_MERGE pass (detect identical cells).
Finding identical cells in module `\riscv_soc_gatemate'.
Removed a total of 0 cells.

2.29.3. Executing OPT_DFF pass (perform DFF optimizations).
Removing always-active EN on $auto$mem.cc:1169:emulate_transparency$6713 ($dffe) from module riscv_soc_gatemate.
Removing always-active EN on $auto$mem.cc:1169:emulate_transparency$6685 ($dffe) from module riscv_soc_gatemate.
Adding SRST signal on $auto$ff.cc:266:slice$4628 ($sdff) from module riscv_soc_gatemate (D = $flatten\u_soc.\u_tx.$auto$ghdl.cc:827:import_module$340 [6:0], Q = \u_soc.u_tx.div_cnt, rval = 7'0000000).
Adding SRST signal on $auto$ff.cc:266:slice$4743 ($sdff) from module riscv_soc_gatemate (D = $flatten\u_soc.\u_rx.$auto$ghdl.cc:827:import_module$286, Q = \u_soc.rx_valid, rval = 1'0).
Adding SRST signal on $auto$ff.cc:266:slice$6189 ($sdff) from module riscv_soc_gatemate (D = $flatten\u_soc.$auto$ghdl.cc:827:import_module$126, Q = \u_soc.u_imem.prog_we, rval = 1'0).
Adding SRST signal on $auto$ff.cc:266:slice$6168 ($sdff) from module riscv_soc_gatemate (D = $flatten\u_soc.$auto$ghdl.cc:827:import_module$173, Q = \u_soc.u_dmem.prog_we, rval = 1'0).

2.29.4. Executing OPT_CLEAN pass (remove unused cells and wires).
Finding unused cells or wires in module \riscv_soc_gatemate..
Removed 34 unused cells and 291 unused wires.
<suppressed ~35 debug messages>

2.29.5. Rerunning OPT passes. (Removed registers in this run.)

2.29.6. Executing OPT_EXPR pass (perform const folding).
Optimizing module riscv_soc_gatemate.

2.29.7. Executing OPT_MERGE pass (detect identical cells).
Finding identical cells in module `\riscv_soc_gatemate'.
<suppressed ~15 debug messages>
Removed a total of 5 cells.

2.29.8. Executing OPT_DFF pass (perform DFF optimizations).
Setting constant 0-bit at position 0 on $auto$ff.cc:266:slice$6159 ($sdffe) from module riscv_soc_gatemate.
Setting constant 0-bit at position 1 on $auto$ff.cc:266:slice$6159 ($sdffe) from module riscv_soc_gatemate.

2.29.9. Executing OPT_CLEAN pass (remove unused cells and wires).
Finding unused cells or wires in module \riscv_soc_gatemate..
Removed 0 unused cells and 5 unused wires.
<suppressed ~1 debug messages>

2.29.10. Rerunning OPT passes. (Removed registers in this run.)

2.29.11. Executing OPT_EXPR pass (perform const folding).
Optimizing module riscv_soc_gatemate.

2.29.12. Executing OPT_MERGE pass (detect identical cells).
Finding identical cells in module `\riscv_soc_gatemate'.
Removed a total of 0 cells.

2.29.13. Executing OPT_DFF pass (perform DFF optimizations).

2.29.14. Executing OPT_CLEAN pass (remove unused cells and wires).
Finding unused cells or wires in module \riscv_soc_gatemate..

2.29.15. Finished fast OPT passes.

2.30. Executing MEMORY_MAP pass (converting memories to logic and flip-flops).

2.31. Executing OPT pass (performing simple optimizations).

2.31.1. Executing OPT_EXPR pass (perform const folding).
Optimizing module riscv_soc_gatemate.

2.31.2. Executing OPT_MERGE pass (detect identical cells).
Finding identical cells in module `\riscv_soc_gatemate'.
Removed a total of 0 cells.

2.31.3. Executing OPT_MUXTREE pass (detect dead branches in mux trees).
Running muxtree optimizer on module \riscv_soc_gatemate..
  Creating internal representation of mux trees.
  Evaluating internal representation of mux trees.
  Analyzing evaluation results.
Removed 0 multiplexer ports.
<suppressed ~1230 debug messages>

2.31.4. Executing OPT_REDUCE pass (consolidate $*mux and $reduce_* inputs).
  Optimizing cells in module \riscv_soc_gatemate.
    New input vector for $reduce_or cell $auto$opt_dff.cc:307:combine_resets$6854: { $auto$rtlil.cc:3135:Not$6845 \u_soc.reset $flatten\u_soc.$auto$ghdl.cc:827:import_module$65 $flatten\u_soc.$auto$ghdl.cc:827:import_module$69 $flatten\u_soc.$auto$ghdl.cc:827:import_module$72 $flatten\u_soc.$auto$ghdl.cc:827:import_module$75 $flatten\u_soc.$auto$ghdl.cc:827:import_module$78 $flatten\u_soc.$auto$ghdl.cc:827:import_module$81 $flatten\u_soc.$auto$ghdl.cc:827:import_module$84 $flatten\u_soc.$auto$ghdl.cc:827:import_module$87 $flatten\u_soc.$auto$ghdl.cc:827:import_module$90 $flatten\u_soc.$auto$ghdl.cc:827:import_module$105 $flatten\u_soc.$auto$ghdl.cc:827:import_module$150 $flatten\u_soc.$auto$ghdl.cc:827:import_module$191 }
    New input vector for $reduce_or cell $auto$opt_dff.cc:307:combine_resets$6847: { $auto$rtlil.cc:3135:Not$6845 \u_soc.reset $flatten\u_soc.$auto$ghdl.cc:827:import_module$65 $flatten\u_soc.$auto$ghdl.cc:827:import_module$69 $flatten\u_soc.$auto$ghdl.cc:827:import_module$72 $flatten\u_soc.$auto$ghdl.cc:827:import_module$75 $flatten\u_soc.$auto$ghdl.cc:827:import_module$78 $flatten\u_soc.$auto$ghdl.cc:827:import_module$81 $flatten\u_soc.$auto$ghdl.cc:827:import_module$84 $flatten\u_soc.$auto$ghdl.cc:827:import_module$87 $flatten\u_soc.$auto$ghdl.cc:827:import_module$90 $flatten\u_soc.$auto$ghdl.cc:827:import_module$105 $flatten\u_soc.$auto$ghdl.cc:827:import_module$190 $flatten\u_soc.$auto$ghdl.cc:827:import_module$191 }
    New input vector for $reduce_or cell $auto$opt_dff.cc:307:combine_resets$6840: { \u_soc.reset $flatten\u_soc.\u_rx.$auto$ghdl.cc:827:import_module$283 $flatten\u_soc.\u_rx.$auto$ghdl.cc:827:import_module$272 $flatten\u_soc.\u_rx.$auto$ghdl.cc:827:import_module$264 }
    Consolidated identical input bits for $mux cell \u_soc.:166:
      Old ports: A=2'00, B=2'10, Y=$auto$wreduce.cc:514:run$6352 [1:0]
      New ports: A=1'0, B=1'1, Y=$auto$wreduce.cc:514:run$6352 [1]
      New connections: $auto$wreduce.cc:514:run$6352 [0] = 1'0
    Consolidated identical input bits for $mux cell \u_soc.:220:
      Old ports: A=3'011, B=3'100, Y=$auto$wreduce.cc:514:run$6353 [2:0]
      New ports: A=2'01, B=2'10, Y={ $auto$wreduce.cc:514:run$6353 [2] $auto$wreduce.cc:514:run$6353 [0] }
      New connections: $auto$wreduce.cc:514:run$6353 [1] = $auto$wreduce.cc:514:run$6353 [0]
    Consolidated identical input bits for $mux cell \u_soc.:224:
      Old ports: A=4'1010, B={ 1'1 $auto$wreduce.cc:514:run$6353 [2:0] }, Y=$flatten\u_soc.$auto$ghdl.cc:827:import_module$95
      New ports: A=3'010, B=$auto$wreduce.cc:514:run$6353 [2:0], Y=$flatten\u_soc.$auto$ghdl.cc:827:import_module$95 [2:0]
      New connections: $flatten\u_soc.$auto$ghdl.cc:827:import_module$95 [3] = 1'1
    Consolidated identical input bits for $mux cell \u_soc.:298:
      Old ports: A=3'011, B=3'100, Y=$auto$wreduce.cc:514:run$6342 [2:0]
      New ports: A=2'01, B=2'10, Y={ $auto$wreduce.cc:514:run$6342 [2] $auto$wreduce.cc:514:run$6342 [0] }
      New connections: $auto$wreduce.cc:514:run$6342 [1] = $auto$wreduce.cc:514:run$6342 [0]
    New ctrl vector for $pmux cell \u_soc.:461: $flatten\u_soc.$auto$ghdl.cc:827:import_module$65
    Consolidated identical input bits for $mux cell \u_soc.u_cpu.:6370:
      Old ports: A=32'10000000000000000000000000000111, B=11, Y=$flatten\u_soc.\u_cpu.$auto$ghdl.cc:827:import_module$2049
      New ports: A=2'01, B=2'10, Y=$flatten\u_soc.\u_cpu.$auto$ghdl.cc:827:import_module$2049 [3:2]
      New connections: { $flatten\u_soc.\u_cpu.$auto$ghdl.cc:827:import_module$2049 [31:4] $flatten\u_soc.\u_cpu.$auto$ghdl.cc:827:import_module$2049 [1:0] } = { $flatten\u_soc.\u_cpu.$auto$ghdl.cc:827:import_module$2049 [2] 29'00000000000000000000000000011 }
    Consolidated identical input bits for $mux cell \u_soc.u_cpu.:6603:
      Old ports: A={ 24'000000000000000000000000 $flatten\u_soc.\u_cpu.$auto$ghdl.cc:827:import_module$2145 }, B={ 24'111111111111111111111111 $flatten\u_soc.\u_cpu.$auto$ghdl.cc:827:import_module$2145 }, Y=$flatten\u_soc.\u_cpu.$auto$ghdl.cc:827:import_module$2147
      New ports: A=1'0, B=1'1, Y=$flatten\u_soc.\u_cpu.$auto$ghdl.cc:827:import_module$2147 [8]
      New connections: { $flatten\u_soc.\u_cpu.$auto$ghdl.cc:827:import_module$2147 [31:9] $flatten\u_soc.\u_cpu.$auto$ghdl.cc:827:import_module$2147 [7:0] } = { $flatten\u_soc.\u_cpu.$auto$ghdl.cc:827:import_module$2147 [8] $flatten\u_soc.\u_cpu.$auto$ghdl.cc:827:import_module$2147 [8] $flatten\u_soc.\u_cpu.$auto$ghdl.cc:827:import_module$2147 [8] $flatten\u_soc.\u_cpu.$auto$ghdl.cc:827:import_module$2147 [8] $flatten\u_soc.\u_cpu.$auto$ghdl.cc:827:import_module$2147 [8] $flatten\u_soc.\u_cpu.$auto$ghdl.cc:827:import_module$2147 [8] $flatten\u_soc.\u_cpu.$auto$ghdl.cc:827:import_module$2147 [8] $flatten\u_soc.\u_cpu.$auto$ghdl.cc:827:import_module$2147 [8] $flatten\u_soc.\u_cpu.$auto$ghdl.cc:827:import_module$2147 [8] $flatten\u_soc.\u_cpu.$auto$ghdl.cc:827:import_module$2147 [8] $flatten\u_soc.\u_cpu.$auto$ghdl.cc:827:import_module$2147 [8] $flatten\u_soc.\u_cpu.$auto$ghdl.cc:827:import_module$2147 [8] $flatten\u_soc.\u_cpu.$auto$ghdl.cc:827:import_module$2147 [8] $flatten\u_soc.\u_cpu.$auto$ghdl.cc:827:import_module$2147 [8] $flatten\u_soc.\u_cpu.$auto$ghdl.cc:827:import_module$2147 [8] $flatten\u_soc.\u_cpu.$auto$ghdl.cc:827:import_module$2147 [8] $flatten\u_soc.\u_cpu.$auto$ghdl.cc:827:import_module$2147 [8] $flatten\u_soc.\u_cpu.$auto$ghdl.cc:827:import_module$2147 [8] $flatten\u_soc.\u_cpu.$auto$ghdl.cc:827:import_module$2147 [8] $flatten\u_soc.\u_cpu.$auto$ghdl.cc:827:import_module$2147 [8] $flatten\u_soc.\u_cpu.$auto$ghdl.cc:827:import_module$2147 [8] $flatten\u_soc.\u_cpu.$auto$ghdl.cc:827:import_module$2147 [8] $flatten\u_soc.\u_cpu.$auto$ghdl.cc:827:import_module$2147 [8] $flatten\u_soc.\u_cpu.$auto$ghdl.cc:827:import_module$2145 }
    Consolidated identical input bits for $mux cell \u_soc.u_cpu.:6617:
      Old ports: A={ 16'0000000000000000 $flatten\u_soc.\u_cpu.$auto$ghdl.cc:827:import_module$2150 }, B={ 16'1111111111111111 $flatten\u_soc.\u_cpu.$auto$ghdl.cc:827:import_module$2150 }, Y=$flatten\u_soc.\u_cpu.$auto$ghdl.cc:827:import_module$2152
      New ports: A=1'0, B=1'1, Y=$flatten\u_soc.\u_cpu.$auto$ghdl.cc:827:import_module$2152 [16]
      New connections: { $flatten\u_soc.\u_cpu.$auto$ghdl.cc:827:import_module$2152 [31:17] $flatten\u_soc.\u_cpu.$auto$ghdl.cc:827:import_module$2152 [15:0] } = { $flatten\u_soc.\u_cpu.$auto$ghdl.cc:827:import_module$2152 [16] $flatten\u_soc.\u_cpu.$auto$ghdl.cc:827:import_module$2152 [16] $flatten\u_soc.\u_cpu.$auto$ghdl.cc:827:import_module$2152 [16] $flatten\u_soc.\u_cpu.$auto$ghdl.cc:827:import_module$2152 [16] $flatten\u_soc.\u_cpu.$auto$ghdl.cc:827:import_module$2152 [16] $flatten\u_soc.\u_cpu.$auto$ghdl.cc:827:import_module$2152 [16] $flatten\u_soc.\u_cpu.$auto$ghdl.cc:827:import_module$2152 [16] $flatten\u_soc.\u_cpu.$auto$ghdl.cc:827:import_module$2152 [16] $flatten\u_soc.\u_cpu.$auto$ghdl.cc:827:import_module$2152 [16] $flatten\u_soc.\u_cpu.$auto$ghdl.cc:827:import_module$2152 [16] $flatten\u_soc.\u_cpu.$auto$ghdl.cc:827:import_module$2152 [16] $flatten\u_soc.\u_cpu.$auto$ghdl.cc:827:import_module$2152 [16] $flatten\u_soc.\u_cpu.$auto$ghdl.cc:827:import_module$2152 [16] $flatten\u_soc.\u_cpu.$auto$ghdl.cc:827:import_module$2152 [16] $flatten\u_soc.\u_cpu.$auto$ghdl.cc:827:import_module$2152 [16] $flatten\u_soc.\u_cpu.$auto$ghdl.cc:827:import_module$2150 }
    Consolidated identical input bits for $mux cell \u_soc.u_cpu.:6758:
      Old ports: A=4'0101, B=4'1001, Y=$flatten\u_soc.\u_cpu.$auto$ghdl.cc:827:import_module$2173
      New ports: A=2'01, B=2'10, Y=$flatten\u_soc.\u_cpu.$auto$ghdl.cc:827:import_module$2173 [3:2]
      New connections: $flatten\u_soc.\u_cpu.$auto$ghdl.cc:827:import_module$2173 [1:0] = 2'01
    New ctrl vector for $pmux cell \u_soc.u_cpu.:6944: { $flatten\u_soc.\u_cpu.$auto$ghdl.cc:827:import_module$2232 $flatten\u_soc.\u_cpu.$auto$ghdl.cc:827:import_module$2231 $flatten\u_soc.\u_cpu.$auto$ghdl.cc:827:import_module$2205 $flatten\u_soc.\u_cpu.$auto$ghdl.cc:827:import_module$2201 $flatten\u_soc.\u_cpu.$auto$ghdl.cc:827:import_module$2164 }
    Consolidated identical input bits for $mux cell \u_soc.u_cpu.decoder_inst.:7239:
      Old ports: A=4'0000, B=4'1010, Y=$flatten\u_soc.\u_cpu.\decoder_inst.$auto$ghdl.cc:827:import_module$2388
      New ports: A=1'0, B=1'1, Y=$flatten\u_soc.\u_cpu.\decoder_inst.$auto$ghdl.cc:827:import_module$2388 [1]
      New connections: { $flatten\u_soc.\u_cpu.\decoder_inst.$auto$ghdl.cc:827:import_module$2388 [3:2] $flatten\u_soc.\u_cpu.\decoder_inst.$auto$ghdl.cc:827:import_module$2388 [0] } = { $flatten\u_soc.\u_cpu.\decoder_inst.$auto$ghdl.cc:827:import_module$2388 [1] 2'00 }
    Consolidated identical input bits for $mux cell \u_soc.u_cpu.decoder_inst.:7264:
      Old ports: A=2'00, B=2'10, Y=$auto$wreduce.cc:514:run$6358 [1:0]
      New ports: A=1'0, B=1'1, Y=$auto$wreduce.cc:514:run$6358 [1]
      New connections: $auto$wreduce.cc:514:run$6358 [0] = 1'0
    Consolidated identical input bits for $mux cell \u_soc.u_cpu.decoder_inst.:7277:
      Old ports: A=2'00, B=2'11, Y=$auto$wreduce.cc:514:run$6359 [1:0]
      New ports: A=1'0, B=1'1, Y=$auto$wreduce.cc:514:run$6359 [0]
      New connections: $auto$wreduce.cc:514:run$6359 [1] = $auto$wreduce.cc:514:run$6359 [0]
    Consolidated identical input bits for $mux cell \u_soc.u_cpu.decoder_inst.:7290:
      Old ports: A=3'000, B=3'100, Y=$auto$wreduce.cc:514:run$6360 [2:0]
      New ports: A=1'0, B=1'1, Y=$auto$wreduce.cc:514:run$6360 [2]
      New connections: $auto$wreduce.cc:514:run$6360 [1:0] = 2'00
    Consolidated identical input bits for $mux cell \u_soc.u_cpu.decoder_inst.:7303:
      Old ports: A=4'0000, B=4'1000, Y=$flatten\u_soc.\u_cpu.\decoder_inst.$auto$ghdl.cc:827:import_module$2414
      New ports: A=1'0, B=1'1, Y=$flatten\u_soc.\u_cpu.\decoder_inst.$auto$ghdl.cc:827:import_module$2414 [3]
      New connections: $flatten\u_soc.\u_cpu.\decoder_inst.$auto$ghdl.cc:827:import_module$2414 [2:0] = 3'000
    Consolidated identical input bits for $mux cell \u_soc.u_cpu.decoder_inst.:7316:
      Old ports: A=4'0000, B=4'1001, Y=$flatten\u_soc.\u_cpu.\decoder_inst.$auto$ghdl.cc:827:import_module$2419
      New ports: A=1'0, B=1'1, Y=$flatten\u_soc.\u_cpu.\decoder_inst.$auto$ghdl.cc:827:import_module$2419 [0]
      New connections: $flatten\u_soc.\u_cpu.\decoder_inst.$auto$ghdl.cc:827:import_module$2419 [3:1] = { $flatten\u_soc.\u_cpu.\decoder_inst.$auto$ghdl.cc:827:import_module$2419 [0] 2'00 }
    Consolidated identical input bits for $mux cell \u_soc.u_cpu.decoder_inst.:7329:
      Old ports: A=3'000, B=3'101, Y=$auto$wreduce.cc:514:run$6361 [2:0]
      New ports: A=1'0, B=1'1, Y=$auto$wreduce.cc:514:run$6361 [0]
      New connections: $auto$wreduce.cc:514:run$6361 [2:1] = { $auto$wreduce.cc:514:run$6361 [0] 1'0 }
    Consolidated identical input bits for $mux cell \u_soc.u_cpu.decoder_inst.:7344:
      Old ports: A=3'000, B=3'111, Y=$auto$wreduce.cc:514:run$6362 [2:0]
      New ports: A=1'0, B=1'1, Y=$auto$wreduce.cc:514:run$6362 [0]
      New connections: $auto$wreduce.cc:514:run$6362 [2:1] = { $auto$wreduce.cc:514:run$6362 [0] $auto$wreduce.cc:514:run$6362 [0] }
    Consolidated identical input bits for $mux cell \u_soc.u_cpu.decoder_inst.:7352:
      Old ports: A={ 1'0 $auto$wreduce.cc:514:run$6362 [2:0] }, B=4'0110, Y=$flatten\u_soc.\u_cpu.\decoder_inst.$auto$ghdl.cc:827:import_module$2433
      New ports: A=$auto$wreduce.cc:514:run$6362 [2:0], B=3'110, Y=$flatten\u_soc.\u_cpu.\decoder_inst.$auto$ghdl.cc:827:import_module$2433 [2:0]
      New connections: $flatten\u_soc.\u_cpu.\decoder_inst.$auto$ghdl.cc:827:import_module$2433 [3] = 1'0
    Consolidated identical input bits for $mux cell \u_soc.u_cpu.decoder_inst.:7561:
      Old ports: A=0, B={ \u_soc.u_cpu.instr_c [31] \u_soc.u_cpu.instr_c [31] \u_soc.u_cpu.instr_c [31] \u_soc.u_cpu.instr_c [31] \u_soc.u_cpu.instr_c [31] \u_soc.u_cpu.instr_c [31] \u_soc.u_cpu.instr_c [31] \u_soc.u_cpu.instr_c [31] \u_soc.u_cpu.instr_c [31] \u_soc.u_cpu.instr_c [31] \u_soc.u_cpu.instr_c [31] \u_soc.u_cpu.instr_c [31] \u_soc.u_cpu.instr_c [31] \u_soc.u_cpu.instr_c [31] \u_soc.u_cpu.instr_c [31] \u_soc.u_cpu.instr_c [31] \u_soc.u_cpu.instr_c [31] \u_soc.u_cpu.instr_c [31] \u_soc.u_cpu.instr_c [31] \u_soc.u_cpu.instr_c [31] \u_soc.u_cpu.instr_c [31:20] }, Y=$flatten\u_soc.\u_cpu.\decoder_inst.$auto$ghdl.cc:827:import_module$2496
      New ports: A=12'000000000000, B=\u_soc.u_cpu.instr_c [31:20], Y=$flatten\u_soc.\u_cpu.\decoder_inst.$auto$ghdl.cc:827:import_module$2496 [11:0]
      New connections: $flatten\u_soc.\u_cpu.\decoder_inst.$auto$ghdl.cc:827:import_module$2496 [31:12] = { $flatten\u_soc.\u_cpu.\decoder_inst.$auto$ghdl.cc:827:import_module$2496 [11] $flatten\u_soc.\u_cpu.\decoder_inst.$auto$ghdl.cc:827:import_module$2496 [11] $flatten\u_soc.\u_cpu.\decoder_inst.$auto$ghdl.cc:827:import_module$2496 [11] $flatten\u_soc.\u_cpu.\decoder_inst.$auto$ghdl.cc:827:import_module$2496 [11] $flatten\u_soc.\u_cpu.\decoder_inst.$auto$ghdl.cc:827:import_module$2496 [11] $flatten\u_soc.\u_cpu.\decoder_inst.$auto$ghdl.cc:827:import_module$2496 [11] $flatten\u_soc.\u_cpu.\decoder_inst.$auto$ghdl.cc:827:import_module$2496 [11] $flatten\u_soc.\u_cpu.\decoder_inst.$auto$ghdl.cc:827:import_module$2496 [11] $flatten\u_soc.\u_cpu.\decoder_inst.$auto$ghdl.cc:827:import_module$2496 [11] $flatten\u_soc.\u_cpu.\decoder_inst.$auto$ghdl.cc:827:import_module$2496 [11] $flatten\u_soc.\u_cpu.\decoder_inst.$auto$ghdl.cc:827:import_module$2496 [11] $flatten\u_soc.\u_cpu.\decoder_inst.$auto$ghdl.cc:827:import_module$2496 [11] $flatten\u_soc.\u_cpu.\decoder_inst.$auto$ghdl.cc:827:import_module$2496 [11] $flatten\u_soc.\u_cpu.\decoder_inst.$auto$ghdl.cc:827:import_module$2496 [11] $flatten\u_soc.\u_cpu.\decoder_inst.$auto$ghdl.cc:827:import_module$2496 [11] $flatten\u_soc.\u_cpu.\decoder_inst.$auto$ghdl.cc:827:import_module$2496 [11] $flatten\u_soc.\u_cpu.\decoder_inst.$auto$ghdl.cc:827:import_module$2496 [11] $flatten\u_soc.\u_cpu.\decoder_inst.$auto$ghdl.cc:827:import_module$2496 [11] $flatten\u_soc.\u_cpu.\decoder_inst.$auto$ghdl.cc:827:import_module$2496 [11] $flatten\u_soc.\u_cpu.\decoder_inst.$auto$ghdl.cc:827:import_module$2496 [11] }
    Consolidated identical input bits for $mux cell \u_soc.u_rx.:599:
      Old ports: A=2'10, B=2'00, Y=$flatten\u_soc.\u_rx.$auto$ghdl.cc:827:import_module$267
      New ports: A=1'1, B=1'0, Y=$flatten\u_soc.\u_rx.$auto$ghdl.cc:827:import_module$267 [1]
      New connections: $flatten\u_soc.\u_rx.$auto$ghdl.cc:827:import_module$267 [0] = 1'0
  Optimizing cells in module \riscv_soc_gatemate.
    Consolidated identical input bits for $mux cell \u_soc.u_cpu.:6368:
      Old ports: A=$flatten\u_soc.\u_cpu.$auto$ghdl.cc:827:import_module$2049 [1:0], B=2'11, Y=$auto$wreduce.cc:514:run$6354 [1:0]
      New connections: $auto$wreduce.cc:514:run$6354 [1:0] = 2'11
    Consolidated identical input bits for $mux cell \u_soc.u_cpu.:6766:
      Old ports: A=$flatten\u_soc.\u_cpu.$auto$ghdl.cc:827:import_module$2173, B=4'1000, Y=$flatten\u_soc.\u_cpu.$auto$ghdl.cc:827:import_module$2176
      New ports: A={ $flatten\u_soc.\u_cpu.$auto$ghdl.cc:827:import_module$2173 [3:2] 1'1 }, B=3'100, Y={ $flatten\u_soc.\u_cpu.$auto$ghdl.cc:827:import_module$2176 [3:2] $flatten\u_soc.\u_cpu.$auto$ghdl.cc:827:import_module$2176 [0] }
      New connections: $flatten\u_soc.\u_cpu.$auto$ghdl.cc:827:import_module$2176 [1] = 1'0
    Consolidated identical input bits for $mux cell \u_soc.u_cpu.decoder_inst.:7247:
      Old ports: A=$flatten\u_soc.\u_cpu.\decoder_inst.$auto$ghdl.cc:827:import_module$2388, B=4'0001, Y=$flatten\u_soc.\u_cpu.\decoder_inst.$auto$ghdl.cc:827:import_module$2391
      New ports: A={ $flatten\u_soc.\u_cpu.\decoder_inst.$auto$ghdl.cc:827:import_module$2388 [1] 1'0 }, B=2'01, Y=$flatten\u_soc.\u_cpu.\decoder_inst.$auto$ghdl.cc:827:import_module$2391 [1:0]
      New connections: $flatten\u_soc.\u_cpu.\decoder_inst.$auto$ghdl.cc:827:import_module$2391 [3:2] = { $flatten\u_soc.\u_cpu.\decoder_inst.$auto$ghdl.cc:827:import_module$2391 [1] 1'0 }
    Consolidated identical input bits for $mux cell \u_soc.u_cpu.decoder_inst.:7352:
      Old ports: A=$auto$wreduce.cc:514:run$6362 [2:0], B=3'110, Y=$flatten\u_soc.\u_cpu.\decoder_inst.$auto$ghdl.cc:827:import_module$2433 [2:0]
      New ports: A={ $auto$wreduce.cc:514:run$6362 [0] $auto$wreduce.cc:514:run$6362 [0] }, B=2'10, Y=$flatten\u_soc.\u_cpu.\decoder_inst.$auto$ghdl.cc:827:import_module$2433 [1:0]
      New connections: $flatten\u_soc.\u_cpu.\decoder_inst.$auto$ghdl.cc:827:import_module$2433 [2] = $flatten\u_soc.\u_cpu.\decoder_inst.$auto$ghdl.cc:827:import_module$2433 [1]
  Optimizing cells in module \riscv_soc_gatemate.
    Consolidated identical input bits for $mux cell \u_soc.u_cpu.:6366:
      Old ports: A=$auto$wreduce.cc:514:run$6354 [1:0], B=2'10, Y=\u_soc.u_cpu.trap_cause_sel [1:0]
      New ports: A=1'1, B=1'0, Y=\u_soc.u_cpu.trap_cause_sel [0]
      New connections: \u_soc.u_cpu.trap_cause_sel [1] = 1'1
    Consolidated identical input bits for $mux cell \u_soc.u_cpu.decoder_inst.:7253:
      Old ports: A=$flatten\u_soc.\u_cpu.\decoder_inst.$auto$ghdl.cc:827:import_module$2391, B=4'0000, Y=$flatten\u_soc.\u_cpu.\decoder_inst.$auto$ghdl.cc:827:import_module$2394
      New ports: A=$flatten\u_soc.\u_cpu.\decoder_inst.$auto$ghdl.cc:827:import_module$2391 [1:0], B=2'00, Y=$flatten\u_soc.\u_cpu.\decoder_inst.$auto$ghdl.cc:827:import_module$2394 [1:0]
      New connections: $flatten\u_soc.\u_cpu.\decoder_inst.$auto$ghdl.cc:827:import_module$2394 [3:2] = { $flatten\u_soc.\u_cpu.\decoder_inst.$auto$ghdl.cc:827:import_module$2394 [1] 1'0 }
  Optimizing cells in module \riscv_soc_gatemate.
Performed a total of 30 changes.

2.31.5. Executing OPT_MERGE pass (detect identical cells).
Finding identical cells in module `\riscv_soc_gatemate'.
<suppressed ~15 debug messages>
Removed a total of 5 cells.

2.31.6. Executing OPT_DFF pass (perform DFF optimizations).

2.31.7. Executing OPT_CLEAN pass (remove unused cells and wires).
Finding unused cells or wires in module \riscv_soc_gatemate..
Removed 1 unused cells and 6 unused wires.
<suppressed ~2 debug messages>

2.31.8. Executing OPT_EXPR pass (perform const folding).
Optimizing module riscv_soc_gatemate.
<suppressed ~1 debug messages>

2.31.9. Rerunning OPT passes. (Maybe there is more to do..)

2.31.10. Executing OPT_MUXTREE pass (detect dead branches in mux trees).
Running muxtree optimizer on module \riscv_soc_gatemate..
  Creating internal representation of mux trees.
  Evaluating internal representation of mux trees.
  Analyzing evaluation results.
Removed 0 multiplexer ports.
<suppressed ~1226 debug messages>

2.31.11. Executing OPT_REDUCE pass (consolidate $*mux and $reduce_* inputs).
  Optimizing cells in module \riscv_soc_gatemate.
Performed a total of 0 changes.

2.31.12. Executing OPT_MERGE pass (detect identical cells).
Finding identical cells in module `\riscv_soc_gatemate'.
Removed a total of 0 cells.

2.31.13. Executing OPT_DFF pass (perform DFF optimizations).
Setting constant 0-bit at position 2 on $auto$ff.cc:266:slice$6033 ($sdff) from module riscv_soc_gatemate.
Setting constant 0-bit at position 3 on $auto$ff.cc:266:slice$6033 ($sdff) from module riscv_soc_gatemate.
Setting constant 0-bit at position 4 on $auto$ff.cc:266:slice$6033 ($sdff) from module riscv_soc_gatemate.
Setting constant 0-bit at position 5 on $auto$ff.cc:266:slice$6033 ($sdff) from module riscv_soc_gatemate.
Setting constant 0-bit at position 6 on $auto$ff.cc:266:slice$6033 ($sdff) from module riscv_soc_gatemate.
Setting constant 0-bit at position 7 on $auto$ff.cc:266:slice$6033 ($sdff) from module riscv_soc_gatemate.
Setting constant 0-bit at position 8 on $auto$ff.cc:266:slice$6033 ($sdff) from module riscv_soc_gatemate.
Setting constant 0-bit at position 9 on $auto$ff.cc:266:slice$6033 ($sdff) from module riscv_soc_gatemate.
Setting constant 0-bit at position 10 on $auto$ff.cc:266:slice$6033 ($sdff) from module riscv_soc_gatemate.
Setting constant 0-bit at position 11 on $auto$ff.cc:266:slice$6033 ($sdff) from module riscv_soc_gatemate.
Setting constant 0-bit at position 12 on $auto$ff.cc:266:slice$6033 ($sdff) from module riscv_soc_gatemate.
Setting constant 0-bit at position 13 on $auto$ff.cc:266:slice$6033 ($sdff) from module riscv_soc_gatemate.
Setting constant 0-bit at position 14 on $auto$ff.cc:266:slice$6033 ($sdff) from module riscv_soc_gatemate.
Setting constant 0-bit at position 15 on $auto$ff.cc:266:slice$6033 ($sdff) from module riscv_soc_gatemate.
Setting constant 0-bit at position 16 on $auto$ff.cc:266:slice$6033 ($sdff) from module riscv_soc_gatemate.
Setting constant 0-bit at position 17 on $auto$ff.cc:266:slice$6033 ($sdff) from module riscv_soc_gatemate.
Setting constant 0-bit at position 18 on $auto$ff.cc:266:slice$6033 ($sdff) from module riscv_soc_gatemate.
Setting constant 0-bit at position 19 on $auto$ff.cc:266:slice$6033 ($sdff) from module riscv_soc_gatemate.
Setting constant 0-bit at position 20 on $auto$ff.cc:266:slice$6033 ($sdff) from module riscv_soc_gatemate.
Setting constant 0-bit at position 21 on $auto$ff.cc:266:slice$6033 ($sdff) from module riscv_soc_gatemate.
Setting constant 0-bit at position 22 on $auto$ff.cc:266:slice$6033 ($sdff) from module riscv_soc_gatemate.
Setting constant 0-bit at position 23 on $auto$ff.cc:266:slice$6033 ($sdff) from module riscv_soc_gatemate.
Setting constant 0-bit at position 24 on $auto$ff.cc:266:slice$6033 ($sdff) from module riscv_soc_gatemate.
Setting constant 0-bit at position 25 on $auto$ff.cc:266:slice$6033 ($sdff) from module riscv_soc_gatemate.
Setting constant 0-bit at position 26 on $auto$ff.cc:266:slice$6033 ($sdff) from module riscv_soc_gatemate.
Setting constant 0-bit at position 27 on $auto$ff.cc:266:slice$6033 ($sdff) from module riscv_soc_gatemate.
Setting constant 0-bit at position 28 on $auto$ff.cc:266:slice$6033 ($sdff) from module riscv_soc_gatemate.

2.31.14. Executing OPT_CLEAN pass (remove unused cells and wires).
Finding unused cells or wires in module \riscv_soc_gatemate..

2.31.15. Executing OPT_EXPR pass (perform const folding).
Optimizing module riscv_soc_gatemate.

2.31.16. Rerunning OPT passes. (Maybe there is more to do..)

2.31.17. Executing OPT_MUXTREE pass (detect dead branches in mux trees).
Running muxtree optimizer on module \riscv_soc_gatemate..
  Creating internal representation of mux trees.
  Evaluating internal representation of mux trees.
  Analyzing evaluation results.
Removed 0 multiplexer ports.
<suppressed ~1226 debug messages>

2.31.18. Executing OPT_REDUCE pass (consolidate $*mux and $reduce_* inputs).
  Optimizing cells in module \riscv_soc_gatemate.
Performed a total of 0 changes.

2.31.19. Executing OPT_MERGE pass (detect identical cells).
Finding identical cells in module `\riscv_soc_gatemate'.
Removed a total of 0 cells.

2.31.20. Executing OPT_DFF pass (perform DFF optimizations).

2.31.21. Executing OPT_CLEAN pass (remove unused cells and wires).
Finding unused cells or wires in module \riscv_soc_gatemate..

2.31.22. Executing OPT_EXPR pass (perform const folding).
Optimizing module riscv_soc_gatemate.

2.31.23. Finished fast OPT passes. (There is nothing left to do.)

2.32. Executing TECHMAP pass (map to technology primitives).

2.32.1. Executing Verilog-2005 frontend: /home/krischan-ledwig/Downloads/oss-cad-suite-linux-x64-20251104/oss-cad-suite/lib/../share/yosys/techmap.v
Parsing Verilog input from `/home/krischan-ledwig/Downloads/oss-cad-suite-linux-x64-20251104/oss-cad-suite/lib/../share/yosys/techmap.v' to AST representation.
verilog frontend filename /home/krischan-ledwig/Downloads/oss-cad-suite-linux-x64-20251104/oss-cad-suite/lib/../share/yosys/techmap.v
Generating RTLIL representation for module `\_90_simplemap_bool_ops'.
Generating RTLIL representation for module `\_90_simplemap_reduce_ops'.
Generating RTLIL representation for module `\_90_simplemap_logic_ops'.
Generating RTLIL representation for module `\_90_simplemap_compare_ops'.
Generating RTLIL representation for module `\_90_simplemap_various'.
Generating RTLIL representation for module `\_90_simplemap_registers'.
Generating RTLIL representation for module `\_90_shift_ops_shr_shl_sshl_sshr'.
Generating RTLIL representation for module `\_90_shift_shiftx'.
Generating RTLIL representation for module `\_90_fa'.
Generating RTLIL representation for module `\_90_lcu_brent_kung'.
Generating RTLIL representation for module `\_90_alu'.
Generating RTLIL representation for module `\_90_macc'.
Generating RTLIL representation for module `\_90_alumacc'.
Generating RTLIL representation for module `\$__div_mod_u'.
Generating RTLIL representation for module `\$__div_mod_trunc'.
Generating RTLIL representation for module `\_90_div'.
Generating RTLIL representation for module `\_90_mod'.
Generating RTLIL representation for module `\$__div_mod_floor'.
Generating RTLIL representation for module `\_90_divfloor'.
Generating RTLIL representation for module `\_90_modfloor'.
Generating RTLIL representation for module `\_90_pow'.
Generating RTLIL representation for module `\_90_pmux'.
Generating RTLIL representation for module `\_90_demux'.
Generating RTLIL representation for module `\_90_lut'.
Generating RTLIL representation for module `\$connect'.
Generating RTLIL representation for module `\$input_port'.
Successfully finished Verilog frontend.

2.32.2. Executing Verilog-2005 frontend: /home/krischan-ledwig/Downloads/oss-cad-suite-linux-x64-20251104/oss-cad-suite/lib/../share/yosys/gatemate/arith_map.v
Parsing Verilog input from `/home/krischan-ledwig/Downloads/oss-cad-suite-linux-x64-20251104/oss-cad-suite/lib/../share/yosys/gatemate/arith_map.v' to AST representation.
verilog frontend filename /home/krischan-ledwig/Downloads/oss-cad-suite-linux-x64-20251104/oss-cad-suite/lib/../share/yosys/gatemate/arith_map.v
Generating RTLIL representation for module `\_80_gatemate_alu'.
Successfully finished Verilog frontend.

2.32.3. Continuing TECHMAP pass.
Using extmapper simplemap for cells of type $sdffe.
Using extmapper simplemap for cells of type $not.
Using extmapper simplemap for cells of type $ne.
Using extmapper simplemap for cells of type $reduce_and.
Using extmapper simplemap for cells of type $xor.
Using extmapper simplemap for cells of type $or.
Using extmapper simplemap for cells of type $reduce_or.
Using extmapper simplemap for cells of type $reduce_bool.
Using extmapper simplemap for cells of type $dff.
Using extmapper simplemap for cells of type $eq.
Using extmapper simplemap for cells of type $and.
Using extmapper simplemap for cells of type $mux.
Using extmapper simplemap for cells of type $sdff.
Using template $paramod$3826c06832e910ed7e3a5e37dc9a6adea7917f5a\_80_gatemate_alu for cells of type $alu.
Using extmapper simplemap for cells of type $logic_not.
Using template $paramod$5d37c9676d77ab033e85de89a3261885cba80ce3\_90_pmux for cells of type $pmux.
Using template $paramod$fbc7873bff55778c0b3173955b7e4bce1d9d6834\_80_gatemate_alu for cells of type $alu.
Using template $paramod$44a13d10af618e7fbe7b9aad2f6151ffcee1e2fa\_80_gatemate_alu for cells of type $alu.
Using template $paramod$b8c0a997bce700f23568a5ada79cc6781d1f5ca0\_80_gatemate_alu for cells of type $alu.
Using template $paramod$eaeb96106163dbf82031649d189817109fe07c69\_90_pmux for cells of type $pmux.
Using template $paramod$fc16b9f758000d363d24f130038bd99b46b4fa1b\_90_pmux for cells of type $pmux.
Using template $paramod$6257ca3d40b2c8d71ffe663918fffa20ba5b40b9\_90_pmux for cells of type $pmux.
Using template $paramod$645fe0cc96ae5edb83bff90cc2c78f4a20ca3e3c\_90_pmux for cells of type $pmux.
Using template $paramod$8fabc56b80a569262acfc42757a02ca0b8e91278\_90_pmux for cells of type $pmux.
Using template $paramod$33afdd83bf3811dac2de7a968d39eea5718691bc\_90_pmux for cells of type $pmux.
Using template $paramod$59b03ae2620a41577de8da5f5c97b2919e82362b\_90_pmux for cells of type $pmux.
Using template $paramod$c5c783b17ab1d780abfad8cfe6563a0a7b47a3b0\_90_pmux for cells of type $pmux.
Using template $paramod$d629d85c8826a74239b9178d1930215a43b0ceb0\_90_pmux for cells of type $pmux.
Using template $paramod$aa21a8cfcdb2d038c61c16c25c37cdf209d597be\_90_pmux for cells of type $pmux.
Using template $paramod$b6ec48645094baeb70d6b93add0cdbbe7498ad3c\_90_pmux for cells of type $pmux.
Using template $paramod$bf2533632d512eac76dd186c0da49367e29b8e98\_90_pmux for cells of type $pmux.
Using template $paramod$c96def1cdcef2eee3c62e5dfb7ba2dd09c9f74dd\_90_pmux for cells of type $pmux.
Using template $paramod$97565c3687be688407d1272a293bd9d0ae6852dc\_90_pmux for cells of type $pmux.
Using template $paramod$56f7ce6d87f8add68ca646dc02d7695a3189f8e5\_90_pmux for cells of type $pmux.
Using template $paramod$521ce43182eecb9f60c72393a788160d2c356bf5\_90_pmux for cells of type $pmux.
Using extmapper simplemap for cells of type $bmux.
Using template $paramod$a04dd9d4d8b430140c4ff94b50470fb380fda2a0\_80_gatemate_alu for cells of type $alu.
Using template $paramod$c04af8dbf0e5d1d69bbccb2c7bd8a93fc9ef54dc\_80_gatemate_alu for cells of type $alu.
Using template $paramod$6a42b6fefed750f8a1c58eab59479d960557103c\_80_gatemate_alu for cells of type $alu.
Using template $paramod$a5f0941832cc861549e29ccafffe20bfdf2e5528\_90_pmux for cells of type $pmux.
Using template $paramod$54d740639e1393b22262823179ff783ea9f17a35\_90_pmux for cells of type $pmux.
Using template $paramod$constmap:4621fcf06a436d1e2a4080e2ed9866a7d07a6e07$paramod$e765c459d3029c22a22a27989e94858fd9ebfa9c\_90_shift_ops_shr_shl_sshl_sshr for cells of type $sshr.
Using template $paramod$constmap:4621fcf06a436d1e2a4080e2ed9866a7d07a6e07$paramod$feecc7a0dbd012970970f2858f15e786e251f677\_90_shift_ops_shr_shl_sshl_sshr for cells of type $shr.
Using template $paramod$constmap:4621fcf06a436d1e2a4080e2ed9866a7d07a6e07$paramod$335cfd09f1afa8139c4aafcbbe5f361887b79c5e\_90_shift_ops_shr_shl_sshl_sshr for cells of type $shl.
Using template $paramod$24df4dbefccfd817cc9237265d2c172f2d524ab1\_90_pmux for cells of type $pmux.
Using template $paramod$29b56fed7bdb16c8b09b02aa2858037931055703\_90_pmux for cells of type $pmux.
Using template $paramod$b098bc6f249c0ac91c4d6e19d54b23c285914115\_90_pmux for cells of type $pmux.
Using template $paramod$2653f68ddb8eab7b1907b4a20767b72a824a7a36\_80_gatemate_alu for cells of type $alu.
Using template $paramod$bc4de955eaa5a15b4733e1ebbba1279919eb6e1a\_80_gatemate_alu for cells of type $alu.
Using template $paramod$103b4016182df467cceab67bcf3e18e6361ec0fd\_80_gatemate_alu for cells of type $alu.
Using template $paramod$b18e16801adf491a64caa0542270798e5d4ac6b6\_80_gatemate_alu for cells of type $alu.
Using template $paramod$3ef7d3dd227da7627a99c5e5a6a4deb817573e39\_80_gatemate_alu for cells of type $alu.
Using template $paramod$cc80a4e89b0341cb117f5d28b0e7244620640141\_80_gatemate_alu for cells of type $alu.
Using template $paramod$b756e651b7db7aeb455331d9a2df073db93fcc2e\_90_pmux for cells of type $pmux.
Using template $paramod$73c1c7322faaaa595331a8d8d336d7d573593385\_90_pmux for cells of type $pmux.
Using template $paramod$a8151eed7df109f18d5adf1169b40bb7b9e884a8\_80_gatemate_alu for cells of type $alu.
Using template $paramod$175e67c02b86e96b1288b9dc100122520d7240d8\_90_alu for cells of type $alu.
Using extmapper simplemap for cells of type $pos.
Using template $paramod\_90_fa\WIDTH=32'00000000000000000000000000000010 for cells of type $fa.
Using template $paramod\_90_lcu_brent_kung\WIDTH=32'00000000000000000000000000000010 for cells of type $lcu.
No more expansions possible.
<suppressed ~4764 debug messages>

2.33. Executing OPT pass (performing simple optimizations).

2.33.1. Executing OPT_EXPR pass (perform const folding).
Optimizing module riscv_soc_gatemate.
<suppressed ~5836 debug messages>

2.33.2. Executing OPT_MERGE pass (detect identical cells).
Finding identical cells in module `\riscv_soc_gatemate'.
<suppressed ~4635 debug messages>
Removed a total of 1545 cells.

2.33.3. Executing OPT_DFF pass (perform DFF optimizations).

2.33.4. Executing OPT_CLEAN pass (remove unused cells and wires).
Finding unused cells or wires in module \riscv_soc_gatemate..
Removed 546 unused cells and 3252 unused wires.
<suppressed ~547 debug messages>

2.33.5. Finished fast OPT passes.

2.34. Executing IOPADMAP pass (mapping inputs/outputs to IO-PAD cells).
Mapping port riscv_soc_gatemate.clk_i using CC_IBUF.
Mapping port riscv_soc_gatemate.led_o using CC_OBUF.
Mapping port riscv_soc_gatemate.rstn_i using CC_IBUF.
Mapping port riscv_soc_gatemate.rxd_i using CC_IBUF.
Mapping port riscv_soc_gatemate.txd_o using CC_OBUF.
Removed 0 unused cells and 4 unused wires.

2.35. Executing OPT_CLEAN pass (remove unused cells and wires).
Finding unused cells or wires in module \riscv_soc_gatemate..

2.36. Executing DFFLEGALIZE pass (convert FFs to types supported by the target).

2.37. Executing TECHMAP pass (map to technology primitives).

2.37.1. Executing Verilog-2005 frontend: /home/krischan-ledwig/Downloads/oss-cad-suite-linux-x64-20251104/oss-cad-suite/lib/../share/yosys/gatemate/reg_map.v
Parsing Verilog input from `/home/krischan-ledwig/Downloads/oss-cad-suite-linux-x64-20251104/oss-cad-suite/lib/../share/yosys/gatemate/reg_map.v' to AST representation.
verilog frontend filename /home/krischan-ledwig/Downloads/oss-cad-suite-linux-x64-20251104/oss-cad-suite/lib/../share/yosys/gatemate/reg_map.v
Generating RTLIL representation for module `\$_DFFE_xxxx_'.
Generating RTLIL representation for module `\$_DLATCH_xxx_'.
Successfully finished Verilog frontend.

2.37.2. Continuing TECHMAP pass.
Using template $paramod$7b2151c3bb8e318976eb0e31a556e245b4d15ccd\$_DFFE_xxxx_ for cells of type $_DFFE_PP0P_.
Using template $paramod$8f6dd86c87e72a6d3e400c7e47d40b95163c6390\$_DFFE_xxxx_ for cells of type $_DFFE_PP0P_.
Using template $paramod$0ea0c0ecb89aa8a394fc59f557ec4597a0d47f80\$_DFFE_xxxx_ for cells of type $_DFFE_PP0P_.
No more expansions possible.
<suppressed ~2734 debug messages>

2.38. Executing OPT_EXPR pass (perform const folding).
Optimizing module riscv_soc_gatemate.
<suppressed ~11 debug messages>

2.39. Executing SIMPLEMAP pass (map simple cells to gate primitives).

2.40. Executing OPT_CLEAN pass (remove unused cells and wires).
Finding unused cells or wires in module \riscv_soc_gatemate..
Removed 0 unused cells and 16017 unused wires.
<suppressed ~1 debug messages>

2.41. Executing MUXCOVER pass (mapping to wider MUXes).
Covering MUX trees in module riscv_soc_gatemate..
  Treeifying 9130 MUXes:
    Found tree with 3 MUXes at root $auto$rtlil.cc:3381:MuxGate$32157.
    Found tree with 3 MUXes at root $auto$rtlil.cc:3381:MuxGate$32161.
    Found tree with 3 MUXes at root $auto$rtlil.cc:3381:MuxGate$31765.
    Found tree with 2 MUXes at root $auto$rtlil.cc:3381:MuxGate$30391.
    Found tree with 2 MUXes at root $auto$rtlil.cc:3381:MuxGate$34915.
    Found tree with 3 MUXes at root $auto$rtlil.cc:3381:MuxGate$31769.
    Found tree with 3 MUXes at root $auto$rtlil.cc:3381:MuxGate$31773.
    Found tree with 3 MUXes at root $auto$rtlil.cc:3381:MuxGate$31777.
    Found tree with 3 MUXes at root $auto$rtlil.cc:3381:MuxGate$31781.
    Found tree with 3 MUXes at root $auto$rtlil.cc:3381:MuxGate$31785.
    Found tree with 3 MUXes at root $auto$rtlil.cc:3381:MuxGate$31789.
    Found tree with 1 MUXes at root $auto$rtlil.cc:3381:MuxGate$31791.
    Found tree with 1 MUXes at root $auto$rtlil.cc:3381:MuxGate$31793.
    Found tree with 1 MUXes at root $auto$rtlil.cc:3381:MuxGate$31795.
    Found tree with 1 MUXes at root $auto$rtlil.cc:3381:MuxGate$31797.
    Found tree with 1 MUXes at root $auto$rtlil.cc:3381:MuxGate$31799.
    Found tree with 1 MUXes at root $auto$rtlil.cc:3381:MuxGate$31801.
    Found tree with 2 MUXes at root $auto$rtlil.cc:3381:MuxGate$31803.
    Found tree with 2 MUXes at root $auto$rtlil.cc:3381:MuxGate$31805.
    Found tree with 2 MUXes at root $auto$rtlil.cc:3381:MuxGate$31807.
    Found tree with 2 MUXes at root $auto$rtlil.cc:3381:MuxGate$31809.
    Found tree with 2 MUXes at root $auto$rtlil.cc:3381:MuxGate$39291.
    Found tree with 2 MUXes at root $auto$rtlil.cc:3381:MuxGate$39243.
    Found tree with 2 MUXes at root $auto$rtlil.cc:3381:MuxGate$39287.
    Found tree with 2 MUXes at root $auto$rtlil.cc:3381:MuxGate$39239.
    Found tree with 2 MUXes at root $auto$rtlil.cc:3381:MuxGate$39283.
    Found tree with 2 MUXes at root $auto$rtlil.cc:3381:MuxGate$39235.
    Found tree with 2 MUXes at root $auto$rtlil.cc:3381:MuxGate$39279.
    Found tree with 2 MUXes at root $auto$rtlil.cc:3381:MuxGate$39231.
    Found tree with 2 MUXes at root $auto$rtlil.cc:3381:MuxGate$39275.
    Found tree with 2 MUXes at root $auto$rtlil.cc:3381:MuxGate$39227.
    Found tree with 2 MUXes at root $auto$rtlil.cc:3381:MuxGate$39271.
    Found tree with 2 MUXes at root $auto$rtlil.cc:3381:MuxGate$39223.
    Found tree with 2 MUXes at root $auto$rtlil.cc:3381:MuxGate$39267.
    Found tree with 2 MUXes at root $auto$rtlil.cc:3381:MuxGate$39219.
    Found tree with 2 MUXes at root $auto$rtlil.cc:3381:MuxGate$39263.
    Found tree with 2 MUXes at root $auto$rtlil.cc:3381:MuxGate$39215.
    Found tree with 2 MUXes at root $auto$rtlil.cc:3381:MuxGate$39259.
    Found tree with 2 MUXes at root $auto$rtlil.cc:3381:MuxGate$39211.
    Found tree with 2 MUXes at root $auto$rtlil.cc:3381:MuxGate$39255.
    Found tree with 2 MUXes at root $auto$rtlil.cc:3381:MuxGate$39207.
    Found tree with 2 MUXes at root $auto$rtlil.cc:3381:MuxGate$39251.
    Found tree with 2 MUXes at root $auto$rtlil.cc:3381:MuxGate$39247.
    Found tree with 1 MUXes at root $auto$rtlil.cc:3381:MuxGate$33819.
    Found tree with 1 MUXes at root $auto$rtlil.cc:3381:MuxGate$33817.
    Found tree with 1 MUXes at root $auto$rtlil.cc:3381:MuxGate$33815.
    Found tree with 1 MUXes at root $auto$rtlil.cc:3381:MuxGate$33813.
    Found tree with 1 MUXes at root $auto$rtlil.cc:3381:MuxGate$33811.
    Found tree with 2 MUXes at root $auto$rtlil.cc:3381:MuxGate$31041.
    Found tree with 2 MUXes at root $auto$rtlil.cc:3381:MuxGate$31037.
    Found tree with 1 MUXes at root $auto$rtlil.cc:3381:MuxGate$35071.
    Found tree with 34 MUXes at root $auto$rtlil.cc:3381:MuxGate$31397.
    Found tree with 34 MUXes at root $auto$rtlil.cc:3381:MuxGate$31401.
    Found tree with 34 MUXes at root $auto$rtlil.cc:3381:MuxGate$31405.
    Found tree with 34 MUXes at root $auto$rtlil.cc:3381:MuxGate$31409.
    Found tree with 2 MUXes at root $auto$rtlil.cc:3381:MuxGate$30271.
    Found tree with 1 MUXes at root $auto$rtlil.cc:3381:MuxGate$35069.
    Found tree with 1 MUXes at root $auto$rtlil.cc:3381:MuxGate$35063.
    Found tree with 2 MUXes at root $auto$rtlil.cc:3381:MuxGate$31033.
    Found tree with 34 MUXes at root $auto$rtlil.cc:3381:MuxGate$31413.
    Found tree with 2 MUXes at root $auto$rtlil.cc:3381:MuxGate$31029.
    Found tree with 34 MUXes at root $auto$rtlil.cc:3381:MuxGate$31417.
    Found tree with 34 MUXes at root $auto$rtlil.cc:3381:MuxGate$31421.
    Found tree with 34 MUXes at root $auto$rtlil.cc:3381:MuxGate$31429.
    Found tree with 2 MUXes at root $auto$rtlil.cc:3381:MuxGate$35169.
    Found tree with 34 MUXes at root $auto$rtlil.cc:3381:MuxGate$31433.
    Found tree with 34 MUXes at root $auto$rtlil.cc:3381:MuxGate$31437.
    Found tree with 4 MUXes at root $auto$rtlil.cc:3381:MuxGate$31441.
    Found tree with 4 MUXes at root $auto$rtlil.cc:3381:MuxGate$31445.
    Found tree with 1 MUXes at root $auto$rtlil.cc:3381:MuxGate$35061.
    Found tree with 2 MUXes at root $auto$rtlil.cc:3381:MuxGate$30251.
    Found tree with 1 MUXes at root $auto$rtlil.cc:3381:MuxGate$35059.
    Found tree with 38 MUXes at root $auto$simplemap.cc:346:simplemap_bmux$19364.
    Found tree with 2 MUXes at root $auto$rtlil.cc:3381:MuxGate$37101.
    Found tree with 2 MUXes at root $auto$rtlil.cc:3381:MuxGate$37109.
    Found tree with 2 MUXes at root $auto$rtlil.cc:3381:MuxGate$37105.
    Found tree with 2 MUXes at root $auto$rtlil.cc:3381:MuxGate$37113.
    Found tree with 34 MUXes at root $auto$rtlil.cc:3381:MuxGate$31381.
    Found tree with 34 MUXes at root $auto$rtlil.cc:3381:MuxGate$31385.
    Found tree with 34 MUXes at root $auto$rtlil.cc:3381:MuxGate$31389.
    Found tree with 2 MUXes at root $auto$rtlil.cc:3381:MuxGate$38893.
    Found tree with 2 MUXes at root $auto$rtlil.cc:3381:MuxGate$38889.
    Found tree with 2 MUXes at root $auto$rtlil.cc:3381:MuxGate$38885.
    Found tree with 2 MUXes at root $auto$rtlil.cc:3381:MuxGate$38881.
    Found tree with 2 MUXes at root $auto$rtlil.cc:3381:MuxGate$38877.
    Found tree with 2 MUXes at root $auto$rtlil.cc:3381:MuxGate$38873.
    Found tree with 2 MUXes at root $auto$rtlil.cc:3381:MuxGate$38869.
    Found tree with 2 MUXes at root $auto$rtlil.cc:3381:MuxGate$38865.
    Found tree with 2 MUXes at root $auto$rtlil.cc:3381:MuxGate$38861.
    Found tree with 1 MUXes at root $auto$rtlil.cc:3381:MuxGate$35077.
    Found tree with 34 MUXes at root $auto$rtlil.cc:3381:MuxGate$31377.
    Found tree with 2 MUXes at root $auto$rtlil.cc:3381:MuxGate$39057.
    Found tree with 2 MUXes at root $auto$rtlil.cc:3381:MuxGate$39045.
    Found tree with 2 MUXes at root $auto$rtlil.cc:3381:MuxGate$31025.
    Found tree with 2 MUXes at root $auto$rtlil.cc:3381:MuxGate$36833.
    Found tree with 1 MUXes at root $auto$rtlil.cc:3381:MuxGate$33809.
    Found tree with 4 MUXes at root $auto$rtlil.cc:3381:MuxGate$39053.
    Found tree with 2 MUXes at root $auto$rtlil.cc:3381:MuxGate$39065.
    Found tree with 34 MUXes at root $auto$rtlil.cc:3381:MuxGate$31365.
    Found tree with 34 MUXes at root $auto$rtlil.cc:3381:MuxGate$31369.
    Found tree with 1 MUXes at root $auto$rtlil.cc:3381:MuxGate$33807.
    Found tree with 2 MUXes at root $auto$rtlil.cc:3381:MuxGate$31021.
    Found tree with 2 MUXes at root $auto$rtlil.cc:3381:MuxGate$36801.
    Found tree with 1 MUXes at root \u_soc.u_rx.:664.B [7].
    Found tree with 1 MUXes at root \u_soc.u_rx.:664.B [8].
    Found tree with 1 MUXes at root \u_soc.u_rx.:664.B [9].
    Found tree with 1 MUXes at root \u_soc.u_rx.:664.B [10].
    Found tree with 1 MUXes at root \u_soc.u_rx.:664.B [11].
    Found tree with 1 MUXes at root \u_soc.u_rx.:664.B [12].
    Found tree with 1 MUXes at root \u_soc.u_rx.:664.B [13].
    Found tree with 34 MUXes at root $auto$rtlil.cc:3381:MuxGate$31353.
    Found tree with 34 MUXes at root $auto$rtlil.cc:3381:MuxGate$31357.
    Found tree with 34 MUXes at root $auto$rtlil.cc:3381:MuxGate$31361.
    Found tree with 2 MUXes at root $auto$rtlil.cc:3381:MuxGate$39061.
    Found tree with 2 MUXes at root $auto$rtlil.cc:3381:MuxGate$30247.
    Found tree with 34 MUXes at root $auto$rtlil.cc:3381:MuxGate$31325.
    Found tree with 34 MUXes at root $auto$rtlil.cc:3381:MuxGate$31321.
    Found tree with 34 MUXes at root $auto$rtlil.cc:3381:MuxGate$31329.
    Found tree with 34 MUXes at root $auto$rtlil.cc:3381:MuxGate$31333.
    Found tree with 34 MUXes at root $auto$rtlil.cc:3381:MuxGate$31317.
    Found tree with 34 MUXes at root $auto$rtlil.cc:3381:MuxGate$31337.
    Found tree with 1 MUXes at root $auto$rtlil.cc:3381:MuxGate$33805.
    Found tree with 1 MUXes at root $auto$rtlil.cc:3381:MuxGate$33803.
    Found tree with 1 MUXes at root $auto$rtlil.cc:3381:MuxGate$33801.
    Found tree with 1 MUXes at root $auto$rtlil.cc:3381:MuxGate$33799.
    Found tree with 1 MUXes at root $auto$rtlil.cc:3381:MuxGate$33797.
    Found tree with 1 MUXes at root $auto$rtlil.cc:3381:MuxGate$33795.
    Found tree with 1 MUXes at root $auto$rtlil.cc:3381:MuxGate$33793.
    Found tree with 1 MUXes at root $auto$rtlil.cc:3381:MuxGate$33791.
    Found tree with 1 MUXes at root $auto$rtlil.cc:3381:MuxGate$33789.
    Found tree with 1 MUXes at root $auto$rtlil.cc:3381:MuxGate$33787.
    Found tree with 1 MUXes at root $auto$rtlil.cc:3381:MuxGate$33785.
    Found tree with 1 MUXes at root $auto$rtlil.cc:3381:MuxGate$33783.
    Found tree with 1 MUXes at root $auto$rtlil.cc:3381:MuxGate$33781.
    Found tree with 1 MUXes at root $auto$rtlil.cc:3381:MuxGate$33779.
    Found tree with 1 MUXes at root $auto$rtlil.cc:3381:MuxGate$33777.
    Found tree with 1 MUXes at root $auto$rtlil.cc:3381:MuxGate$33775.
    Found tree with 1 MUXes at root $auto$rtlil.cc:3381:MuxGate$33773.
    Found tree with 1 MUXes at root $auto$rtlil.cc:3381:MuxGate$33771.
    Found tree with 1 MUXes at root $auto$rtlil.cc:3381:MuxGate$33769.
    Found tree with 1 MUXes at root $auto$rtlil.cc:3381:MuxGate$33767.
    Found tree with 1 MUXes at root $auto$rtlil.cc:3381:MuxGate$33765.
    Found tree with 1 MUXes at root $auto$rtlil.cc:3381:MuxGate$33763.
    Found tree with 1 MUXes at root $auto$rtlil.cc:3381:MuxGate$33761.
    Found tree with 1 MUXes at root $auto$rtlil.cc:3381:MuxGate$33759.
    Found tree with 2 MUXes at root $auto$rtlil.cc:3381:MuxGate$35177.
    Found tree with 1 MUXes at root $auto$rtlil.cc:3381:MuxGate$33757.
    Found tree with 34 MUXes at root $auto$rtlil.cc:3381:MuxGate$31341.
    Found tree with 2 MUXes at root $auto$rtlil.cc:3381:MuxGate$33755.
    Found tree with 34 MUXes at root $auto$rtlil.cc:3381:MuxGate$31345.
    Found tree with 34 MUXes at root $auto$rtlil.cc:3381:MuxGate$31349.
    Found tree with 2 MUXes at root $auto$rtlil.cc:3381:MuxGate$33751.
    Found tree with 2 MUXes at root $auto$rtlil.cc:3381:MuxGate$31017.
    Found tree with 2 MUXes at root $auto$rtlil.cc:3381:MuxGate$31013.
    Found tree with 1 MUXes at root \u_soc.:437.B [32].
    Found tree with 1 MUXes at root \u_soc.:437.B [33].
    Found tree with 1 MUXes at root \u_soc.:437.B [34].
    Found tree with 1 MUXes at root \u_soc.:437.B [35].
    Found tree with 1 MUXes at root \u_soc.:437.B [36].
    Found tree with 1 MUXes at root \u_soc.:437.B [37].
    Found tree with 1 MUXes at root \u_soc.:437.B [38].
    Found tree with 1 MUXes at root \u_soc.:437.B [39].
    Found tree with 1 MUXes at root \u_soc.:437.B [40].
    Found tree with 1 MUXes at root \u_soc.:437.B [41].
    Found tree with 1 MUXes at root \u_soc.:437.B [42].
    Found tree with 1 MUXes at root \u_soc.:437.B [43].
    Found tree with 1 MUXes at root \u_soc.:437.B [44].
    Found tree with 1 MUXes at root \u_soc.:437.B [45].
    Found tree with 1 MUXes at root \u_soc.:437.B [46].
    Found tree with 1 MUXes at root \u_soc.:437.B [47].
    Found tree with 1 MUXes at root \u_soc.:437.B [48].
    Found tree with 1 MUXes at root \u_soc.:437.B [49].
    Found tree with 1 MUXes at root \u_soc.:437.B [50].
    Found tree with 1 MUXes at root \u_soc.:437.B [51].
    Found tree with 1 MUXes at root \u_soc.:437.B [52].
    Found tree with 1 MUXes at root \u_soc.:437.B [53].
    Found tree with 1 MUXes at root \u_soc.:437.B [54].
    Found tree with 1 MUXes at root \u_soc.:437.B [55].
    Found tree with 1 MUXes at root \u_soc.:437.B [56].
    Found tree with 1 MUXes at root \u_soc.:437.B [57].
    Found tree with 1 MUXes at root \u_soc.:437.B [58].
    Found tree with 1 MUXes at root \u_soc.:437.B [59].
    Found tree with 1 MUXes at root \u_soc.:437.B [60].
    Found tree with 1 MUXes at root \u_soc.:437.B [61].
    Found tree with 1 MUXes at root \u_soc.:437.B [62].
    Found tree with 1 MUXes at root \u_soc.:437.B [63].
    Found tree with 2 MUXes at root $auto$rtlil.cc:3381:MuxGate$39419.
    Found tree with 34 MUXes at root $auto$rtlil.cc:3381:MuxGate$31197.
    Found tree with 34 MUXes at root $auto$rtlil.cc:3381:MuxGate$31201.
    Found tree with 34 MUXes at root $auto$rtlil.cc:3381:MuxGate$31205.
    Found tree with 34 MUXes at root $auto$rtlil.cc:3381:MuxGate$31209.
    Found tree with 34 MUXes at root $auto$rtlil.cc:3381:MuxGate$31213.
    Found tree with 34 MUXes at root $auto$rtlil.cc:3381:MuxGate$31217.
    Found tree with 34 MUXes at root $auto$rtlil.cc:3381:MuxGate$31221.
    Found tree with 2 MUXes at root $auto$rtlil.cc:3381:MuxGate$30243.
    Found tree with 34 MUXes at root $auto$rtlil.cc:3381:MuxGate$31233.
    Found tree with 34 MUXes at root $auto$rtlil.cc:3381:MuxGate$31229.
    Found tree with 34 MUXes at root $auto$rtlil.cc:3381:MuxGate$31237.
    Found tree with 34 MUXes at root $auto$rtlil.cc:3381:MuxGate$31241.
    Found tree with 2 MUXes at root $auto$rtlil.cc:3381:MuxGate$31009.
    Found tree with 2 MUXes at root $auto$rtlil.cc:3381:MuxGate$31005.
    Found tree with 2 MUXes at root $auto$rtlil.cc:3381:MuxGate$31001.
    Found tree with 2 MUXes at root $auto$rtlil.cc:3381:MuxGate$30997.
    Found tree with 2 MUXes at root $auto$rtlil.cc:3381:MuxGate$30993.
    Found tree with 2 MUXes at root $auto$rtlil.cc:3381:MuxGate$30989.
    Found tree with 2 MUXes at root $auto$rtlil.cc:3381:MuxGate$30985.
    Found tree with 2 MUXes at root $auto$rtlil.cc:3381:MuxGate$30981.
    Found tree with 34 MUXes at root $auto$rtlil.cc:3381:MuxGate$31245.
    Found tree with 1 MUXes at root \u_soc.:439.B [32].
    Found tree with 1 MUXes at root \u_soc.:439.B [33].
    Found tree with 1 MUXes at root \u_soc.:439.B [34].
    Found tree with 1 MUXes at root \u_soc.:439.B [35].
    Found tree with 1 MUXes at root \u_soc.:439.B [36].
    Found tree with 1 MUXes at root \u_soc.:439.B [37].
    Found tree with 1 MUXes at root \u_soc.:439.B [38].
    Found tree with 1 MUXes at root \u_soc.:439.B [39].
    Found tree with 1 MUXes at root \u_soc.:439.B [40].
    Found tree with 1 MUXes at root \u_soc.:439.B [41].
    Found tree with 1 MUXes at root \u_soc.:439.B [42].
    Found tree with 1 MUXes at root \u_soc.:439.B [43].
    Found tree with 1 MUXes at root \u_soc.:439.B [44].
    Found tree with 1 MUXes at root \u_soc.:439.B [45].
    Found tree with 1 MUXes at root \u_soc.:439.B [46].
    Found tree with 1 MUXes at root \u_soc.:439.B [47].
    Found tree with 1 MUXes at root \u_soc.:439.B [48].
    Found tree with 1 MUXes at root \u_soc.:439.B [49].
    Found tree with 1 MUXes at root \u_soc.:439.B [50].
    Found tree with 1 MUXes at root \u_soc.:439.B [51].
    Found tree with 1 MUXes at root \u_soc.:439.B [52].
    Found tree with 1 MUXes at root \u_soc.:439.B [53].
    Found tree with 1 MUXes at root \u_soc.:439.B [54].
    Found tree with 1 MUXes at root \u_soc.:439.B [55].
    Found tree with 1 MUXes at root \u_soc.:439.B [56].
    Found tree with 1 MUXes at root \u_soc.:439.B [57].
    Found tree with 1 MUXes at root \u_soc.:439.B [58].
    Found tree with 1 MUXes at root \u_soc.:439.B [59].
    Found tree with 1 MUXes at root \u_soc.:439.B [60].
    Found tree with 1 MUXes at root \u_soc.:439.B [61].
    Found tree with 1 MUXes at root \u_soc.:439.B [62].
    Found tree with 1 MUXes at root \u_soc.:439.B [63].
    Found tree with 1 MUXes at root \u_soc.:439.A [0].
    Found tree with 1 MUXes at root \u_soc.:439.A [1].
    Found tree with 1 MUXes at root \u_soc.:439.A [2].
    Found tree with 1 MUXes at root \u_soc.:439.A [3].
    Found tree with 1 MUXes at root \u_soc.:439.A [4].
    Found tree with 1 MUXes at root \u_soc.:439.A [5].
    Found tree with 1 MUXes at root \u_soc.:439.A [6].
    Found tree with 1 MUXes at root \u_soc.:439.A [7].
    Found tree with 1 MUXes at root \u_soc.:439.A [8].
    Found tree with 1 MUXes at root \u_soc.:439.A [9].
    Found tree with 1 MUXes at root \u_soc.:439.A [10].
    Found tree with 1 MUXes at root \u_soc.:439.A [11].
    Found tree with 1 MUXes at root \u_soc.:439.A [12].
    Found tree with 1 MUXes at root \u_soc.:439.A [13].
    Found tree with 1 MUXes at root \u_soc.:439.A [14].
    Found tree with 1 MUXes at root \u_soc.:439.A [15].
    Found tree with 1 MUXes at root \u_soc.:439.A [16].
    Found tree with 1 MUXes at root \u_soc.:439.A [17].
    Found tree with 1 MUXes at root \u_soc.:439.A [18].
    Found tree with 1 MUXes at root \u_soc.:439.A [19].
    Found tree with 1 MUXes at root \u_soc.:439.A [20].
    Found tree with 1 MUXes at root \u_soc.:439.A [21].
    Found tree with 1 MUXes at root \u_soc.:439.A [22].
    Found tree with 1 MUXes at root \u_soc.:439.A [23].
    Found tree with 1 MUXes at root \u_soc.:439.A [24].
    Found tree with 1 MUXes at root \u_soc.:439.A [25].
    Found tree with 1 MUXes at root \u_soc.:439.A [26].
    Found tree with 1 MUXes at root \u_soc.:439.A [27].
    Found tree with 1 MUXes at root \u_soc.:439.A [28].
    Found tree with 1 MUXes at root \u_soc.:439.A [29].
    Found tree with 1 MUXes at root \u_soc.:439.A [30].
    Found tree with 1 MUXes at root \u_soc.:439.A [31].
    Found tree with 34 MUXes at root $auto$rtlil.cc:3381:MuxGate$31225.
    Found tree with 34 MUXes at root $auto$rtlil.cc:3381:MuxGate$31249.
    Found tree with 34 MUXes at root $auto$rtlil.cc:3381:MuxGate$31253.
    Found tree with 34 MUXes at root $auto$rtlil.cc:3381:MuxGate$31257.
    Found tree with 34 MUXes at root $auto$rtlil.cc:3381:MuxGate$31265.
    Found tree with 34 MUXes at root $auto$rtlil.cc:3381:MuxGate$31269.
    Found tree with 34 MUXes at root $auto$rtlil.cc:3381:MuxGate$31273.
    Found tree with 2 MUXes at root $auto$rtlil.cc:3381:MuxGate$30977.
    Found tree with 34 MUXes at root $auto$rtlil.cc:3381:MuxGate$31281.
    Found tree with 1 MUXes at root \u_soc.:441.B [2].
    Found tree with 1 MUXes at root \u_soc.:441.B [3].
    Found tree with 1 MUXes at root \u_soc.:441.A [0].
    Found tree with 1 MUXes at root \u_soc.:441.A [1].
    Found tree with 2 MUXes at root $auto$rtlil.cc:3381:MuxGate$30973.
    Found tree with 2 MUXes at root $auto$rtlil.cc:3381:MuxGate$30969.
    Found tree with 2 MUXes at root $auto$rtlil.cc:3381:MuxGate$30965.
    Found tree with 2 MUXes at root $auto$rtlil.cc:3381:MuxGate$30961.
    Found tree with 2 MUXes at root $auto$rtlil.cc:3381:MuxGate$30957.
    Found tree with 2 MUXes at root $auto$rtlil.cc:3381:MuxGate$30953.
    Found tree with 2 MUXes at root $auto$rtlil.cc:3381:MuxGate$30949.
    Found tree with 2 MUXes at root $auto$rtlil.cc:3381:MuxGate$30945.
    Found tree with 1 MUXes at root \u_soc.:443.B [32].
    Found tree with 1 MUXes at root \u_soc.:443.B [33].
    Found tree with 1 MUXes at root \u_soc.:443.B [34].
    Found tree with 1 MUXes at root \u_soc.:443.B [35].
    Found tree with 1 MUXes at root \u_soc.:443.B [36].
    Found tree with 1 MUXes at root \u_soc.:443.B [37].
    Found tree with 1 MUXes at root \u_soc.:443.B [38].
    Found tree with 1 MUXes at root \u_soc.:443.B [39].
    Found tree with 1 MUXes at root \u_soc.:443.B [40].
    Found tree with 1 MUXes at root \u_soc.:443.B [41].
    Found tree with 1 MUXes at root \u_soc.:443.B [42].
    Found tree with 1 MUXes at root \u_soc.:443.B [43].
    Found tree with 1 MUXes at root \u_soc.:443.B [44].
    Found tree with 1 MUXes at root \u_soc.:443.B [45].
    Found tree with 1 MUXes at root \u_soc.:443.B [46].
    Found tree with 1 MUXes at root \u_soc.:443.B [47].
    Found tree with 1 MUXes at root \u_soc.:443.B [48].
    Found tree with 1 MUXes at root \u_soc.:443.B [49].
    Found tree with 1 MUXes at root \u_soc.:443.B [50].
    Found tree with 1 MUXes at root \u_soc.:443.B [51].
    Found tree with 1 MUXes at root \u_soc.:443.B [52].
    Found tree with 1 MUXes at root \u_soc.:443.B [53].
    Found tree with 1 MUXes at root \u_soc.:443.B [54].
    Found tree with 1 MUXes at root \u_soc.:443.B [55].
    Found tree with 1 MUXes at root \u_soc.:443.B [56].
    Found tree with 1 MUXes at root \u_soc.:443.B [57].
    Found tree with 1 MUXes at root \u_soc.:443.B [58].
    Found tree with 1 MUXes at root \u_soc.:443.B [59].
    Found tree with 1 MUXes at root \u_soc.:443.B [60].
    Found tree with 1 MUXes at root \u_soc.:443.B [61].
    Found tree with 1 MUXes at root \u_soc.:443.B [62].
    Found tree with 34 MUXes at root $auto$rtlil.cc:3381:MuxGate$31285.
    Found tree with 34 MUXes at root $auto$rtlil.cc:3381:MuxGate$31289.
    Found tree with 34 MUXes at root $auto$rtlil.cc:3381:MuxGate$31293.
    Found tree with 34 MUXes at root $auto$rtlil.cc:3381:MuxGate$31297.
    Found tree with 34 MUXes at root $auto$rtlil.cc:3381:MuxGate$31301.
    Found tree with 34 MUXes at root $auto$rtlil.cc:3381:MuxGate$31305.
    Found tree with 34 MUXes at root $auto$rtlil.cc:3381:MuxGate$31309.
    Found tree with 34 MUXes at root $auto$rtlil.cc:3381:MuxGate$31313.
    Found tree with 34 MUXes at root $auto$rtlil.cc:3381:MuxGate$31261.
    Found tree with 2 MUXes at root $auto$rtlil.cc:3381:MuxGate$30941.
    Found tree with 4 MUXes at root $auto$rtlil.cc:3381:MuxGate$31165.
    Found tree with 2 MUXes at root $auto$rtlil.cc:3381:MuxGate$35113.
    Found tree with 4 MUXes at root $auto$rtlil.cc:3381:MuxGate$31169.
    Found tree with 2 MUXes at root $auto$rtlil.cc:3381:MuxGate$36793.
    Found tree with 4 MUXes at root $auto$rtlil.cc:3381:MuxGate$31173.
    Found tree with 2 MUXes at root $auto$rtlil.cc:3381:MuxGate$34189.
    Found tree with 4 MUXes at root $auto$rtlil.cc:3381:MuxGate$31177.
    Found tree with 2 MUXes at root $auto$rtlil.cc:3381:MuxGate$35105.
    Found tree with 2 MUXes at root $auto$rtlil.cc:3381:MuxGate$36769.
    Found tree with 2 MUXes at root $auto$rtlil.cc:3381:MuxGate$36773.
    Found tree with 1 MUXes at root \u_soc.:409.B [36].
    Found tree with 1 MUXes at root \u_soc.:409.B [37].
    Found tree with 1 MUXes at root \u_soc.:409.B [38].
    Found tree with 4 MUXes at root $auto$rtlil.cc:3381:MuxGate$31181.
    Found tree with 34 MUXes at root $auto$rtlil.cc:3381:MuxGate$31185.
    Found tree with 34 MUXes at root $auto$rtlil.cc:3381:MuxGate$31189.
    Found tree with 34 MUXes at root $auto$rtlil.cc:3381:MuxGate$31193.
    Found tree with 2 MUXes at root $auto$rtlil.cc:3381:MuxGate$39399.
    Found tree with 2 MUXes at root $auto$rtlil.cc:3381:MuxGate$39415.
    Found tree with 2 MUXes at root $auto$rtlil.cc:3381:MuxGate$39395.
    Found tree with 2 MUXes at root $auto$rtlil.cc:3381:MuxGate$39411.
    Found tree with 2 MUXes at root $auto$rtlil.cc:3381:MuxGate$39391.
    Found tree with 2 MUXes at root $auto$rtlil.cc:3381:MuxGate$39407.
    Found tree with 2 MUXes at root $auto$rtlil.cc:3381:MuxGate$39387.
    Found tree with 2 MUXes at root $auto$rtlil.cc:3381:MuxGate$39403.
    Found tree with 3 MUXes at root $auto$rtlil.cc:3381:MuxGate$30925.
    Found tree with 3 MUXes at root $auto$rtlil.cc:3381:MuxGate$30921.
    Found tree with 3 MUXes at root $auto$rtlil.cc:3381:MuxGate$30917.
    Found tree with 3 MUXes at root $auto$rtlil.cc:3381:MuxGate$30913.
    Found tree with 3 MUXes at root $auto$rtlil.cc:3381:MuxGate$30909.
    Found tree with 2 MUXes at root $auto$rtlil.cc:3381:MuxGate$35141.
    Found tree with 2 MUXes at root $auto$rtlil.cc:3381:MuxGate$35137.
    Found tree with 2 MUXes at root $auto$rtlil.cc:3381:MuxGate$30287.
    Found tree with 4 MUXes at root $auto$rtlil.cc:3381:MuxGate$31105.
    Found tree with 2 MUXes at root $auto$rtlil.cc:3381:MuxGate$35133.
    Found tree with 4 MUXes at root $auto$rtlil.cc:3381:MuxGate$31109.
    Found tree with 2 MUXes at root $auto$rtlil.cc:3381:MuxGate$34201.
    Found tree with 2 MUXes at root $auto$rtlil.cc:3381:MuxGate$30283.
    Found tree with 4 MUXes at root $auto$rtlil.cc:3381:MuxGate$31113.
    Found tree with 2 MUXes at root $auto$rtlil.cc:3381:MuxGate$35129.
    Found tree with 2 MUXes at root $auto$rtlil.cc:3381:MuxGate$34197.
    Found tree with 4 MUXes at root $auto$rtlil.cc:3381:MuxGate$31121.
    Found tree with 2 MUXes at root $auto$rtlil.cc:3381:MuxGate$35125.
    Found tree with 2 MUXes at root $auto$rtlil.cc:3381:MuxGate$35121.
    Found tree with 2 MUXes at root $auto$rtlil.cc:3381:MuxGate$30275.
    Found tree with 2 MUXes at root $auto$rtlil.cc:3381:MuxGate$30279.
    Found tree with 2 MUXes at root $auto$rtlil.cc:3381:MuxGate$35117.
    Found tree with 2 MUXes at root $auto$rtlil.cc:3381:MuxGate$34193.
    Found tree with 4 MUXes at root $auto$rtlil.cc:3381:MuxGate$31129.
    Found tree with 2 MUXes at root $auto$rtlil.cc:3381:MuxGate$30235.
    Found tree with 2 MUXes at root $auto$rtlil.cc:3381:MuxGate$37617.
    Found tree with 2 MUXes at root $auto$rtlil.cc:3381:MuxGate$37417.
    Found tree with 2 MUXes at root $auto$rtlil.cc:3381:MuxGate$33747.
    Found tree with 4 MUXes at root $auto$rtlil.cc:3381:MuxGate$31137.
    Found tree with 4 MUXes at root $auto$rtlil.cc:3381:MuxGate$31133.
    Found tree with 4 MUXes at root $auto$rtlil.cc:3381:MuxGate$31141.
    Found tree with 4 MUXes at root $auto$rtlil.cc:3381:MuxGate$31145.
    Found tree with 4 MUXes at root $auto$rtlil.cc:3381:MuxGate$31149.
    Found tree with 4 MUXes at root $auto$rtlil.cc:3381:MuxGate$31153.
    Found tree with 4 MUXes at root $auto$rtlil.cc:3381:MuxGate$31157.
    Found tree with 4 MUXes at root $auto$rtlil.cc:3381:MuxGate$31161.
    Found tree with 2 MUXes at root $auto$rtlil.cc:3381:MuxGate$39203.
    Found tree with 2 MUXes at root $auto$rtlil.cc:3381:MuxGate$39199.
    Found tree with 4 MUXes at root $auto$rtlil.cc:3381:MuxGate$31117.
    Found tree with 4 MUXes at root $auto$rtlil.cc:3381:MuxGate$30729.
    Found tree with 4 MUXes at root $auto$rtlil.cc:3381:MuxGate$30733.
    Found tree with 4 MUXes at root $auto$rtlil.cc:3381:MuxGate$30737.
    Found tree with 2 MUXes at root $auto$rtlil.cc:3381:MuxGate$34021.
    Found tree with 2 MUXes at root $auto$rtlil.cc:3381:MuxGate$35357.
    Found tree with 4 MUXes at root $auto$rtlil.cc:3381:MuxGate$30745.
    Found tree with 2 MUXes at root $auto$rtlil.cc:3381:MuxGate$36745.
    Found tree with 4 MUXes at root $auto$rtlil.cc:3381:MuxGate$30749.
    Found tree with 2 MUXes at root $auto$rtlil.cc:3381:MuxGate$35353.
    Found tree with 4 MUXes at root $auto$rtlil.cc:3381:MuxGate$30753.
    Found tree with 3 MUXes at root $auto$rtlil.cc:3381:MuxGate$34667.
    Found tree with 4 MUXes at root $auto$rtlil.cc:3381:MuxGate$30757.
    Found tree with 2 MUXes at root $auto$rtlil.cc:3381:MuxGate$36733.
    Found tree with 2 MUXes at root $auto$rtlil.cc:3381:MuxGate$36717.
    Found tree with 4 MUXes at root $auto$rtlil.cc:3381:MuxGate$30761.
    Found tree with 2 MUXes at root $auto$rtlil.cc:3381:MuxGate$36721.
    Found tree with 2 MUXes at root $auto$rtlil.cc:3381:MuxGate$36713.
    Found tree with 2 MUXes at root $auto$rtlil.cc:3381:MuxGate$36737.
    Found tree with 2 MUXes at root $auto$rtlil.cc:3381:MuxGate$36725.
    Found tree with 2 MUXes at root $auto$rtlil.cc:3381:MuxGate$36729.
    Found tree with 2 MUXes at root $auto$rtlil.cc:3381:MuxGate$36709.
    Found tree with 4 MUXes at root $auto$rtlil.cc:3381:MuxGate$30769.
    Found tree with 2 MUXes at root $auto$rtlil.cc:3381:MuxGate$36689.
    Found tree with 2 MUXes at root $auto$rtlil.cc:3381:MuxGate$36685.
    Found tree with 1 MUXes at root $auto$rtlil.cc:3381:MuxGate$33849.
    Found tree with 4 MUXes at root $auto$rtlil.cc:3381:MuxGate$30773.
    Found tree with 2 MUXes at root $auto$rtlil.cc:3381:MuxGate$36673.
    Found tree with 2 MUXes at root $auto$rtlil.cc:3381:MuxGate$36677.
    Found tree with 2 MUXes at root $auto$rtlil.cc:3381:MuxGate$36669.
    Found tree with 2 MUXes at root $auto$rtlil.cc:3381:MuxGate$36665.
    Found tree with 2 MUXes at root $auto$rtlil.cc:3381:MuxGate$36697.
    Found tree with 2 MUXes at root $auto$rtlil.cc:3381:MuxGate$36693.
    Found tree with 2 MUXes at root $auto$rtlil.cc:3381:MuxGate$36681.
    Found tree with 2 MUXes at root $auto$rtlil.cc:3381:MuxGate$34269.
    Found tree with 4 MUXes at root $auto$rtlil.cc:3381:MuxGate$30785.
    Found tree with 1 MUXes at root $auto$rtlil.cc:3381:MuxGate$33847.
    Found tree with 4 MUXes at root $auto$rtlil.cc:3381:MuxGate$33981.
    Found tree with 4 MUXes at root $auto$rtlil.cc:3381:MuxGate$30789.
    Found tree with 1 MUXes at root $auto$rtlil.cc:3381:MuxGate$33845.
    Found tree with 4 MUXes at root $auto$rtlil.cc:3381:MuxGate$33977.
    Found tree with 4 MUXes at root $auto$rtlil.cc:3381:MuxGate$30793.
    Found tree with 1 MUXes at root $auto$rtlil.cc:3381:MuxGate$33843.
    Found tree with 4 MUXes at root $auto$rtlil.cc:3381:MuxGate$33973.
    Found tree with 4 MUXes at root $auto$rtlil.cc:3381:MuxGate$30797.
    Found tree with 1 MUXes at root $auto$rtlil.cc:3381:MuxGate$33841.
    Found tree with 4 MUXes at root $auto$rtlil.cc:3381:MuxGate$33969.
    Found tree with 3 MUXes at root $auto$rtlil.cc:3381:MuxGate$30801.
    Found tree with 1 MUXes at root $auto$rtlil.cc:3381:MuxGate$33839.
    Found tree with 4 MUXes at root $auto$rtlil.cc:3381:MuxGate$33965.
    Found tree with 3 MUXes at root $auto$rtlil.cc:3381:MuxGate$30805.
    Found tree with 4 MUXes at root $auto$rtlil.cc:3381:MuxGate$33961.
    Found tree with 4 MUXes at root $auto$rtlil.cc:3381:MuxGate$33957.
    Found tree with 3 MUXes at root $auto$rtlil.cc:3381:MuxGate$30809.
    Found tree with 4 MUXes at root $auto$rtlil.cc:3381:MuxGate$33953.
    Found tree with 3 MUXes at root $auto$rtlil.cc:3381:MuxGate$30813.
    Found tree with 2 MUXes at root $auto$rtlil.cc:3381:MuxGate$36661.
    Found tree with 2 MUXes at root $auto$rtlil.cc:3381:MuxGate$36657.
    Found tree with 3 MUXes at root $auto$rtlil.cc:3381:MuxGate$30817.
    Found tree with 2 MUXes at root $auto$rtlil.cc:3381:MuxGate$36653.
    Found tree with 2 MUXes at root $auto$rtlil.cc:3381:MuxGate$36649.
    Found tree with 3 MUXes at root $auto$rtlil.cc:3381:MuxGate$30821.
    Found tree with 2 MUXes at root $auto$rtlil.cc:3381:MuxGate$36645.
    Found tree with 3 MUXes at root $auto$rtlil.cc:3381:MuxGate$30825.
    Found tree with 2 MUXes at root $auto$rtlil.cc:3381:MuxGate$36637.
    Found tree with 2 MUXes at root $auto$rtlil.cc:3381:MuxGate$35341.
    Found tree with 2 MUXes at root $auto$rtlil.cc:3381:MuxGate$35337.
    Found tree with 2 MUXes at root $auto$rtlil.cc:3381:MuxGate$35333.
    Found tree with 2 MUXes at root $auto$rtlil.cc:3381:MuxGate$35329.
    Found tree with 2 MUXes at root $auto$rtlil.cc:3381:MuxGate$35325.
    Found tree with 3 MUXes at root $auto$rtlil.cc:3381:MuxGate$34671.
    Found tree with 2 MUXes at root $auto$rtlil.cc:3381:MuxGate$35321.
    Found tree with 2 MUXes at root $auto$rtlil.cc:3381:MuxGate$35317.
    Found tree with 2 MUXes at root $auto$rtlil.cc:3381:MuxGate$35313.
    Found tree with 2 MUXes at root $auto$rtlil.cc:3381:MuxGate$35309.
    Found tree with 2 MUXes at root $auto$rtlil.cc:3381:MuxGate$35305.
    Found tree with 2 MUXes at root $auto$rtlil.cc:3381:MuxGate$35301.
    Found tree with 2 MUXes at root $auto$rtlil.cc:3381:MuxGate$35297.
    Found tree with 2 MUXes at root $auto$rtlil.cc:3381:MuxGate$35293.
    Found tree with 2 MUXes at root $auto$rtlil.cc:3381:MuxGate$35289.
    Found tree with 2 MUXes at root $auto$rtlil.cc:3381:MuxGate$35285.
    Found tree with 2 MUXes at root $auto$rtlil.cc:3381:MuxGate$35281.
    Found tree with 2 MUXes at root $auto$rtlil.cc:3381:MuxGate$35277.
    Found tree with 2 MUXes at root $auto$rtlil.cc:3381:MuxGate$35273.
    Found tree with 2 MUXes at root $auto$rtlil.cc:3381:MuxGate$35269.
    Found tree with 2 MUXes at root $auto$rtlil.cc:3381:MuxGate$35265.
    Found tree with 2 MUXes at root $auto$rtlil.cc:3381:MuxGate$35261.
    Found tree with 2 MUXes at root $auto$rtlil.cc:3381:MuxGate$35257.
    Found tree with 3 MUXes at root $auto$rtlil.cc:3381:MuxGate$30829.
    Found tree with 2 MUXes at root $auto$rtlil.cc:3381:MuxGate$36629.
    Found tree with 2 MUXes at root $auto$rtlil.cc:3381:MuxGate$36633.
    Found tree with 3 MUXes at root $auto$rtlil.cc:3381:MuxGate$30837.
    Found tree with 3 MUXes at root $auto$rtlil.cc:3381:MuxGate$30841.
    Found tree with 2 MUXes at root $auto$rtlil.cc:3381:MuxGate$36625.
    Found tree with 2 MUXes at root $auto$rtlil.cc:3381:MuxGate$36617.
    Found tree with 2 MUXes at root $auto$rtlil.cc:3381:MuxGate$36621.
    Found tree with 2 MUXes at root $auto$rtlil.cc:3381:MuxGate$36613.
    Found tree with 2 MUXes at root $auto$rtlil.cc:3381:MuxGate$36597.
    Found tree with 2 MUXes at root $auto$rtlil.cc:3381:MuxGate$36601.
    Found tree with 3 MUXes at root $auto$rtlil.cc:3381:MuxGate$30853.
    Found tree with 3 MUXes at root $auto$rtlil.cc:3381:MuxGate$30857.
    Found tree with 3 MUXes at root $auto$rtlil.cc:3381:MuxGate$30861.
    Found tree with 3 MUXes at root $auto$rtlil.cc:3381:MuxGate$30865.
    Found tree with 3 MUXes at root $auto$rtlil.cc:3381:MuxGate$30869.
    Found tree with 3 MUXes at root $auto$rtlil.cc:3381:MuxGate$30873.
    Found tree with 3 MUXes at root $auto$rtlil.cc:3381:MuxGate$30877.
    Found tree with 3 MUXes at root $auto$rtlil.cc:3381:MuxGate$30881.
    Found tree with 1 MUXes at root $auto$rtlil.cc:3381:MuxGate$30477.
    Found tree with 4 MUXes at root $auto$rtlil.cc:3381:MuxGate$30479.
    Found tree with 4 MUXes at root $auto$rtlil.cc:3381:MuxGate$30481.
    Found tree with 2 MUXes at root $auto$rtlil.cc:3381:MuxGate$36577.
    Found tree with 2 MUXes at root $auto$rtlil.cc:3381:MuxGate$36573.
    Found tree with 2 MUXes at root $auto$rtlil.cc:3381:MuxGate$36569.
    Found tree with 2 MUXes at root $auto$rtlil.cc:3381:MuxGate$36565.
    Found tree with 2 MUXes at root $auto$rtlil.cc:3381:MuxGate$36561.
    Found tree with 2 MUXes at root $auto$rtlil.cc:3381:MuxGate$36585.
    Found tree with 2 MUXes at root $auto$rtlil.cc:3381:MuxGate$36557.
    Found tree with 2 MUXes at root $auto$rtlil.cc:3381:MuxGate$36581.
    Found tree with 4 MUXes at root $auto$rtlil.cc:3381:MuxGate$30483.
    Found tree with 2 MUXes at root $auto$rtlil.cc:3381:MuxGate$36553.
    Found tree with 4 MUXes at root $auto$rtlil.cc:3381:MuxGate$30485.
    Found tree with 4 MUXes at root $auto$rtlil.cc:3381:MuxGate$30487.
    Found tree with 2 MUXes at root $auto$rtlil.cc:3381:MuxGate$36549.
    Found tree with 4 MUXes at root $auto$rtlil.cc:3381:MuxGate$30489.
    Found tree with 4 MUXes at root $auto$rtlil.cc:3381:MuxGate$30491.
    Found tree with 2 MUXes at root $auto$rtlil.cc:3381:MuxGate$36545.
    Found tree with 2 MUXes at root $auto$rtlil.cc:3381:MuxGate$37045.
    Found tree with 2 MUXes at root $auto$rtlil.cc:3381:MuxGate$37025.
    Found tree with 4 MUXes at root $auto$rtlil.cc:3381:MuxGate$30493.
    Found tree with 3 MUXes at root $auto$rtlil.cc:3381:MuxGate$34459.
    Found tree with 3 MUXes at root $auto$rtlil.cc:3381:MuxGate$34515.
    Found tree with 4 MUXes at root $auto$rtlil.cc:3381:MuxGate$30495.
    Found tree with 2 MUXes at root $auto$rtlil.cc:3381:MuxGate$37069.
    Found tree with 2 MUXes at root $auto$rtlil.cc:3381:MuxGate$35149.
    Found tree with 2 MUXes at root $auto$rtlil.cc:3381:MuxGate$37057.
    Found tree with 4 MUXes at root $auto$rtlil.cc:3381:MuxGate$30497.
    Found tree with 2 MUXes at root $auto$rtlil.cc:3381:MuxGate$35253.
    Found tree with 1 MUXes at root $auto$rtlil.cc:3381:MuxGate$35057.
    Found tree with 4 MUXes at root $auto$rtlil.cc:3381:MuxGate$30499.
    Found tree with 2 MUXes at root $auto$rtlil.cc:3381:MuxGate$37017.
    Found tree with 2 MUXes at root $auto$rtlil.cc:3381:MuxGate$30175.
    Found tree with 2 MUXes at root $auto$rtlil.cc:3381:MuxGate$33743.
    Found tree with 4 MUXes at root $auto$rtlil.cc:3381:MuxGate$30503.
    Found tree with 1 MUXes at root $auto$rtlil.cc:3381:MuxGate$35053.
    Found tree with 1 MUXes at root $auto$rtlil.cc:3381:MuxGate$35049.
    Found tree with 4 MUXes at root $auto$rtlil.cc:3381:MuxGate$30511.
    Found tree with 2 MUXes at root $auto$rtlil.cc:3381:MuxGate$34289.
    Found tree with 3 MUXes at root $auto$rtlil.cc:3381:MuxGate$33949.
    Found tree with 2 MUXes at root $auto$rtlil.cc:3381:MuxGate$34181.
    Found tree with 1 MUXes at root $auto$rtlil.cc:3381:MuxGate$35067.
    Found tree with 2 MUXes at root $auto$rtlil.cc:3381:MuxGate$33739.
    Found tree with 2 MUXes at root $auto$rtlil.cc:3381:MuxGate$33735.
    Found tree with 2 MUXes at root $auto$rtlil.cc:3381:MuxGate$33731.
    Found tree with 2 MUXes at root $auto$rtlil.cc:3381:MuxGate$33727.
    Found tree with 2 MUXes at root $auto$rtlil.cc:3381:MuxGate$33723.
    Found tree with 2 MUXes at root $auto$rtlil.cc:3381:MuxGate$33719.
    Found tree with 2 MUXes at root $auto$rtlil.cc:3381:MuxGate$33715.
    Found tree with 2 MUXes at root $auto$rtlil.cc:3381:MuxGate$33711.
    Found tree with 2 MUXes at root $auto$rtlil.cc:3381:MuxGate$36509.
    Found tree with 2 MUXes at root $auto$rtlil.cc:3381:MuxGate$36505.
    Found tree with 2 MUXes at root $auto$rtlil.cc:3381:MuxGate$36501.
    Found tree with 2 MUXes at root $auto$rtlil.cc:3381:MuxGate$36497.
    Found tree with 2 MUXes at root $auto$rtlil.cc:3381:MuxGate$36493.
    Found tree with 2 MUXes at root $auto$rtlil.cc:3381:MuxGate$36489.
    Found tree with 2 MUXes at root $auto$rtlil.cc:3381:MuxGate$36485.
    Found tree with 2 MUXes at root $auto$rtlil.cc:3381:MuxGate$33707.
    Found tree with 2 MUXes at root $auto$rtlil.cc:3381:MuxGate$33703.
    Found tree with 2 MUXes at root $auto$rtlil.cc:3381:MuxGate$33699.
    Found tree with 2 MUXes at root $auto$rtlil.cc:3381:MuxGate$33695.
    Found tree with 2 MUXes at root $auto$rtlil.cc:3381:MuxGate$33691.
    Found tree with 2 MUXes at root $auto$rtlil.cc:3381:MuxGate$33687.
    Found tree with 2 MUXes at root $auto$rtlil.cc:3381:MuxGate$33683.
    Found tree with 4 MUXes at root $auto$rtlil.cc:3381:MuxGate$30533.
    Found tree with 4 MUXes at root $auto$rtlil.cc:3381:MuxGate$30535.
    Found tree with 4 MUXes at root $auto$rtlil.cc:3381:MuxGate$30537.
    Found tree with 2 MUXes at root $auto$rtlil.cc:3381:MuxGate$33679.
    Found tree with 2 MUXes at root $auto$rtlil.cc:3381:MuxGate$33675.
    Found tree with 2 MUXes at root $auto$rtlil.cc:3381:MuxGate$33671.
    Found tree with 2 MUXes at root $auto$rtlil.cc:3381:MuxGate$33667.
    Found tree with 2 MUXes at root $auto$rtlil.cc:3381:MuxGate$33663.
    Found tree with 2 MUXes at root $auto$rtlil.cc:3381:MuxGate$33659.
    Found tree with 2 MUXes at root $auto$rtlil.cc:3381:MuxGate$33655.
    Found tree with 2 MUXes at root $auto$rtlil.cc:3381:MuxGate$33651.
    Found tree with 2 MUXes at root $auto$rtlil.cc:3381:MuxGate$36481.
    Found tree with 2 MUXes at root $auto$rtlil.cc:3381:MuxGate$36477.
    Found tree with 2 MUXes at root $auto$rtlil.cc:3381:MuxGate$36473.
    Found tree with 2 MUXes at root $auto$rtlil.cc:3381:MuxGate$36469.
    Found tree with 2 MUXes at root $auto$rtlil.cc:3381:MuxGate$36465.
    Found tree with 2 MUXes at root $auto$rtlil.cc:3381:MuxGate$36461.
    Found tree with 2 MUXes at root $auto$rtlil.cc:3381:MuxGate$36457.
    Found tree with 2 MUXes at root $auto$rtlil.cc:3381:MuxGate$36453.
    Found tree with 3 MUXes at root $auto$rtlil.cc:3381:MuxGate$34503.
    Found tree with 3 MUXes at root $auto$rtlil.cc:3381:MuxGate$34495.
    Found tree with 3 MUXes at root $auto$rtlil.cc:3381:MuxGate$34487.
    Found tree with 3 MUXes at root $auto$rtlil.cc:3381:MuxGate$34523.
    Found tree with 3 MUXes at root $auto$rtlil.cc:3381:MuxGate$34527.
    Found tree with 2 MUXes at root $auto$rtlil.cc:3381:MuxGate$34313.
    Found tree with 2 MUXes at root $auto$rtlil.cc:3381:MuxGate$33647.
    Found tree with 3 MUXes at root $auto$rtlil.cc:3381:MuxGate$34539.
    Found tree with 3 MUXes at root $auto$rtlil.cc:3381:MuxGate$34587.
    Found tree with 1 MUXes at root $auto$rtlil.cc:3381:MuxGate$30475.
    Found tree with 3 MUXes at root $auto$rtlil.cc:3381:MuxGate$34583.
    Found tree with 3 MUXes at root $auto$rtlil.cc:3381:MuxGate$34571.
    Found tree with 3 MUXes at root $auto$rtlil.cc:3381:MuxGate$34559.
    Found tree with 3 MUXes at root $auto$rtlil.cc:3381:MuxGate$34555.
    Found tree with 2 MUXes at root $auto$rtlil.cc:3381:MuxGate$36449.
    Found tree with 2 MUXes at root $auto$rtlil.cc:3381:MuxGate$36445.
    Found tree with 2 MUXes at root $auto$rtlil.cc:3381:MuxGate$36441.
    Found tree with 2 MUXes at root $auto$rtlil.cc:3381:MuxGate$36401.
    Found tree with 2 MUXes at root $auto$rtlil.cc:3381:MuxGate$36417.
    Found tree with 2 MUXes at root $auto$rtlil.cc:3381:MuxGate$36413.
    Found tree with 2 MUXes at root $auto$rtlil.cc:3381:MuxGate$36409.
    Found tree with 2 MUXes at root $auto$rtlil.cc:3381:MuxGate$36405.
    Found tree with 3 MUXes at root $auto$rtlil.cc:3381:MuxGate$34643.
    Found tree with 3 MUXes at root $auto$rtlil.cc:3381:MuxGate$34547.
    Found tree with 3 MUXes at root $auto$rtlil.cc:3381:MuxGate$34543.
    Found tree with 3 MUXes at root $auto$rtlil.cc:3381:MuxGate$34551.
    Found tree with 3 MUXes at root $auto$rtlil.cc:3381:MuxGate$34475.
    Found tree with 4 MUXes at root $auto$rtlil.cc:3381:MuxGate$30539.
    Found tree with 4 MUXes at root $auto$rtlil.cc:3381:MuxGate$30541.
    Found tree with 2 MUXes at root $auto$rtlil.cc:3381:MuxGate$30545.
    Found tree with 2 MUXes at root $auto$rtlil.cc:3381:MuxGate$30549.
    Found tree with 2 MUXes at root $auto$rtlil.cc:3381:MuxGate$30553.
    Found tree with 2 MUXes at root $auto$rtlil.cc:3381:MuxGate$36357.
    Found tree with 2 MUXes at root $auto$rtlil.cc:3381:MuxGate$36353.
    Found tree with 2 MUXes at root $auto$rtlil.cc:3381:MuxGate$36349.
    Found tree with 2 MUXes at root $auto$rtlil.cc:3381:MuxGate$36345.
    Found tree with 2 MUXes at root $auto$rtlil.cc:3381:MuxGate$36341.
    Found tree with 2 MUXes at root $auto$rtlil.cc:3381:MuxGate$30557.
    Found tree with 2 MUXes at root $auto$rtlil.cc:3381:MuxGate$33643.
    Found tree with 2 MUXes at root $auto$rtlil.cc:3381:MuxGate$33639.
    Found tree with 2 MUXes at root $auto$rtlil.cc:3381:MuxGate$33635.
    Found tree with 2 MUXes at root $auto$rtlil.cc:3381:MuxGate$33631.
    Found tree with 2 MUXes at root $auto$rtlil.cc:3381:MuxGate$37037.
    Found tree with 2 MUXes at root $auto$rtlil.cc:3381:MuxGate$37061.
    Found tree with 1 MUXes at root $auto$rtlil.cc:3381:MuxGate$30457.
    Found tree with 2 MUXes at root $auto$rtlil.cc:3381:MuxGate$37021.
    Found tree with 2 MUXes at root $auto$rtlil.cc:3381:MuxGate$37065.
    Found tree with 2 MUXes at root $auto$rtlil.cc:3381:MuxGate$37041.
    Found tree with 1 MUXes at root $auto$rtlil.cc:3381:MuxGate$30461.
    Found tree with 1 MUXes at root $auto$rtlil.cc:3381:MuxGate$30463.
    Found tree with 1 MUXes at root $auto$rtlil.cc:3381:MuxGate$30465.
    Found tree with 2 MUXes at root $auto$rtlil.cc:3381:MuxGate$36321.
    Found tree with 1 MUXes at root $auto$rtlil.cc:3381:MuxGate$30467.
    Found tree with 1 MUXes at root $auto$rtlil.cc:3381:MuxGate$30469.
    Found tree with 2 MUXes at root $auto$rtlil.cc:3381:MuxGate$36317.
    Found tree with 1 MUXes at root $auto$rtlil.cc:3381:MuxGate$30471.
    Found tree with 1 MUXes at root $auto$rtlil.cc:3381:MuxGate$30473.
    Found tree with 2 MUXes at root $auto$rtlil.cc:3381:MuxGate$36313.
    Found tree with 2 MUXes at root $auto$rtlil.cc:3381:MuxGate$35165.
    Found tree with 2 MUXes at root $auto$rtlil.cc:3381:MuxGate$35093.
    Found tree with 1 MUXes at root $auto$rtlil.cc:3381:MuxGate$30451.
    Found tree with 2 MUXes at root $auto$rtlil.cc:3381:MuxGate$37053.
    Found tree with 1 MUXes at root $auto$rtlil.cc:3381:MuxGate$30453.
    Found tree with 2 MUXes at root $auto$rtlil.cc:3381:MuxGate$37029.
    Found tree with 2 MUXes at root $auto$rtlil.cc:3381:MuxGate$37033.
    Found tree with 2 MUXes at root $auto$rtlil.cc:3381:MuxGate$30323.
    Found tree with 2 MUXes at root $auto$rtlil.cc:3381:MuxGate$30311.
    Found tree with 2 MUXes at root $auto$rtlil.cc:3381:MuxGate$35101.
    Found tree with 2 MUXes at root $auto$rtlil.cc:3381:MuxGate$35237.
    Found tree with 2 MUXes at root $auto$rtlil.cc:3381:MuxGate$36309.
    Found tree with 2 MUXes at root $auto$rtlil.cc:3381:MuxGate$36305.
    Found tree with 2 MUXes at root $auto$rtlil.cc:3381:MuxGate$36301.
    Found tree with 2 MUXes at root $auto$rtlil.cc:3381:MuxGate$36297.
    Found tree with 2 MUXes at root $auto$rtlil.cc:3381:MuxGate$36337.
    Found tree with 2 MUXes at root $auto$rtlil.cc:3381:MuxGate$36333.
    Found tree with 2 MUXes at root $auto$rtlil.cc:3381:MuxGate$36329.
    Found tree with 2 MUXes at root $auto$rtlil.cc:3381:MuxGate$33627.
    Found tree with 1 MUXes at root $auto$rtlil.cc:3381:MuxGate$33625.
    Found tree with 1 MUXes at root $auto$rtlil.cc:3381:MuxGate$33623.
    Found tree with 1 MUXes at root $auto$rtlil.cc:3381:MuxGate$33621.
    Found tree with 1 MUXes at root $auto$rtlil.cc:3381:MuxGate$33619.
    Found tree with 1 MUXes at root $auto$rtlil.cc:3381:MuxGate$33617.
    Found tree with 1 MUXes at root $auto$rtlil.cc:3381:MuxGate$33615.
    Found tree with 1 MUXes at root $auto$rtlil.cc:3381:MuxGate$33613.
    Found tree with 2 MUXes at root $auto$rtlil.cc:3381:MuxGate$36293.
    Found tree with 3 MUXes at root $auto$rtlil.cc:3381:MuxGate$34603.
    Found tree with 3 MUXes at root $auto$rtlil.cc:3381:MuxGate$34607.
    Found tree with 3 MUXes at root $auto$rtlil.cc:3381:MuxGate$34611.
    Found tree with 1 MUXes at root $auto$rtlil.cc:3381:MuxGate$30427.
    Found tree with 3 MUXes at root $auto$rtlil.cc:3381:MuxGate$34615.
    Found tree with 2 MUXes at root $auto$rtlil.cc:3381:MuxGate$34967.
    Found tree with 2 MUXes at root $auto$rtlil.cc:3381:MuxGate$34963.
    Found tree with 3 MUXes at root $auto$rtlil.cc:3381:MuxGate$34979.
    Found tree with 2 MUXes at root $auto$rtlil.cc:3381:MuxGate$34931.
    Found tree with 2 MUXes at root $auto$rtlil.cc:3381:MuxGate$34943.
    Found tree with 2 MUXes at root $auto$rtlil.cc:3381:MuxGate$34951.
    Found tree with 2 MUXes at root $auto$rtlil.cc:3381:MuxGate$35361.
    Found tree with 2 MUXes at root $auto$rtlil.cc:3381:MuxGate$36861.
    Found tree with 2 MUXes at root $auto$rtlil.cc:3381:MuxGate$30359.
    Found tree with 2 MUXes at root $auto$rtlil.cc:3381:MuxGate$37133.
    Found tree with 2 MUXes at root $auto$rtlil.cc:3381:MuxGate$36829.
    Found tree with 2 MUXes at root $auto$rtlil.cc:3381:MuxGate$36825.
    Found tree with 2 MUXes at root $auto$rtlil.cc:3381:MuxGate$36821.
    Found tree with 2 MUXes at root $auto$rtlil.cc:3381:MuxGate$36817.
    Found tree with 2 MUXes at root $auto$rtlil.cc:3381:MuxGate$36813.
    Found tree with 2 MUXes at root $auto$rtlil.cc:3381:MuxGate$36809.
    Found tree with 2 MUXes at root $auto$rtlil.cc:3381:MuxGate$36805.
    Found tree with 2 MUXes at root $auto$rtlil.cc:3381:MuxGate$36397.
    Found tree with 2 MUXes at root $auto$rtlil.cc:3381:MuxGate$36393.
    Found tree with 2 MUXes at root $auto$rtlil.cc:3381:MuxGate$36389.
    Found tree with 2 MUXes at root $auto$rtlil.cc:3381:MuxGate$36385.
    Found tree with 2 MUXes at root $auto$rtlil.cc:3381:MuxGate$36381.
    Found tree with 2 MUXes at root $auto$rtlil.cc:3381:MuxGate$36377.
    Found tree with 2 MUXes at root $auto$rtlil.cc:3381:MuxGate$36373.
    Found tree with 2 MUXes at root $auto$rtlil.cc:3381:MuxGate$36369.
    Found tree with 2 MUXes at root $auto$rtlil.cc:3381:MuxGate$36365.
    Found tree with 2 MUXes at root $auto$rtlil.cc:3381:MuxGate$36361.
    Found tree with 3 MUXes at root $auto$rtlil.cc:3381:MuxGate$34531.
    Found tree with 2 MUXes at root $auto$rtlil.cc:3381:MuxGate$33611.
    Found tree with 3 MUXes at root $auto$rtlil.cc:3381:MuxGate$34451.
    Found tree with 2 MUXes at root $auto$rtlil.cc:3381:MuxGate$35229.
    Found tree with 2 MUXes at root $auto$rtlil.cc:3381:MuxGate$35145.
    Found tree with 3 MUXes at root $auto$rtlil.cc:3381:MuxGate$34535.
    Found tree with 2 MUXes at root $auto$rtlil.cc:3381:MuxGate$33607.
    Found tree with 2 MUXes at root $auto$rtlil.cc:3381:MuxGate$33603.
    Found tree with 2 MUXes at root $auto$rtlil.cc:3381:MuxGate$30561.
    Found tree with 2 MUXes at root $auto$rtlil.cc:3381:MuxGate$36289.
    Found tree with 2 MUXes at root $auto$rtlil.cc:3381:MuxGate$36285.
    Found tree with 2 MUXes at root $auto$rtlil.cc:3381:MuxGate$36281.
    Found tree with 2 MUXes at root $auto$rtlil.cc:3381:MuxGate$36277.
    Found tree with 2 MUXes at root $auto$rtlil.cc:3381:MuxGate$36273.
    Found tree with 2 MUXes at root $auto$rtlil.cc:3381:MuxGate$33599.
    Found tree with 2 MUXes at root $auto$rtlil.cc:3381:MuxGate$33595.
    Found tree with 2 MUXes at root $auto$rtlil.cc:3381:MuxGate$33591.
    Found tree with 2 MUXes at root $auto$rtlil.cc:3381:MuxGate$33587.
    Found tree with 2 MUXes at root $auto$rtlil.cc:3381:MuxGate$33583.
    Found tree with 2 MUXes at root $auto$rtlil.cc:3381:MuxGate$30167.
    Found tree with 2 MUXes at root $auto$rtlil.cc:3381:MuxGate$30163.
    Found tree with 2 MUXes at root $auto$rtlil.cc:3381:MuxGate$30159.
    Found tree with 2 MUXes at root $auto$rtlil.cc:3381:MuxGate$30155.
    Found tree with 2 MUXes at root $auto$rtlil.cc:3381:MuxGate$34285.
    Found tree with 2 MUXes at root $auto$rtlil.cc:3381:MuxGate$30565.
    Found tree with 2 MUXes at root $auto$rtlil.cc:3381:MuxGate$30569.
    Found tree with 2 MUXes at root $auto$rtlil.cc:3381:MuxGate$36269.
    Found tree with 2 MUXes at root $auto$rtlil.cc:3381:MuxGate$36265.
    Found tree with 2 MUXes at root $auto$rtlil.cc:3381:MuxGate$36261.
    Found tree with 2 MUXes at root $auto$rtlil.cc:3381:MuxGate$33579.
    Found tree with 2 MUXes at root $auto$rtlil.cc:3381:MuxGate$33575.
    Found tree with 2 MUXes at root $auto$rtlil.cc:3381:MuxGate$33571.
    Found tree with 2 MUXes at root $auto$rtlil.cc:3381:MuxGate$30239.
    Found tree with 2 MUXes at root $auto$rtlil.cc:3381:MuxGate$30147.
    Found tree with 2 MUXes at root $auto$rtlil.cc:3381:MuxGate$30143.
    Found tree with 2 MUXes at root $auto$rtlil.cc:3381:MuxGate$30139.
    Found tree with 2 MUXes at root $auto$rtlil.cc:3381:MuxGate$36257.
    Found tree with 2 MUXes at root $auto$rtlil.cc:3381:MuxGate$36253.
    Found tree with 2 MUXes at root $auto$rtlil.cc:3381:MuxGate$36249.
    Found tree with 2 MUXes at root $auto$rtlil.cc:3381:MuxGate$36245.
    Found tree with 2 MUXes at root $auto$rtlil.cc:3381:MuxGate$36241.
    Found tree with 2 MUXes at root $auto$rtlil.cc:3381:MuxGate$36237.
    Found tree with 2 MUXes at root $auto$rtlil.cc:3381:MuxGate$36233.
    Found tree with 2 MUXes at root $auto$rtlil.cc:3381:MuxGate$36229.
    Found tree with 2 MUXes at root $auto$rtlil.cc:3381:MuxGate$33567.
    Found tree with 2 MUXes at root $auto$rtlil.cc:3381:MuxGate$33563.
    Found tree with 2 MUXes at root $auto$rtlil.cc:3381:MuxGate$33559.
    Found tree with 2 MUXes at root $auto$rtlil.cc:3381:MuxGate$33555.
    Found tree with 2 MUXes at root $auto$rtlil.cc:3381:MuxGate$33551.
    Found tree with 2 MUXes at root $auto$rtlil.cc:3381:MuxGate$33547.
    Found tree with 2 MUXes at root $auto$rtlil.cc:3381:MuxGate$33543.
    Found tree with 2 MUXes at root $auto$rtlil.cc:3381:MuxGate$33539.
    Found tree with 2 MUXes at root $auto$rtlil.cc:3381:MuxGate$30135.
    Found tree with 2 MUXes at root $auto$rtlil.cc:3381:MuxGate$30131.
    Found tree with 2 MUXes at root $auto$rtlil.cc:3381:MuxGate$30127.
    Found tree with 2 MUXes at root $auto$rtlil.cc:3381:MuxGate$30123.
    Found tree with 2 MUXes at root $auto$rtlil.cc:3381:MuxGate$30119.
    Found tree with 2 MUXes at root $auto$rtlil.cc:3381:MuxGate$30115.
    Found tree with 2 MUXes at root $auto$rtlil.cc:3381:MuxGate$30111.
    Found tree with 2 MUXes at root $auto$rtlil.cc:3381:MuxGate$30107.
    Found tree with 2 MUXes at root $auto$rtlil.cc:3381:MuxGate$36225.
    Found tree with 2 MUXes at root $auto$rtlil.cc:3381:MuxGate$36221.
    Found tree with 2 MUXes at root $auto$rtlil.cc:3381:MuxGate$36217.
    Found tree with 2 MUXes at root $auto$rtlil.cc:3381:MuxGate$36869.
    Found tree with 1 MUXes at root $auto$rtlil.cc:3381:MuxGate$35055.
    Found tree with 2 MUXes at root $auto$rtlil.cc:3381:MuxGate$36213.
    Found tree with 2 MUXes at root $auto$rtlil.cc:3381:MuxGate$36209.
    Found tree with 2 MUXes at root $auto$rtlil.cc:3381:MuxGate$36205.
    Found tree with 2 MUXes at root $auto$rtlil.cc:3381:MuxGate$36201.
    Found tree with 2 MUXes at root $auto$rtlil.cc:3381:MuxGate$36197.
    Found tree with 2 MUXes at root $auto$rtlil.cc:3381:MuxGate$36193.
    Found tree with 2 MUXes at root $auto$rtlil.cc:3381:MuxGate$36189.
    Found tree with 2 MUXes at root $auto$rtlil.cc:3381:MuxGate$36185.
    Found tree with 2 MUXes at root $auto$rtlil.cc:3381:MuxGate$36181.
    Found tree with 2 MUXes at root $auto$rtlil.cc:3381:MuxGate$36177.
    Found tree with 2 MUXes at root $auto$rtlil.cc:3381:MuxGate$36173.
    Found tree with 2 MUXes at root $auto$rtlil.cc:3381:MuxGate$36169.
    Found tree with 2 MUXes at root $auto$rtlil.cc:3381:MuxGate$36165.
    Found tree with 2 MUXes at root $auto$rtlil.cc:3381:MuxGate$36161.
    Found tree with 2 MUXes at root $auto$rtlil.cc:3381:MuxGate$36157.
    Found tree with 2 MUXes at root $auto$rtlil.cc:3381:MuxGate$36153.
    Found tree with 2 MUXes at root $auto$rtlil.cc:3381:MuxGate$36149.
    Found tree with 2 MUXes at root $auto$rtlil.cc:3381:MuxGate$36145.
    Found tree with 2 MUXes at root $auto$rtlil.cc:3381:MuxGate$36141.
    Found tree with 2 MUXes at root $auto$rtlil.cc:3381:MuxGate$36137.
    Found tree with 2 MUXes at root $auto$rtlil.cc:3381:MuxGate$36133.
    Found tree with 2 MUXes at root $auto$rtlil.cc:3381:MuxGate$36129.
    Found tree with 2 MUXes at root $auto$rtlil.cc:3381:MuxGate$36125.
    Found tree with 2 MUXes at root $auto$rtlil.cc:3381:MuxGate$36121.
    Found tree with 2 MUXes at root $auto$rtlil.cc:3381:MuxGate$36117.
    Found tree with 2 MUXes at root $auto$rtlil.cc:3381:MuxGate$36113.
    Found tree with 2 MUXes at root $auto$rtlil.cc:3381:MuxGate$36109.
    Found tree with 2 MUXes at root $auto$rtlil.cc:3381:MuxGate$36105.
    Found tree with 2 MUXes at root $auto$rtlil.cc:3381:MuxGate$36101.
    Found tree with 2 MUXes at root $auto$rtlil.cc:3381:MuxGate$36097.
    Found tree with 2 MUXes at root $auto$rtlil.cc:3381:MuxGate$36093.
    Found tree with 2 MUXes at root $auto$rtlil.cc:3381:MuxGate$36089.
    Found tree with 2 MUXes at root $auto$rtlil.cc:3381:MuxGate$36085.
    Found tree with 2 MUXes at root $auto$rtlil.cc:3381:MuxGate$36081.
    Found tree with 2 MUXes at root $auto$rtlil.cc:3381:MuxGate$33535.
    Found tree with 2 MUXes at root $auto$rtlil.cc:3381:MuxGate$37125.
    Found tree with 2 MUXes at root $auto$rtlil.cc:3381:MuxGate$37117.
    Found tree with 2 MUXes at root $auto$rtlil.cc:3381:MuxGate$30355.
    Found tree with 2 MUXes at root $auto$rtlil.cc:3381:MuxGate$36077.
    Found tree with 2 MUXes at root $auto$rtlil.cc:3381:MuxGate$36073.
    Found tree with 2 MUXes at root $auto$rtlil.cc:3381:MuxGate$36069.
    Found tree with 2 MUXes at root $auto$rtlil.cc:3381:MuxGate$36065.
    Found tree with 2 MUXes at root $auto$rtlil.cc:3381:MuxGate$36061.
    Found tree with 2 MUXes at root $auto$rtlil.cc:3381:MuxGate$36057.
    Found tree with 2 MUXes at root $auto$rtlil.cc:3381:MuxGate$36053.
    Found tree with 2 MUXes at root $auto$rtlil.cc:3381:MuxGate$36049.
    Found tree with 2 MUXes at root $auto$rtlil.cc:3381:MuxGate$36045.
    Found tree with 2 MUXes at root $auto$rtlil.cc:3381:MuxGate$36041.
    Found tree with 2 MUXes at root $auto$rtlil.cc:3381:MuxGate$36037.
    Found tree with 2 MUXes at root $auto$rtlil.cc:3381:MuxGate$36033.
    Found tree with 2 MUXes at root $auto$rtlil.cc:3381:MuxGate$33531.
    Found tree with 2 MUXes at root $auto$rtlil.cc:3381:MuxGate$33527.
    Found tree with 2 MUXes at root $auto$rtlil.cc:3381:MuxGate$33523.
    Found tree with 2 MUXes at root $auto$rtlil.cc:3381:MuxGate$33519.
    Found tree with 2 MUXes at root $auto$rtlil.cc:3381:MuxGate$33515.
    Found tree with 2 MUXes at root $auto$rtlil.cc:3381:MuxGate$36789.
    Found tree with 3 MUXes at root $auto$rtlil.cc:3381:MuxGate$30885.
    Found tree with 3 MUXes at root $auto$rtlil.cc:3381:MuxGate$30889.
    Found tree with 3 MUXes at root $auto$rtlil.cc:3381:MuxGate$30893.
    Found tree with 2 MUXes at root $auto$rtlil.cc:3381:MuxGate$37613.
    Found tree with 2 MUXes at root $auto$rtlil.cc:3381:MuxGate$36777.
    Found tree with 3 MUXes at root $auto$rtlil.cc:3381:MuxGate$30897.
    Found tree with 2 MUXes at root $auto$rtlil.cc:3381:MuxGate$37609.
    Found tree with 3 MUXes at root $auto$rtlil.cc:3381:MuxGate$30901.
    Found tree with 3 MUXes at root $auto$rtlil.cc:3381:MuxGate$30905.
    Found tree with 2 MUXes at root $auto$rtlil.cc:3381:MuxGate$37621.
    Found tree with 2 MUXes at root $auto$rtlil.cc:3381:MuxGate$36781.
    Found tree with 2 MUXes at root $auto$rtlil.cc:3381:MuxGate$34317.
    Found tree with 2 MUXes at root $auto$rtlil.cc:3381:MuxGate$30929.
    Found tree with 2 MUXes at root $auto$rtlil.cc:3381:MuxGate$35953.
    Found tree with 2 MUXes at root $auto$rtlil.cc:3381:MuxGate$30933.
    Found tree with 2 MUXes at root $auto$rtlil.cc:3381:MuxGate$35945.
    Found tree with 2 MUXes at root $auto$rtlil.cc:3381:MuxGate$35937.
    Found tree with 2 MUXes at root $auto$rtlil.cc:3381:MuxGate$35921.
    Found tree with 2 MUXes at root $auto$rtlil.cc:3381:MuxGate$35925.
    Found tree with 2 MUXes at root $auto$rtlil.cc:3381:MuxGate$30937.
    Found tree with 2 MUXes at root $auto$rtlil.cc:3381:MuxGate$36765.
    Found tree with 2 MUXes at root $auto$rtlil.cc:3381:MuxGate$35949.
    Found tree with 2 MUXes at root $auto$rtlil.cc:3381:MuxGate$35965.
    Found tree with 2 MUXes at root $auto$rtlil.cc:3381:MuxGate$35933.
    Found tree with 2 MUXes at root $auto$rtlil.cc:3381:MuxGate$35961.
    Found tree with 2 MUXes at root $auto$rtlil.cc:3381:MuxGate$35929.
    Found tree with 2 MUXes at root $auto$rtlil.cc:3381:MuxGate$35957.
    Found tree with 2 MUXes at root $auto$rtlil.cc:3381:MuxGate$35941.
    Found tree with 2 MUXes at root $auto$rtlil.cc:3381:MuxGate$35233.
    Found tree with 2 MUXes at root $auto$rtlil.cc:3381:MuxGate$35989.
    Found tree with 2 MUXes at root $auto$rtlil.cc:3381:MuxGate$35993.
    Found tree with 2 MUXes at root $auto$rtlil.cc:3381:MuxGate$35997.
    Found tree with 2 MUXes at root $auto$rtlil.cc:3381:MuxGate$36001.
    Found tree with 2 MUXes at root $auto$rtlil.cc:3381:MuxGate$36005.
    Found tree with 2 MUXes at root $auto$rtlil.cc:3381:MuxGate$36009.
    Found tree with 2 MUXes at root $auto$rtlil.cc:3381:MuxGate$36013.
    Found tree with 2 MUXes at root $auto$rtlil.cc:3381:MuxGate$36017.
    Found tree with 2 MUXes at root $auto$rtlil.cc:3381:MuxGate$36021.
    Found tree with 2 MUXes at root $auto$rtlil.cc:3381:MuxGate$36025.
    Found tree with 2 MUXes at root $auto$rtlil.cc:3381:MuxGate$35985.
    Found tree with 2 MUXes at root $auto$rtlil.cc:3381:MuxGate$35981.
    Found tree with 2 MUXes at root $auto$rtlil.cc:3381:MuxGate$35977.
    Found tree with 2 MUXes at root $auto$rtlil.cc:3381:MuxGate$35973.
    Found tree with 2 MUXes at root $auto$rtlil.cc:3381:MuxGate$35969.
    Found tree with 2 MUXes at root $auto$rtlil.cc:3381:MuxGate$35917.
    Found tree with 2 MUXes at root $auto$rtlil.cc:3381:MuxGate$35913.
    Found tree with 2 MUXes at root $auto$rtlil.cc:3381:MuxGate$35909.
    Found tree with 2 MUXes at root $auto$rtlil.cc:3381:MuxGate$35905.
    Found tree with 2 MUXes at root $auto$rtlil.cc:3381:MuxGate$35901.
    Found tree with 2 MUXes at root $auto$rtlil.cc:3381:MuxGate$35897.
    Found tree with 2 MUXes at root $auto$rtlil.cc:3381:MuxGate$35893.
    Found tree with 2 MUXes at root $auto$rtlil.cc:3381:MuxGate$35889.
    Found tree with 2 MUXes at root $auto$rtlil.cc:3381:MuxGate$33511.
    Found tree with 2 MUXes at root $auto$rtlil.cc:3381:MuxGate$35885.
    Found tree with 2 MUXes at root $auto$rtlil.cc:3381:MuxGate$35881.
    Found tree with 2 MUXes at root $auto$rtlil.cc:3381:MuxGate$35877.
    Found tree with 2 MUXes at root $auto$rtlil.cc:3381:MuxGate$35873.
    Found tree with 2 MUXes at root $auto$rtlil.cc:3381:MuxGate$35869.
    Found tree with 2 MUXes at root $auto$rtlil.cc:3381:MuxGate$35865.
    Found tree with 2 MUXes at root $auto$rtlil.cc:3381:MuxGate$35861.
    Found tree with 2 MUXes at root $auto$rtlil.cc:3381:MuxGate$35857.
    Found tree with 2 MUXes at root $auto$rtlil.cc:3381:MuxGate$35097.
    Found tree with 2 MUXes at root $auto$rtlil.cc:3381:MuxGate$36785.
    Found tree with 2 MUXes at root $auto$rtlil.cc:3381:MuxGate$35853.
    Found tree with 2 MUXes at root $auto$rtlil.cc:3381:MuxGate$35849.
    Found tree with 2 MUXes at root $auto$rtlil.cc:3381:MuxGate$35845.
    Found tree with 2 MUXes at root $auto$rtlil.cc:3381:MuxGate$35841.
    Found tree with 2 MUXes at root $auto$rtlil.cc:3381:MuxGate$35837.
    Found tree with 2 MUXes at root $auto$rtlil.cc:3381:MuxGate$35833.
    Found tree with 2 MUXes at root $auto$rtlil.cc:3381:MuxGate$35829.
    Found tree with 2 MUXes at root $auto$rtlil.cc:3381:MuxGate$35825.
    Found tree with 2 MUXes at root $auto$rtlil.cc:3381:MuxGate$35821.
    Found tree with 2 MUXes at root $auto$rtlil.cc:3381:MuxGate$35817.
    Found tree with 2 MUXes at root $auto$rtlil.cc:3381:MuxGate$35813.
    Found tree with 2 MUXes at root $auto$rtlil.cc:3381:MuxGate$35809.
    Found tree with 2 MUXes at root $auto$rtlil.cc:3381:MuxGate$35805.
    Found tree with 2 MUXes at root $auto$rtlil.cc:3381:MuxGate$35801.
    Found tree with 2 MUXes at root $auto$rtlil.cc:3381:MuxGate$35797.
    Found tree with 2 MUXes at root $auto$rtlil.cc:3381:MuxGate$33507.
    Found tree with 2 MUXes at root $auto$rtlil.cc:3381:MuxGate$33503.
    Found tree with 2 MUXes at root $auto$rtlil.cc:3381:MuxGate$33499.
    Found tree with 2 MUXes at root $auto$rtlil.cc:3381:MuxGate$33495.
    Found tree with 2 MUXes at root $auto$rtlil.cc:3381:MuxGate$33491.
    Found tree with 2 MUXes at root $auto$rtlil.cc:3381:MuxGate$33487.
    Found tree with 2 MUXes at root $auto$rtlil.cc:3381:MuxGate$33483.
    Found tree with 2 MUXes at root $auto$rtlil.cc:3381:MuxGate$33479.
    Found tree with 2 MUXes at root $auto$rtlil.cc:3381:MuxGate$35793.
    Found tree with 2 MUXes at root $auto$rtlil.cc:3381:MuxGate$35789.
    Found tree with 2 MUXes at root $auto$rtlil.cc:3381:MuxGate$35785.
    Found tree with 2 MUXes at root $auto$rtlil.cc:3381:MuxGate$35781.
    Found tree with 2 MUXes at root $auto$rtlil.cc:3381:MuxGate$35777.
    Found tree with 2 MUXes at root $auto$rtlil.cc:3381:MuxGate$35773.
    Found tree with 2 MUXes at root $auto$rtlil.cc:3381:MuxGate$35769.
    Found tree with 2 MUXes at root $auto$rtlil.cc:3381:MuxGate$35765.
    Found tree with 2 MUXes at root $auto$rtlil.cc:3381:MuxGate$35761.
    Found tree with 2 MUXes at root $auto$rtlil.cc:3381:MuxGate$35757.
    Found tree with 2 MUXes at root $auto$rtlil.cc:3381:MuxGate$35753.
    Found tree with 2 MUXes at root $auto$rtlil.cc:3381:MuxGate$35749.
    Found tree with 2 MUXes at root $auto$rtlil.cc:3381:MuxGate$35745.
    Found tree with 2 MUXes at root $auto$rtlil.cc:3381:MuxGate$35741.
    Found tree with 2 MUXes at root $auto$rtlil.cc:3381:MuxGate$35737.
    Found tree with 2 MUXes at root $auto$rtlil.cc:3381:MuxGate$35109.
    Found tree with 2 MUXes at root $auto$rtlil.cc:3381:MuxGate$35733.
    Found tree with 2 MUXes at root $auto$rtlil.cc:3381:MuxGate$33475.
    Found tree with 2 MUXes at root $auto$rtlil.cc:3381:MuxGate$33471.
    Found tree with 2 MUXes at root $auto$rtlil.cc:3381:MuxGate$33467.
    Found tree with 2 MUXes at root $auto$rtlil.cc:3381:MuxGate$33463.
    Found tree with 2 MUXes at root $auto$rtlil.cc:3381:MuxGate$35205.
    Found tree with 2 MUXes at root $auto$rtlil.cc:3381:MuxGate$33459.
    Found tree with 2 MUXes at root $auto$rtlil.cc:3381:MuxGate$35201.
    Found tree with 2 MUXes at root $auto$rtlil.cc:3381:MuxGate$35721.
    Found tree with 2 MUXes at root $auto$rtlil.cc:3381:MuxGate$35717.
    Found tree with 2 MUXes at root $auto$rtlil.cc:3381:MuxGate$35713.
    Found tree with 2 MUXes at root $auto$rtlil.cc:3381:MuxGate$35709.
    Found tree with 2 MUXes at root $auto$rtlil.cc:3381:MuxGate$35705.
    Found tree with 2 MUXes at root $auto$rtlil.cc:3381:MuxGate$35701.
    Found tree with 2 MUXes at root $auto$rtlil.cc:3381:MuxGate$35697.
    Found tree with 2 MUXes at root $auto$rtlil.cc:3381:MuxGate$35693.
    Found tree with 2 MUXes at root $auto$rtlil.cc:3381:MuxGate$35689.
    Found tree with 2 MUXes at root $auto$rtlil.cc:3381:MuxGate$35685.
    Found tree with 2 MUXes at root $auto$rtlil.cc:3381:MuxGate$35681.
    Found tree with 2 MUXes at root $auto$rtlil.cc:3381:MuxGate$35677.
    Found tree with 2 MUXes at root $auto$rtlil.cc:3381:MuxGate$35673.
    Found tree with 2 MUXes at root $auto$rtlil.cc:3381:MuxGate$33455.
    Found tree with 2 MUXes at root $auto$rtlil.cc:3381:MuxGate$33451.
    Found tree with 2 MUXes at root $auto$rtlil.cc:3381:MuxGate$33447.
    Found tree with 2 MUXes at root $auto$rtlil.cc:3381:MuxGate$33443.
    Found tree with 2 MUXes at root $auto$rtlil.cc:3381:MuxGate$33439.
    Found tree with 2 MUXes at root $auto$rtlil.cc:3381:MuxGate$33435.
    Found tree with 2 MUXes at root $auto$rtlil.cc:3381:MuxGate$33431.
    Found tree with 2 MUXes at root $auto$rtlil.cc:3381:MuxGate$33427.
    Found tree with 2 MUXes at root $auto$rtlil.cc:3381:MuxGate$35669.
    Found tree with 2 MUXes at root $auto$rtlil.cc:3381:MuxGate$35665.
    Found tree with 2 MUXes at root $auto$rtlil.cc:3381:MuxGate$35661.
    Found tree with 2 MUXes at root $auto$rtlil.cc:3381:MuxGate$35657.
    Found tree with 2 MUXes at root $auto$rtlil.cc:3381:MuxGate$35653.
    Found tree with 2 MUXes at root $auto$rtlil.cc:3381:MuxGate$35649.
    Found tree with 2 MUXes at root $auto$rtlil.cc:3381:MuxGate$35645.
    Found tree with 2 MUXes at root $auto$rtlil.cc:3381:MuxGate$35641.
    Found tree with 2 MUXes at root $auto$rtlil.cc:3381:MuxGate$35637.
    Found tree with 2 MUXes at root $auto$rtlil.cc:3381:MuxGate$35633.
    Found tree with 2 MUXes at root $auto$rtlil.cc:3381:MuxGate$35629.
    Found tree with 2 MUXes at root $auto$rtlil.cc:3381:MuxGate$35625.
    Found tree with 2 MUXes at root $auto$rtlil.cc:3381:MuxGate$35621.
    Found tree with 2 MUXes at root $auto$rtlil.cc:3381:MuxGate$35617.
    Found tree with 2 MUXes at root $auto$rtlil.cc:3381:MuxGate$35613.
    Found tree with 2 MUXes at root $auto$rtlil.cc:3381:MuxGate$35729.
    Found tree with 2 MUXes at root $auto$rtlil.cc:3381:MuxGate$33423.
    Found tree with 2 MUXes at root $auto$rtlil.cc:3381:MuxGate$33419.
    Found tree with 2 MUXes at root $auto$rtlil.cc:3381:MuxGate$33415.
    Found tree with 2 MUXes at root $auto$rtlil.cc:3381:MuxGate$33411.
    Found tree with 2 MUXes at root $auto$rtlil.cc:3381:MuxGate$33407.
    Found tree with 2 MUXes at root $auto$rtlil.cc:3381:MuxGate$33403.
    Found tree with 2 MUXes at root $auto$rtlil.cc:3381:MuxGate$33399.
    Found tree with 2 MUXes at root $auto$rtlil.cc:3381:MuxGate$33395.
    Found tree with 2 MUXes at root $auto$rtlil.cc:3381:MuxGate$33391.
    Found tree with 2 MUXes at root $auto$rtlil.cc:3381:MuxGate$33387.
    Found tree with 2 MUXes at root $auto$rtlil.cc:3381:MuxGate$33383.
    Found tree with 2 MUXes at root $auto$rtlil.cc:3381:MuxGate$33379.
    Found tree with 2 MUXes at root $auto$rtlil.cc:3381:MuxGate$33375.
    Found tree with 2 MUXes at root $auto$rtlil.cc:3381:MuxGate$33371.
    Found tree with 2 MUXes at root $auto$rtlil.cc:3381:MuxGate$33367.
    Found tree with 2 MUXes at root $auto$rtlil.cc:3381:MuxGate$35609.
    Found tree with 2 MUXes at root $auto$rtlil.cc:3381:MuxGate$35605.
    Found tree with 1 MUXes at root $auto$rtlil.cc:3381:MuxGate$35065.
    Found tree with 2 MUXes at root $auto$rtlil.cc:3381:MuxGate$35601.
    Found tree with 1 MUXes at root $auto$rtlil.cc:3381:MuxGate$35073.
    Found tree with 2 MUXes at root $auto$rtlil.cc:3381:MuxGate$35725.
    Found tree with 2 MUXes at root $auto$rtlil.cc:3381:MuxGate$35597.
    Found tree with 2 MUXes at root $auto$rtlil.cc:3381:MuxGate$35593.
    Found tree with 2 MUXes at root $auto$rtlil.cc:3381:MuxGate$35589.
    Found tree with 2 MUXes at root $auto$rtlil.cc:3381:MuxGate$35585.
    Found tree with 2 MUXes at root $auto$rtlil.cc:3381:MuxGate$35581.
    Found tree with 2 MUXes at root $auto$rtlil.cc:3381:MuxGate$35577.
    Found tree with 2 MUXes at root $auto$rtlil.cc:3381:MuxGate$35573.
    Found tree with 2 MUXes at root $auto$rtlil.cc:3381:MuxGate$35569.
    Found tree with 2 MUXes at root $auto$rtlil.cc:3381:MuxGate$35565.
    Found tree with 2 MUXes at root $auto$rtlil.cc:3381:MuxGate$35561.
    Found tree with 2 MUXes at root $auto$rtlil.cc:3381:MuxGate$35557.
    Found tree with 2 MUXes at root $auto$rtlil.cc:3381:MuxGate$35553.
    Found tree with 2 MUXes at root $auto$rtlil.cc:3381:MuxGate$35549.
    Found tree with 2 MUXes at root $auto$rtlil.cc:3381:MuxGate$35545.
    Found tree with 2 MUXes at root $auto$rtlil.cc:3381:MuxGate$35541.
    Found tree with 2 MUXes at root $auto$rtlil.cc:3381:MuxGate$35537.
    Found tree with 2 MUXes at root $auto$rtlil.cc:3381:MuxGate$35533.
    Found tree with 2 MUXes at root $auto$rtlil.cc:3381:MuxGate$35529.
    Found tree with 2 MUXes at root $auto$rtlil.cc:3381:MuxGate$35525.
    Found tree with 2 MUXes at root $auto$rtlil.cc:3381:MuxGate$35521.
    Found tree with 2 MUXes at root $auto$rtlil.cc:3381:MuxGate$35517.
    Found tree with 2 MUXes at root $auto$rtlil.cc:3381:MuxGate$35513.
    Found tree with 2 MUXes at root $auto$rtlil.cc:3381:MuxGate$35509.
    Found tree with 2 MUXes at root $auto$rtlil.cc:3381:MuxGate$35505.
    Found tree with 2 MUXes at root $auto$rtlil.cc:3381:MuxGate$35501.
    Found tree with 2 MUXes at root $auto$rtlil.cc:3381:MuxGate$35497.
    Found tree with 2 MUXes at root $auto$rtlil.cc:3381:MuxGate$35493.
    Found tree with 2 MUXes at root $auto$rtlil.cc:3381:MuxGate$35489.
    Found tree with 2 MUXes at root $auto$rtlil.cc:3381:MuxGate$35485.
    Found tree with 2 MUXes at root $auto$rtlil.cc:3381:MuxGate$35481.
    Found tree with 2 MUXes at root $auto$rtlil.cc:3381:MuxGate$35477.
    Found tree with 3 MUXes at root $auto$rtlil.cc:3381:MuxGate$33935.
    Found tree with 2 MUXes at root $auto$rtlil.cc:3381:MuxGate$34237.
    Found tree with 2 MUXes at root $auto$rtlil.cc:3381:MuxGate$34233.
    Found tree with 2 MUXes at root $auto$rtlil.cc:3381:MuxGate$31045.
    Found tree with 2 MUXes at root $auto$rtlil.cc:3381:MuxGate$34229.
    Found tree with 3 MUXes at root $auto$rtlil.cc:3381:MuxGate$33931.
    Found tree with 2 MUXes at root $auto$rtlil.cc:3381:MuxGate$36989.
    Found tree with 2 MUXes at root $auto$rtlil.cc:3381:MuxGate$36965.
    Found tree with 2 MUXes at root $auto$rtlil.cc:3381:MuxGate$36945.
    Found tree with 2 MUXes at root $auto$rtlil.cc:3381:MuxGate$36949.
    Found tree with 2 MUXes at root $auto$rtlil.cc:3381:MuxGate$36969.
    Found tree with 2 MUXes at root $auto$rtlil.cc:3381:MuxGate$36973.
    Found tree with 2 MUXes at root $auto$rtlil.cc:3381:MuxGate$37001.
    Found tree with 2 MUXes at root $auto$rtlil.cc:3381:MuxGate$36977.
    Found tree with 2 MUXes at root $auto$rtlil.cc:3381:MuxGate$36957.
    Found tree with 2 MUXes at root $auto$rtlil.cc:3381:MuxGate$37005.
    Found tree with 2 MUXes at root $auto$rtlil.cc:3381:MuxGate$36961.
    Found tree with 2 MUXes at root $auto$rtlil.cc:3381:MuxGate$36981.
    Found tree with 2 MUXes at root $auto$rtlil.cc:3381:MuxGate$30573.
    Found tree with 2 MUXes at root $auto$rtlil.cc:3381:MuxGate$36929.
    Found tree with 2 MUXes at root $auto$rtlil.cc:3381:MuxGate$36953.
    Found tree with 3 MUXes at root $auto$rtlil.cc:3381:MuxGate$34627.
    Found tree with 2 MUXes at root $auto$rtlil.cc:3381:MuxGate$30577.
    Found tree with 2 MUXes at root $auto$rtlil.cc:3381:MuxGate$36985.
    Found tree with 2 MUXes at root $auto$rtlil.cc:3381:MuxGate$34261.
    Found tree with 2 MUXes at root $auto$rtlil.cc:3381:MuxGate$36993.
    Found tree with 2 MUXes at root $auto$rtlil.cc:3381:MuxGate$35249.
    Found tree with 2 MUXes at root $auto$rtlil.cc:3381:MuxGate$36997.
    Found tree with 2 MUXes at root $auto$rtlil.cc:3381:MuxGate$35461.
    Found tree with 2 MUXes at root $auto$rtlil.cc:3381:MuxGate$35457.
    Found tree with 2 MUXes at root $auto$rtlil.cc:3381:MuxGate$30585.
    Found tree with 3 MUXes at root $auto$rtlil.cc:3381:MuxGate$34651.
    Found tree with 2 MUXes at root $auto$rtlil.cc:3381:MuxGate$35449.
    Found tree with 2 MUXes at root $auto$rtlil.cc:3381:MuxGate$35469.
    Found tree with 2 MUXes at root $auto$rtlil.cc:3381:MuxGate$35445.
    Found tree with 2 MUXes at root $auto$rtlil.cc:3381:MuxGate$35465.
    Found tree with 2 MUXes at root $auto$rtlil.cc:3381:MuxGate$35453.
    Found tree with 2 MUXes at root $auto$rtlil.cc:3381:MuxGate$35245.
    Found tree with 2 MUXes at root $auto$rtlil.cc:3381:MuxGate$34209.
    Found tree with 2 MUXes at root $auto$rtlil.cc:3381:MuxGate$30589.
    Found tree with 2 MUXes at root $auto$rtlil.cc:3381:MuxGate$30593.
    Found tree with 2 MUXes at root $auto$rtlil.cc:3381:MuxGate$30597.
    Found tree with 2 MUXes at root $auto$rtlil.cc:3381:MuxGate$34185.
    Found tree with 2 MUXes at root $auto$rtlil.cc:3381:MuxGate$34253.
    Found tree with 2 MUXes at root $auto$rtlil.cc:3381:MuxGate$30601.
    Found tree with 3 MUXes at root $auto$rtlil.cc:3381:MuxGate$33919.
    Found tree with 2 MUXes at root $auto$rtlil.cc:3381:MuxGate$34257.
    Found tree with 2 MUXes at root $auto$rtlil.cc:3381:MuxGate$30605.
    Found tree with 3 MUXes at root $auto$rtlil.cc:3381:MuxGate$33945.
    Found tree with 2 MUXes at root $auto$rtlil.cc:3381:MuxGate$30367.
    Found tree with 2 MUXes at root $auto$rtlil.cc:3381:MuxGate$37293.
    Found tree with 2 MUXes at root $auto$rtlil.cc:3381:MuxGate$37289.
    Found tree with 2 MUXes at root $auto$rtlil.cc:3381:MuxGate$37285.
    Found tree with 2 MUXes at root $auto$rtlil.cc:3381:MuxGate$37281.
    Found tree with 2 MUXes at root $auto$rtlil.cc:3381:MuxGate$37273.
    Found tree with 2 MUXes at root $auto$rtlil.cc:3381:MuxGate$37269.
    Found tree with 2 MUXes at root $auto$rtlil.cc:3381:MuxGate$37265.
    Found tree with 2 MUXes at root $auto$rtlil.cc:3381:MuxGate$37261.
    Found tree with 2 MUXes at root $auto$rtlil.cc:3381:MuxGate$37257.
    Found tree with 2 MUXes at root $auto$rtlil.cc:3381:MuxGate$37253.
    Found tree with 2 MUXes at root $auto$rtlil.cc:3381:MuxGate$37249.
    Found tree with 2 MUXes at root $auto$rtlil.cc:3381:MuxGate$37245.
    Found tree with 2 MUXes at root $auto$rtlil.cc:3381:MuxGate$37241.
    Found tree with 2 MUXes at root $auto$rtlil.cc:3381:MuxGate$37237.
    Found tree with 2 MUXes at root $auto$rtlil.cc:3381:MuxGate$37233.
    Found tree with 2 MUXes at root $auto$rtlil.cc:3381:MuxGate$37229.
    Found tree with 2 MUXes at root $auto$rtlil.cc:3381:MuxGate$37225.
    Found tree with 2 MUXes at root $auto$rtlil.cc:3381:MuxGate$37221.
    Found tree with 2 MUXes at root $auto$rtlil.cc:3381:MuxGate$37217.
    Found tree with 2 MUXes at root $auto$rtlil.cc:3381:MuxGate$37213.
    Found tree with 2 MUXes at root $auto$rtlil.cc:3381:MuxGate$37209.
    Found tree with 2 MUXes at root $auto$rtlil.cc:3381:MuxGate$37205.
    Found tree with 2 MUXes at root $auto$rtlil.cc:3381:MuxGate$30379.
    Found tree with 2 MUXes at root $auto$rtlil.cc:3381:MuxGate$37277.
    Found tree with 2 MUXes at root $auto$rtlil.cc:3381:MuxGate$37201.
    Found tree with 2 MUXes at root $auto$rtlil.cc:3381:MuxGate$37197.
    Found tree with 2 MUXes at root $auto$rtlil.cc:3381:MuxGate$37193.
    Found tree with 2 MUXes at root $auto$rtlil.cc:3381:MuxGate$37185.
    Found tree with 2 MUXes at root $auto$rtlil.cc:3381:MuxGate$37181.
    Found tree with 2 MUXes at root $auto$rtlil.cc:3381:MuxGate$35225.
    Found tree with 2 MUXes at root $auto$rtlil.cc:3381:MuxGate$35221.
    Found tree with 2 MUXes at root $auto$rtlil.cc:3381:MuxGate$35217.
    Found tree with 2 MUXes at root $auto$rtlil.cc:3381:MuxGate$35213.
    Found tree with 2 MUXes at root $auto$rtlil.cc:3381:MuxGate$35209.
    Found tree with 2 MUXes at root $auto$rtlil.cc:3381:MuxGate$35085.
    Found tree with 2 MUXes at root $auto$rtlil.cc:3381:MuxGate$35089.
    Found tree with 2 MUXes at root $auto$rtlil.cc:3381:MuxGate$35197.
    Found tree with 2 MUXes at root $auto$rtlil.cc:3381:MuxGate$35193.
    Found tree with 2 MUXes at root $auto$rtlil.cc:3381:MuxGate$35189.
    Found tree with 2 MUXes at root $auto$rtlil.cc:3381:MuxGate$35185.
    Found tree with 2 MUXes at root $auto$rtlil.cc:3381:MuxGate$35181.
    Found tree with 2 MUXes at root $auto$rtlil.cc:3381:MuxGate$34887.
    Found tree with 2 MUXes at root $auto$rtlil.cc:3381:MuxGate$35173.
    Found tree with 2 MUXes at root $auto$rtlil.cc:3381:MuxGate$35081.
    Found tree with 2 MUXes at root $auto$rtlil.cc:3381:MuxGate$30613.
    Found tree with 2 MUXes at root $auto$rtlil.cc:3381:MuxGate$30617.
    Found tree with 2 MUXes at root $auto$rtlil.cc:3381:MuxGate$30625.
    Found tree with 2 MUXes at root $auto$rtlil.cc:3381:MuxGate$30629.
    Found tree with 2 MUXes at root $auto$rtlil.cc:3381:MuxGate$30637.
    Found tree with 2 MUXes at root $auto$rtlil.cc:3381:MuxGate$30641.
    Found tree with 2 MUXes at root $auto$rtlil.cc:3381:MuxGate$30649.
    Found tree with 1 MUXes at root $auto$rtlil.cc:3381:MuxGate$33941.
    Found tree with 2 MUXes at root $auto$rtlil.cc:3381:MuxGate$34249.
    Found tree with 2 MUXes at root $auto$rtlil.cc:3381:MuxGate$34241.
    Found tree with 3 MUXes at root $auto$rtlil.cc:3381:MuxGate$33939.
    Found tree with 2 MUXes at root $auto$rtlil.cc:3381:MuxGate$30653.
    Found tree with 2 MUXes at root $auto$rtlil.cc:3381:MuxGate$34245.
    Found tree with 2 MUXes at root $auto$rtlil.cc:3381:MuxGate$34059.
    Found tree with 1 MUXes at root $auto$rtlil.cc:3381:MuxGate$33859.
    Found tree with 2 MUXes at root $auto$rtlil.cc:3381:MuxGate$34047.
    Found tree with 2 MUXes at root $auto$rtlil.cc:3381:MuxGate$30657.
    Found tree with 1 MUXes at root $auto$rtlil.cc:3381:MuxGate$33857.
    Found tree with 1 MUXes at root $auto$rtlil.cc:3381:MuxGate$33855.
    Found tree with 2 MUXes at root $auto$rtlil.cc:3381:MuxGate$30661.
    Found tree with 2 MUXes at root $auto$rtlil.cc:3381:MuxGate$30665.
    Found tree with 2 MUXes at root $auto$rtlil.cc:3381:MuxGate$37173.
    Found tree with 2 MUXes at root $auto$rtlil.cc:3381:MuxGate$37169.
    Found tree with 2 MUXes at root $auto$rtlil.cc:3381:MuxGate$37165.
    Found tree with 2 MUXes at root $auto$rtlil.cc:3381:MuxGate$37161.
    Found tree with 2 MUXes at root $auto$rtlil.cc:3381:MuxGate$37157.
    Found tree with 2 MUXes at root $auto$rtlil.cc:3381:MuxGate$37153.
    Found tree with 2 MUXes at root $auto$rtlil.cc:3381:MuxGate$37149.
    Found tree with 2 MUXes at root $auto$rtlil.cc:3381:MuxGate$37145.
    Found tree with 2 MUXes at root $auto$rtlil.cc:3381:MuxGate$37141.
    Found tree with 2 MUXes at root $auto$rtlil.cc:3381:MuxGate$37137.
    Found tree with 2 MUXes at root $auto$rtlil.cc:3381:MuxGate$37305.
    Found tree with 2 MUXes at root $auto$rtlil.cc:3381:MuxGate$37301.
    Found tree with 2 MUXes at root $auto$rtlil.cc:3381:MuxGate$37177.
    Found tree with 3 MUXes at root $auto$rtlil.cc:3381:MuxGate$34619.
    Found tree with 2 MUXes at root $auto$rtlil.cc:3381:MuxGate$34293.
    Found tree with 2 MUXes at root $auto$rtlil.cc:3381:MuxGate$34325.
    Found tree with 3 MUXes at root $auto$rtlil.cc:3381:MuxGate$34751.
    Found tree with 2 MUXes at root $auto$rtlil.cc:3381:MuxGate$34377.
    Found tree with 2 MUXes at root $auto$rtlil.cc:3381:MuxGate$34381.
    Found tree with 2 MUXes at root $auto$rtlil.cc:3381:MuxGate$34385.
    Found tree with 2 MUXes at root $auto$rtlil.cc:3381:MuxGate$34413.
    Found tree with 2 MUXes at root $auto$rtlil.cc:3381:MuxGate$34321.
    Found tree with 1 MUXes at root $auto$rtlil.cc:3381:MuxGate$34427.
    Found tree with 2 MUXes at root $auto$rtlil.cc:3381:MuxGate$34425.
    Found tree with 3 MUXes at root $auto$rtlil.cc:3381:MuxGate$34431.
    Found tree with 2 MUXes at root $auto$rtlil.cc:3381:MuxGate$34373.
    Found tree with 2 MUXes at root $auto$rtlil.cc:3381:MuxGate$34369.
    Found tree with 1 MUXes at root $auto$rtlil.cc:3381:MuxGate$35051.
    Found tree with 2 MUXes at root $auto$rtlil.cc:3381:MuxGate$34333.
    Found tree with 2 MUXes at root $auto$rtlil.cc:3381:MuxGate$34329.
    Found tree with 2 MUXes at root $auto$rtlil.cc:3381:MuxGate$30669.
    Found tree with 4 MUXes at root $auto$rtlil.cc:3381:MuxGate$30673.
    Found tree with 4 MUXes at root $auto$rtlil.cc:3381:MuxGate$30677.
    Found tree with 4 MUXes at root $auto$rtlil.cc:3381:MuxGate$30681.
    Found tree with 4 MUXes at root $auto$rtlil.cc:3381:MuxGate$30685.
    Found tree with 4 MUXes at root $auto$rtlil.cc:3381:MuxGate$30689.
    Found tree with 4 MUXes at root $auto$rtlil.cc:3381:MuxGate$30693.
    Found tree with 4 MUXes at root $auto$rtlil.cc:3381:MuxGate$30697.
    Found tree with 2 MUXes at root $auto$rtlil.cc:3381:MuxGate$33363.
    Found tree with 2 MUXes at root $auto$rtlil.cc:3381:MuxGate$33359.
    Found tree with 2 MUXes at root $auto$rtlil.cc:3381:MuxGate$33355.
    Found tree with 2 MUXes at root $auto$rtlil.cc:3381:MuxGate$33351.
    Found tree with 2 MUXes at root $auto$rtlil.cc:3381:MuxGate$33347.
    Found tree with 2 MUXes at root $auto$rtlil.cc:3381:MuxGate$33343.
    Found tree with 2 MUXes at root $auto$rtlil.cc:3381:MuxGate$33339.
    Found tree with 4 MUXes at root $auto$rtlil.cc:3381:MuxGate$30701.
    Found tree with 2 MUXes at root $auto$rtlil.cc:3381:MuxGate$34225.
    Found tree with 2 MUXes at root $auto$rtlil.cc:3381:MuxGate$31049.
    Found tree with 2 MUXes at root $auto$rtlil.cc:3381:MuxGate$34221.
    Found tree with 3 MUXes at root $auto$rtlil.cc:3381:MuxGate$33927.
    Found tree with 2 MUXes at root $auto$rtlil.cc:3381:MuxGate$34217.
    Found tree with 2 MUXes at root $auto$rtlil.cc:3381:MuxGate$31053.
    Found tree with 2 MUXes at root $auto$rtlil.cc:3381:MuxGate$34213.
    Found tree with 3 MUXes at root $auto$rtlil.cc:3381:MuxGate$33923.
    Found tree with 2 MUXes at root $auto$rtlil.cc:3381:MuxGate$37121.
    Found tree with 4 MUXes at root $auto$rtlil.cc:3381:MuxGate$31057.
    Found tree with 2 MUXes at root $auto$rtlil.cc:3381:MuxGate$35241.
    Found tree with 4 MUXes at root $auto$rtlil.cc:3381:MuxGate$31065.
    Found tree with 4 MUXes at root $auto$rtlil.cc:3381:MuxGate$31069.
    Found tree with 4 MUXes at root $auto$rtlil.cc:3381:MuxGate$31061.
    Found tree with 4 MUXes at root $auto$rtlil.cc:3381:MuxGate$31073.
    Found tree with 4 MUXes at root $auto$rtlil.cc:3381:MuxGate$31077.
    Found tree with 2 MUXes at root $auto$rtlil.cc:3381:MuxGate$36909.
    Found tree with 2 MUXes at root $auto$rtlil.cc:3381:MuxGate$36921.
    Found tree with 2 MUXes at root $auto$rtlil.cc:3381:MuxGate$36917.
    Found tree with 2 MUXes at root $auto$rtlil.cc:3381:MuxGate$36913.
    Found tree with 4 MUXes at root $auto$rtlil.cc:3381:MuxGate$31081.
    Found tree with 2 MUXes at root $auto$rtlil.cc:3381:MuxGate$34205.
    Found tree with 2 MUXes at root $auto$rtlil.cc:3381:MuxGate$35161.
    Found tree with 2 MUXes at root $auto$rtlil.cc:3381:MuxGate$35157.
    Found tree with 2 MUXes at root $auto$rtlil.cc:3381:MuxGate$35153.
    Found tree with 2 MUXes at root $auto$rtlil.cc:3381:MuxGate$36905.
    Found tree with 2 MUXes at root $auto$rtlil.cc:3381:MuxGate$36901.
    Found tree with 2 MUXes at root $auto$rtlil.cc:3381:MuxGate$36897.
    Found tree with 2 MUXes at root $auto$rtlil.cc:3381:MuxGate$36893.
    Found tree with 2 MUXes at root $auto$rtlil.cc:3381:MuxGate$36889.
    Found tree with 2 MUXes at root $auto$rtlil.cc:3381:MuxGate$36885.
    Found tree with 2 MUXes at root $auto$rtlil.cc:3381:MuxGate$36881.
    Found tree with 4 MUXes at root $auto$rtlil.cc:3381:MuxGate$30705.
    Found tree with 4 MUXes at root $auto$rtlil.cc:3381:MuxGate$30709.
    Found tree with 4 MUXes at root $auto$rtlil.cc:3381:MuxGate$30713.
    Found tree with 4 MUXes at root $auto$rtlil.cc:3381:MuxGate$30717.
    Found tree with 4 MUXes at root $auto$rtlil.cc:3381:MuxGate$30721.
    Found tree with 4 MUXes at root $auto$rtlil.cc:3381:MuxGate$30725.
    Found tree with 3 MUXes at root $auto$rtlil.cc:3381:MuxGate$34567.
    Found tree with 2 MUXes at root $auto$rtlil.cc:3381:MuxGate$31813.
    Found tree with 2 MUXes at root $auto$rtlil.cc:3381:MuxGate$31817.
    Found tree with 2 MUXes at root $auto$rtlil.cc:3381:MuxGate$33335.
    Found tree with 2 MUXes at root $auto$rtlil.cc:3381:MuxGate$34883.
    Found tree with 2 MUXes at root $auto$rtlil.cc:3381:MuxGate$34879.
    Found tree with 2 MUXes at root $auto$rtlil.cc:3381:MuxGate$34875.
    Found tree with 2 MUXes at root $auto$rtlil.cc:3381:MuxGate$34871.
    Found tree with 2 MUXes at root $auto$rtlil.cc:3381:MuxGate$34867.
    Found tree with 2 MUXes at root $auto$rtlil.cc:3381:MuxGate$35409.
    Found tree with 2 MUXes at root $auto$rtlil.cc:3381:MuxGate$34863.
    Found tree with 2 MUXes at root $auto$rtlil.cc:3381:MuxGate$34859.
    Found tree with 2 MUXes at root $auto$rtlil.cc:3381:MuxGate$30295.
    Found tree with 2 MUXes at root $auto$rtlil.cc:3381:MuxGate$36877.
    Found tree with 2 MUXes at root $auto$rtlil.cc:3381:MuxGate$36873.
    Found tree with 2 MUXes at root $auto$rtlil.cc:3381:MuxGate$31453.
    Found tree with 2 MUXes at root $auto$rtlil.cc:3381:MuxGate$31457.
    Found tree with 2 MUXes at root $auto$rtlil.cc:3381:MuxGate$31825.
    Found tree with 2 MUXes at root $auto$rtlil.cc:3381:MuxGate$31821.
    Found tree with 2 MUXes at root $auto$rtlil.cc:3381:MuxGate$34855.
    Found tree with 2 MUXes at root $auto$rtlil.cc:3381:MuxGate$31829.
    Found tree with 2 MUXes at root $auto$rtlil.cc:3381:MuxGate$31833.
    Found tree with 2 MUXes at root $auto$rtlil.cc:3381:MuxGate$31837.
    Found tree with 2 MUXes at root $auto$rtlil.cc:3381:MuxGate$34851.
    Found tree with 2 MUXes at root $auto$rtlil.cc:3381:MuxGate$34847.
    Found tree with 2 MUXes at root $auto$rtlil.cc:3381:MuxGate$34843.
    Found tree with 2 MUXes at root $auto$rtlil.cc:3381:MuxGate$34839.
    Found tree with 2 MUXes at root $auto$rtlil.cc:3381:MuxGate$34835.
    Found tree with 2 MUXes at root $auto$rtlil.cc:3381:MuxGate$34831.
    Found tree with 2 MUXes at root $auto$rtlil.cc:3381:MuxGate$39423.
    Found tree with 2 MUXes at root $auto$rtlil.cc:3381:MuxGate$31841.
    Found tree with 2 MUXes at root $auto$rtlil.cc:3381:MuxGate$34823.
    Found tree with 2 MUXes at root $auto$rtlil.cc:3381:MuxGate$35433.
    Found tree with 2 MUXes at root $auto$rtlil.cc:3381:MuxGate$34827.
    Found tree with 2 MUXes at root $auto$rtlil.cc:3381:MuxGate$31845.
    Found tree with 2 MUXes at root $auto$rtlil.cc:3381:MuxGate$31849.
    Found tree with 2 MUXes at root $auto$rtlil.cc:3381:MuxGate$39013.
    Found tree with 2 MUXes at root $auto$rtlil.cc:3381:MuxGate$31461.
    Found tree with 2 MUXes at root $auto$rtlil.cc:3381:MuxGate$39097.
    Found tree with 2 MUXes at root $auto$rtlil.cc:3381:MuxGate$31465.
    Found tree with 2 MUXes at root $auto$rtlil.cc:3381:MuxGate$31469.
    Found tree with 2 MUXes at root $auto$rtlil.cc:3381:MuxGate$31473.
    Found tree with 2 MUXes at root $auto$rtlil.cc:3381:MuxGate$35405.
    Found tree with 2 MUXes at root $auto$rtlil.cc:3381:MuxGate$31477.
    Found tree with 2 MUXes at root $auto$rtlil.cc:3381:MuxGate$31481.
    Found tree with 2 MUXes at root $auto$rtlil.cc:3381:MuxGate$31485.
    Found tree with 2 MUXes at root $auto$rtlil.cc:3381:MuxGate$39037.
    Found tree with 2 MUXes at root $auto$rtlil.cc:3381:MuxGate$39033.
    Found tree with 38 MUXes at root $auto$simplemap.cc:346:simplemap_bmux$18833.
    Found tree with 2 MUXes at root $auto$rtlil.cc:3381:MuxGate$36845.
    Found tree with 2 MUXes at root $auto$rtlil.cc:3381:MuxGate$36853.
    Found tree with 2 MUXes at root $auto$rtlil.cc:3381:MuxGate$36857.
    Found tree with 2 MUXes at root $auto$rtlil.cc:3381:MuxGate$36849.
    Found tree with 2 MUXes at root $auto$rtlil.cc:3381:MuxGate$36841.
    Found tree with 1 MUXes at root $auto$rtlil.cc:3381:MuxGate$35047.
    Found tree with 2 MUXes at root $auto$rtlil.cc:3381:MuxGate$33331.
    Found tree with 2 MUXes at root $auto$rtlil.cc:3381:MuxGate$31489.
    Found tree with 2 MUXes at root $auto$rtlil.cc:3381:MuxGate$31493.
    Found tree with 2 MUXes at root $auto$rtlil.cc:3381:MuxGate$31497.
    Found tree with 2 MUXes at root $auto$rtlil.cc:3381:MuxGate$37129.
    Found tree with 2 MUXes at root $auto$rtlil.cc:3381:MuxGate$30291.
    Found tree with 4 MUXes at root $auto$rtlil.cc:3381:MuxGate$31501.
    Found tree with 3 MUXes at root $auto$rtlil.cc:3381:MuxGate$31505.
    Found tree with 1 MUXes at root $auto$rtlil.cc:3381:MuxGate$35075.
    Found tree with 2 MUXes at root $auto$rtlil.cc:3381:MuxGate$36865.
    Found tree with 2 MUXes at root $auto$rtlil.cc:3381:MuxGate$31853.
    Found tree with 2 MUXes at root $auto$rtlil.cc:3381:MuxGate$31857.
    Found tree with 2 MUXes at root $auto$rtlil.cc:3381:MuxGate$31861.
    Found tree with 2 MUXes at root $auto$rtlil.cc:3381:MuxGate$39299.
    Found tree with 2 MUXes at root $auto$rtlil.cc:3381:MuxGate$39295.
    Found tree with 2 MUXes at root $auto$rtlil.cc:3381:MuxGate$31865.
    Found tree with 6 MUXes at root $auto$rtlil.cc:3381:MuxGate$31513.
    Found tree with 5 MUXes at root $auto$rtlil.cc:3381:MuxGate$31517.
    Found tree with 4 MUXes at root $auto$rtlil.cc:3381:MuxGate$31521.
    Found tree with 4 MUXes at root $auto$rtlil.cc:3381:MuxGate$31525.
    Found tree with 3 MUXes at root $auto$rtlil.cc:3381:MuxGate$31529.
    Found tree with 3 MUXes at root $auto$rtlil.cc:3381:MuxGate$31533.
    Found tree with 4 MUXes at root $auto$rtlil.cc:3381:MuxGate$31537.
    Found tree with 3 MUXes at root $auto$rtlil.cc:3381:MuxGate$31541.
    Found tree with 2 MUXes at root $auto$rtlil.cc:3381:MuxGate$31545.
    Found tree with 2 MUXes at root $auto$rtlil.cc:3381:MuxGate$39173.
    Found tree with 2 MUXes at root $auto$rtlil.cc:3381:MuxGate$39133.
    Found tree with 2 MUXes at root $auto$rtlil.cc:3381:MuxGate$39169.
    Found tree with 2 MUXes at root $auto$rtlil.cc:3381:MuxGate$39129.
    Found tree with 2 MUXes at root $auto$rtlil.cc:3381:MuxGate$39165.
    Found tree with 2 MUXes at root $auto$rtlil.cc:3381:MuxGate$39125.
    Found tree with 2 MUXes at root $auto$rtlil.cc:3381:MuxGate$39161.
    Found tree with 2 MUXes at root $auto$rtlil.cc:3381:MuxGate$39121.
    Found tree with 2 MUXes at root $auto$rtlil.cc:3381:MuxGate$39157.
    Found tree with 2 MUXes at root $auto$rtlil.cc:3381:MuxGate$39117.
    Found tree with 2 MUXes at root $auto$rtlil.cc:3381:MuxGate$39153.
    Found tree with 2 MUXes at root $auto$rtlil.cc:3381:MuxGate$39113.
    Found tree with 2 MUXes at root $auto$rtlil.cc:3381:MuxGate$39149.
    Found tree with 2 MUXes at root $auto$rtlil.cc:3381:MuxGate$39109.
    Found tree with 2 MUXes at root $auto$rtlil.cc:3381:MuxGate$39145.
    Found tree with 2 MUXes at root $auto$rtlil.cc:3381:MuxGate$39105.
    Found tree with 2 MUXes at root $auto$rtlil.cc:3381:MuxGate$39141.
    Found tree with 2 MUXes at root $auto$rtlil.cc:3381:MuxGate$39101.
    Found tree with 2 MUXes at root $auto$rtlil.cc:3381:MuxGate$39137.
    Found tree with 1 MUXes at root $auto$rtlil.cc:3381:MuxGate$35043.
    Found tree with 3 MUXes at root $auto$rtlil.cc:3381:MuxGate$30849.
    Found tree with 2 MUXes at root $auto$rtlil.cc:3381:MuxGate$31869.
    Found tree with 2 MUXes at root $auto$rtlil.cc:3381:MuxGate$34819.
    Found tree with 2 MUXes at root $auto$rtlil.cc:3381:MuxGate$34297.
    Found tree with 2 MUXes at root $auto$rtlil.cc:3381:MuxGate$31873.
    Found tree with 2 MUXes at root $auto$rtlil.cc:3381:MuxGate$31877.
    Found tree with 1 MUXes at root $auto$rtlil.cc:3381:MuxGate$33875.
    Found tree with 2 MUXes at root $auto$rtlil.cc:3381:MuxGate$34107.
    Found tree with 3 MUXes at root $auto$rtlil.cc:3381:MuxGate$34815.
    Found tree with 3 MUXes at root $auto$rtlil.cc:3381:MuxGate$34811.
    Found tree with 3 MUXes at root $auto$rtlil.cc:3381:MuxGate$34807.
    Found tree with 3 MUXes at root $auto$rtlil.cc:3381:MuxGate$34803.
    Found tree with 2 MUXes at root $auto$rtlil.cc:3381:MuxGate$31881.
    Found tree with 3 MUXes at root $auto$rtlil.cc:3381:MuxGate$34799.
    Found tree with 2 MUXes at root $auto$rtlil.cc:3381:MuxGate$34103.
    Found tree with 3 MUXes at root $auto$rtlil.cc:3381:MuxGate$34795.
    Found tree with 3 MUXes at root $auto$rtlil.cc:3381:MuxGate$34791.
    Found tree with 2 MUXes at root $auto$rtlil.cc:3381:MuxGate$34099.
    Found tree with 3 MUXes at root $auto$rtlil.cc:3381:MuxGate$34787.
    Found tree with 3 MUXes at root $auto$rtlil.cc:3381:MuxGate$34783.
    Found tree with 2 MUXes at root $auto$rtlil.cc:3381:MuxGate$31885.
    Found tree with 3 MUXes at root $auto$rtlil.cc:3381:MuxGate$34779.
    Found tree with 2 MUXes at root $auto$rtlil.cc:3381:MuxGate$34095.
    Found tree with 3 MUXes at root $auto$rtlil.cc:3381:MuxGate$34775.
    Found tree with 3 MUXes at root $auto$rtlil.cc:3381:MuxGate$34771.
    Found tree with 2 MUXes at root $auto$rtlil.cc:3381:MuxGate$34091.
    Found tree with 3 MUXes at root $auto$rtlil.cc:3381:MuxGate$34767.
    Found tree with 2 MUXes at root $auto$rtlil.cc:3381:MuxGate$31889.
    Found tree with 1 MUXes at root $auto$rtlil.cc:3381:MuxGate$33873.
    Found tree with 3 MUXes at root $auto$rtlil.cc:3381:MuxGate$34763.
    Found tree with 2 MUXes at root $auto$rtlil.cc:3381:MuxGate$34087.
    Found tree with 3 MUXes at root $auto$rtlil.cc:3381:MuxGate$34759.
    Found tree with 3 MUXes at root $auto$rtlil.cc:3381:MuxGate$34755.
    Found tree with 2 MUXes at root $auto$rtlil.cc:3381:MuxGate$31897.
    Found tree with 2 MUXes at root $auto$rtlil.cc:3381:MuxGate$31905.
    Found tree with 3 MUXes at root $auto$rtlil.cc:3381:MuxGate$34747.
    Found tree with 2 MUXes at root $auto$rtlil.cc:3381:MuxGate$31909.
    Found tree with 3 MUXes at root $auto$rtlil.cc:3381:MuxGate$34743.
    Found tree with 2 MUXes at root $auto$rtlil.cc:3381:MuxGate$31917.
    Found tree with 3 MUXes at root $auto$rtlil.cc:3381:MuxGate$34739.
    Found tree with 2 MUXes at root $auto$rtlil.cc:3381:MuxGate$31921.
    Found tree with 2 MUXes at root $auto$rtlil.cc:3381:MuxGate$30211.
    Found tree with 2 MUXes at root $auto$rtlil.cc:3381:MuxGate$31925.
    Found tree with 3 MUXes at root $auto$rtlil.cc:3381:MuxGate$34735.
    Found tree with 2 MUXes at root $auto$rtlil.cc:3381:MuxGate$30203.
    Found tree with 2 MUXes at root $auto$rtlil.cc:3381:MuxGate$30223.
    Found tree with 2 MUXes at root $auto$rtlil.cc:3381:MuxGate$31933.
    Found tree with 2 MUXes at root $auto$rtlil.cc:3381:MuxGate$31937.
    Found tree with 2 MUXes at root $auto$rtlil.cc:3381:MuxGate$30227.
    Found tree with 2 MUXes at root $auto$rtlil.cc:3381:MuxGate$34083.
    Found tree with 3 MUXes at root $auto$rtlil.cc:3381:MuxGate$34727.
    Found tree with 5 MUXes at root $auto$rtlil.cc:3381:MuxGate$31945.
    Found tree with 2 MUXes at root $auto$rtlil.cc:3381:MuxGate$30191.
    Found tree with 1 MUXes at root $auto$rtlil.cc:3381:MuxGate$33871.
    Found tree with 5 MUXes at root $auto$rtlil.cc:3381:MuxGate$31949.
    Found tree with 3 MUXes at root $auto$rtlil.cc:3381:MuxGate$34723.
    Found tree with 2 MUXes at root $auto$rtlil.cc:3381:MuxGate$36741.
    Found tree with 5 MUXes at root $auto$rtlil.cc:3381:MuxGate$31953.
    Found tree with 5 MUXes at root $auto$rtlil.cc:3381:MuxGate$31957.
    Found tree with 2 MUXes at root $auto$rtlil.cc:3381:MuxGate$30199.
    Found tree with 3 MUXes at root $auto$rtlil.cc:3381:MuxGate$30845.
    Found tree with 2 MUXes at root $auto$rtlil.cc:3381:MuxGate$31961.
    Found tree with 1 MUXes at root $auto$rtlil.cc:3381:MuxGate$33869.
    Found tree with 5 MUXes at root $auto$rtlil.cc:3381:MuxGate$31965.
    Found tree with 2 MUXes at root $auto$rtlil.cc:3381:MuxGate$30195.
    Found tree with 2 MUXes at root $auto$rtlil.cc:3381:MuxGate$36605.
    Found tree with 2 MUXes at root $auto$rtlil.cc:3381:MuxGate$36609.
    Found tree with 3 MUXes at root $auto$rtlil.cc:3381:MuxGate$30833.
    Found tree with 5 MUXes at root $auto$rtlil.cc:3381:MuxGate$31969.
    Found tree with 5 MUXes at root $auto$rtlil.cc:3381:MuxGate$31973.
    Found tree with 5 MUXes at root $auto$rtlil.cc:3381:MuxGate$31977.
    Found tree with 2 MUXes at root $auto$rtlil.cc:3381:MuxGate$34079.
    Found tree with 2 MUXes at root $auto$rtlil.cc:3381:MuxGate$30215.
    Found tree with 3 MUXes at root $auto$rtlil.cc:3381:MuxGate$34711.
    Found tree with 1 MUXes at root $auto$rtlil.cc:3381:MuxGate$33867.
    Found tree with 3 MUXes at root $auto$rtlil.cc:3381:MuxGate$34707.
    Found tree with 2 MUXes at root $auto$rtlil.cc:3381:MuxGate$34075.
    Found tree with 3 MUXes at root $auto$rtlil.cc:3381:MuxGate$34703.
    Found tree with 3 MUXes at root $auto$rtlil.cc:3381:MuxGate$34679.
    Found tree with 1 MUXes at root $auto$rtlil.cc:3381:MuxGate$33865.
    Found tree with 2 MUXes at root $auto$rtlil.cc:3381:MuxGate$34071.
    Found tree with 5 MUXes at root $auto$rtlil.cc:3381:MuxGate$31985.
    Found tree with 3 MUXes at root $auto$rtlil.cc:3381:MuxGate$34699.
    Found tree with 1 MUXes at root $auto$rtlil.cc:3381:MuxGate$33863.
    Found tree with 2 MUXes at root $auto$rtlil.cc:3381:MuxGate$30207.
    Found tree with 3 MUXes at root $auto$rtlil.cc:3381:MuxGate$34695.
    Found tree with 5 MUXes at root $auto$rtlil.cc:3381:MuxGate$31989.
    Found tree with 2 MUXes at root $auto$rtlil.cc:3381:MuxGate$34067.
    Found tree with 3 MUXes at root $auto$rtlil.cc:3381:MuxGate$34691.
    Found tree with 3 MUXes at root $auto$rtlil.cc:3381:MuxGate$34687.
    Found tree with 3 MUXes at root $auto$rtlil.cc:3381:MuxGate$34731.
    Found tree with 2 MUXes at root $auto$rtlil.cc:3381:MuxGate$36749.
    Found tree with 3 MUXes at root $auto$rtlil.cc:3381:MuxGate$34683.
    Found tree with 2 MUXes at root $auto$rtlil.cc:3381:MuxGate$36757.
    Found tree with 2 MUXes at root $auto$rtlil.cc:3381:MuxGate$36753.
    Found tree with 2 MUXes at root $auto$rtlil.cc:3381:MuxGate$33327.
    Found tree with 1 MUXes at root $auto$rtlil.cc:3381:MuxGate$33861.
    Found tree with 2 MUXes at root $auto$rtlil.cc:3381:MuxGate$31993.
    Found tree with 5 MUXes at root $auto$rtlil.cc:3381:MuxGate$31997.
    Found tree with 5 MUXes at root $auto$rtlil.cc:3381:MuxGate$32001.
    Found tree with 2 MUXes at root $auto$rtlil.cc:3381:MuxGate$39311.
    Found tree with 2 MUXes at root $auto$rtlil.cc:3381:MuxGate$39303.
    Found tree with 2 MUXes at root $auto$rtlil.cc:3381:MuxGate$39307.
    Found tree with 2 MUXes at root $auto$rtlil.cc:3381:MuxGate$34063.
    Found tree with 3 MUXes at root $auto$rtlil.cc:3381:MuxGate$34675.
    Found tree with 2 MUXes at root $auto$rtlil.cc:3381:MuxGate$30219.
    Found tree with 2 MUXes at root $auto$rtlil.cc:3381:MuxGate$36641.
    Found tree with 4 MUXes at root $auto$rtlil.cc:3381:MuxGate$30781.
    Found tree with 1 MUXes at root \u_soc.u_cpu.decoder_inst.:7719.B [128].
    Found tree with 1 MUXes at root \u_soc.u_cpu.decoder_inst.:7719.B [129].
    Found tree with 1 MUXes at root \u_soc.u_cpu.decoder_inst.:7719.B [130].
    Found tree with 1 MUXes at root \u_soc.u_cpu.decoder_inst.:7719.B [131].
    Found tree with 1 MUXes at root \u_soc.u_cpu.decoder_inst.:7719.B [132].
    Found tree with 1 MUXes at root \u_soc.u_cpu.decoder_inst.:7719.B [133].
    Found tree with 1 MUXes at root \u_soc.u_cpu.decoder_inst.:7719.B [134].
    Found tree with 1 MUXes at root \u_soc.u_cpu.decoder_inst.:7719.B [135].
    Found tree with 1 MUXes at root \u_soc.u_cpu.decoder_inst.:7719.B [136].
    Found tree with 1 MUXes at root \u_soc.u_cpu.decoder_inst.:7719.B [137].
    Found tree with 1 MUXes at root \u_soc.u_cpu.decoder_inst.:7719.B [138].
    Found tree with 1 MUXes at root \u_soc.u_cpu.decoder_inst.:7719.B [159].
    Found tree with 5 MUXes at root $auto$rtlil.cc:3381:MuxGate$32009.
    Found tree with 5 MUXes at root $auto$rtlil.cc:3381:MuxGate$32013.
    Found tree with 5 MUXes at root $auto$rtlil.cc:3381:MuxGate$32017.
    Found tree with 5 MUXes at root $auto$rtlil.cc:3381:MuxGate$32021.
    Found tree with 2 MUXes at root $auto$rtlil.cc:3381:MuxGate$32025.
    Found tree with 5 MUXes at root $auto$rtlil.cc:3381:MuxGate$32029.
    Found tree with 5 MUXes at root $auto$rtlil.cc:3381:MuxGate$32033.
    Found tree with 5 MUXes at root $auto$rtlil.cc:3381:MuxGate$32037.
    Found tree with 5 MUXes at root $auto$rtlil.cc:3381:MuxGate$32041.
    Found tree with 2 MUXes at root $auto$rtlil.cc:3381:MuxGate$38933.
    Found tree with 2 MUXes at root $auto$rtlil.cc:3381:MuxGate$38997.
    Found tree with 2 MUXes at root $auto$rtlil.cc:3381:MuxGate$38929.
    Found tree with 2 MUXes at root $auto$rtlil.cc:3381:MuxGate$38993.
    Found tree with 2 MUXes at root $auto$rtlil.cc:3381:MuxGate$38925.
    Found tree with 2 MUXes at root $auto$rtlil.cc:3381:MuxGate$38989.
    Found tree with 2 MUXes at root $auto$rtlil.cc:3381:MuxGate$38921.
    Found tree with 2 MUXes at root $auto$rtlil.cc:3381:MuxGate$38985.
    Found tree with 2 MUXes at root $auto$rtlil.cc:3381:MuxGate$38917.
    Found tree with 2 MUXes at root $auto$rtlil.cc:3381:MuxGate$38981.
    Found tree with 2 MUXes at root $auto$rtlil.cc:3381:MuxGate$38913.
    Found tree with 2 MUXes at root $auto$rtlil.cc:3381:MuxGate$38977.
    Found tree with 2 MUXes at root $auto$rtlil.cc:3381:MuxGate$38909.
    Found tree with 2 MUXes at root $auto$rtlil.cc:3381:MuxGate$38973.
    Found tree with 2 MUXes at root $auto$rtlil.cc:3381:MuxGate$38905.
    Found tree with 2 MUXes at root $auto$rtlil.cc:3381:MuxGate$38969.
    Found tree with 2 MUXes at root $auto$rtlil.cc:3381:MuxGate$38901.
    Found tree with 2 MUXes at root $auto$rtlil.cc:3381:MuxGate$38965.
    Found tree with 2 MUXes at root $auto$rtlil.cc:3381:MuxGate$38897.
    Found tree with 2 MUXes at root $auto$rtlil.cc:3381:MuxGate$38961.
    Found tree with 4 MUXes at root $auto$rtlil.cc:3381:MuxGate$30777.
    Found tree with 5 MUXes at root $auto$rtlil.cc:3381:MuxGate$32045.
    Found tree with 5 MUXes at root $auto$rtlil.cc:3381:MuxGate$32049.
    Found tree with 2 MUXes at root $auto$rtlil.cc:3381:MuxGate$39021.
    Found tree with 2 MUXes at root $auto$rtlil.cc:3381:MuxGate$39029.
    Found tree with 2 MUXes at root $auto$rtlil.cc:3381:MuxGate$39017.
    Found tree with 2 MUXes at root $auto$rtlil.cc:3381:MuxGate$39025.
    Found tree with 2 MUXes at root $auto$rtlil.cc:3381:MuxGate$35345.
    Found tree with 2 MUXes at root \u_soc.u_cpu.decoder_inst.:7361.B [3].
    Found tree with 1 MUXes at root \u_soc.u_cpu.decoder_inst.:7361.B [28].
    Found tree with 1 MUXes at root \u_soc.u_cpu.decoder_inst.:7361.B [30].
    Found tree with 1 MUXes at root \u_soc.u_cpu.decoder_inst.:7361.Y [0].
    Found tree with 1 MUXes at root \u_soc.u_cpu.decoder_inst.:7361.Y [1].
    Found tree with 1 MUXes at root \u_soc.u_cpu.decoder_inst.:7361.Y [2].
    Found tree with 1 MUXes at root \u_soc.u_cpu.decoder_inst.:7361.Y [3].
    Found tree with 5 MUXes at root $auto$rtlil.cc:3381:MuxGate$32053.
    Found tree with 5 MUXes at root $auto$rtlil.cc:3381:MuxGate$32057.
    Found tree with 5 MUXes at root $auto$rtlil.cc:3381:MuxGate$32061.
    Found tree with 5 MUXes at root $auto$rtlil.cc:3381:MuxGate$32065.
    Found tree with 2 MUXes at root $auto$rtlil.cc:3381:MuxGate$39077.
    Found tree with 2 MUXes at root $auto$rtlil.cc:3381:MuxGate$39089.
    Found tree with 2 MUXes at root $auto$rtlil.cc:3381:MuxGate$39073.
    Found tree with 2 MUXes at root $auto$rtlil.cc:3381:MuxGate$39085.
    Found tree with 2 MUXes at root $auto$rtlil.cc:3381:MuxGate$39069.
    Found tree with 2 MUXes at root $auto$rtlil.cc:3381:MuxGate$39081.
    Found tree with 2 MUXes at root $auto$rtlil.cc:3381:MuxGate$36701.
    Found tree with 2 MUXes at root $auto$rtlil.cc:3381:MuxGate$36705.
    Found tree with 2 MUXes at root $auto$rtlil.cc:3381:MuxGate$35349.
    Found tree with 4 MUXes at root $auto$rtlil.cc:3381:MuxGate$30765.
    Found tree with 1 MUXes at root \u_soc.u_cpu.decoder_inst.:7425.Y [0].
    Found tree with 1 MUXes at root \u_soc.u_cpu.decoder_inst.:7425.Y [1].
    Found tree with 1 MUXes at root \u_soc.u_cpu.decoder_inst.:7425.Y [2].
    Found tree with 1 MUXes at root \u_soc.u_cpu.decoder_inst.:7425.Y [3].
    Found tree with 2 MUXes at root $auto$rtlil.cc:3381:MuxGate$39093.
    Found tree with 3 MUXes at root $auto$rtlil.cc:3381:MuxGate$32069.
    Found tree with 3 MUXes at root $auto$rtlil.cc:3381:MuxGate$32077.
    Found tree with 3 MUXes at root $auto$rtlil.cc:3381:MuxGate$32081.
    Found tree with 3 MUXes at root $auto$rtlil.cc:3381:MuxGate$32089.
    Found tree with 2 MUXes at root \u_soc.u_cpu.decoder_inst.:7363.B [0].
    Found tree with 1 MUXes at root \u_soc.u_cpu.decoder_inst.:7363.Y.
    Found tree with 3 MUXes at root $auto$rtlil.cc:3381:MuxGate$32093.
    Found tree with 1 MUXes at root \u_soc.u_cpu.decoder_inst.:7428.Y.
    Found tree with 3 MUXes at root $auto$rtlil.cc:3381:MuxGate$32097.
    Found tree with 3 MUXes at root $auto$rtlil.cc:3381:MuxGate$32101.
    Found tree with 3 MUXes at root $auto$rtlil.cc:3381:MuxGate$32105.
    Found tree with 3 MUXes at root $auto$rtlil.cc:3381:MuxGate$32109.
    Found tree with 2 MUXes at root $auto$rtlil.cc:3381:MuxGate$39195.
    Found tree with 2 MUXes at root $auto$rtlil.cc:3381:MuxGate$39193.
    Found tree with 2 MUXes at root $auto$rtlil.cc:3381:MuxGate$39181.
    Found tree with 2 MUXes at root $auto$rtlil.cc:3381:MuxGate$39189.
    Found tree with 2 MUXes at root $auto$rtlil.cc:3381:MuxGate$39177.
    Found tree with 2 MUXes at root \u_soc.u_cpu.decoder_inst.:7366.B [0].
    Found tree with 1 MUXes at root \u_soc.u_cpu.decoder_inst.:7366.B [2].
    Found tree with 3 MUXes at root $auto$rtlil.cc:3381:MuxGate$39185.
    Found tree with 1 MUXes at root \u_soc.u_cpu.decoder_inst.:7366.Y.
    Found tree with 4 MUXes at root $auto$rtlil.cc:3381:MuxGate$30741.
    Found tree with 3 MUXes at root $auto$rtlil.cc:3381:MuxGate$32113.
    Found tree with 1 MUXes at root \u_soc.u_cpu.decoder_inst.:7432.Y.
    Found tree with 3 MUXes at root $auto$rtlil.cc:3381:MuxGate$32117.
    Found tree with 3 MUXes at root $auto$rtlil.cc:3381:MuxGate$32121.
    Found tree with 2 MUXes at root $auto$rtlil.cc:3381:MuxGate$38693.
    Found tree with 2 MUXes at root $auto$rtlil.cc:3381:MuxGate$38685.
    Found tree with 2 MUXes at root \u_soc.u_cpu.decoder_inst.:7680.B [0].
    Found tree with 2 MUXes at root $auto$rtlil.cc:3381:MuxGate$38689.
    Found tree with 1 MUXes at root \u_soc.u_cpu.decoder_inst.:7680.Y.
    Found tree with 3 MUXes at root $auto$rtlil.cc:3381:MuxGate$32125.
    Found tree with 2 MUXes at root $auto$rtlil.cc:3381:MuxGate$39001.
    Found tree with 2 MUXes at root $auto$rtlil.cc:3381:MuxGate$39005.
    Found tree with 2 MUXes at root $auto$rtlil.cc:3381:MuxGate$39009.
    Found tree with 3 MUXes at root $auto$rtlil.cc:3381:MuxGate$34663.
    Found tree with 6 MUXes at root \u_soc.u_cpu.dmem_rdata [0].
    Found tree with 6 MUXes at root \u_soc.u_cpu.dmem_rdata [1].
    Found tree with 6 MUXes at root \u_soc.u_cpu.dmem_rdata [2].
    Found tree with 6 MUXes at root \u_soc.u_cpu.dmem_rdata [3].
    Found tree with 6 MUXes at root \u_soc.u_cpu.dmem_rdata [4].
    Found tree with 6 MUXes at root \u_soc.u_cpu.dmem_rdata [5].
    Found tree with 6 MUXes at root \u_soc.u_cpu.dmem_rdata [6].
    Found tree with 6 MUXes at root \u_soc.u_cpu.dmem_rdata [7].
    Found tree with 6 MUXes at root \u_soc.u_cpu.dmem_rdata [8].
    Found tree with 6 MUXes at root \u_soc.u_cpu.dmem_rdata [9].
    Found tree with 6 MUXes at root \u_soc.u_cpu.dmem_rdata [10].
    Found tree with 6 MUXes at root \u_soc.u_cpu.dmem_rdata [11].
    Found tree with 6 MUXes at root \u_soc.u_cpu.dmem_rdata [12].
    Found tree with 6 MUXes at root \u_soc.u_cpu.dmem_rdata [13].
    Found tree with 6 MUXes at root \u_soc.u_cpu.dmem_rdata [14].
    Found tree with 6 MUXes at root \u_soc.u_cpu.dmem_rdata [15].
    Found tree with 6 MUXes at root \u_soc.u_cpu.dmem_rdata [16].
    Found tree with 6 MUXes at root \u_soc.u_cpu.dmem_rdata [17].
    Found tree with 6 MUXes at root \u_soc.u_cpu.dmem_rdata [18].
    Found tree with 6 MUXes at root \u_soc.u_cpu.dmem_rdata [19].
    Found tree with 6 MUXes at root \u_soc.u_cpu.dmem_rdata [20].
    Found tree with 6 MUXes at root \u_soc.u_cpu.dmem_rdata [21].
    Found tree with 6 MUXes at root \u_soc.u_cpu.dmem_rdata [22].
    Found tree with 6 MUXes at root \u_soc.u_cpu.dmem_rdata [23].
    Found tree with 6 MUXes at root \u_soc.u_cpu.dmem_rdata [24].
    Found tree with 6 MUXes at root \u_soc.u_cpu.dmem_rdata [25].
    Found tree with 6 MUXes at root \u_soc.u_cpu.dmem_rdata [26].
    Found tree with 6 MUXes at root \u_soc.u_cpu.dmem_rdata [27].
    Found tree with 6 MUXes at root \u_soc.u_cpu.dmem_rdata [28].
    Found tree with 6 MUXes at root \u_soc.u_cpu.dmem_rdata [29].
    Found tree with 6 MUXes at root \u_soc.u_cpu.dmem_rdata [30].
    Found tree with 6 MUXes at root \u_soc.u_cpu.dmem_rdata [31].
    Found tree with 2 MUXes at root $auto$rtlil.cc:3381:MuxGate$31557.
    Found tree with 2 MUXes at root $auto$rtlil.cc:3381:MuxGate$35019.
    Found tree with 1 MUXes at root $auto$rtlil.cc:3381:MuxGate$35041.
    Found tree with 3 MUXes at root $auto$rtlil.cc:3381:MuxGate$31561.
    Found tree with 2 MUXes at root $auto$rtlil.cc:3381:MuxGate$30259.
    Found tree with 1 MUXes at root $auto$rtlil.cc:3381:MuxGate$35039.
    Found tree with 2 MUXes at root $auto$rtlil.cc:3381:MuxGate$34281.
    Found tree with 3 MUXes at root $auto$rtlil.cc:3381:MuxGate$31565.
    Found tree with 1 MUXes at root $auto$rtlil.cc:3381:MuxGate$35037.
    Found tree with 2 MUXes at root $auto$rtlil.cc:3381:MuxGate$36837.
    Found tree with 2 MUXes at root $auto$rtlil.cc:3381:MuxGate$30263.
    Found tree with 3 MUXes at root $auto$rtlil.cc:3381:MuxGate$31569.
    Found tree with 1 MUXes at root $auto$rtlil.cc:3381:MuxGate$35035.
    Found tree with 2 MUXes at root $auto$rtlil.cc:3381:MuxGate$34177.
    Found tree with 1 MUXes at root $auto$rtlil.cc:3381:MuxGate$35033.
    Found tree with 2 MUXes at root $auto$rtlil.cc:3381:MuxGate$30267.
    Found tree with 1 MUXes at root $auto$rtlil.cc:3381:MuxGate$35031.
    Found tree with 1 MUXes at root $auto$rtlil.cc:3381:MuxGate$35029.
    Found tree with 2 MUXes at root $auto$rtlil.cc:3381:MuxGate$36761.
    Found tree with 1 MUXes at root $auto$rtlil.cc:3381:MuxGate$35027.
    Found tree with 2 MUXes at root $auto$rtlil.cc:3381:MuxGate$34173.
    Found tree with 2 MUXes at root $auto$rtlil.cc:3381:MuxGate$30231.
    Found tree with 2 MUXes at root $auto$rtlil.cc:3381:MuxGate$34171.
    Found tree with 1 MUXes at root $auto$rtlil.cc:3381:MuxGate$35025.
    Found tree with 2 MUXes at root $auto$rtlil.cc:3381:MuxGate$30255.
    Found tree with 2 MUXes at root $auto$rtlil.cc:3381:MuxGate$35023.
    Found tree with 3 MUXes at root $auto$rtlil.cc:3381:MuxGate$31585.
    Found tree with 3 MUXes at root $auto$rtlil.cc:3381:MuxGate$31589.
    Found tree with 3 MUXes at root $auto$rtlil.cc:3381:MuxGate$31593.
    Found tree with 3 MUXes at root $auto$rtlil.cc:3381:MuxGate$31597.
    Found tree with 3 MUXes at root $auto$rtlil.cc:3381:MuxGate$31601.
    Found tree with 3 MUXes at root $auto$rtlil.cc:3381:MuxGate$31605.
    Found tree with 3 MUXes at root $auto$rtlil.cc:3381:MuxGate$31609.
    Found tree with 3 MUXes at root $auto$rtlil.cc:3381:MuxGate$31613.
    Found tree with 3 MUXes at root $auto$rtlil.cc:3381:MuxGate$31617.
    Found tree with 3 MUXes at root $auto$rtlil.cc:3381:MuxGate$31621.
    Found tree with 3 MUXes at root $auto$rtlil.cc:3381:MuxGate$31625.
    Found tree with 3 MUXes at root $auto$rtlil.cc:3381:MuxGate$31629.
    Found tree with 3 MUXes at root $auto$rtlil.cc:3381:MuxGate$31633.
    Found tree with 3 MUXes at root $auto$rtlil.cc:3381:MuxGate$31637.
    Found tree with 1 MUXes at root $techmap\u_soc.u_cpu.alu_inst.:10954.$10\buffer[31:0] [16].
    Found tree with 1 MUXes at root $techmap\u_soc.u_cpu.alu_inst.:10954.$10\buffer[31:0] [17].
    Found tree with 1 MUXes at root $techmap\u_soc.u_cpu.alu_inst.:10954.$10\buffer[31:0] [18].
    Found tree with 1 MUXes at root $techmap\u_soc.u_cpu.alu_inst.:10954.$10\buffer[31:0] [19].
    Found tree with 1 MUXes at root $techmap\u_soc.u_cpu.alu_inst.:10954.$10\buffer[31:0] [20].
    Found tree with 1 MUXes at root $techmap\u_soc.u_cpu.alu_inst.:10954.$10\buffer[31:0] [21].
    Found tree with 1 MUXes at root $techmap\u_soc.u_cpu.alu_inst.:10954.$10\buffer[31:0] [22].
    Found tree with 1 MUXes at root $techmap\u_soc.u_cpu.alu_inst.:10954.$10\buffer[31:0] [23].
    Found tree with 1 MUXes at root $techmap\u_soc.u_cpu.alu_inst.:10954.$10\buffer[31:0] [24].
    Found tree with 1 MUXes at root $techmap\u_soc.u_cpu.alu_inst.:10954.$10\buffer[31:0] [25].
    Found tree with 1 MUXes at root $techmap\u_soc.u_cpu.alu_inst.:10954.$10\buffer[31:0] [26].
    Found tree with 1 MUXes at root $techmap\u_soc.u_cpu.alu_inst.:10954.$10\buffer[31:0] [27].
    Found tree with 1 MUXes at root $techmap\u_soc.u_cpu.alu_inst.:10954.$10\buffer[31:0] [28].
    Found tree with 1 MUXes at root $techmap\u_soc.u_cpu.alu_inst.:10954.$10\buffer[31:0] [29].
    Found tree with 1 MUXes at root $techmap\u_soc.u_cpu.alu_inst.:10954.$10\buffer[31:0] [30].
    Found tree with 1 MUXes at root $techmap\u_soc.u_cpu.alu_inst.:10954.$10\buffer[31:0] [31].
    Found tree with 1 MUXes at root \u_soc.u_cpu.alu_inst.:10954.Y [0].
    Found tree with 1 MUXes at root \u_soc.u_cpu.alu_inst.:10954.Y [1].
    Found tree with 1 MUXes at root \u_soc.u_cpu.alu_inst.:10954.Y [2].
    Found tree with 1 MUXes at root \u_soc.u_cpu.alu_inst.:10954.Y [3].
    Found tree with 1 MUXes at root \u_soc.u_cpu.alu_inst.:10954.Y [4].
    Found tree with 1 MUXes at root \u_soc.u_cpu.alu_inst.:10954.Y [5].
    Found tree with 1 MUXes at root \u_soc.u_cpu.alu_inst.:10954.Y [6].
    Found tree with 1 MUXes at root \u_soc.u_cpu.alu_inst.:10954.Y [7].
    Found tree with 1 MUXes at root \u_soc.u_cpu.alu_inst.:10954.Y [8].
    Found tree with 1 MUXes at root \u_soc.u_cpu.alu_inst.:10954.Y [9].
    Found tree with 1 MUXes at root \u_soc.u_cpu.alu_inst.:10954.Y [10].
    Found tree with 1 MUXes at root \u_soc.u_cpu.alu_inst.:10954.Y [11].
    Found tree with 1 MUXes at root \u_soc.u_cpu.alu_inst.:10954.Y [12].
    Found tree with 1 MUXes at root \u_soc.u_cpu.alu_inst.:10954.Y [13].
    Found tree with 1 MUXes at root \u_soc.u_cpu.alu_inst.:10954.Y [14].
    Found tree with 1 MUXes at root \u_soc.u_cpu.alu_inst.:10954.Y [15].
    Found tree with 2 MUXes at root \u_soc.u_cpu.alu_inst.:10954.Y [16].
    Found tree with 2 MUXes at root \u_soc.u_cpu.alu_inst.:10954.Y [17].
    Found tree with 2 MUXes at root \u_soc.u_cpu.alu_inst.:10954.Y [18].
    Found tree with 2 MUXes at root \u_soc.u_cpu.alu_inst.:10954.Y [19].
    Found tree with 2 MUXes at root \u_soc.u_cpu.alu_inst.:10954.Y [20].
    Found tree with 2 MUXes at root \u_soc.u_cpu.alu_inst.:10954.Y [21].
    Found tree with 2 MUXes at root \u_soc.u_cpu.alu_inst.:10954.Y [22].
    Found tree with 2 MUXes at root \u_soc.u_cpu.alu_inst.:10954.Y [23].
    Found tree with 3 MUXes at root \u_soc.u_cpu.alu_inst.:10954.Y [24].
    Found tree with 3 MUXes at root \u_soc.u_cpu.alu_inst.:10954.Y [25].
    Found tree with 3 MUXes at root \u_soc.u_cpu.alu_inst.:10954.Y [26].
    Found tree with 3 MUXes at root \u_soc.u_cpu.alu_inst.:10954.Y [27].
    Found tree with 4 MUXes at root \u_soc.u_cpu.alu_inst.:10954.Y [28].
    Found tree with 4 MUXes at root \u_soc.u_cpu.alu_inst.:10954.Y [29].
    Found tree with 5 MUXes at root \u_soc.u_cpu.alu_inst.:10954.Y [30].
    Found tree with 5 MUXes at root \u_soc.u_cpu.alu_inst.:10954.Y [31].
    Found tree with 1 MUXes at root $techmap\u_soc.u_cpu.alu_inst.:10954.$5\buffer[31:0] [0].
    Found tree with 1 MUXes at root $techmap\u_soc.u_cpu.alu_inst.:10954.$5\buffer[31:0] [1].
    Found tree with 1 MUXes at root $techmap\u_soc.u_cpu.alu_inst.:10954.$5\buffer[31:0] [2].
    Found tree with 1 MUXes at root $techmap\u_soc.u_cpu.alu_inst.:10954.$5\buffer[31:0] [3].
    Found tree with 1 MUXes at root $techmap\u_soc.u_cpu.alu_inst.:10954.$5\buffer[31:0] [4].
    Found tree with 1 MUXes at root $techmap\u_soc.u_cpu.alu_inst.:10954.$5\buffer[31:0] [5].
    Found tree with 1 MUXes at root $techmap\u_soc.u_cpu.alu_inst.:10954.$5\buffer[31:0] [6].
    Found tree with 1 MUXes at root $techmap\u_soc.u_cpu.alu_inst.:10954.$5\buffer[31:0] [7].
    Found tree with 1 MUXes at root $techmap\u_soc.u_cpu.alu_inst.:10954.$5\buffer[31:0] [8].
    Found tree with 1 MUXes at root $techmap\u_soc.u_cpu.alu_inst.:10954.$5\buffer[31:0] [9].
    Found tree with 1 MUXes at root $techmap\u_soc.u_cpu.alu_inst.:10954.$5\buffer[31:0] [10].
    Found tree with 1 MUXes at root $techmap\u_soc.u_cpu.alu_inst.:10954.$5\buffer[31:0] [11].
    Found tree with 1 MUXes at root $techmap\u_soc.u_cpu.alu_inst.:10954.$5\buffer[31:0] [12].
    Found tree with 1 MUXes at root $techmap\u_soc.u_cpu.alu_inst.:10954.$5\buffer[31:0] [13].
    Found tree with 1 MUXes at root $techmap\u_soc.u_cpu.alu_inst.:10954.$5\buffer[31:0] [14].
    Found tree with 1 MUXes at root $techmap\u_soc.u_cpu.alu_inst.:10954.$5\buffer[31:0] [15].
    Found tree with 1 MUXes at root $techmap\u_soc.u_cpu.alu_inst.:10954.$5\buffer[31:0] [16].
    Found tree with 1 MUXes at root $techmap\u_soc.u_cpu.alu_inst.:10954.$5\buffer[31:0] [17].
    Found tree with 1 MUXes at root $techmap\u_soc.u_cpu.alu_inst.:10954.$5\buffer[31:0] [18].
    Found tree with 1 MUXes at root $techmap\u_soc.u_cpu.alu_inst.:10954.$5\buffer[31:0] [19].
    Found tree with 1 MUXes at root $techmap\u_soc.u_cpu.alu_inst.:10954.$5\buffer[31:0] [20].
    Found tree with 1 MUXes at root $techmap\u_soc.u_cpu.alu_inst.:10954.$5\buffer[31:0] [21].
    Found tree with 1 MUXes at root $techmap\u_soc.u_cpu.alu_inst.:10954.$5\buffer[31:0] [22].
    Found tree with 1 MUXes at root $techmap\u_soc.u_cpu.alu_inst.:10954.$5\buffer[31:0] [23].
    Found tree with 1 MUXes at root $techmap\u_soc.u_cpu.alu_inst.:10954.$3\buffer[31:0] [0].
    Found tree with 1 MUXes at root $techmap\u_soc.u_cpu.alu_inst.:10954.$3\buffer[31:0] [1].
    Found tree with 1 MUXes at root $techmap\u_soc.u_cpu.alu_inst.:10954.$3\buffer[31:0] [2].
    Found tree with 1 MUXes at root $techmap\u_soc.u_cpu.alu_inst.:10954.$3\buffer[31:0] [3].
    Found tree with 1 MUXes at root $techmap\u_soc.u_cpu.alu_inst.:10954.$3\buffer[31:0] [4].
    Found tree with 1 MUXes at root $techmap\u_soc.u_cpu.alu_inst.:10954.$3\buffer[31:0] [5].
    Found tree with 1 MUXes at root $techmap\u_soc.u_cpu.alu_inst.:10954.$3\buffer[31:0] [6].
    Found tree with 1 MUXes at root $techmap\u_soc.u_cpu.alu_inst.:10954.$3\buffer[31:0] [7].
    Found tree with 1 MUXes at root $techmap\u_soc.u_cpu.alu_inst.:10954.$3\buffer[31:0] [8].
    Found tree with 1 MUXes at root $techmap\u_soc.u_cpu.alu_inst.:10954.$3\buffer[31:0] [9].
    Found tree with 1 MUXes at root $techmap\u_soc.u_cpu.alu_inst.:10954.$3\buffer[31:0] [10].
    Found tree with 1 MUXes at root $techmap\u_soc.u_cpu.alu_inst.:10954.$3\buffer[31:0] [11].
    Found tree with 1 MUXes at root $techmap\u_soc.u_cpu.alu_inst.:10954.$3\buffer[31:0] [12].
    Found tree with 1 MUXes at root $techmap\u_soc.u_cpu.alu_inst.:10954.$3\buffer[31:0] [13].
    Found tree with 1 MUXes at root $techmap\u_soc.u_cpu.alu_inst.:10954.$3\buffer[31:0] [14].
    Found tree with 1 MUXes at root $techmap\u_soc.u_cpu.alu_inst.:10954.$3\buffer[31:0] [15].
    Found tree with 1 MUXes at root $techmap\u_soc.u_cpu.alu_inst.:10954.$3\buffer[31:0] [16].
    Found tree with 1 MUXes at root $techmap\u_soc.u_cpu.alu_inst.:10954.$3\buffer[31:0] [17].
    Found tree with 1 MUXes at root $techmap\u_soc.u_cpu.alu_inst.:10954.$3\buffer[31:0] [18].
    Found tree with 1 MUXes at root $techmap\u_soc.u_cpu.alu_inst.:10954.$3\buffer[31:0] [19].
    Found tree with 1 MUXes at root $techmap\u_soc.u_cpu.alu_inst.:10954.$3\buffer[31:0] [20].
    Found tree with 1 MUXes at root $techmap\u_soc.u_cpu.alu_inst.:10954.$3\buffer[31:0] [21].
    Found tree with 1 MUXes at root $techmap\u_soc.u_cpu.alu_inst.:10954.$3\buffer[31:0] [22].
    Found tree with 1 MUXes at root $techmap\u_soc.u_cpu.alu_inst.:10954.$3\buffer[31:0] [23].
    Found tree with 1 MUXes at root $techmap\u_soc.u_cpu.alu_inst.:10954.$3\buffer[31:0] [24].
    Found tree with 1 MUXes at root $techmap\u_soc.u_cpu.alu_inst.:10954.$3\buffer[31:0] [25].
    Found tree with 1 MUXes at root $techmap\u_soc.u_cpu.alu_inst.:10954.$3\buffer[31:0] [26].
    Found tree with 1 MUXes at root $techmap\u_soc.u_cpu.alu_inst.:10954.$3\buffer[31:0] [27].
    Found tree with 1 MUXes at root $techmap\u_soc.u_cpu.alu_inst.:10954.$1\buffer[31:0] [0].
    Found tree with 1 MUXes at root $techmap\u_soc.u_cpu.alu_inst.:10954.$1\buffer[31:0] [1].
    Found tree with 1 MUXes at root $techmap\u_soc.u_cpu.alu_inst.:10954.$1\buffer[31:0] [2].
    Found tree with 1 MUXes at root $techmap\u_soc.u_cpu.alu_inst.:10954.$1\buffer[31:0] [3].
    Found tree with 1 MUXes at root $techmap\u_soc.u_cpu.alu_inst.:10954.$1\buffer[31:0] [4].
    Found tree with 1 MUXes at root $techmap\u_soc.u_cpu.alu_inst.:10954.$1\buffer[31:0] [5].
    Found tree with 1 MUXes at root $techmap\u_soc.u_cpu.alu_inst.:10954.$1\buffer[31:0] [6].
    Found tree with 1 MUXes at root $techmap\u_soc.u_cpu.alu_inst.:10954.$1\buffer[31:0] [7].
    Found tree with 1 MUXes at root $techmap\u_soc.u_cpu.alu_inst.:10954.$1\buffer[31:0] [8].
    Found tree with 1 MUXes at root $techmap\u_soc.u_cpu.alu_inst.:10954.$1\buffer[31:0] [9].
    Found tree with 1 MUXes at root $techmap\u_soc.u_cpu.alu_inst.:10954.$1\buffer[31:0] [10].
    Found tree with 1 MUXes at root $techmap\u_soc.u_cpu.alu_inst.:10954.$1\buffer[31:0] [11].
    Found tree with 1 MUXes at root $techmap\u_soc.u_cpu.alu_inst.:10954.$1\buffer[31:0] [12].
    Found tree with 1 MUXes at root $techmap\u_soc.u_cpu.alu_inst.:10954.$1\buffer[31:0] [13].
    Found tree with 1 MUXes at root $techmap\u_soc.u_cpu.alu_inst.:10954.$1\buffer[31:0] [14].
    Found tree with 1 MUXes at root $techmap\u_soc.u_cpu.alu_inst.:10954.$1\buffer[31:0] [15].
    Found tree with 1 MUXes at root $techmap\u_soc.u_cpu.alu_inst.:10954.$1\buffer[31:0] [16].
    Found tree with 1 MUXes at root $techmap\u_soc.u_cpu.alu_inst.:10954.$1\buffer[31:0] [17].
    Found tree with 1 MUXes at root $techmap\u_soc.u_cpu.alu_inst.:10954.$1\buffer[31:0] [18].
    Found tree with 1 MUXes at root $techmap\u_soc.u_cpu.alu_inst.:10954.$1\buffer[31:0] [19].
    Found tree with 1 MUXes at root $techmap\u_soc.u_cpu.alu_inst.:10954.$1\buffer[31:0] [20].
    Found tree with 1 MUXes at root $techmap\u_soc.u_cpu.alu_inst.:10954.$1\buffer[31:0] [21].
    Found tree with 1 MUXes at root $techmap\u_soc.u_cpu.alu_inst.:10954.$1\buffer[31:0] [22].
    Found tree with 1 MUXes at root $techmap\u_soc.u_cpu.alu_inst.:10954.$1\buffer[31:0] [23].
    Found tree with 1 MUXes at root $techmap\u_soc.u_cpu.alu_inst.:10954.$1\buffer[31:0] [24].
    Found tree with 1 MUXes at root $techmap\u_soc.u_cpu.alu_inst.:10954.$1\buffer[31:0] [25].
    Found tree with 1 MUXes at root $techmap\u_soc.u_cpu.alu_inst.:10954.$1\buffer[31:0] [26].
    Found tree with 1 MUXes at root $techmap\u_soc.u_cpu.alu_inst.:10954.$1\buffer[31:0] [27].
    Found tree with 1 MUXes at root $techmap\u_soc.u_cpu.alu_inst.:10954.$1\buffer[31:0] [28].
    Found tree with 1 MUXes at root $techmap\u_soc.u_cpu.alu_inst.:10954.$1\buffer[31:0] [29].
    Found tree with 2 MUXes at root $auto$rtlil.cc:3381:MuxGate$38857.
    Found tree with 2 MUXes at root $auto$rtlil.cc:3381:MuxGate$38853.
    Found tree with 2 MUXes at root $auto$rtlil.cc:3381:MuxGate$38849.
    Found tree with 2 MUXes at root $auto$rtlil.cc:3381:MuxGate$38845.
    Found tree with 2 MUXes at root $auto$rtlil.cc:3381:MuxGate$38841.
    Found tree with 2 MUXes at root $auto$rtlil.cc:3381:MuxGate$38837.
    Found tree with 2 MUXes at root $auto$rtlil.cc:3381:MuxGate$38833.
    Found tree with 2 MUXes at root $auto$rtlil.cc:3381:MuxGate$38829.
    Found tree with 2 MUXes at root $auto$rtlil.cc:3381:MuxGate$38825.
    Found tree with 2 MUXes at root $auto$rtlil.cc:3381:MuxGate$38821.
    Found tree with 2 MUXes at root $auto$rtlil.cc:3381:MuxGate$38817.
    Found tree with 2 MUXes at root $auto$rtlil.cc:3381:MuxGate$38813.
    Found tree with 2 MUXes at root $auto$rtlil.cc:3381:MuxGate$38809.
    Found tree with 2 MUXes at root $auto$rtlil.cc:3381:MuxGate$38805.
    Found tree with 2 MUXes at root $auto$rtlil.cc:3381:MuxGate$38801.
    Found tree with 2 MUXes at root $auto$rtlil.cc:3381:MuxGate$38797.
    Found tree with 2 MUXes at root $auto$rtlil.cc:3381:MuxGate$38793.
    Found tree with 2 MUXes at root $auto$rtlil.cc:3381:MuxGate$38789.
    Found tree with 2 MUXes at root $auto$rtlil.cc:3381:MuxGate$38785.
    Found tree with 2 MUXes at root $auto$rtlil.cc:3381:MuxGate$38781.
    Found tree with 2 MUXes at root $auto$rtlil.cc:3381:MuxGate$38777.
    Found tree with 2 MUXes at root $auto$rtlil.cc:3381:MuxGate$38773.
    Found tree with 2 MUXes at root $auto$rtlil.cc:3381:MuxGate$38769.
    Found tree with 2 MUXes at root $auto$rtlil.cc:3381:MuxGate$38765.
    Found tree with 2 MUXes at root $auto$rtlil.cc:3381:MuxGate$38761.
    Found tree with 2 MUXes at root $auto$rtlil.cc:3381:MuxGate$38757.
    Found tree with 2 MUXes at root $auto$rtlil.cc:3381:MuxGate$38753.
    Found tree with 2 MUXes at root $auto$rtlil.cc:3381:MuxGate$38749.
    Found tree with 2 MUXes at root $auto$rtlil.cc:3381:MuxGate$38745.
    Found tree with 2 MUXes at root $auto$rtlil.cc:3381:MuxGate$38741.
    Found tree with 2 MUXes at root $auto$rtlil.cc:3381:MuxGate$38737.
    Found tree with 2 MUXes at root $auto$rtlil.cc:3381:MuxGate$38733.
    Found tree with 2 MUXes at root $auto$rtlil.cc:3381:MuxGate$38729.
    Found tree with 2 MUXes at root $auto$rtlil.cc:3381:MuxGate$38725.
    Found tree with 2 MUXes at root $auto$rtlil.cc:3381:MuxGate$38721.
    Found tree with 2 MUXes at root $auto$rtlil.cc:3381:MuxGate$38701.
    Found tree with 2 MUXes at root $auto$rtlil.cc:3381:MuxGate$38705.
    Found tree with 2 MUXes at root $auto$rtlil.cc:3381:MuxGate$38709.
    Found tree with 2 MUXes at root $auto$rtlil.cc:3381:MuxGate$38713.
    Found tree with 4 MUXes at root $techmap\u_soc.u_cpu.alu_inst.:10960.$10\buffer[31:0] [1].
    Found tree with 3 MUXes at root $techmap\u_soc.u_cpu.alu_inst.:10960.$10\buffer[31:0] [2].
    Found tree with 3 MUXes at root $techmap\u_soc.u_cpu.alu_inst.:10960.$10\buffer[31:0] [3].
    Found tree with 2 MUXes at root $techmap\u_soc.u_cpu.alu_inst.:10960.$10\buffer[31:0] [4].
    Found tree with 2 MUXes at root $techmap\u_soc.u_cpu.alu_inst.:10960.$10\buffer[31:0] [5].
    Found tree with 2 MUXes at root $techmap\u_soc.u_cpu.alu_inst.:10960.$10\buffer[31:0] [6].
    Found tree with 2 MUXes at root $techmap\u_soc.u_cpu.alu_inst.:10960.$10\buffer[31:0] [7].
    Found tree with 1 MUXes at root $techmap\u_soc.u_cpu.alu_inst.:10960.$10\buffer[31:0] [8].
    Found tree with 1 MUXes at root $techmap\u_soc.u_cpu.alu_inst.:10960.$10\buffer[31:0] [9].
    Found tree with 1 MUXes at root $techmap\u_soc.u_cpu.alu_inst.:10960.$10\buffer[31:0] [10].
    Found tree with 1 MUXes at root $techmap\u_soc.u_cpu.alu_inst.:10960.$10\buffer[31:0] [11].
    Found tree with 1 MUXes at root $techmap\u_soc.u_cpu.alu_inst.:10960.$10\buffer[31:0] [12].
    Found tree with 1 MUXes at root $techmap\u_soc.u_cpu.alu_inst.:10960.$10\buffer[31:0] [13].
    Found tree with 1 MUXes at root $techmap\u_soc.u_cpu.alu_inst.:10960.$10\buffer[31:0] [14].
    Found tree with 1 MUXes at root $techmap\u_soc.u_cpu.alu_inst.:10960.$10\buffer[31:0] [15].
    Found tree with 1 MUXes at root $techmap\u_soc.u_cpu.alu_inst.:10960.$10\buffer[31:0] [16].
    Found tree with 1 MUXes at root $techmap\u_soc.u_cpu.alu_inst.:10960.$10\buffer[31:0] [17].
    Found tree with 1 MUXes at root $techmap\u_soc.u_cpu.alu_inst.:10960.$10\buffer[31:0] [18].
    Found tree with 1 MUXes at root $techmap\u_soc.u_cpu.alu_inst.:10960.$10\buffer[31:0] [19].
    Found tree with 1 MUXes at root $techmap\u_soc.u_cpu.alu_inst.:10960.$10\buffer[31:0] [20].
    Found tree with 1 MUXes at root $techmap\u_soc.u_cpu.alu_inst.:10960.$10\buffer[31:0] [21].
    Found tree with 1 MUXes at root $techmap\u_soc.u_cpu.alu_inst.:10960.$10\buffer[31:0] [22].
    Found tree with 1 MUXes at root $techmap\u_soc.u_cpu.alu_inst.:10960.$10\buffer[31:0] [23].
    Found tree with 1 MUXes at root $techmap\u_soc.u_cpu.alu_inst.:10960.$10\buffer[31:0] [24].
    Found tree with 1 MUXes at root $techmap\u_soc.u_cpu.alu_inst.:10960.$10\buffer[31:0] [25].
    Found tree with 1 MUXes at root $techmap\u_soc.u_cpu.alu_inst.:10960.$10\buffer[31:0] [26].
    Found tree with 1 MUXes at root $techmap\u_soc.u_cpu.alu_inst.:10960.$10\buffer[31:0] [27].
    Found tree with 1 MUXes at root $techmap\u_soc.u_cpu.alu_inst.:10960.$10\buffer[31:0] [28].
    Found tree with 1 MUXes at root $techmap\u_soc.u_cpu.alu_inst.:10960.$10\buffer[31:0] [29].
    Found tree with 1 MUXes at root $techmap\u_soc.u_cpu.alu_inst.:10960.$10\buffer[31:0] [30].
    Found tree with 1 MUXes at root $techmap\u_soc.u_cpu.alu_inst.:10960.$10\buffer[31:0] [31].
    Found tree with 5 MUXes at root \u_soc.u_cpu.alu_inst.:10960.Y [0].
    Found tree with 1 MUXes at root \u_soc.u_cpu.alu_inst.:10960.Y [1].
    Found tree with 1 MUXes at root \u_soc.u_cpu.alu_inst.:10960.Y [2].
    Found tree with 1 MUXes at root \u_soc.u_cpu.alu_inst.:10960.Y [3].
    Found tree with 1 MUXes at root \u_soc.u_cpu.alu_inst.:10960.Y [4].
    Found tree with 1 MUXes at root \u_soc.u_cpu.alu_inst.:10960.Y [5].
    Found tree with 1 MUXes at root \u_soc.u_cpu.alu_inst.:10960.Y [6].
    Found tree with 1 MUXes at root \u_soc.u_cpu.alu_inst.:10960.Y [7].
    Found tree with 1 MUXes at root \u_soc.u_cpu.alu_inst.:10960.Y [8].
    Found tree with 1 MUXes at root \u_soc.u_cpu.alu_inst.:10960.Y [9].
    Found tree with 1 MUXes at root \u_soc.u_cpu.alu_inst.:10960.Y [10].
    Found tree with 1 MUXes at root \u_soc.u_cpu.alu_inst.:10960.Y [11].
    Found tree with 1 MUXes at root \u_soc.u_cpu.alu_inst.:10960.Y [12].
    Found tree with 1 MUXes at root \u_soc.u_cpu.alu_inst.:10960.Y [13].
    Found tree with 1 MUXes at root \u_soc.u_cpu.alu_inst.:10960.Y [14].
    Found tree with 1 MUXes at root \u_soc.u_cpu.alu_inst.:10960.Y [15].
    Found tree with 1 MUXes at root \u_soc.u_cpu.alu_inst.:10960.Y [16].
    Found tree with 1 MUXes at root \u_soc.u_cpu.alu_inst.:10960.Y [17].
    Found tree with 1 MUXes at root \u_soc.u_cpu.alu_inst.:10960.Y [18].
    Found tree with 1 MUXes at root \u_soc.u_cpu.alu_inst.:10960.Y [19].
    Found tree with 1 MUXes at root \u_soc.u_cpu.alu_inst.:10960.Y [20].
    Found tree with 1 MUXes at root \u_soc.u_cpu.alu_inst.:10960.Y [21].
    Found tree with 1 MUXes at root \u_soc.u_cpu.alu_inst.:10960.Y [22].
    Found tree with 1 MUXes at root \u_soc.u_cpu.alu_inst.:10960.Y [23].
    Found tree with 1 MUXes at root \u_soc.u_cpu.alu_inst.:10960.Y [24].
    Found tree with 1 MUXes at root \u_soc.u_cpu.alu_inst.:10960.Y [25].
    Found tree with 1 MUXes at root \u_soc.u_cpu.alu_inst.:10960.Y [26].
    Found tree with 1 MUXes at root \u_soc.u_cpu.alu_inst.:10960.Y [27].
    Found tree with 1 MUXes at root \u_soc.u_cpu.alu_inst.:10960.Y [28].
    Found tree with 1 MUXes at root \u_soc.u_cpu.alu_inst.:10960.Y [29].
    Found tree with 1 MUXes at root \u_soc.u_cpu.alu_inst.:10960.Y [30].
    Found tree with 1 MUXes at root \u_soc.u_cpu.alu_inst.:10960.Y [31].
    Found tree with 2 MUXes at root $auto$rtlil.cc:3381:MuxGate$37377.
    Found tree with 1 MUXes at root $techmap\u_soc.u_cpu.alu_inst.:10960.$4\buffer[31:0] [4].
    Found tree with 1 MUXes at root $techmap\u_soc.u_cpu.alu_inst.:10960.$4\buffer[31:0] [5].
    Found tree with 1 MUXes at root $techmap\u_soc.u_cpu.alu_inst.:10960.$4\buffer[31:0] [6].
    Found tree with 1 MUXes at root $techmap\u_soc.u_cpu.alu_inst.:10960.$4\buffer[31:0] [7].
    Found tree with 1 MUXes at root $techmap\u_soc.u_cpu.alu_inst.:10960.$4\buffer[31:0] [8].
    Found tree with 1 MUXes at root $techmap\u_soc.u_cpu.alu_inst.:10960.$4\buffer[31:0] [9].
    Found tree with 1 MUXes at root $techmap\u_soc.u_cpu.alu_inst.:10960.$4\buffer[31:0] [10].
    Found tree with 1 MUXes at root $techmap\u_soc.u_cpu.alu_inst.:10960.$4\buffer[31:0] [11].
    Found tree with 1 MUXes at root $techmap\u_soc.u_cpu.alu_inst.:10960.$4\buffer[31:0] [12].
    Found tree with 1 MUXes at root $techmap\u_soc.u_cpu.alu_inst.:10960.$4\buffer[31:0] [13].
    Found tree with 1 MUXes at root $techmap\u_soc.u_cpu.alu_inst.:10960.$4\buffer[31:0] [14].
    Found tree with 1 MUXes at root $techmap\u_soc.u_cpu.alu_inst.:10960.$4\buffer[31:0] [15].
    Found tree with 1 MUXes at root $techmap\u_soc.u_cpu.alu_inst.:10960.$4\buffer[31:0] [16].
    Found tree with 1 MUXes at root $techmap\u_soc.u_cpu.alu_inst.:10960.$4\buffer[31:0] [17].
    Found tree with 1 MUXes at root $techmap\u_soc.u_cpu.alu_inst.:10960.$4\buffer[31:0] [18].
    Found tree with 1 MUXes at root $techmap\u_soc.u_cpu.alu_inst.:10960.$4\buffer[31:0] [19].
    Found tree with 1 MUXes at root $techmap\u_soc.u_cpu.alu_inst.:10960.$4\buffer[31:0] [20].
    Found tree with 1 MUXes at root $techmap\u_soc.u_cpu.alu_inst.:10960.$4\buffer[31:0] [21].
    Found tree with 1 MUXes at root $techmap\u_soc.u_cpu.alu_inst.:10960.$4\buffer[31:0] [22].
    Found tree with 1 MUXes at root $techmap\u_soc.u_cpu.alu_inst.:10960.$4\buffer[31:0] [23].
    Found tree with 1 MUXes at root $techmap\u_soc.u_cpu.alu_inst.:10960.$4\buffer[31:0] [24].
    Found tree with 1 MUXes at root $techmap\u_soc.u_cpu.alu_inst.:10960.$4\buffer[31:0] [25].
    Found tree with 1 MUXes at root $techmap\u_soc.u_cpu.alu_inst.:10960.$4\buffer[31:0] [26].
    Found tree with 1 MUXes at root $techmap\u_soc.u_cpu.alu_inst.:10960.$4\buffer[31:0] [27].
    Found tree with 1 MUXes at root $techmap\u_soc.u_cpu.alu_inst.:10960.$4\buffer[31:0] [28].
    Found tree with 1 MUXes at root $techmap\u_soc.u_cpu.alu_inst.:10960.$4\buffer[31:0] [29].
    Found tree with 1 MUXes at root $techmap\u_soc.u_cpu.alu_inst.:10960.$4\buffer[31:0] [30].
    Found tree with 1 MUXes at root $techmap\u_soc.u_cpu.alu_inst.:10960.$4\buffer[31:0] [31].
    Found tree with 1 MUXes at root $techmap\u_soc.u_cpu.alu_inst.:10960.$1\buffer[31:0] [2].
    Found tree with 1 MUXes at root $techmap\u_soc.u_cpu.alu_inst.:10960.$1\buffer[31:0] [3].
    Found tree with 1 MUXes at root $techmap\u_soc.u_cpu.alu_inst.:10960.$1\buffer[31:0] [4].
    Found tree with 1 MUXes at root $techmap\u_soc.u_cpu.alu_inst.:10960.$1\buffer[31:0] [5].
    Found tree with 1 MUXes at root $techmap\u_soc.u_cpu.alu_inst.:10960.$1\buffer[31:0] [6].
    Found tree with 1 MUXes at root $techmap\u_soc.u_cpu.alu_inst.:10960.$1\buffer[31:0] [7].
    Found tree with 1 MUXes at root $techmap\u_soc.u_cpu.alu_inst.:10960.$1\buffer[31:0] [8].
    Found tree with 1 MUXes at root $techmap\u_soc.u_cpu.alu_inst.:10960.$1\buffer[31:0] [9].
    Found tree with 1 MUXes at root $techmap\u_soc.u_cpu.alu_inst.:10960.$1\buffer[31:0] [10].
    Found tree with 1 MUXes at root $techmap\u_soc.u_cpu.alu_inst.:10960.$1\buffer[31:0] [11].
    Found tree with 1 MUXes at root $techmap\u_soc.u_cpu.alu_inst.:10960.$1\buffer[31:0] [12].
    Found tree with 1 MUXes at root $techmap\u_soc.u_cpu.alu_inst.:10960.$1\buffer[31:0] [13].
    Found tree with 1 MUXes at root $techmap\u_soc.u_cpu.alu_inst.:10960.$1\buffer[31:0] [14].
    Found tree with 1 MUXes at root $techmap\u_soc.u_cpu.alu_inst.:10960.$1\buffer[31:0] [15].
    Found tree with 1 MUXes at root $techmap\u_soc.u_cpu.alu_inst.:10960.$1\buffer[31:0] [16].
    Found tree with 1 MUXes at root $techmap\u_soc.u_cpu.alu_inst.:10960.$1\buffer[31:0] [17].
    Found tree with 1 MUXes at root $techmap\u_soc.u_cpu.alu_inst.:10960.$1\buffer[31:0] [18].
    Found tree with 1 MUXes at root $techmap\u_soc.u_cpu.alu_inst.:10960.$1\buffer[31:0] [19].
    Found tree with 1 MUXes at root $techmap\u_soc.u_cpu.alu_inst.:10960.$1\buffer[31:0] [20].
    Found tree with 1 MUXes at root $techmap\u_soc.u_cpu.alu_inst.:10960.$1\buffer[31:0] [21].
    Found tree with 1 MUXes at root $techmap\u_soc.u_cpu.alu_inst.:10960.$1\buffer[31:0] [22].
    Found tree with 1 MUXes at root $techmap\u_soc.u_cpu.alu_inst.:10960.$1\buffer[31:0] [23].
    Found tree with 1 MUXes at root $techmap\u_soc.u_cpu.alu_inst.:10960.$1\buffer[31:0] [24].
    Found tree with 1 MUXes at root $techmap\u_soc.u_cpu.alu_inst.:10960.$1\buffer[31:0] [25].
    Found tree with 1 MUXes at root $techmap\u_soc.u_cpu.alu_inst.:10960.$1\buffer[31:0] [26].
    Found tree with 1 MUXes at root $techmap\u_soc.u_cpu.alu_inst.:10960.$1\buffer[31:0] [27].
    Found tree with 1 MUXes at root $techmap\u_soc.u_cpu.alu_inst.:10960.$1\buffer[31:0] [28].
    Found tree with 1 MUXes at root $techmap\u_soc.u_cpu.alu_inst.:10960.$1\buffer[31:0] [29].
    Found tree with 1 MUXes at root $techmap\u_soc.u_cpu.alu_inst.:10960.$1\buffer[31:0] [30].
    Found tree with 1 MUXes at root $techmap\u_soc.u_cpu.alu_inst.:10960.$1\buffer[31:0] [31].
    Found tree with 1 MUXes at root $techmap\u_soc.u_cpu.alu_inst.:10960.$11\buffer[31:0] [0].
    Found tree with 1 MUXes at root $techmap\u_soc.u_cpu.alu_inst.:10960.$11\buffer[31:0] [1].
    Found tree with 1 MUXes at root $techmap\u_soc.u_cpu.alu_inst.:10960.$11\buffer[31:0] [2].
    Found tree with 1 MUXes at root $techmap\u_soc.u_cpu.alu_inst.:10960.$11\buffer[31:0] [3].
    Found tree with 1 MUXes at root $techmap\u_soc.u_cpu.alu_inst.:10960.$11\buffer[31:0] [4].
    Found tree with 1 MUXes at root $techmap\u_soc.u_cpu.alu_inst.:10960.$11\buffer[31:0] [5].
    Found tree with 1 MUXes at root $techmap\u_soc.u_cpu.alu_inst.:10960.$11\buffer[31:0] [6].
    Found tree with 1 MUXes at root $techmap\u_soc.u_cpu.alu_inst.:10960.$11\buffer[31:0] [7].
    Found tree with 1 MUXes at root $techmap\u_soc.u_cpu.alu_inst.:10960.$11\buffer[31:0] [8].
    Found tree with 1 MUXes at root $techmap\u_soc.u_cpu.alu_inst.:10960.$11\buffer[31:0] [9].
    Found tree with 1 MUXes at root $techmap\u_soc.u_cpu.alu_inst.:10960.$11\buffer[31:0] [10].
    Found tree with 1 MUXes at root $techmap\u_soc.u_cpu.alu_inst.:10960.$11\buffer[31:0] [11].
    Found tree with 1 MUXes at root $techmap\u_soc.u_cpu.alu_inst.:10960.$11\buffer[31:0] [12].
    Found tree with 1 MUXes at root $techmap\u_soc.u_cpu.alu_inst.:10960.$11\buffer[31:0] [13].
    Found tree with 1 MUXes at root $techmap\u_soc.u_cpu.alu_inst.:10960.$11\buffer[31:0] [14].
    Found tree with 1 MUXes at root $techmap\u_soc.u_cpu.alu_inst.:10960.$11\buffer[31:0] [15].
    Found tree with 1 MUXes at root $techmap\u_soc.u_cpu.alu_inst.:10960.$11\buffer[31:0] [16].
    Found tree with 1 MUXes at root $techmap\u_soc.u_cpu.alu_inst.:10960.$11\buffer[31:0] [17].
    Found tree with 1 MUXes at root $techmap\u_soc.u_cpu.alu_inst.:10960.$11\buffer[31:0] [18].
    Found tree with 1 MUXes at root $techmap\u_soc.u_cpu.alu_inst.:10960.$11\buffer[31:0] [19].
    Found tree with 1 MUXes at root $techmap\u_soc.u_cpu.alu_inst.:10960.$11\buffer[31:0] [20].
    Found tree with 1 MUXes at root $techmap\u_soc.u_cpu.alu_inst.:10960.$11\buffer[31:0] [21].
    Found tree with 1 MUXes at root $techmap\u_soc.u_cpu.alu_inst.:10960.$11\buffer[31:0] [22].
    Found tree with 1 MUXes at root $techmap\u_soc.u_cpu.alu_inst.:10960.$11\buffer[31:0] [23].
    Found tree with 2 MUXes at root $auto$rtlil.cc:3381:MuxGate$38117.
    Found tree with 2 MUXes at root $auto$rtlil.cc:3381:MuxGate$38113.
    Found tree with 2 MUXes at root $auto$rtlil.cc:3381:MuxGate$38109.
    Found tree with 2 MUXes at root $auto$rtlil.cc:3381:MuxGate$38105.
    Found tree with 2 MUXes at root $auto$rtlil.cc:3381:MuxGate$38101.
    Found tree with 2 MUXes at root $auto$rtlil.cc:3381:MuxGate$38097.
    Found tree with 2 MUXes at root $auto$rtlil.cc:3381:MuxGate$38093.
    Found tree with 2 MUXes at root $auto$rtlil.cc:3381:MuxGate$38089.
    Found tree with 2 MUXes at root $auto$rtlil.cc:3381:MuxGate$38085.
    Found tree with 2 MUXes at root $auto$rtlil.cc:3381:MuxGate$38081.
    Found tree with 2 MUXes at root $auto$rtlil.cc:3381:MuxGate$38077.
    Found tree with 2 MUXes at root $auto$rtlil.cc:3381:MuxGate$38073.
    Found tree with 2 MUXes at root $auto$rtlil.cc:3381:MuxGate$38069.
    Found tree with 2 MUXes at root $auto$rtlil.cc:3381:MuxGate$38065.
    Found tree with 2 MUXes at root $auto$rtlil.cc:3381:MuxGate$38061.
    Found tree with 2 MUXes at root $auto$rtlil.cc:3381:MuxGate$38057.
    Found tree with 2 MUXes at root $auto$rtlil.cc:3381:MuxGate$38053.
    Found tree with 2 MUXes at root $auto$rtlil.cc:3381:MuxGate$38049.
    Found tree with 2 MUXes at root $auto$rtlil.cc:3381:MuxGate$38045.
    Found tree with 2 MUXes at root $auto$rtlil.cc:3381:MuxGate$38041.
    Found tree with 2 MUXes at root $auto$rtlil.cc:3381:MuxGate$38037.
    Found tree with 2 MUXes at root $auto$rtlil.cc:3381:MuxGate$38033.
    Found tree with 2 MUXes at root $auto$rtlil.cc:3381:MuxGate$38029.
    Found tree with 2 MUXes at root $auto$rtlil.cc:3381:MuxGate$38025.
    Found tree with 2 MUXes at root $auto$rtlil.cc:3381:MuxGate$38021.
    Found tree with 2 MUXes at root $auto$rtlil.cc:3381:MuxGate$38017.
    Found tree with 2 MUXes at root $auto$rtlil.cc:3381:MuxGate$38013.
    Found tree with 2 MUXes at root $auto$rtlil.cc:3381:MuxGate$38009.
    Found tree with 2 MUXes at root $auto$rtlil.cc:3381:MuxGate$38005.
    Found tree with 2 MUXes at root $auto$rtlil.cc:3381:MuxGate$38001.
    Found tree with 2 MUXes at root $auto$rtlil.cc:3381:MuxGate$37997.
    Found tree with 2 MUXes at root $auto$rtlil.cc:3381:MuxGate$37993.
    Found tree with 2 MUXes at root $auto$rtlil.cc:3381:MuxGate$37989.
    Found tree with 2 MUXes at root $auto$rtlil.cc:3381:MuxGate$37985.
    Found tree with 2 MUXes at root $auto$rtlil.cc:3381:MuxGate$37981.
    Found tree with 2 MUXes at root $auto$rtlil.cc:3381:MuxGate$37977.
    Found tree with 2 MUXes at root $auto$rtlil.cc:3381:MuxGate$37973.
    Found tree with 2 MUXes at root $auto$rtlil.cc:3381:MuxGate$37969.
    Found tree with 2 MUXes at root $auto$rtlil.cc:3381:MuxGate$37965.
    Found tree with 2 MUXes at root $auto$rtlil.cc:3381:MuxGate$37961.
    Found tree with 2 MUXes at root $auto$rtlil.cc:3381:MuxGate$37957.
    Found tree with 2 MUXes at root $auto$rtlil.cc:3381:MuxGate$37953.
    Found tree with 2 MUXes at root $auto$rtlil.cc:3381:MuxGate$37949.
    Found tree with 2 MUXes at root $auto$rtlil.cc:3381:MuxGate$37945.
    Found tree with 2 MUXes at root $auto$rtlil.cc:3381:MuxGate$37941.
    Found tree with 2 MUXes at root $auto$rtlil.cc:3381:MuxGate$37937.
    Found tree with 2 MUXes at root $auto$rtlil.cc:3381:MuxGate$37933.
    Found tree with 2 MUXes at root $auto$rtlil.cc:3381:MuxGate$37929.
    Found tree with 2 MUXes at root $auto$rtlil.cc:3381:MuxGate$37925.
    Found tree with 2 MUXes at root $auto$rtlil.cc:3381:MuxGate$37921.
    Found tree with 2 MUXes at root $auto$rtlil.cc:3381:MuxGate$37917.
    Found tree with 2 MUXes at root $auto$rtlil.cc:3381:MuxGate$37913.
    Found tree with 2 MUXes at root $auto$rtlil.cc:3381:MuxGate$37909.
    Found tree with 2 MUXes at root $auto$rtlil.cc:3381:MuxGate$37905.
    Found tree with 2 MUXes at root $auto$rtlil.cc:3381:MuxGate$37901.
    Found tree with 2 MUXes at root $auto$rtlil.cc:3381:MuxGate$37897.
    Found tree with 2 MUXes at root $auto$rtlil.cc:3381:MuxGate$37893.
    Found tree with 2 MUXes at root $auto$rtlil.cc:3381:MuxGate$37889.
    Found tree with 2 MUXes at root $auto$rtlil.cc:3381:MuxGate$37885.
    Found tree with 2 MUXes at root $auto$rtlil.cc:3381:MuxGate$37881.
    Found tree with 2 MUXes at root $auto$rtlil.cc:3381:MuxGate$37877.
    Found tree with 2 MUXes at root $auto$rtlil.cc:3381:MuxGate$37873.
    Found tree with 2 MUXes at root $auto$rtlil.cc:3381:MuxGate$37869.
    Found tree with 2 MUXes at root $auto$rtlil.cc:3381:MuxGate$37865.
    Found tree with 2 MUXes at root $auto$rtlil.cc:3381:MuxGate$37861.
    Found tree with 2 MUXes at root $auto$rtlil.cc:3381:MuxGate$37857.
    Found tree with 2 MUXes at root $auto$rtlil.cc:3381:MuxGate$37853.
    Found tree with 2 MUXes at root $auto$rtlil.cc:3381:MuxGate$37849.
    Found tree with 2 MUXes at root $auto$rtlil.cc:3381:MuxGate$37845.
    Found tree with 2 MUXes at root $auto$rtlil.cc:3381:MuxGate$37841.
    Found tree with 2 MUXes at root $auto$rtlil.cc:3381:MuxGate$37837.
    Found tree with 2 MUXes at root $auto$rtlil.cc:3381:MuxGate$37833.
    Found tree with 2 MUXes at root $auto$rtlil.cc:3381:MuxGate$37829.
    Found tree with 2 MUXes at root $auto$rtlil.cc:3381:MuxGate$37825.
    Found tree with 2 MUXes at root $auto$rtlil.cc:3381:MuxGate$37821.
    Found tree with 2 MUXes at root $auto$rtlil.cc:3381:MuxGate$37817.
    Found tree with 2 MUXes at root $auto$rtlil.cc:3381:MuxGate$37813.
    Found tree with 2 MUXes at root $auto$rtlil.cc:3381:MuxGate$37809.
    Found tree with 2 MUXes at root $auto$rtlil.cc:3381:MuxGate$37805.
    Found tree with 2 MUXes at root $auto$rtlil.cc:3381:MuxGate$37801.
    Found tree with 2 MUXes at root $auto$rtlil.cc:3381:MuxGate$37797.
    Found tree with 2 MUXes at root $auto$rtlil.cc:3381:MuxGate$37793.
    Found tree with 2 MUXes at root $auto$rtlil.cc:3381:MuxGate$37789.
    Found tree with 2 MUXes at root $auto$rtlil.cc:3381:MuxGate$37785.
    Found tree with 2 MUXes at root $auto$rtlil.cc:3381:MuxGate$37781.
    Found tree with 2 MUXes at root $auto$rtlil.cc:3381:MuxGate$37777.
    Found tree with 2 MUXes at root $auto$rtlil.cc:3381:MuxGate$37773.
    Found tree with 2 MUXes at root $auto$rtlil.cc:3381:MuxGate$37769.
    Found tree with 2 MUXes at root $auto$rtlil.cc:3381:MuxGate$37765.
    Found tree with 2 MUXes at root $auto$rtlil.cc:3381:MuxGate$37761.
    Found tree with 2 MUXes at root $auto$rtlil.cc:3381:MuxGate$37757.
    Found tree with 2 MUXes at root $auto$rtlil.cc:3381:MuxGate$37753.
    Found tree with 2 MUXes at root $auto$rtlil.cc:3381:MuxGate$37749.
    Found tree with 2 MUXes at root $auto$rtlil.cc:3381:MuxGate$37745.
    Found tree with 2 MUXes at root $auto$rtlil.cc:3381:MuxGate$37741.
    Found tree with 2 MUXes at root $auto$rtlil.cc:3381:MuxGate$37737.
    Found tree with 2 MUXes at root $auto$rtlil.cc:3381:MuxGate$37733.
    Found tree with 2 MUXes at root $auto$rtlil.cc:3381:MuxGate$37729.
    Found tree with 2 MUXes at root $auto$rtlil.cc:3381:MuxGate$37725.
    Found tree with 2 MUXes at root $auto$rtlil.cc:3381:MuxGate$37721.
    Found tree with 2 MUXes at root $auto$rtlil.cc:3381:MuxGate$37717.
    Found tree with 2 MUXes at root $auto$rtlil.cc:3381:MuxGate$37713.
    Found tree with 2 MUXes at root $auto$rtlil.cc:3381:MuxGate$37709.
    Found tree with 2 MUXes at root $auto$rtlil.cc:3381:MuxGate$37705.
    Found tree with 2 MUXes at root $auto$rtlil.cc:3381:MuxGate$37701.
    Found tree with 2 MUXes at root $auto$rtlil.cc:3381:MuxGate$37697.
    Found tree with 2 MUXes at root $auto$rtlil.cc:3381:MuxGate$37693.
    Found tree with 2 MUXes at root $auto$rtlil.cc:3381:MuxGate$37689.
    Found tree with 2 MUXes at root $auto$rtlil.cc:3381:MuxGate$37685.
    Found tree with 2 MUXes at root $auto$rtlil.cc:3381:MuxGate$37681.
    Found tree with 2 MUXes at root $auto$rtlil.cc:3381:MuxGate$37677.
    Found tree with 2 MUXes at root $auto$rtlil.cc:3381:MuxGate$37673.
    Found tree with 2 MUXes at root $auto$rtlil.cc:3381:MuxGate$37641.
    Found tree with 2 MUXes at root $auto$rtlil.cc:3381:MuxGate$37645.
    Found tree with 2 MUXes at root $auto$rtlil.cc:3381:MuxGate$37649.
    Found tree with 2 MUXes at root $auto$rtlil.cc:3381:MuxGate$37653.
    Found tree with 2 MUXes at root $auto$rtlil.cc:3381:MuxGate$37657.
    Found tree with 2 MUXes at root $auto$rtlil.cc:3381:MuxGate$37661.
    Found tree with 2 MUXes at root $auto$rtlil.cc:3381:MuxGate$37665.
    Found tree with 1 MUXes at root $auto$rtlil.cc:3381:MuxGate$33837.
    Found tree with 1 MUXes at root $auto$rtlil.cc:3381:MuxGate$33835.
    Found tree with 1 MUXes at root $auto$rtlil.cc:3381:MuxGate$33833.
    Found tree with 1 MUXes at root $auto$rtlil.cc:3381:MuxGate$33831.
    Found tree with 1 MUXes at root $auto$rtlil.cc:3381:MuxGate$33829.
    Found tree with 1 MUXes at root $auto$rtlil.cc:3381:MuxGate$33827.
    Found tree with 1 MUXes at root $auto$rtlil.cc:3381:MuxGate$33825.
    Found tree with 1 MUXes at root $auto$rtlil.cc:3381:MuxGate$33823.
    Found tree with 1 MUXes at root $auto$rtlil.cc:3381:MuxGate$33821.
    Found tree with 3 MUXes at root $auto$rtlil.cc:3381:MuxGate$33915.
    Found tree with 3 MUXes at root $auto$rtlil.cc:3381:MuxGate$33911.
    Found tree with 3 MUXes at root $auto$rtlil.cc:3381:MuxGate$33907.
    Found tree with 3 MUXes at root $auto$rtlil.cc:3381:MuxGate$33903.
    Found tree with 3 MUXes at root $auto$rtlil.cc:3381:MuxGate$33899.
    Found tree with 3 MUXes at root $auto$rtlil.cc:3381:MuxGate$33895.
    Found tree with 2 MUXes at root $auto$rtlil.cc:3381:MuxGate$34167.
    Found tree with 2 MUXes at root $auto$rtlil.cc:3381:MuxGate$34163.
    Found tree with 2 MUXes at root $auto$rtlil.cc:3381:MuxGate$34159.
    Found tree with 2 MUXes at root $auto$rtlil.cc:3381:MuxGate$34155.
    Found tree with 2 MUXes at root $auto$rtlil.cc:3381:MuxGate$34151.
    Found tree with 2 MUXes at root $auto$rtlil.cc:3381:MuxGate$34147.
    Found tree with 2 MUXes at root $auto$rtlil.cc:3381:MuxGate$34143.
    Found tree with 2 MUXes at root $auto$rtlil.cc:3381:MuxGate$35015.
    Found tree with 2 MUXes at root $auto$rtlil.cc:3381:MuxGate$35011.
    Found tree with 2 MUXes at root $auto$rtlil.cc:3381:MuxGate$35007.
    Found tree with 2 MUXes at root $auto$rtlil.cc:3381:MuxGate$35003.
    Found tree with 2 MUXes at root $auto$rtlil.cc:3381:MuxGate$34999.
    Found tree with 2 MUXes at root $auto$rtlil.cc:3381:MuxGate$34995.
    Found tree with 3 MUXes at root $auto$rtlil.cc:3381:MuxGate$34991.
    Found tree with 1 MUXes at root $techmap\u_soc.u_cpu.alu_inst.:10965.$10\buffer[31:0] [17].
    Found tree with 1 MUXes at root $techmap\u_soc.u_cpu.alu_inst.:10965.$10\buffer[31:0] [18].
    Found tree with 1 MUXes at root $techmap\u_soc.u_cpu.alu_inst.:10965.$10\buffer[31:0] [19].
    Found tree with 1 MUXes at root $techmap\u_soc.u_cpu.alu_inst.:10965.$10\buffer[31:0] [20].
    Found tree with 1 MUXes at root $techmap\u_soc.u_cpu.alu_inst.:10965.$10\buffer[31:0] [21].
    Found tree with 1 MUXes at root $techmap\u_soc.u_cpu.alu_inst.:10965.$10\buffer[31:0] [22].
    Found tree with 1 MUXes at root $techmap\u_soc.u_cpu.alu_inst.:10965.$10\buffer[31:0] [23].
    Found tree with 1 MUXes at root $techmap\u_soc.u_cpu.alu_inst.:10965.$10\buffer[31:0] [24].
    Found tree with 1 MUXes at root $techmap\u_soc.u_cpu.alu_inst.:10965.$10\buffer[31:0] [25].
    Found tree with 1 MUXes at root $techmap\u_soc.u_cpu.alu_inst.:10965.$10\buffer[31:0] [26].
    Found tree with 1 MUXes at root $techmap\u_soc.u_cpu.alu_inst.:10965.$10\buffer[31:0] [27].
    Found tree with 1 MUXes at root $techmap\u_soc.u_cpu.alu_inst.:10965.$10\buffer[31:0] [28].
    Found tree with 1 MUXes at root $techmap\u_soc.u_cpu.alu_inst.:10965.$10\buffer[31:0] [29].
    Found tree with 1 MUXes at root $techmap\u_soc.u_cpu.alu_inst.:10965.$10\buffer[31:0] [30].
    Found tree with 1 MUXes at root \u_soc.u_cpu.alu_inst.:10965.Y [1].
    Found tree with 1 MUXes at root \u_soc.u_cpu.alu_inst.:10965.Y [2].
    Found tree with 1 MUXes at root \u_soc.u_cpu.alu_inst.:10965.Y [3].
    Found tree with 1 MUXes at root \u_soc.u_cpu.alu_inst.:10965.Y [4].
    Found tree with 1 MUXes at root \u_soc.u_cpu.alu_inst.:10965.Y [5].
    Found tree with 1 MUXes at root \u_soc.u_cpu.alu_inst.:10965.Y [6].
    Found tree with 1 MUXes at root \u_soc.u_cpu.alu_inst.:10965.Y [7].
    Found tree with 1 MUXes at root \u_soc.u_cpu.alu_inst.:10965.Y [8].
    Found tree with 1 MUXes at root \u_soc.u_cpu.alu_inst.:10965.Y [9].
    Found tree with 1 MUXes at root \u_soc.u_cpu.alu_inst.:10965.Y [10].
    Found tree with 1 MUXes at root \u_soc.u_cpu.alu_inst.:10965.Y [11].
    Found tree with 1 MUXes at root \u_soc.u_cpu.alu_inst.:10965.Y [12].
    Found tree with 1 MUXes at root \u_soc.u_cpu.alu_inst.:10965.Y [13].
    Found tree with 1 MUXes at root \u_soc.u_cpu.alu_inst.:10965.Y [14].
    Found tree with 1 MUXes at root \u_soc.u_cpu.alu_inst.:10965.Y [15].
    Found tree with 1 MUXes at root \u_soc.u_cpu.alu_inst.:10965.Y [16].
    Found tree with 1 MUXes at root \u_soc.u_cpu.alu_inst.:10965.Y [17].
    Found tree with 1 MUXes at root \u_soc.u_cpu.alu_inst.:10965.Y [18].
    Found tree with 1 MUXes at root \u_soc.u_cpu.alu_inst.:10965.Y [19].
    Found tree with 1 MUXes at root \u_soc.u_cpu.alu_inst.:10965.Y [20].
    Found tree with 1 MUXes at root \u_soc.u_cpu.alu_inst.:10965.Y [21].
    Found tree with 1 MUXes at root \u_soc.u_cpu.alu_inst.:10965.Y [22].
    Found tree with 1 MUXes at root \u_soc.u_cpu.alu_inst.:10965.Y [23].
    Found tree with 1 MUXes at root \u_soc.u_cpu.alu_inst.:10965.Y [24].
    Found tree with 1 MUXes at root \u_soc.u_cpu.alu_inst.:10965.Y [25].
    Found tree with 1 MUXes at root \u_soc.u_cpu.alu_inst.:10965.Y [26].
    Found tree with 1 MUXes at root \u_soc.u_cpu.alu_inst.:10965.Y [27].
    Found tree with 1 MUXes at root \u_soc.u_cpu.alu_inst.:10965.Y [28].
    Found tree with 1 MUXes at root \u_soc.u_cpu.alu_inst.:10965.Y [29].
    Found tree with 1 MUXes at root \u_soc.u_cpu.alu_inst.:10965.Y [30].
    Found tree with 1 MUXes at root $techmap\u_soc.u_cpu.alu_inst.:10965.$4\buffer[31:0] [29].
    Found tree with 1 MUXes at root $techmap\u_soc.u_cpu.alu_inst.:10965.$4\buffer[31:0] [30].
    Found tree with 3 MUXes at root $auto$rtlil.cc:3381:MuxGate$31641.
    Found tree with 1 MUXes at root $techmap\u_soc.u_cpu.alu_inst.:10965.$11\buffer[31:0] [17].
    Found tree with 1 MUXes at root $techmap\u_soc.u_cpu.alu_inst.:10965.$11\buffer[31:0] [18].
    Found tree with 1 MUXes at root $techmap\u_soc.u_cpu.alu_inst.:10965.$11\buffer[31:0] [19].
    Found tree with 1 MUXes at root $techmap\u_soc.u_cpu.alu_inst.:10965.$11\buffer[31:0] [20].
    Found tree with 1 MUXes at root $techmap\u_soc.u_cpu.alu_inst.:10965.$11\buffer[31:0] [21].
    Found tree with 1 MUXes at root $techmap\u_soc.u_cpu.alu_inst.:10965.$11\buffer[31:0] [22].
    Found tree with 2 MUXes at root $auto$rtlil.cc:3381:MuxGate$38697.
    Found tree with 2 MUXes at root $auto$rtlil.cc:3381:MuxGate$38681.
    Found tree with 2 MUXes at root $auto$rtlil.cc:3381:MuxGate$38677.
    Found tree with 2 MUXes at root $auto$rtlil.cc:3381:MuxGate$38673.
    Found tree with 2 MUXes at root $auto$rtlil.cc:3381:MuxGate$38669.
    Found tree with 2 MUXes at root $auto$rtlil.cc:3381:MuxGate$38665.
    Found tree with 2 MUXes at root $auto$rtlil.cc:3381:MuxGate$38661.
    Found tree with 2 MUXes at root $auto$rtlil.cc:3381:MuxGate$38657.
    Found tree with 2 MUXes at root $auto$rtlil.cc:3381:MuxGate$38649.
    Found tree with 2 MUXes at root $auto$rtlil.cc:3381:MuxGate$38645.
    Found tree with 2 MUXes at root $auto$rtlil.cc:3381:MuxGate$38641.
    Found tree with 2 MUXes at root $auto$rtlil.cc:3381:MuxGate$38637.
    Found tree with 2 MUXes at root $auto$rtlil.cc:3381:MuxGate$38633.
    Found tree with 2 MUXes at root $auto$rtlil.cc:3381:MuxGate$38629.
    Found tree with 2 MUXes at root $auto$rtlil.cc:3381:MuxGate$38625.
    Found tree with 2 MUXes at root $auto$rtlil.cc:3381:MuxGate$38617.
    Found tree with 2 MUXes at root $auto$rtlil.cc:3381:MuxGate$38613.
    Found tree with 2 MUXes at root $auto$rtlil.cc:3381:MuxGate$38609.
    Found tree with 2 MUXes at root $auto$rtlil.cc:3381:MuxGate$38605.
    Found tree with 2 MUXes at root $auto$rtlil.cc:3381:MuxGate$38601.
    Found tree with 2 MUXes at root $auto$rtlil.cc:3381:MuxGate$38597.
    Found tree with 2 MUXes at root $auto$rtlil.cc:3381:MuxGate$38593.
    Found tree with 2 MUXes at root $auto$rtlil.cc:3381:MuxGate$38585.
    Found tree with 2 MUXes at root $auto$rtlil.cc:3381:MuxGate$38581.
    Found tree with 2 MUXes at root $auto$rtlil.cc:3381:MuxGate$38577.
    Found tree with 2 MUXes at root $auto$rtlil.cc:3381:MuxGate$38573.
    Found tree with 2 MUXes at root $auto$rtlil.cc:3381:MuxGate$38569.
    Found tree with 2 MUXes at root $auto$rtlil.cc:3381:MuxGate$38565.
    Found tree with 2 MUXes at root $auto$rtlil.cc:3381:MuxGate$38561.
    Found tree with 2 MUXes at root $auto$rtlil.cc:3381:MuxGate$38553.
    Found tree with 2 MUXes at root $auto$rtlil.cc:3381:MuxGate$38549.
    Found tree with 2 MUXes at root $auto$rtlil.cc:3381:MuxGate$38545.
    Found tree with 2 MUXes at root $auto$rtlil.cc:3381:MuxGate$38541.
    Found tree with 2 MUXes at root $auto$rtlil.cc:3381:MuxGate$38537.
    Found tree with 2 MUXes at root $auto$rtlil.cc:3381:MuxGate$38533.
    Found tree with 2 MUXes at root $auto$rtlil.cc:3381:MuxGate$38529.
    Found tree with 2 MUXes at root $auto$rtlil.cc:3381:MuxGate$38521.
    Found tree with 2 MUXes at root $auto$rtlil.cc:3381:MuxGate$38517.
    Found tree with 2 MUXes at root $auto$rtlil.cc:3381:MuxGate$38513.
    Found tree with 2 MUXes at root $auto$rtlil.cc:3381:MuxGate$38509.
    Found tree with 2 MUXes at root $auto$rtlil.cc:3381:MuxGate$38505.
    Found tree with 2 MUXes at root $auto$rtlil.cc:3381:MuxGate$38501.
    Found tree with 2 MUXes at root $auto$rtlil.cc:3381:MuxGate$38497.
    Found tree with 2 MUXes at root $auto$rtlil.cc:3381:MuxGate$38489.
    Found tree with 2 MUXes at root $auto$rtlil.cc:3381:MuxGate$38485.
    Found tree with 2 MUXes at root $auto$rtlil.cc:3381:MuxGate$38481.
    Found tree with 2 MUXes at root $auto$rtlil.cc:3381:MuxGate$38477.
    Found tree with 2 MUXes at root $auto$rtlil.cc:3381:MuxGate$38473.
    Found tree with 2 MUXes at root $auto$rtlil.cc:3381:MuxGate$38469.
    Found tree with 2 MUXes at root $auto$rtlil.cc:3381:MuxGate$38465.
    Found tree with 2 MUXes at root $auto$rtlil.cc:3381:MuxGate$38457.
    Found tree with 2 MUXes at root $auto$rtlil.cc:3381:MuxGate$38453.
    Found tree with 2 MUXes at root $auto$rtlil.cc:3381:MuxGate$38449.
    Found tree with 2 MUXes at root $auto$rtlil.cc:3381:MuxGate$38445.
    Found tree with 2 MUXes at root $auto$rtlil.cc:3381:MuxGate$38441.
    Found tree with 2 MUXes at root $auto$rtlil.cc:3381:MuxGate$38437.
    Found tree with 2 MUXes at root $auto$rtlil.cc:3381:MuxGate$38433.
    Found tree with 2 MUXes at root $auto$rtlil.cc:3381:MuxGate$38425.
    Found tree with 2 MUXes at root $auto$rtlil.cc:3381:MuxGate$38421.
    Found tree with 2 MUXes at root $auto$rtlil.cc:3381:MuxGate$38417.
    Found tree with 2 MUXes at root $auto$rtlil.cc:3381:MuxGate$38413.
    Found tree with 2 MUXes at root $auto$rtlil.cc:3381:MuxGate$38409.
    Found tree with 2 MUXes at root $auto$rtlil.cc:3381:MuxGate$38405.
    Found tree with 2 MUXes at root $auto$rtlil.cc:3381:MuxGate$38401.
    Found tree with 2 MUXes at root $auto$rtlil.cc:3381:MuxGate$38393.
    Found tree with 2 MUXes at root $auto$rtlil.cc:3381:MuxGate$38389.
    Found tree with 2 MUXes at root $auto$rtlil.cc:3381:MuxGate$38385.
    Found tree with 2 MUXes at root $auto$rtlil.cc:3381:MuxGate$38381.
    Found tree with 2 MUXes at root $auto$rtlil.cc:3381:MuxGate$38377.
    Found tree with 2 MUXes at root $auto$rtlil.cc:3381:MuxGate$38373.
    Found tree with 2 MUXes at root $auto$rtlil.cc:3381:MuxGate$38369.
    Found tree with 2 MUXes at root $auto$rtlil.cc:3381:MuxGate$38361.
    Found tree with 2 MUXes at root $auto$rtlil.cc:3381:MuxGate$38357.
    Found tree with 2 MUXes at root $auto$rtlil.cc:3381:MuxGate$38353.
    Found tree with 2 MUXes at root $auto$rtlil.cc:3381:MuxGate$38349.
    Found tree with 2 MUXes at root $auto$rtlil.cc:3381:MuxGate$38345.
    Found tree with 2 MUXes at root $auto$rtlil.cc:3381:MuxGate$38341.
    Found tree with 2 MUXes at root $auto$rtlil.cc:3381:MuxGate$38337.
    Found tree with 2 MUXes at root $auto$rtlil.cc:3381:MuxGate$38329.
    Found tree with 2 MUXes at root $auto$rtlil.cc:3381:MuxGate$38325.
    Found tree with 2 MUXes at root $auto$rtlil.cc:3381:MuxGate$38321.
    Found tree with 2 MUXes at root $auto$rtlil.cc:3381:MuxGate$38317.
    Found tree with 2 MUXes at root $auto$rtlil.cc:3381:MuxGate$38313.
    Found tree with 2 MUXes at root $auto$rtlil.cc:3381:MuxGate$38309.
    Found tree with 2 MUXes at root $auto$rtlil.cc:3381:MuxGate$38305.
    Found tree with 2 MUXes at root $auto$rtlil.cc:3381:MuxGate$38297.
    Found tree with 2 MUXes at root $auto$rtlil.cc:3381:MuxGate$38293.
    Found tree with 2 MUXes at root $auto$rtlil.cc:3381:MuxGate$38289.
    Found tree with 2 MUXes at root $auto$rtlil.cc:3381:MuxGate$38285.
    Found tree with 2 MUXes at root $auto$rtlil.cc:3381:MuxGate$38281.
    Found tree with 2 MUXes at root $auto$rtlil.cc:3381:MuxGate$38277.
    Found tree with 2 MUXes at root $auto$rtlil.cc:3381:MuxGate$38273.
    Found tree with 2 MUXes at root $auto$rtlil.cc:3381:MuxGate$38265.
    Found tree with 2 MUXes at root $auto$rtlil.cc:3381:MuxGate$38261.
    Found tree with 2 MUXes at root $auto$rtlil.cc:3381:MuxGate$38257.
    Found tree with 2 MUXes at root $auto$rtlil.cc:3381:MuxGate$38253.
    Found tree with 2 MUXes at root $auto$rtlil.cc:3381:MuxGate$38249.
    Found tree with 2 MUXes at root $auto$rtlil.cc:3381:MuxGate$38245.
    Found tree with 2 MUXes at root $auto$rtlil.cc:3381:MuxGate$38241.
    Found tree with 2 MUXes at root $auto$rtlil.cc:3381:MuxGate$38237.
    Found tree with 2 MUXes at root $auto$rtlil.cc:3381:MuxGate$38205.
    Found tree with 2 MUXes at root $auto$rtlil.cc:3381:MuxGate$38269.
    Found tree with 2 MUXes at root $auto$rtlil.cc:3381:MuxGate$38301.
    Found tree with 2 MUXes at root $auto$rtlil.cc:3381:MuxGate$38209.
    Found tree with 2 MUXes at root $auto$rtlil.cc:3381:MuxGate$38333.
    Found tree with 2 MUXes at root $auto$rtlil.cc:3381:MuxGate$38365.
    Found tree with 2 MUXes at root $auto$rtlil.cc:3381:MuxGate$38213.
    Found tree with 2 MUXes at root $auto$rtlil.cc:3381:MuxGate$38397.
    Found tree with 2 MUXes at root $auto$rtlil.cc:3381:MuxGate$38429.
    Found tree with 2 MUXes at root $auto$rtlil.cc:3381:MuxGate$38217.
    Found tree with 2 MUXes at root $auto$rtlil.cc:3381:MuxGate$38461.
    Found tree with 2 MUXes at root $auto$rtlil.cc:3381:MuxGate$38493.
    Found tree with 2 MUXes at root $auto$rtlil.cc:3381:MuxGate$38221.
    Found tree with 2 MUXes at root $auto$rtlil.cc:3381:MuxGate$38525.
    Found tree with 2 MUXes at root $auto$rtlil.cc:3381:MuxGate$38557.
    Found tree with 2 MUXes at root $auto$rtlil.cc:3381:MuxGate$38225.
    Found tree with 2 MUXes at root $auto$rtlil.cc:3381:MuxGate$38589.
    Found tree with 2 MUXes at root $auto$rtlil.cc:3381:MuxGate$38621.
    Found tree with 2 MUXes at root $auto$rtlil.cc:3381:MuxGate$38229.
    Found tree with 2 MUXes at root $auto$rtlil.cc:3381:MuxGate$38653.
    Found tree with 2 MUXes at root $auto$rtlil.cc:3381:MuxGate$37409.
    Found tree with 2 MUXes at root $auto$rtlil.cc:3381:MuxGate$38233.
    Found tree with 2 MUXes at root $auto$rtlil.cc:3381:MuxGate$37625.
    Found tree with 2 MUXes at root $auto$rtlil.cc:3381:MuxGate$37637.
    Found tree with 2 MUXes at root $auto$rtlil.cc:3381:MuxGate$34345.
    Found tree with 3 MUXes at root $auto$rtlil.cc:3381:MuxGate$31645.
    Found tree with 2 MUXes at root $auto$rtlil.cc:3381:MuxGate$37629.
    Found tree with 3 MUXes at root $auto$rtlil.cc:3381:MuxGate$31649.
    Found tree with 3 MUXes at root $auto$rtlil.cc:3381:MuxGate$31653.
    Found tree with 3 MUXes at root $auto$rtlil.cc:3381:MuxGate$31657.
    Found tree with 2 MUXes at root $auto$rtlil.cc:3381:MuxGate$37325.
    Found tree with 2 MUXes at root $auto$rtlil.cc:3381:MuxGate$37321.
    Found tree with 2 MUXes at root $auto$rtlil.cc:3381:MuxGate$30399.
    Found tree with 3 MUXes at root $auto$rtlil.cc:3381:MuxGate$31661.
    Found tree with 3 MUXes at root $auto$rtlil.cc:3381:MuxGate$34987.
    Found tree with 2 MUXes at root $auto$rtlil.cc:3381:MuxGate$34139.
    Found tree with 3 MUXes at root $auto$rtlil.cc:3381:MuxGate$34983.
    Found tree with 2 MUXes at root $auto$rtlil.cc:3381:MuxGate$37329.
    Found tree with 2 MUXes at root $auto$rtlil.cc:3381:MuxGate$30403.
    Found tree with 2 MUXes at root $auto$rtlil.cc:3381:MuxGate$34975.
    Found tree with 2 MUXes at root $auto$rtlil.cc:3381:MuxGate$34971.
    Found tree with 2 MUXes at root $auto$rtlil.cc:3381:MuxGate$37333.
    Found tree with 3 MUXes at root $auto$rtlil.cc:3381:MuxGate$33891.
    Found tree with 2 MUXes at root $auto$rtlil.cc:3381:MuxGate$34135.
    Found tree with 2 MUXes at root $auto$rtlil.cc:3381:MuxGate$34959.
    Found tree with 2 MUXes at root $auto$rtlil.cc:3381:MuxGate$37337.
    Found tree with 2 MUXes at root $auto$rtlil.cc:3381:MuxGate$34955.
    Found tree with 2 MUXes at root $auto$rtlil.cc:3381:MuxGate$37309.
    Found tree with 2 MUXes at root $auto$rtlil.cc:3381:MuxGate$34947.
    Found tree with 2 MUXes at root $auto$rtlil.cc:3381:MuxGate$37313.
    Found tree with 1 MUXes at root $auto$rtlil.cc:3381:MuxGate$33887.
    Found tree with 2 MUXes at root $auto$rtlil.cc:3381:MuxGate$34131.
    Found tree with 2 MUXes at root $auto$rtlil.cc:3381:MuxGate$34939.
    Found tree with 2 MUXes at root $auto$rtlil.cc:3381:MuxGate$34935.
    Found tree with 2 MUXes at root $auto$rtlil.cc:3381:MuxGate$37317.
    Found tree with 2 MUXes at root $auto$rtlil.cc:3381:MuxGate$30395.
    Found tree with 3 MUXes at root $auto$rtlil.cc:3381:MuxGate$31681.
    Found tree with 3 MUXes at root $auto$rtlil.cc:3381:MuxGate$31685.
    Found tree with 3 MUXes at root $auto$rtlil.cc:3381:MuxGate$31689.
    Found tree with 3 MUXes at root $auto$rtlil.cc:3381:MuxGate$31693.
    Found tree with 3 MUXes at root $auto$rtlil.cc:3381:MuxGate$31697.
    Found tree with 3 MUXes at root $auto$rtlil.cc:3381:MuxGate$31701.
    Found tree with 3 MUXes at root $auto$rtlil.cc:3381:MuxGate$31705.
    Found tree with 3 MUXes at root $auto$rtlil.cc:3381:MuxGate$31709.
    Found tree with 3 MUXes at root $auto$rtlil.cc:3381:MuxGate$31713.
    Found tree with 2 MUXes at root $auto$rtlil.cc:3381:MuxGate$30645.
    Found tree with 2 MUXes at root $auto$rtlil.cc:3381:MuxGate$30633.
    Found tree with 2 MUXes at root $auto$rtlil.cc:3381:MuxGate$30621.
    Found tree with 2 MUXes at root $auto$rtlil.cc:3381:MuxGate$30609.
    Found tree with 3 MUXes at root $auto$rtlil.cc:3381:MuxGate$31717.
    Found tree with 3 MUXes at root $auto$rtlil.cc:3381:MuxGate$31721.
    Found tree with 3 MUXes at root $auto$rtlil.cc:3381:MuxGate$31725.
    Found tree with 3 MUXes at root $auto$rtlil.cc:3381:MuxGate$31729.
    Found tree with 2 MUXes at root $auto$rtlil.cc:3381:MuxGate$31733.
    Found tree with 2 MUXes at root $auto$rtlil.cc:3381:MuxGate$31737.
    Found tree with 2 MUXes at root $auto$rtlil.cc:3381:MuxGate$31741.
    Found tree with 2 MUXes at root $auto$rtlil.cc:3381:MuxGate$31745.
    Found tree with 2 MUXes at root $auto$rtlil.cc:3381:MuxGate$31749.
    Found tree with 2 MUXes at root $auto$rtlil.cc:3381:MuxGate$34927.
    Found tree with 3 MUXes at root $auto$rtlil.cc:3381:MuxGate$31753.
    Found tree with 2 MUXes at root $auto$rtlil.cc:3381:MuxGate$34923.
    Found tree with 2 MUXes at root $auto$rtlil.cc:3381:MuxGate$30383.
    Found tree with 3 MUXes at root $auto$rtlil.cc:3381:MuxGate$31757.
    Found tree with 1 MUXes at root $auto$rtlil.cc:3381:MuxGate$33885.
    Found tree with 1 MUXes at root $auto$rtlil.cc:3381:MuxGate$33883.
    Found tree with 2 MUXes at root $auto$rtlil.cc:3381:MuxGate$34127.
    Found tree with 2 MUXes at root $auto$rtlil.cc:3381:MuxGate$34919.
    Found tree with 2 MUXes at root $auto$rtlil.cc:3381:MuxGate$30387.
    Found tree with 2 MUXes at root $auto$rtlil.cc:3381:MuxGate$34123.
    Found tree with 2 MUXes at root $auto$rtlil.cc:3381:MuxGate$34911.
    Found tree with 2 MUXes at root $auto$rtlil.cc:3381:MuxGate$30371.
    Found tree with 2 MUXes at root $auto$rtlil.cc:3381:MuxGate$37297.
    Found tree with 1 MUXes at root $auto$rtlil.cc:3381:MuxGate$33881.
    Found tree with 1 MUXes at root $auto$rtlil.cc:3381:MuxGate$33879.
    Found tree with 2 MUXes at root $auto$rtlil.cc:3381:MuxGate$34119.
    Found tree with 2 MUXes at root $auto$rtlil.cc:3381:MuxGate$34115.
    Found tree with 2 MUXes at root $auto$rtlil.cc:3381:MuxGate$34903.
    Found tree with 2 MUXes at root $auto$rtlil.cc:3381:MuxGate$34907.
    Found tree with 2 MUXes at root $auto$rtlil.cc:3381:MuxGate$34899.
    Found tree with 2 MUXes at root $auto$rtlil.cc:3381:MuxGate$30375.
    Found tree with 1 MUXes at root $auto$rtlil.cc:3381:MuxGate$33877.
    Found tree with 2 MUXes at root $auto$rtlil.cc:3381:MuxGate$34111.
    Found tree with 2 MUXes at root $auto$rtlil.cc:3381:MuxGate$34895.
    Found tree with 2 MUXes at root $auto$rtlil.cc:3381:MuxGate$34891.
    Found tree with 2 MUXes at root $auto$rtlil.cc:3381:MuxGate$30363.
    Found tree with 2 MUXes at root $auto$rtlil.cc:3381:MuxGate$30083.
    Found tree with 2 MUXes at root \u_soc.u_cpu.br_take.
    Found tree with 2 MUXes at root \u_soc.u_cpu.dmem_rdata_eff [0].
    Found tree with 2 MUXes at root \u_soc.u_cpu.dmem_rdata_eff [1].
    Found tree with 2 MUXes at root \u_soc.u_cpu.dmem_rdata_eff [2].
    Found tree with 2 MUXes at root \u_soc.u_cpu.dmem_rdata_eff [3].
    Found tree with 2 MUXes at root \u_soc.u_cpu.dmem_rdata_eff [4].
    Found tree with 2 MUXes at root \u_soc.u_cpu.dmem_rdata_eff [5].
    Found tree with 2 MUXes at root \u_soc.u_cpu.dmem_rdata_eff [6].
    Found tree with 2 MUXes at root \u_soc.u_cpu.dmem_rdata_eff [7].
    Found tree with 2 MUXes at root \u_soc.u_cpu.dmem_rdata_eff [8].
    Found tree with 2 MUXes at root \u_soc.u_cpu.dmem_rdata_eff [9].
    Found tree with 2 MUXes at root \u_soc.u_cpu.dmem_rdata_eff [10].
    Found tree with 2 MUXes at root \u_soc.u_cpu.dmem_rdata_eff [11].
    Found tree with 2 MUXes at root \u_soc.u_cpu.dmem_rdata_eff [12].
    Found tree with 2 MUXes at root \u_soc.u_cpu.dmem_rdata_eff [13].
    Found tree with 2 MUXes at root \u_soc.u_cpu.dmem_rdata_eff [14].
    Found tree with 2 MUXes at root \u_soc.u_cpu.dmem_rdata_eff [15].
    Found tree with 2 MUXes at root \u_soc.u_cpu.dmem_rdata_eff [16].
    Found tree with 2 MUXes at root \u_soc.u_cpu.dmem_rdata_eff [17].
    Found tree with 2 MUXes at root \u_soc.u_cpu.dmem_rdata_eff [18].
    Found tree with 2 MUXes at root \u_soc.u_cpu.dmem_rdata_eff [19].
    Found tree with 2 MUXes at root \u_soc.u_cpu.dmem_rdata_eff [20].
    Found tree with 2 MUXes at root \u_soc.u_cpu.dmem_rdata_eff [21].
    Found tree with 2 MUXes at root \u_soc.u_cpu.dmem_rdata_eff [22].
    Found tree with 2 MUXes at root \u_soc.u_cpu.dmem_rdata_eff [23].
    Found tree with 2 MUXes at root \u_soc.u_cpu.dmem_rdata_eff [24].
    Found tree with 2 MUXes at root \u_soc.u_cpu.dmem_rdata_eff [25].
    Found tree with 2 MUXes at root \u_soc.u_cpu.dmem_rdata_eff [26].
    Found tree with 2 MUXes at root \u_soc.u_cpu.dmem_rdata_eff [27].
    Found tree with 2 MUXes at root \u_soc.u_cpu.dmem_rdata_eff [28].
    Found tree with 2 MUXes at root \u_soc.u_cpu.dmem_rdata_eff [29].
    Found tree with 2 MUXes at root \u_soc.u_cpu.dmem_rdata_eff [30].
    Found tree with 2 MUXes at root \u_soc.u_cpu.dmem_rdata_eff [31].
    Found tree with 3 MUXes at root $auto$rtlil.cc:3381:MuxGate$33003.
    Found tree with 3 MUXes at root $auto$rtlil.cc:3381:MuxGate$33007.
    Found tree with 3 MUXes at root $auto$rtlil.cc:3381:MuxGate$33011.
    Found tree with 3 MUXes at root $auto$rtlil.cc:3381:MuxGate$33015.
    Found tree with 2 MUXes at root $auto$rtlil.cc:3381:MuxGate$34421.
    Found tree with 2 MUXes at root $auto$rtlil.cc:3381:MuxGate$32857.
    Found tree with 3 MUXes at root $auto$rtlil.cc:3381:MuxGate$33019.
    Found tree with 3 MUXes at root $auto$rtlil.cc:3381:MuxGate$33023.
    Found tree with 3 MUXes at root $auto$rtlil.cc:3381:MuxGate$33027.
    Found tree with 3 MUXes at root $auto$rtlil.cc:3381:MuxGate$33031.
    Found tree with 3 MUXes at root $auto$rtlil.cc:3381:MuxGate$34499.
    Found tree with 2 MUXes at root $auto$rtlil.cc:3381:MuxGate$37349.
    Found tree with 2 MUXes at root $auto$rtlil.cc:3381:MuxGate$37569.
    Found tree with 4 MUXes at root $auto$rtlil.cc:3381:MuxGate$32549.
    Found tree with 2 MUXes at root $auto$rtlil.cc:3381:MuxGate$37605.
    Found tree with 2 MUXes at root $auto$rtlil.cc:3381:MuxGate$37577.
    Found tree with 2 MUXes at root $auto$rtlil.cc:3381:MuxGate$37593.
    Found tree with 2 MUXes at root $auto$rtlil.cc:3381:MuxGate$37565.
    Found tree with 2 MUXes at root $auto$rtlil.cc:3381:MuxGate$32957.
    Found tree with 2 MUXes at root $auto$rtlil.cc:3381:MuxGate$30315.
    Found tree with 2 MUXes at root $auto$rtlil.cc:3381:MuxGate$32905.
    Found tree with 2 MUXes at root $auto$rtlil.cc:3381:MuxGate$34013.
    Found tree with 2 MUXes at root $auto$rtlil.cc:3381:MuxGate$32881.
    Found tree with 2 MUXes at root $auto$rtlil.cc:3381:MuxGate$32909.
    Found tree with 3 MUXes at root $auto$rtlil.cc:3381:MuxGate$34507.
    Found tree with 2 MUXes at root $auto$rtlil.cc:3381:MuxGate$39579.
    Found tree with 2 MUXes at root $auto$rtlil.cc:3381:MuxGate$32949.
    Found tree with 2 MUXes at root $auto$rtlil.cc:3381:MuxGate$32913.
    Found tree with 3 MUXes at root $auto$rtlil.cc:3381:MuxGate$34511.
    Found tree with 2 MUXes at root $auto$rtlil.cc:3381:MuxGate$37573.
    Found tree with 4 MUXes at root $auto$rtlil.cc:3381:MuxGate$32541.
    Found tree with 2 MUXes at root $auto$rtlil.cc:3381:MuxGate$32889.
    Found tree with 2 MUXes at root $auto$rtlil.cc:3381:MuxGate$34017.
    Found tree with 2 MUXes at root $auto$rtlil.cc:3381:MuxGate$39575.
    Found tree with 2 MUXes at root $auto$rtlil.cc:3381:MuxGate$30319.
    Found tree with 2 MUXes at root $auto$rtlil.cc:3381:MuxGate$32917.
    Found tree with 2 MUXes at root $auto$rtlil.cc:3381:MuxGate$32849.
    Found tree with 2 MUXes at root $auto$rtlil.cc:3381:MuxGate$37073.
    Found tree with 2 MUXes at root $auto$rtlil.cc:3381:MuxGate$32893.
    Found tree with 2 MUXes at root $auto$rtlil.cc:3381:MuxGate$37049.
    Found tree with 2 MUXes at root $auto$rtlil.cc:3381:MuxGate$32921.
    Found tree with 2 MUXes at root $auto$rtlil.cc:3381:MuxGate$39571.
    Found tree with 3 MUXes at root $auto$rtlil.cc:3381:MuxGate$34519.
    Found tree with 4 MUXes at root $auto$rtlil.cc:3381:MuxGate$32533.
    Found tree with 2 MUXes at root $auto$rtlil.cc:3381:MuxGate$32757.
    Found tree with 2 MUXes at root $auto$rtlil.cc:3381:MuxGate$35437.
    Found tree with 2 MUXes at root $auto$rtlil.cc:3381:MuxGate$35441.
    Found tree with 4 MUXes at root $auto$rtlil.cc:3381:MuxGate$32529.
    Found tree with 2 MUXes at root $auto$rtlil.cc:3381:MuxGate$30079.
    Found tree with 2 MUXes at root $auto$rtlil.cc:3381:MuxGate$32753.
    Found tree with 4 MUXes at root $auto$rtlil.cc:3381:MuxGate$32525.
    Found tree with 2 MUXes at root $auto$rtlil.cc:3381:MuxGate$30071.
    Found tree with 4 MUXes at root $auto$rtlil.cc:3381:MuxGate$32521.
    Found tree with 2 MUXes at root $auto$rtlil.cc:3381:MuxGate$32749.
    Found tree with 2 MUXes at root $auto$rtlil.cc:3381:MuxGate$30581.
    Found tree with 4 MUXes at root $auto$rtlil.cc:3381:MuxGate$32517.
    Found tree with 4 MUXes at root $auto$rtlil.cc:3381:MuxGate$32513.
    Found tree with 2 MUXes at root $auto$rtlil.cc:3381:MuxGate$37385.
    Found tree with 5 MUXes at root \u_soc.u_cpu.:6908.B [12].
    Found tree with 4 MUXes at root \u_soc.u_cpu.:6908.B [13].
    Found tree with 6 MUXes at root \u_soc.u_cpu.:6908.B [14].
    Found tree with 6 MUXes at root \u_soc.u_cpu.:6908.B [15].
    Found tree with 4 MUXes at root $auto$rtlil.cc:3381:MuxGate$32509.
    Found tree with 2 MUXes at root $auto$rtlil.cc:3381:MuxGate$30075.
    Found tree with 2 MUXes at root $auto$rtlil.cc:3381:MuxGate$32745.
    Found tree with 1 MUXes at root \u_soc.u_cpu.:4331.Y [0].
    Found tree with 1 MUXes at root \u_soc.u_cpu.:4331.Y [1].
    Found tree with 1 MUXes at root \u_soc.u_cpu.:4331.Y [2].
    Found tree with 1 MUXes at root \u_soc.u_cpu.:4331.Y [3].
    Found tree with 2 MUXes at root $auto$rtlil.cc:3381:MuxGate$36941.
    Found tree with 2 MUXes at root $auto$rtlil.cc:3381:MuxGate$36937.
    Found tree with 2 MUXes at root $auto$rtlil.cc:3381:MuxGate$36933.
    Found tree with 3 MUXes at root $auto$rtlil.cc:3381:MuxGate$32165.
    Found tree with 2 MUXes at root $auto$rtlil.cc:3381:MuxGate$36925.
    Found tree with 2 MUXes at root $auto$rtlil.cc:3381:MuxGate$30299.
    Found tree with 3 MUXes at root $auto$rtlil.cc:3381:MuxGate$32169.
    Found tree with 3 MUXes at root $auto$rtlil.cc:3381:MuxGate$32173.
    Found tree with 2 MUXes at root $auto$rtlil.cc:3381:MuxGate$34389.
    Found tree with 2 MUXes at root $auto$rtlil.cc:3381:MuxGate$38153.
    Found tree with 3 MUXes at root $auto$rtlil.cc:3381:MuxGate$32177.
    Found tree with 2 MUXes at root $auto$rtlil.cc:3381:MuxGate$38165.
    Found tree with 2 MUXes at root $auto$rtlil.cc:3381:MuxGate$32737.
    Found tree with 2 MUXes at root $auto$rtlil.cc:3381:MuxGate$34393.
    Found tree with 2 MUXes at root $auto$rtlil.cc:3381:MuxGate$38169.
    Found tree with 2 MUXes at root $auto$rtlil.cc:3381:MuxGate$38173.
    Found tree with 4 MUXes at root $auto$rtlil.cc:3381:MuxGate$32505.
    Found tree with 4 MUXes at root $auto$rtlil.cc:3381:MuxGate$32501.
    Found tree with 4 MUXes at root $auto$rtlil.cc:3381:MuxGate$32489.
    Found tree with 3 MUXes at root $auto$rtlil.cc:3381:MuxGate$33035.
    Found tree with 3 MUXes at root $auto$rtlil.cc:3381:MuxGate$33039.
    Found tree with 3 MUXes at root $auto$rtlil.cc:3381:MuxGate$33043.
    Found tree with 3 MUXes at root $auto$rtlil.cc:3381:MuxGate$33047.
    Found tree with 3 MUXes at root $auto$rtlil.cc:3381:MuxGate$33051.
    Found tree with 3 MUXes at root $auto$rtlil.cc:3381:MuxGate$33055.
    Found tree with 3 MUXes at root $auto$rtlil.cc:3381:MuxGate$33059.
    Found tree with 3 MUXes at root $auto$rtlil.cc:3381:MuxGate$33063.
    Found tree with 3 MUXes at root $auto$rtlil.cc:3381:MuxGate$33067.
    Found tree with 3 MUXes at root $auto$rtlil.cc:3381:MuxGate$33071.
    Found tree with 3 MUXes at root $auto$rtlil.cc:3381:MuxGate$33075.
    Found tree with 2 MUXes at root $auto$rtlil.cc:3381:MuxGate$32845.
    Found tree with 3 MUXes at root $auto$rtlil.cc:3381:MuxGate$33079.
    Found tree with 2 MUXes at root $auto$rtlil.cc:3381:MuxGate$32837.
    Found tree with 2 MUXes at root $auto$rtlil.cc:3381:MuxGate$32275.
    Found tree with 2 MUXes at root $auto$rtlil.cc:3381:MuxGate$32271.
    Found tree with 3 MUXes at root $auto$rtlil.cc:3381:MuxGate$33083.
    Found tree with 2 MUXes at root $auto$rtlil.cc:3381:MuxGate$35401.
    Found tree with 1 MUXes at root \u_soc.u_cpu.:6596.Y [0].
    Found tree with 1 MUXes at root \u_soc.u_cpu.:6596.Y [1].
    Found tree with 1 MUXes at root \u_soc.u_cpu.:6596.Y [2].
    Found tree with 1 MUXes at root \u_soc.u_cpu.:6596.Y [3].
    Found tree with 1 MUXes at root \u_soc.u_cpu.:6596.Y [4].
    Found tree with 1 MUXes at root \u_soc.u_cpu.:6596.Y [5].
    Found tree with 1 MUXes at root \u_soc.u_cpu.:6596.Y [6].
    Found tree with 1 MUXes at root \u_soc.u_cpu.:6596.Y [7].
    Found tree with 2 MUXes at root $auto$rtlil.cc:3381:MuxGate$30067.
    Found tree with 2 MUXes at root $auto$rtlil.cc:3381:MuxGate$32865.
    Found tree with 2 MUXes at root $auto$rtlil.cc:3381:MuxGate$30151.
    Found tree with 3 MUXes at root $auto$rtlil.cc:3381:MuxGate$32181.
    Found tree with 3 MUXes at root $auto$rtlil.cc:3381:MuxGate$34659.
    Found tree with 2 MUXes at root $auto$rtlil.cc:3381:MuxGate$36589.
    Found tree with 2 MUXes at root $auto$rtlil.cc:3381:MuxGate$38957.
    Found tree with 2 MUXes at root $auto$rtlil.cc:3381:MuxGate$39351.
    Found tree with 2 MUXes at root $auto$rtlil.cc:3381:MuxGate$39315.
    Found tree with 2 MUXes at root $auto$rtlil.cc:3381:MuxGate$39355.
    Found tree with 3 MUXes at root $auto$rtlil.cc:3381:MuxGate$32185.
    Found tree with 3 MUXes at root $auto$rtlil.cc:3381:MuxGate$34655.
    Found tree with 2 MUXes at root $auto$rtlil.cc:3381:MuxGate$30183.
    Found tree with 2 MUXes at root $auto$rtlil.cc:3381:MuxGate$34055.
    Found tree with 3 MUXes at root $auto$rtlil.cc:3381:MuxGate$32189.
    Found tree with 2 MUXes at root $auto$rtlil.cc:3381:MuxGate$30103.
    Found tree with 2 MUXes at root $auto$rtlil.cc:3381:MuxGate$30099.
    Found tree with 2 MUXes at root $auto$rtlil.cc:3381:MuxGate$34051.
    Found tree with 2 MUXes at root $auto$rtlil.cc:3381:MuxGate$32195.
    Found tree with 2 MUXes at root $auto$rtlil.cc:3381:MuxGate$30187.
    Found tree with 3 MUXes at root $auto$rtlil.cc:3381:MuxGate$34647.
    Found tree with 3 MUXes at root $auto$rtlil.cc:3381:MuxGate$33175.
    Found tree with 3 MUXes at root $auto$rtlil.cc:3381:MuxGate$33171.
    Found tree with 3 MUXes at root $auto$rtlil.cc:3381:MuxGate$33167.
    Found tree with 3 MUXes at root $auto$rtlil.cc:3381:MuxGate$33163.
    Found tree with 3 MUXes at root $auto$rtlil.cc:3381:MuxGate$33159.
    Found tree with 2 MUXes at root $auto$rtlil.cc:3381:MuxGate$32825.
    Found tree with 3 MUXes at root $auto$rtlil.cc:3381:MuxGate$33155.
    Found tree with 2 MUXes at root $auto$rtlil.cc:3381:MuxGate$32661.
    Found tree with 3 MUXes at root $auto$rtlil.cc:3381:MuxGate$33151.
    Found tree with 3 MUXes at root $auto$rtlil.cc:3381:MuxGate$33147.
    Found tree with 2 MUXes at root $auto$rtlil.cc:3381:MuxGate$32861.
    Found tree with 3 MUXes at root $auto$rtlil.cc:3381:MuxGate$33143.
    Found tree with 2 MUXes at root $auto$rtlil.cc:3381:MuxGate$37361.
    Found tree with 3 MUXes at root $auto$rtlil.cc:3381:MuxGate$33139.
    Found tree with 3 MUXes at root $auto$rtlil.cc:3381:MuxGate$33135.
    Found tree with 3 MUXes at root $auto$rtlil.cc:3381:MuxGate$33131.
    Found tree with 2 MUXes at root $auto$rtlil.cc:3381:MuxGate$36425.
    Found tree with 2 MUXes at root $auto$rtlil.cc:3381:MuxGate$36421.
    Found tree with 2 MUXes at root $auto$rtlil.cc:3381:MuxGate$36433.
    Found tree with 2 MUXes at root $auto$rtlil.cc:3381:MuxGate$36429.
    Found tree with 2 MUXes at root $auto$rtlil.cc:3381:MuxGate$32641.
    Found tree with 2 MUXes at root $auto$rtlil.cc:3381:MuxGate$32287.
    Found tree with 2 MUXes at root $auto$rtlil.cc:3381:MuxGate$35389.
    Found tree with 3 MUXes at root $auto$rtlil.cc:3381:MuxGate$34579.
    Found tree with 4 MUXes at root $auto$rtlil.cc:3381:MuxGate$32577.
    Found tree with 2 MUXes at root $auto$rtlil.cc:3381:MuxGate$36537.
    Found tree with 2 MUXes at root $auto$rtlil.cc:3381:MuxGate$35385.
    Found tree with 4 MUXes at root $auto$rtlil.cc:3381:MuxGate$32581.
    Found tree with 2 MUXes at root $auto$rtlil.cc:3381:MuxGate$36533.
    Found tree with 2 MUXes at root $auto$rtlil.cc:3381:MuxGate$32649.
    Found tree with 4 MUXes at root $auto$rtlil.cc:3381:MuxGate$32585.
    Found tree with 2 MUXes at root $auto$rtlil.cc:3381:MuxGate$33323.
    Found tree with 2 MUXes at root $auto$rtlil.cc:3381:MuxGate$35429.
    Found tree with 2 MUXes at root $auto$rtlil.cc:3381:MuxGate$32653.
    Found tree with 2 MUXes at root $auto$rtlil.cc:3381:MuxGate$32657.
    Found tree with 2 MUXes at root $auto$rtlil.cc:3381:MuxGate$32809.
    Found tree with 2 MUXes at root $auto$rtlil.cc:3381:MuxGate$32805.
    Found tree with 4 MUXes at root $auto$rtlil.cc:3381:MuxGate$32469.
    Found tree with 4 MUXes at root $auto$rtlil.cc:3381:MuxGate$32473.
    Found tree with 2 MUXes at root $auto$rtlil.cc:3381:MuxGate$38161.
    Found tree with 2 MUXes at root $auto$rtlil.cc:3381:MuxGate$32793.
    Found tree with 2 MUXes at root $auto$rtlil.cc:3381:MuxGate$37453.
    Found tree with 2 MUXes at root $auto$rtlil.cc:3381:MuxGate$38157.
    Found tree with 2 MUXes at root $auto$rtlil.cc:3381:MuxGate$37469.
    Found tree with 2 MUXes at root $auto$rtlil.cc:3381:MuxGate$37465.
    Found tree with 2 MUXes at root $auto$rtlil.cc:3381:MuxGate$32873.
    Found tree with 2 MUXes at root $auto$rtlil.cc:3381:MuxGate$32813.
    Found tree with 2 MUXes at root $auto$rtlil.cc:3381:MuxGate$35425.
    Found tree with 2 MUXes at root $auto$rtlil.cc:3381:MuxGate$37341.
    Found tree with 2 MUXes at root $auto$rtlil.cc:3381:MuxGate$37457.
    Found tree with 2 MUXes at root $auto$rtlil.cc:3381:MuxGate$37601.
    Found tree with 2 MUXes at root $auto$rtlil.cc:3381:MuxGate$36593.
    Found tree with 2 MUXes at root $auto$rtlil.cc:3381:MuxGate$32199.
    Found tree with 3 MUXes at root $auto$rtlil.cc:3381:MuxGate$34639.
    Found tree with 2 MUXes at root $auto$rtlil.cc:3381:MuxGate$32203.
    Found tree with 2 MUXes at root $auto$rtlil.cc:3381:MuxGate$35473.
    Found tree with 2 MUXes at root $auto$rtlil.cc:3381:MuxGate$34043.
    Found tree with 3 MUXes at root $auto$rtlil.cc:3381:MuxGate$34595.
    Found tree with 4 MUXes at root $auto$rtlil.cc:3381:MuxGate$32589.
    Found tree with 1 MUXes at root $auto$rtlil.cc:3381:MuxGate$33853.
    Found tree with 2 MUXes at root $auto$rtlil.cc:3381:MuxGate$32355.
    Found tree with 2 MUXes at root $auto$rtlil.cc:3381:MuxGate$39543.
    Found tree with 2 MUXes at root $auto$rtlil.cc:3381:MuxGate$30171.
    Found tree with 2 MUXes at root $auto$rtlil.cc:3381:MuxGate$39563.
    Found tree with 2 MUXes at root $auto$rtlil.cc:3381:MuxGate$30051.
    Found tree with 2 MUXes at root $auto$rtlil.cc:3381:MuxGate$32773.
    Found tree with 2 MUXes at root $auto$rtlil.cc:3381:MuxGate$32769.
    Found tree with 2 MUXes at root $auto$rtlil.cc:3381:MuxGate$32761.
    Found tree with 2 MUXes at root $auto$rtlil.cc:3381:MuxGate$32207.
    Found tree with 2 MUXes at root $auto$rtlil.cc:3381:MuxGate$39439.
    Found tree with 2 MUXes at root $auto$rtlil.cc:3381:MuxGate$39539.
    Found tree with 2 MUXes at root $auto$rtlil.cc:3381:MuxGate$32363.
    Found tree with 2 MUXes at root $auto$rtlil.cc:3381:MuxGate$36517.
    Found tree with 2 MUXes at root $auto$rtlil.cc:3381:MuxGate$39559.
    Found tree with 3 MUXes at root $auto$rtlil.cc:3381:MuxGate$34599.
    Found tree with 3 MUXes at root $auto$rtlil.cc:3381:MuxGate$34031.
    Found tree with 2 MUXes at root $auto$rtlil.cc:3381:MuxGate$39535.
    Found tree with 2 MUXes at root $auto$rtlil.cc:3381:MuxGate$39555.
    Found tree with 2 MUXes at root $auto$rtlil.cc:3381:MuxGate$32351.
    Found tree with 3 MUXes at root $auto$rtlil.cc:3381:MuxGate$34483.
    Found tree with 2 MUXes at root $auto$rtlil.cc:3381:MuxGate$39531.
    Found tree with 4 MUXes at root $auto$rtlil.cc:3381:MuxGate$32477.
    Found tree with 2 MUXes at root $auto$rtlil.cc:3381:MuxGate$33319.
    Found tree with 2 MUXes at root $auto$rtlil.cc:3381:MuxGate$38185.
    Found tree with 2 MUXes at root $auto$rtlil.cc:3381:MuxGate$32741.
    Found tree with 2 MUXes at root $auto$rtlil.cc:3381:MuxGate$38181.
    Found tree with 2 MUXes at root $auto$rtlil.cc:3381:MuxGate$32729.
    Found tree with 2 MUXes at root $auto$rtlil.cc:3381:MuxGate$37461.
    Found tree with 4 MUXes at root $auto$rtlil.cc:3381:MuxGate$32481.
    Found tree with 2 MUXes at root $auto$rtlil.cc:3381:MuxGate$37381.
    Found tree with 4 MUXes at root $auto$rtlil.cc:3381:MuxGate$32485.
    Found tree with 2 MUXes at root $auto$rtlil.cc:3381:MuxGate$33315.
    Found tree with 2 MUXes at root $auto$rtlil.cc:3381:MuxGate$30059.
    Found tree with 2 MUXes at root $auto$rtlil.cc:3381:MuxGate$38177.
    Found tree with 2 MUXes at root $auto$rtlil.cc:3381:MuxGate$32717.
    Found tree with 2 MUXes at root $auto$rtlil.cc:3381:MuxGate$37497.
    Found tree with 2 MUXes at root $auto$rtlil.cc:3381:MuxGate$37557.
    Found tree with 2 MUXes at root $auto$rtlil.cc:3381:MuxGate$37489.
    Found tree with 2 MUXes at root $auto$rtlil.cc:3381:MuxGate$32945.
    Found tree with 2 MUXes at root $auto$rtlil.cc:3381:MuxGate$32709.
    Found tree with 2 MUXes at root $auto$rtlil.cc:3381:MuxGate$32853.
    Found tree with 3 MUXes at root $auto$rtlil.cc:3381:MuxGate$33207.
    Found tree with 3 MUXes at root $auto$rtlil.cc:3381:MuxGate$33203.
    Found tree with 3 MUXes at root $auto$rtlil.cc:3381:MuxGate$33199.
    Found tree with 3 MUXes at root $auto$rtlil.cc:3381:MuxGate$33195.
    Found tree with 3 MUXes at root $auto$rtlil.cc:3381:MuxGate$33191.
    Found tree with 3 MUXes at root $auto$rtlil.cc:3381:MuxGate$33187.
    Found tree with 3 MUXes at root $auto$rtlil.cc:3381:MuxGate$33183.
    Found tree with 3 MUXes at root $auto$rtlil.cc:3381:MuxGate$33179.
    Found tree with 2 MUXes at root $auto$rtlil.cc:3381:MuxGate$34365.
    Found tree with 2 MUXes at root $auto$rtlil.cc:3381:MuxGate$32897.
    Found tree with 2 MUXes at root $auto$rtlil.cc:3381:MuxGate$37585.
    Found tree with 2 MUXes at root $auto$rtlil.cc:3381:MuxGate$32697.
    Found tree with 2 MUXes at root $auto$rtlil.cc:3381:MuxGate$39551.
    Found tree with 2 MUXes at root $auto$rtlil.cc:3381:MuxGate$32693.
    Found tree with 4 MUXes at root $auto$rtlil.cc:3381:MuxGate$30531.
    Found tree with 2 MUXes at root $auto$rtlil.cc:3381:MuxGate$34349.
    Found tree with 2 MUXes at root $auto$rtlil.cc:3381:MuxGate$32367.
    Found tree with 4 MUXes at root $auto$rtlil.cc:3381:MuxGate$32557.
    Found tree with 2 MUXes at root $auto$rtlil.cc:3381:MuxGate$32817.
    Found tree with 2 MUXes at root $auto$rtlil.cc:3381:MuxGate$39427.
    Found tree with 2 MUXes at root $auto$rtlil.cc:3381:MuxGate$30055.
    Found tree with 2 MUXes at root $auto$rtlil.cc:3381:MuxGate$32821.
    Found tree with 2 MUXes at root $auto$rtlil.cc:3381:MuxGate$36513.
    Found tree with 2 MUXes at root $auto$rtlil.cc:3381:MuxGate$39527.
    Found tree with 2 MUXes at root $auto$rtlil.cc:3381:MuxGate$32789.
    Found tree with 2 MUXes at root $auto$rtlil.cc:3381:MuxGate$30087.
    Found tree with 2 MUXes at root $auto$rtlil.cc:3381:MuxGate$34005.
    Found tree with 2 MUXes at root $auto$rtlil.cc:3381:MuxGate$39547.
    Found tree with 4 MUXes at root $auto$rtlil.cc:3381:MuxGate$30529.
    Found tree with 2 MUXes at root $auto$rtlil.cc:3381:MuxGate$32243.
    Found tree with 2 MUXes at root $auto$rtlil.cc:3381:MuxGate$32247.
    Found tree with 2 MUXes at root $auto$rtlil.cc:3381:MuxGate$32251.
    Found tree with 2 MUXes at root $auto$rtlil.cc:3381:MuxGate$32255.
    Found tree with 2 MUXes at root $auto$rtlil.cc:3381:MuxGate$32259.
    Found tree with 2 MUXes at root $auto$rtlil.cc:3381:MuxGate$32263.
    Found tree with 2 MUXes at root $auto$rtlil.cc:3381:MuxGate$32267.
    Found tree with 2 MUXes at root $auto$rtlil.cc:3381:MuxGate$39347.
    Found tree with 3 MUXes at root $auto$rtlil.cc:3381:MuxGate$33127.
    Found tree with 2 MUXes at root $auto$rtlil.cc:3381:MuxGate$39383.
    Found tree with 5 MUXes at root $flatten\u_soc.\u_cpu.\csr_inst.$auto$ghdl.cc:827:import_module$4316.
    Found tree with 2 MUXes at root $auto$rtlil.cc:3381:MuxGate$39343.
    Found tree with 2 MUXes at root $auto$rtlil.cc:3381:MuxGate$39379.
    Found tree with 2 MUXes at root $auto$rtlil.cc:3381:MuxGate$39339.
    Found tree with 2 MUXes at root $auto$rtlil.cc:3381:MuxGate$39375.
    Found tree with 2 MUXes at root $auto$rtlil.cc:3381:MuxGate$39335.
    Found tree with 2 MUXes at root $auto$rtlil.cc:3381:MuxGate$39371.
    Found tree with 2 MUXes at root $auto$rtlil.cc:3381:MuxGate$39331.
    Found tree with 2 MUXes at root $auto$rtlil.cc:3381:MuxGate$39367.
    Found tree with 2 MUXes at root $auto$rtlil.cc:3381:MuxGate$39327.
    Found tree with 2 MUXes at root $auto$rtlil.cc:3381:MuxGate$39363.
    Found tree with 2 MUXes at root $auto$rtlil.cc:3381:MuxGate$39323.
    Found tree with 2 MUXes at root $auto$rtlil.cc:3381:MuxGate$39359.
    Found tree with 2 MUXes at root $auto$rtlil.cc:3381:MuxGate$39319.
    Found tree with 3 MUXes at root $auto$rtlil.cc:3381:MuxGate$33123.
    Found tree with 2 MUXes at root $auto$rtlil.cc:3381:MuxGate$32673.
    Found tree with 3 MUXes at root $auto$rtlil.cc:3381:MuxGate$33119.
    Found tree with 3 MUXes at root $auto$rtlil.cc:3381:MuxGate$33115.
    Found tree with 3 MUXes at root $auto$rtlil.cc:3381:MuxGate$33111.
    Found tree with 2 MUXes at root $auto$rtlil.cc:3381:MuxGate$32733.
    Found tree with 2 MUXes at root $auto$rtlil.cc:3381:MuxGate$35381.
    Found tree with 4 MUXes at root $auto$rtlil.cc:3381:MuxGate$32493.
    Found tree with 4 MUXes at root $auto$rtlil.cc:3381:MuxGate$32497.
    Found tree with 1 MUXes at root \u_soc.u_cpu.csr_inst.write_value [0].
    Found tree with 1 MUXes at root \u_soc.u_cpu.csr_inst.write_value [1].
    Found tree with 1 MUXes at root \u_soc.u_cpu.csr_inst.write_value [2].
    Found tree with 1 MUXes at root \u_soc.u_cpu.csr_inst.write_value [3].
    Found tree with 1 MUXes at root \u_soc.u_cpu.csr_inst.write_value [4].
    Found tree with 1 MUXes at root \u_soc.u_cpu.csr_inst.write_value [5].
    Found tree with 1 MUXes at root \u_soc.u_cpu.csr_inst.write_value [6].
    Found tree with 1 MUXes at root \u_soc.u_cpu.csr_inst.write_value [7].
    Found tree with 1 MUXes at root \u_soc.u_cpu.csr_inst.write_value [8].
    Found tree with 1 MUXes at root \u_soc.u_cpu.csr_inst.write_value [9].
    Found tree with 1 MUXes at root \u_soc.u_cpu.csr_inst.write_value [10].
    Found tree with 1 MUXes at root \u_soc.u_cpu.csr_inst.write_value [11].
    Found tree with 1 MUXes at root \u_soc.u_cpu.csr_inst.write_value [12].
    Found tree with 1 MUXes at root \u_soc.u_cpu.csr_inst.write_value [13].
    Found tree with 1 MUXes at root \u_soc.u_cpu.csr_inst.write_value [14].
    Found tree with 1 MUXes at root \u_soc.u_cpu.csr_inst.write_value [15].
    Found tree with 1 MUXes at root \u_soc.u_cpu.csr_inst.write_value [16].
    Found tree with 1 MUXes at root \u_soc.u_cpu.csr_inst.write_value [17].
    Found tree with 1 MUXes at root \u_soc.u_cpu.csr_inst.write_value [18].
    Found tree with 1 MUXes at root \u_soc.u_cpu.csr_inst.write_value [19].
    Found tree with 1 MUXes at root \u_soc.u_cpu.csr_inst.write_value [20].
    Found tree with 1 MUXes at root \u_soc.u_cpu.csr_inst.write_value [21].
    Found tree with 1 MUXes at root \u_soc.u_cpu.csr_inst.write_value [22].
    Found tree with 1 MUXes at root \u_soc.u_cpu.csr_inst.write_value [23].
    Found tree with 1 MUXes at root \u_soc.u_cpu.csr_inst.write_value [24].
    Found tree with 1 MUXes at root \u_soc.u_cpu.csr_inst.write_value [25].
    Found tree with 1 MUXes at root \u_soc.u_cpu.csr_inst.write_value [26].
    Found tree with 1 MUXes at root \u_soc.u_cpu.csr_inst.write_value [27].
    Found tree with 1 MUXes at root \u_soc.u_cpu.csr_inst.write_value [28].
    Found tree with 1 MUXes at root \u_soc.u_cpu.csr_inst.write_value [29].
    Found tree with 1 MUXes at root \u_soc.u_cpu.csr_inst.write_value [30].
    Found tree with 1 MUXes at root \u_soc.u_cpu.csr_inst.write_value [31].
    Found tree with 1 MUXes at root \u_soc.u_cpu.csr_inst.csr_current [0].
    Found tree with 1 MUXes at root \u_soc.u_cpu.csr_inst.csr_current [1].
    Found tree with 1 MUXes at root \u_soc.u_cpu.csr_inst.csr_current [2].
    Found tree with 1 MUXes at root \u_soc.u_cpu.csr_inst.csr_current [3].
    Found tree with 1 MUXes at root \u_soc.u_cpu.csr_inst.csr_current [4].
    Found tree with 1 MUXes at root \u_soc.u_cpu.csr_inst.csr_current [5].
    Found tree with 1 MUXes at root \u_soc.u_cpu.csr_inst.csr_current [6].
    Found tree with 1 MUXes at root \u_soc.u_cpu.csr_inst.csr_current [7].
    Found tree with 1 MUXes at root \u_soc.u_cpu.csr_inst.csr_current [8].
    Found tree with 1 MUXes at root \u_soc.u_cpu.csr_inst.csr_current [9].
    Found tree with 1 MUXes at root \u_soc.u_cpu.csr_inst.csr_current [10].
    Found tree with 1 MUXes at root \u_soc.u_cpu.csr_inst.csr_current [11].
    Found tree with 1 MUXes at root \u_soc.u_cpu.csr_inst.csr_current [12].
    Found tree with 1 MUXes at root \u_soc.u_cpu.csr_inst.csr_current [13].
    Found tree with 1 MUXes at root \u_soc.u_cpu.csr_inst.csr_current [14].
    Found tree with 1 MUXes at root \u_soc.u_cpu.csr_inst.csr_current [15].
    Found tree with 1 MUXes at root \u_soc.u_cpu.csr_inst.csr_current [16].
    Found tree with 1 MUXes at root \u_soc.u_cpu.csr_inst.csr_current [17].
    Found tree with 1 MUXes at root \u_soc.u_cpu.csr_inst.csr_current [18].
    Found tree with 1 MUXes at root \u_soc.u_cpu.csr_inst.csr_current [19].
    Found tree with 1 MUXes at root \u_soc.u_cpu.csr_inst.csr_current [20].
    Found tree with 1 MUXes at root \u_soc.u_cpu.csr_inst.csr_current [21].
    Found tree with 1 MUXes at root \u_soc.u_cpu.csr_inst.csr_current [22].
    Found tree with 1 MUXes at root \u_soc.u_cpu.csr_inst.csr_current [23].
    Found tree with 1 MUXes at root \u_soc.u_cpu.csr_inst.csr_current [24].
    Found tree with 1 MUXes at root \u_soc.u_cpu.csr_inst.csr_current [25].
    Found tree with 1 MUXes at root \u_soc.u_cpu.csr_inst.csr_current [26].
    Found tree with 1 MUXes at root \u_soc.u_cpu.csr_inst.csr_current [27].
    Found tree with 1 MUXes at root \u_soc.u_cpu.csr_inst.csr_current [28].
    Found tree with 1 MUXes at root \u_soc.u_cpu.csr_inst.csr_current [29].
    Found tree with 1 MUXes at root \u_soc.u_cpu.csr_inst.csr_current [30].
    Found tree with 1 MUXes at root \u_soc.u_cpu.csr_inst.csr_current [31].
    Found tree with 1 MUXes at root \u_soc.u_cpu.csr_inst.csr_wdata [0].
    Found tree with 1 MUXes at root \u_soc.u_cpu.csr_inst.csr_wdata [1].
    Found tree with 1 MUXes at root \u_soc.u_cpu.csr_inst.csr_wdata [2].
    Found tree with 1 MUXes at root \u_soc.u_cpu.csr_inst.csr_wdata [3].
    Found tree with 1 MUXes at root \u_soc.u_cpu.csr_inst.csr_wdata [4].
    Found tree with 1 MUXes at root \u_soc.u_cpu.csr_inst.csr_wdata [5].
    Found tree with 1 MUXes at root \u_soc.u_cpu.csr_inst.csr_wdata [6].
    Found tree with 1 MUXes at root \u_soc.u_cpu.csr_inst.csr_wdata [7].
    Found tree with 1 MUXes at root \u_soc.u_cpu.csr_inst.csr_wdata [8].
    Found tree with 1 MUXes at root \u_soc.u_cpu.csr_inst.csr_wdata [9].
    Found tree with 1 MUXes at root \u_soc.u_cpu.csr_inst.csr_wdata [10].
    Found tree with 1 MUXes at root \u_soc.u_cpu.csr_inst.csr_wdata [11].
    Found tree with 1 MUXes at root \u_soc.u_cpu.csr_inst.csr_wdata [12].
    Found tree with 1 MUXes at root \u_soc.u_cpu.csr_inst.csr_wdata [13].
    Found tree with 1 MUXes at root \u_soc.u_cpu.csr_inst.csr_wdata [14].
    Found tree with 1 MUXes at root \u_soc.u_cpu.csr_inst.csr_wdata [15].
    Found tree with 1 MUXes at root \u_soc.u_cpu.csr_inst.csr_wdata [16].
    Found tree with 1 MUXes at root \u_soc.u_cpu.csr_inst.csr_wdata [17].
    Found tree with 1 MUXes at root \u_soc.u_cpu.csr_inst.csr_wdata [18].
    Found tree with 1 MUXes at root \u_soc.u_cpu.csr_inst.csr_wdata [19].
    Found tree with 1 MUXes at root \u_soc.u_cpu.csr_inst.csr_wdata [20].
    Found tree with 1 MUXes at root \u_soc.u_cpu.csr_inst.csr_wdata [21].
    Found tree with 1 MUXes at root \u_soc.u_cpu.csr_inst.csr_wdata [22].
    Found tree with 1 MUXes at root \u_soc.u_cpu.csr_inst.csr_wdata [23].
    Found tree with 1 MUXes at root \u_soc.u_cpu.csr_inst.csr_wdata [24].
    Found tree with 1 MUXes at root \u_soc.u_cpu.csr_inst.csr_wdata [25].
    Found tree with 1 MUXes at root \u_soc.u_cpu.csr_inst.csr_wdata [26].
    Found tree with 1 MUXes at root \u_soc.u_cpu.csr_inst.csr_wdata [27].
    Found tree with 1 MUXes at root \u_soc.u_cpu.csr_inst.csr_wdata [28].
    Found tree with 1 MUXes at root \u_soc.u_cpu.csr_inst.csr_wdata [29].
    Found tree with 1 MUXes at root \u_soc.u_cpu.csr_inst.csr_wdata [30].
    Found tree with 1 MUXes at root \u_soc.u_cpu.csr_inst.csr_wdata [31].
    Found tree with 3 MUXes at root $auto$rtlil.cc:3381:MuxGate$33107.
    Found tree with 3 MUXes at root $auto$rtlil.cc:3381:MuxGate$33103.
    Found tree with 3 MUXes at root $auto$rtlil.cc:3381:MuxGate$33099.
    Found tree with 3 MUXes at root $auto$rtlil.cc:3381:MuxGate$33095.
    Found tree with 3 MUXes at root $auto$rtlil.cc:3381:MuxGate$33091.
    Found tree with 3 MUXes at root $auto$rtlil.cc:3381:MuxGate$33087.
    Found tree with 1 MUXes at root \u_soc.u_cpu.alu_inst.b [0].
    Found tree with 1 MUXes at root \u_soc.u_cpu.alu_inst.b [1].
    Found tree with 1 MUXes at root \u_soc.u_cpu.alu_inst.b [2].
    Found tree with 1 MUXes at root \u_soc.u_cpu.alu_inst.b [3].
    Found tree with 1 MUXes at root \u_soc.u_cpu.alu_inst.b [4].
    Found tree with 1 MUXes at root \u_soc.u_cpu.alu_inst.b [5].
    Found tree with 1 MUXes at root \u_soc.u_cpu.alu_inst.b [6].
    Found tree with 1 MUXes at root \u_soc.u_cpu.alu_inst.b [7].
    Found tree with 1 MUXes at root \u_soc.u_cpu.alu_inst.b [8].
    Found tree with 1 MUXes at root \u_soc.u_cpu.alu_inst.b [9].
    Found tree with 1 MUXes at root \u_soc.u_cpu.alu_inst.b [10].
    Found tree with 1 MUXes at root \u_soc.u_cpu.alu_inst.b [11].
    Found tree with 1 MUXes at root \u_soc.u_cpu.alu_inst.b [12].
    Found tree with 1 MUXes at root \u_soc.u_cpu.alu_inst.b [13].
    Found tree with 1 MUXes at root \u_soc.u_cpu.alu_inst.b [14].
    Found tree with 1 MUXes at root \u_soc.u_cpu.alu_inst.b [15].
    Found tree with 1 MUXes at root \u_soc.u_cpu.alu_inst.b [16].
    Found tree with 1 MUXes at root \u_soc.u_cpu.alu_inst.b [17].
    Found tree with 1 MUXes at root \u_soc.u_cpu.alu_inst.b [18].
    Found tree with 1 MUXes at root \u_soc.u_cpu.alu_inst.b [19].
    Found tree with 1 MUXes at root \u_soc.u_cpu.alu_inst.b [20].
    Found tree with 1 MUXes at root \u_soc.u_cpu.alu_inst.b [21].
    Found tree with 1 MUXes at root \u_soc.u_cpu.alu_inst.b [22].
    Found tree with 1 MUXes at root \u_soc.u_cpu.alu_inst.b [23].
    Found tree with 1 MUXes at root \u_soc.u_cpu.alu_inst.b [24].
    Found tree with 1 MUXes at root \u_soc.u_cpu.alu_inst.b [25].
    Found tree with 1 MUXes at root \u_soc.u_cpu.alu_inst.b [26].
    Found tree with 1 MUXes at root \u_soc.u_cpu.alu_inst.b [27].
    Found tree with 1 MUXes at root \u_soc.u_cpu.alu_inst.b [28].
    Found tree with 1 MUXes at root \u_soc.u_cpu.alu_inst.b [29].
    Found tree with 1 MUXes at root \u_soc.u_cpu.alu_inst.b [30].
    Found tree with 1 MUXes at root \u_soc.u_cpu.alu_inst.b [31].
    Found tree with 1 MUXes at root \u_soc.u_cpu.alu_inst.a [0].
    Found tree with 1 MUXes at root \u_soc.u_cpu.alu_inst.a [1].
    Found tree with 1 MUXes at root \u_soc.u_cpu.alu_inst.a [2].
    Found tree with 1 MUXes at root \u_soc.u_cpu.alu_inst.a [3].
    Found tree with 1 MUXes at root \u_soc.u_cpu.alu_inst.a [4].
    Found tree with 1 MUXes at root \u_soc.u_cpu.alu_inst.a [5].
    Found tree with 1 MUXes at root \u_soc.u_cpu.alu_inst.a [6].
    Found tree with 1 MUXes at root \u_soc.u_cpu.alu_inst.a [7].
    Found tree with 1 MUXes at root \u_soc.u_cpu.alu_inst.a [8].
    Found tree with 1 MUXes at root \u_soc.u_cpu.alu_inst.a [9].
    Found tree with 1 MUXes at root \u_soc.u_cpu.alu_inst.a [10].
    Found tree with 1 MUXes at root \u_soc.u_cpu.alu_inst.a [11].
    Found tree with 1 MUXes at root \u_soc.u_cpu.alu_inst.a [12].
    Found tree with 1 MUXes at root \u_soc.u_cpu.alu_inst.a [13].
    Found tree with 1 MUXes at root \u_soc.u_cpu.alu_inst.a [14].
    Found tree with 1 MUXes at root \u_soc.u_cpu.alu_inst.a [15].
    Found tree with 1 MUXes at root \u_soc.u_cpu.alu_inst.a [16].
    Found tree with 1 MUXes at root \u_soc.u_cpu.alu_inst.a [17].
    Found tree with 1 MUXes at root \u_soc.u_cpu.alu_inst.a [18].
    Found tree with 1 MUXes at root \u_soc.u_cpu.alu_inst.a [19].
    Found tree with 1 MUXes at root \u_soc.u_cpu.alu_inst.a [20].
    Found tree with 1 MUXes at root \u_soc.u_cpu.alu_inst.a [21].
    Found tree with 1 MUXes at root \u_soc.u_cpu.alu_inst.a [22].
    Found tree with 1 MUXes at root \u_soc.u_cpu.alu_inst.a [23].
    Found tree with 1 MUXes at root \u_soc.u_cpu.alu_inst.a [24].
    Found tree with 1 MUXes at root \u_soc.u_cpu.alu_inst.a [25].
    Found tree with 1 MUXes at root \u_soc.u_cpu.alu_inst.a [26].
    Found tree with 1 MUXes at root \u_soc.u_cpu.alu_inst.a [27].
    Found tree with 1 MUXes at root \u_soc.u_cpu.alu_inst.a [28].
    Found tree with 1 MUXes at root \u_soc.u_cpu.alu_inst.a [29].
    Found tree with 1 MUXes at root \u_soc.u_cpu.alu_inst.a [30].
    Found tree with 1 MUXes at root \u_soc.u_cpu.alu_inst.a [31].
    Found tree with 2 MUXes at root $auto$rtlil.cc:3381:MuxGate$32291.
    Found tree with 2 MUXes at root $auto$rtlil.cc:3381:MuxGate$33263.
    Found tree with 2 MUXes at root \u_soc.u_dmem.rd_word_reg [0].
    Found tree with 2 MUXes at root \u_soc.u_dmem.rd_word_reg [1].
    Found tree with 2 MUXes at root \u_soc.u_dmem.rd_word_reg [2].
    Found tree with 2 MUXes at root \u_soc.u_dmem.rd_word_reg [3].
    Found tree with 2 MUXes at root \u_soc.u_dmem.rd_word_reg [4].
    Found tree with 2 MUXes at root \u_soc.u_dmem.rd_word_reg [5].
    Found tree with 2 MUXes at root \u_soc.u_dmem.rd_word_reg [6].
    Found tree with 2 MUXes at root \u_soc.u_dmem.rd_word_reg [7].
    Found tree with 2 MUXes at root \u_soc.u_dmem.rd_word_reg [8].
    Found tree with 2 MUXes at root \u_soc.u_dmem.rd_word_reg [9].
    Found tree with 2 MUXes at root \u_soc.u_dmem.rd_word_reg [10].
    Found tree with 2 MUXes at root \u_soc.u_dmem.rd_word_reg [11].
    Found tree with 2 MUXes at root \u_soc.u_dmem.rd_word_reg [12].
    Found tree with 2 MUXes at root \u_soc.u_dmem.rd_word_reg [13].
    Found tree with 2 MUXes at root \u_soc.u_dmem.rd_word_reg [14].
    Found tree with 2 MUXes at root \u_soc.u_dmem.rd_word_reg [15].
    Found tree with 2 MUXes at root \u_soc.u_dmem.rd_word_reg [16].
    Found tree with 2 MUXes at root \u_soc.u_dmem.rd_word_reg [17].
    Found tree with 2 MUXes at root \u_soc.u_dmem.rd_word_reg [18].
    Found tree with 2 MUXes at root \u_soc.u_dmem.rd_word_reg [19].
    Found tree with 2 MUXes at root \u_soc.u_dmem.rd_word_reg [20].
    Found tree with 2 MUXes at root \u_soc.u_dmem.rd_word_reg [21].
    Found tree with 2 MUXes at root \u_soc.u_dmem.rd_word_reg [22].
    Found tree with 2 MUXes at root \u_soc.u_dmem.rd_word_reg [23].
    Found tree with 2 MUXes at root \u_soc.u_dmem.rd_word_reg [24].
    Found tree with 2 MUXes at root \u_soc.u_dmem.rd_word_reg [25].
    Found tree with 2 MUXes at root \u_soc.u_dmem.rd_word_reg [26].
    Found tree with 2 MUXes at root \u_soc.u_dmem.rd_word_reg [27].
    Found tree with 2 MUXes at root \u_soc.u_dmem.rd_word_reg [28].
    Found tree with 2 MUXes at root \u_soc.u_dmem.rd_word_reg [29].
    Found tree with 2 MUXes at root \u_soc.u_dmem.rd_word_reg [30].
    Found tree with 2 MUXes at root \u_soc.u_dmem.rd_word_reg [31].
    Found tree with 2 MUXes at root \u_soc.u_dmem.rd_word_reg [32].
    Found tree with 2 MUXes at root \u_soc.u_dmem.rd_word_reg [33].
    Found tree with 2 MUXes at root \u_soc.u_dmem.rd_word_reg [34].
    Found tree with 2 MUXes at root \u_soc.u_dmem.rd_word_reg [35].
    Found tree with 2 MUXes at root \u_soc.u_dmem.rd_word_reg [36].
    Found tree with 2 MUXes at root \u_soc.u_dmem.rd_word_reg [37].
    Found tree with 2 MUXes at root \u_soc.u_dmem.rd_word_reg [38].
    Found tree with 1 MUXes at root \u_soc.u_dmem.wr_addr_mux [2].
    Found tree with 1 MUXes at root \u_soc.u_dmem.wr_addr_mux [3].
    Found tree with 1 MUXes at root \u_soc.u_dmem.wr_addr_mux [4].
    Found tree with 1 MUXes at root \u_soc.u_dmem.wr_addr_mux [5].
    Found tree with 1 MUXes at root \u_soc.u_dmem.wr_addr_mux [6].
    Found tree with 1 MUXes at root \u_soc.u_dmem.wr_addr_mux [7].
    Found tree with 1 MUXes at root \u_soc.u_dmem.wr_addr_mux [8].
    Found tree with 1 MUXes at root \u_soc.u_dmem.wr_addr_mux [9].
    Found tree with 1 MUXes at root \u_soc.u_dmem.wr_addr_mux [10].
    Found tree with 1 MUXes at root \u_soc.u_dmem.wr_addr_mux [11].
    Found tree with 1 MUXes at root \u_soc.u_dmem.wr_data_mux [0].
    Found tree with 1 MUXes at root \u_soc.u_dmem.wr_data_mux [1].
    Found tree with 1 MUXes at root \u_soc.u_dmem.wr_data_mux [2].
    Found tree with 1 MUXes at root \u_soc.u_dmem.wr_data_mux [3].
    Found tree with 1 MUXes at root \u_soc.u_dmem.wr_data_mux [4].
    Found tree with 1 MUXes at root \u_soc.u_dmem.wr_data_mux [5].
    Found tree with 1 MUXes at root \u_soc.u_dmem.wr_data_mux [6].
    Found tree with 1 MUXes at root \u_soc.u_dmem.wr_data_mux [7].
    Found tree with 1 MUXes at root \u_soc.u_dmem.wr_data_mux [8].
    Found tree with 1 MUXes at root \u_soc.u_dmem.wr_data_mux [9].
    Found tree with 1 MUXes at root \u_soc.u_dmem.wr_data_mux [10].
    Found tree with 1 MUXes at root \u_soc.u_dmem.wr_data_mux [11].
    Found tree with 1 MUXes at root \u_soc.u_dmem.wr_data_mux [12].
    Found tree with 1 MUXes at root \u_soc.u_dmem.wr_data_mux [13].
    Found tree with 1 MUXes at root \u_soc.u_dmem.wr_data_mux [14].
    Found tree with 1 MUXes at root \u_soc.u_dmem.wr_data_mux [15].
    Found tree with 1 MUXes at root \u_soc.u_dmem.wr_data_mux [16].
    Found tree with 1 MUXes at root \u_soc.u_dmem.wr_data_mux [17].
    Found tree with 1 MUXes at root \u_soc.u_dmem.wr_data_mux [18].
    Found tree with 1 MUXes at root \u_soc.u_dmem.wr_data_mux [19].
    Found tree with 1 MUXes at root \u_soc.u_dmem.wr_data_mux [20].
    Found tree with 1 MUXes at root \u_soc.u_dmem.wr_data_mux [21].
    Found tree with 1 MUXes at root \u_soc.u_dmem.wr_data_mux [22].
    Found tree with 1 MUXes at root \u_soc.u_dmem.wr_data_mux [23].
    Found tree with 1 MUXes at root \u_soc.u_dmem.wr_data_mux [24].
    Found tree with 1 MUXes at root \u_soc.u_dmem.wr_data_mux [25].
    Found tree with 1 MUXes at root \u_soc.u_dmem.wr_data_mux [26].
    Found tree with 1 MUXes at root \u_soc.u_dmem.wr_data_mux [27].
    Found tree with 1 MUXes at root \u_soc.u_dmem.wr_data_mux [28].
    Found tree with 1 MUXes at root \u_soc.u_dmem.wr_data_mux [29].
    Found tree with 1 MUXes at root \u_soc.u_dmem.wr_data_mux [30].
    Found tree with 1 MUXes at root \u_soc.u_dmem.wr_data_mux [31].
    Found tree with 3 MUXes at root $auto$rtlil.cc:3381:MuxGate$34491.
    Found tree with 2 MUXes at root $auto$rtlil.cc:3381:MuxGate$32665.
    Found tree with 2 MUXes at root $auto$rtlil.cc:3381:MuxGate$30307.
    Found tree with 3 MUXes at root $auto$rtlil.cc:3381:MuxGate$34479.
    Found tree with 2 MUXes at root $auto$rtlil.cc:3381:MuxGate$36541.
    Found tree with 3 MUXes at root $auto$rtlil.cc:3381:MuxGate$33211.
    Found tree with 3 MUXes at root $auto$rtlil.cc:3381:MuxGate$33215.
    Found tree with 3 MUXes at root $auto$rtlil.cc:3381:MuxGate$33219.
    Found tree with 3 MUXes at root \u_soc.u_imem.rd_word_reg [0].
    Found tree with 3 MUXes at root \u_soc.u_imem.rd_word_reg [1].
    Found tree with 3 MUXes at root \u_soc.u_imem.rd_word_reg [2].
    Found tree with 3 MUXes at root \u_soc.u_imem.rd_word_reg [3].
    Found tree with 3 MUXes at root \u_soc.u_imem.rd_word_reg [4].
    Found tree with 3 MUXes at root \u_soc.u_imem.rd_word_reg [5].
    Found tree with 3 MUXes at root \u_soc.u_imem.rd_word_reg [6].
    Found tree with 3 MUXes at root \u_soc.u_imem.rd_word_reg [7].
    Found tree with 3 MUXes at root \u_soc.u_imem.rd_word_reg [8].
    Found tree with 3 MUXes at root \u_soc.u_imem.rd_word_reg [9].
    Found tree with 3 MUXes at root \u_soc.u_imem.rd_word_reg [10].
    Found tree with 3 MUXes at root \u_soc.u_imem.rd_word_reg [11].
    Found tree with 3 MUXes at root \u_soc.u_imem.rd_word_reg [12].
    Found tree with 3 MUXes at root \u_soc.u_imem.rd_word_reg [13].
    Found tree with 3 MUXes at root \u_soc.u_imem.rd_word_reg [14].
    Found tree with 3 MUXes at root \u_soc.u_imem.rd_word_reg [15].
    Found tree with 3 MUXes at root \u_soc.u_imem.rd_word_reg [16].
    Found tree with 3 MUXes at root \u_soc.u_imem.rd_word_reg [17].
    Found tree with 3 MUXes at root \u_soc.u_imem.rd_word_reg [18].
    Found tree with 3 MUXes at root \u_soc.u_imem.rd_word_reg [19].
    Found tree with 3 MUXes at root \u_soc.u_imem.rd_word_reg [20].
    Found tree with 3 MUXes at root \u_soc.u_imem.rd_word_reg [21].
    Found tree with 3 MUXes at root \u_soc.u_imem.rd_word_reg [22].
    Found tree with 3 MUXes at root \u_soc.u_imem.rd_word_reg [23].
    Found tree with 3 MUXes at root \u_soc.u_imem.rd_word_reg [24].
    Found tree with 3 MUXes at root \u_soc.u_imem.rd_word_reg [25].
    Found tree with 3 MUXes at root \u_soc.u_imem.rd_word_reg [26].
    Found tree with 3 MUXes at root \u_soc.u_imem.rd_word_reg [27].
    Found tree with 3 MUXes at root \u_soc.u_imem.rd_word_reg [28].
    Found tree with 3 MUXes at root \u_soc.u_imem.rd_word_reg [29].
    Found tree with 3 MUXes at root \u_soc.u_imem.rd_word_reg [30].
    Found tree with 3 MUXes at root \u_soc.u_imem.rd_word_reg [31].
    Found tree with 3 MUXes at root \u_soc.u_imem.rd_word_reg [32].
    Found tree with 3 MUXes at root \u_soc.u_imem.rd_word_reg [33].
    Found tree with 3 MUXes at root \u_soc.u_imem.rd_word_reg [34].
    Found tree with 3 MUXes at root \u_soc.u_imem.rd_word_reg [35].
    Found tree with 3 MUXes at root \u_soc.u_imem.rd_word_reg [36].
    Found tree with 3 MUXes at root \u_soc.u_imem.rd_word_reg [37].
    Found tree with 3 MUXes at root \u_soc.u_imem.rd_word_reg [38].
    Found tree with 2 MUXes at root $auto$rtlil.cc:3381:MuxGate$36521.
    Found tree with 2 MUXes at root $auto$rtlil.cc:3381:MuxGate$37009.
    Found tree with 3 MUXes at root $auto$rtlil.cc:3381:MuxGate$34591.
    Found tree with 2 MUXes at root $auto$rtlil.cc:3381:MuxGate$37013.
    Found tree with 3 MUXes at root $auto$rtlil.cc:3381:MuxGate$33223.
    Found tree with 3 MUXes at root $auto$rtlil.cc:3381:MuxGate$33227.
    Found tree with 3 MUXes at root $auto$rtlil.cc:3381:MuxGate$33231.
    Found tree with 3 MUXes at root $auto$rtlil.cc:3381:MuxGate$33235.
    Found tree with 2 MUXes at root $auto$rtlil.cc:3381:MuxGate$30303.
    Found tree with 2 MUXes at root $auto$rtlil.cc:3381:MuxGate$32841.
    Found tree with 2 MUXes at root $auto$rtlil.cc:3381:MuxGate$33267.
    Found tree with 2 MUXes at root $auto$rtlil.cc:3381:MuxGate$30063.
    Found tree with 2 MUXes at root $auto$rtlil.cc:3381:MuxGate$35377.
    Found tree with 2 MUXes at root $auto$rtlil.cc:3381:MuxGate$32359.
    Found tree with 2 MUXes at root $auto$rtlil.cc:3381:MuxGate$33271.
    Found tree with 2 MUXes at root $auto$rtlil.cc:3381:MuxGate$39567.
    Found tree with 2 MUXes at root $auto$rtlil.cc:3381:MuxGate$33239.
    Found tree with 2 MUXes at root $auto$rtlil.cc:3381:MuxGate$33243.
    Found tree with 4 MUXes at root $auto$rtlil.cc:3381:MuxGate$32573.
    Found tree with 2 MUXes at root $auto$rtlil.cc:3381:MuxGate$30047.
    Found tree with 2 MUXes at root $auto$rtlil.cc:3381:MuxGate$33247.
    Found tree with 2 MUXes at root $auto$rtlil.cc:3381:MuxGate$32239.
    Found tree with 2 MUXes at root $auto$rtlil.cc:3381:MuxGate$32235.
    Found tree with 1 MUXes at root \u_soc.u_cpu.:6518.B [0].
    Found tree with 1 MUXes at root \u_soc.u_cpu.:6518.B [1].
    Found tree with 1 MUXes at root \u_soc.u_cpu.:6518.B [2].
    Found tree with 1 MUXes at root \u_soc.u_cpu.:6518.B [3].
    Found tree with 1 MUXes at root \u_soc.u_cpu.:6518.B [4].
    Found tree with 1 MUXes at root \u_soc.u_cpu.:6518.B [5].
    Found tree with 1 MUXes at root \u_soc.u_cpu.:6518.B [6].
    Found tree with 1 MUXes at root \u_soc.u_cpu.:6518.B [7].
    Found tree with 1 MUXes at root \u_soc.u_cpu.:6518.B [8].
    Found tree with 1 MUXes at root \u_soc.u_cpu.:6518.B [9].
    Found tree with 1 MUXes at root \u_soc.u_cpu.:6518.B [10].
    Found tree with 1 MUXes at root \u_soc.u_cpu.:6518.B [11].
    Found tree with 1 MUXes at root \u_soc.u_cpu.:6518.B [12].
    Found tree with 1 MUXes at root \u_soc.u_cpu.:6518.B [13].
    Found tree with 1 MUXes at root \u_soc.u_cpu.:6518.B [14].
    Found tree with 1 MUXes at root \u_soc.u_cpu.:6518.B [15].
    Found tree with 2 MUXes at root $auto$rtlil.cc:3381:MuxGate$32347.
    Found tree with 2 MUXes at root $auto$rtlil.cc:3381:MuxGate$38133.
    Found tree with 2 MUXes at root $auto$rtlil.cc:3381:MuxGate$33251.
    Found tree with 2 MUXes at root $auto$rtlil.cc:3381:MuxGate$33255.
    Found tree with 2 MUXes at root $auto$rtlil.cc:3381:MuxGate$33259.
    Found tree with 2 MUXes at root $auto$rtlil.cc:3381:MuxGate$32343.
    Found tree with 2 MUXes at root $auto$rtlil.cc:3381:MuxGate$32339.
    Found tree with 2 MUXes at root $auto$rtlil.cc:3381:MuxGate$39435.
    Found tree with 2 MUXes at root $auto$rtlil.cc:3381:MuxGate$39447.
    Found tree with 2 MUXes at root $auto$rtlil.cc:3381:MuxGate$39431.
    Found tree with 2 MUXes at root $auto$rtlil.cc:3381:MuxGate$39443.
    Found tree with 2 MUXes at root $auto$rtlil.cc:3381:MuxGate$37481.
    Found tree with 2 MUXes at root $auto$rtlil.cc:3381:MuxGate$32645.
    Found tree with 2 MUXes at root $auto$rtlil.cc:3381:MuxGate$37485.
    Found tree with 3 MUXes at root $auto$rtlil.cc:3381:MuxGate$32983.
    Found tree with 2 MUXes at root $auto$rtlil.cc:3381:MuxGate$37445.
    Found tree with 2 MUXes at root $auto$rtlil.cc:3381:MuxGate$37437.
    Found tree with 1 MUXes at root $auto$rtlil.cc:3381:MuxGate$32979.
    Found tree with 2 MUXes at root $auto$rtlil.cc:3381:MuxGate$37441.
    Found tree with 2 MUXes at root $auto$rtlil.cc:3381:MuxGate$32977.
    Found tree with 2 MUXes at root $auto$rtlil.cc:3381:MuxGate$37345.
    Found tree with 2 MUXes at root $auto$rtlil.cc:3381:MuxGate$37365.
    Found tree with 2 MUXes at root $auto$rtlil.cc:3381:MuxGate$32869.
    Found tree with 2 MUXes at root $auto$rtlil.cc:3381:MuxGate$32973.
    Found tree with 2 MUXes at root $auto$rtlil.cc:3381:MuxGate$32969.
    Found tree with 2 MUXes at root $auto$rtlil.cc:3381:MuxGate$32965.
    Found tree with 2 MUXes at root $auto$rtlil.cc:3381:MuxGate$32961.
    Found tree with 1 MUXes at root $flatten\u_soc.$auto$ghdl.cc:827:import_module$112 [0].
    Found tree with 1 MUXes at root $flatten\u_soc.$auto$ghdl.cc:827:import_module$112 [1].
    Found tree with 1 MUXes at root $flatten\u_soc.$auto$ghdl.cc:827:import_module$112 [2].
    Found tree with 1 MUXes at root $flatten\u_soc.$auto$ghdl.cc:827:import_module$112 [3].
    Found tree with 1 MUXes at root $flatten\u_soc.$auto$ghdl.cc:827:import_module$112 [4].
    Found tree with 1 MUXes at root $flatten\u_soc.$auto$ghdl.cc:827:import_module$112 [5].
    Found tree with 1 MUXes at root $flatten\u_soc.$auto$ghdl.cc:827:import_module$112 [6].
    Found tree with 1 MUXes at root $flatten\u_soc.$auto$ghdl.cc:827:import_module$112 [7].
    Found tree with 1 MUXes at root $flatten\u_soc.$auto$ghdl.cc:827:import_module$111 [0].
    Found tree with 1 MUXes at root $flatten\u_soc.$auto$ghdl.cc:827:import_module$111 [1].
    Found tree with 1 MUXes at root $flatten\u_soc.$auto$ghdl.cc:827:import_module$111 [2].
    Found tree with 1 MUXes at root $flatten\u_soc.$auto$ghdl.cc:827:import_module$111 [3].
    Found tree with 1 MUXes at root $flatten\u_soc.$auto$ghdl.cc:827:import_module$111 [4].
    Found tree with 1 MUXes at root $flatten\u_soc.$auto$ghdl.cc:827:import_module$111 [5].
    Found tree with 1 MUXes at root $flatten\u_soc.$auto$ghdl.cc:827:import_module$111 [6].
    Found tree with 1 MUXes at root $flatten\u_soc.$auto$ghdl.cc:827:import_module$111 [7].
    Found tree with 1 MUXes at root $flatten\u_soc.$auto$ghdl.cc:827:import_module$110 [0].
    Found tree with 1 MUXes at root $flatten\u_soc.$auto$ghdl.cc:827:import_module$110 [1].
    Found tree with 1 MUXes at root $flatten\u_soc.$auto$ghdl.cc:827:import_module$110 [2].
    Found tree with 1 MUXes at root $flatten\u_soc.$auto$ghdl.cc:827:import_module$110 [3].
    Found tree with 1 MUXes at root $flatten\u_soc.$auto$ghdl.cc:827:import_module$110 [4].
    Found tree with 1 MUXes at root $flatten\u_soc.$auto$ghdl.cc:827:import_module$110 [5].
    Found tree with 1 MUXes at root $flatten\u_soc.$auto$ghdl.cc:827:import_module$110 [6].
    Found tree with 1 MUXes at root $flatten\u_soc.$auto$ghdl.cc:827:import_module$110 [7].
    Found tree with 1 MUXes at root $flatten\u_soc.$auto$ghdl.cc:827:import_module$109 [0].
    Found tree with 1 MUXes at root $flatten\u_soc.$auto$ghdl.cc:827:import_module$109 [1].
    Found tree with 1 MUXes at root $flatten\u_soc.$auto$ghdl.cc:827:import_module$109 [2].
    Found tree with 1 MUXes at root $flatten\u_soc.$auto$ghdl.cc:827:import_module$109 [3].
    Found tree with 1 MUXes at root $flatten\u_soc.$auto$ghdl.cc:827:import_module$109 [4].
    Found tree with 1 MUXes at root $flatten\u_soc.$auto$ghdl.cc:827:import_module$109 [5].
    Found tree with 1 MUXes at root $flatten\u_soc.$auto$ghdl.cc:827:import_module$109 [6].
    Found tree with 1 MUXes at root $flatten\u_soc.$auto$ghdl.cc:827:import_module$109 [7].
    Found tree with 2 MUXes at root $auto$rtlil.cc:3381:MuxGate$37561.
    Found tree with 2 MUXes at root $auto$rtlil.cc:3381:MuxGate$37589.
    Found tree with 3 MUXes at root $auto$rtlil.cc:3381:MuxGate$32999.
    Found tree with 3 MUXes at root $auto$rtlil.cc:3381:MuxGate$32995.
    Found tree with 2 MUXes at root $auto$rtlil.cc:3381:MuxGate$34009.
    Found tree with 2 MUXes at root $auto$rtlil.cc:3381:MuxGate$37509.
    Found tree with 3 MUXes at root $auto$rtlil.cc:3381:MuxGate$32991.
    Found tree with 2 MUXes at root $auto$rtlil.cc:3381:MuxGate$32279.
    Found tree with 2 MUXes at root $auto$rtlil.cc:3381:MuxGate$37369.
    Found tree with 2 MUXes at root $auto$rtlil.cc:3381:MuxGate$32283.
    Found tree with 3 MUXes at root $auto$rtlil.cc:3381:MuxGate$32987.
    Found tree with 2 MUXes at root $auto$rtlil.cc:3381:MuxGate$34305.
    Found tree with 1 MUXes at root \u_soc.dmem_ecc_double_error.
    Found tree with 1 MUXes at root \u_soc.dmem_wdata [0].
    Found tree with 1 MUXes at root \u_soc.dmem_wdata [1].
    Found tree with 1 MUXes at root \u_soc.dmem_wdata [2].
    Found tree with 1 MUXes at root \u_soc.dmem_wdata [3].
    Found tree with 1 MUXes at root \u_soc.dmem_wdata [4].
    Found tree with 1 MUXes at root \u_soc.dmem_wdata [5].
    Found tree with 1 MUXes at root \u_soc.dmem_wdata [6].
    Found tree with 1 MUXes at root \u_soc.dmem_wdata [7].
    Found tree with 1 MUXes at root \u_soc.dmem_wdata [8].
    Found tree with 1 MUXes at root \u_soc.dmem_wdata [9].
    Found tree with 1 MUXes at root \u_soc.dmem_wdata [10].
    Found tree with 1 MUXes at root \u_soc.dmem_wdata [11].
    Found tree with 1 MUXes at root \u_soc.dmem_wdata [12].
    Found tree with 1 MUXes at root \u_soc.dmem_wdata [13].
    Found tree with 1 MUXes at root \u_soc.dmem_wdata [14].
    Found tree with 1 MUXes at root \u_soc.dmem_wdata [15].
    Found tree with 1 MUXes at root \u_soc.dmem_wdata [16].
    Found tree with 1 MUXes at root \u_soc.dmem_wdata [17].
    Found tree with 1 MUXes at root \u_soc.dmem_wdata [18].
    Found tree with 1 MUXes at root \u_soc.dmem_wdata [19].
    Found tree with 1 MUXes at root \u_soc.dmem_wdata [20].
    Found tree with 1 MUXes at root \u_soc.dmem_wdata [21].
    Found tree with 1 MUXes at root \u_soc.dmem_wdata [22].
    Found tree with 1 MUXes at root \u_soc.dmem_wdata [23].
    Found tree with 1 MUXes at root \u_soc.dmem_wdata [24].
    Found tree with 1 MUXes at root \u_soc.dmem_wdata [25].
    Found tree with 1 MUXes at root \u_soc.dmem_wdata [26].
    Found tree with 1 MUXes at root \u_soc.dmem_wdata [27].
    Found tree with 1 MUXes at root \u_soc.dmem_wdata [28].
    Found tree with 1 MUXes at root \u_soc.dmem_wdata [29].
    Found tree with 1 MUXes at root \u_soc.dmem_wdata [30].
    Found tree with 1 MUXes at root \u_soc.dmem_wdata [31].
    Found tree with 1 MUXes at root \u_soc.dmem_addr [0].
    Found tree with 1 MUXes at root \u_soc.dmem_addr [1].
    Found tree with 1 MUXes at root \u_soc.dmem_addr [2].
    Found tree with 1 MUXes at root \u_soc.dmem_addr [3].
    Found tree with 1 MUXes at root \u_soc.dmem_addr [4].
    Found tree with 1 MUXes at root \u_soc.dmem_addr [5].
    Found tree with 1 MUXes at root \u_soc.dmem_addr [6].
    Found tree with 1 MUXes at root \u_soc.dmem_addr [7].
    Found tree with 1 MUXes at root \u_soc.dmem_addr [8].
    Found tree with 1 MUXes at root \u_soc.dmem_addr [9].
    Found tree with 1 MUXes at root \u_soc.dmem_addr [10].
    Found tree with 1 MUXes at root \u_soc.dmem_addr [11].
    Found tree with 1 MUXes at root \u_soc.dmem_addr [12].
    Found tree with 1 MUXes at root \u_soc.dmem_addr [13].
    Found tree with 1 MUXes at root \u_soc.dmem_addr [14].
    Found tree with 1 MUXes at root \u_soc.dmem_addr [15].
    Found tree with 1 MUXes at root \u_soc.dmem_addr [16].
    Found tree with 1 MUXes at root \u_soc.dmem_addr [17].
    Found tree with 1 MUXes at root \u_soc.dmem_addr [18].
    Found tree with 1 MUXes at root \u_soc.dmem_addr [19].
    Found tree with 1 MUXes at root \u_soc.dmem_addr [20].
    Found tree with 1 MUXes at root \u_soc.dmem_addr [21].
    Found tree with 1 MUXes at root \u_soc.dmem_addr [22].
    Found tree with 1 MUXes at root \u_soc.dmem_addr [23].
    Found tree with 1 MUXes at root \u_soc.dmem_addr [24].
    Found tree with 1 MUXes at root \u_soc.dmem_addr [25].
    Found tree with 1 MUXes at root \u_soc.dmem_addr [26].
    Found tree with 1 MUXes at root \u_soc.dmem_addr [27].
    Found tree with 1 MUXes at root \u_soc.dmem_addr [28].
    Found tree with 1 MUXes at root \u_soc.dmem_addr [29].
    Found tree with 1 MUXes at root \u_soc.dmem_addr [30].
    Found tree with 1 MUXes at root \u_soc.dmem_addr [31].
    Found tree with 3 MUXes at root \u_soc.imem_instr [0].
    Found tree with 3 MUXes at root \u_soc.imem_instr [5].
    Found tree with 3 MUXes at root \u_soc.imem_instr [13].
    Found tree with 3 MUXes at root \u_soc.imem_instr [21].
    Found tree with 3 MUXes at root $auto$rtlil.cc:3381:MuxGate$32129.
    Found tree with 2 MUXes at root $auto$rtlil.cc:3381:MuxGate$32625.
    Found tree with 2 MUXes at root $auto$rtlil.cc:3381:MuxGate$32621.
    Found tree with 2 MUXes at root $auto$rtlil.cc:3381:MuxGate$32617.
    Found tree with 2 MUXes at root $auto$rtlil.cc:3381:MuxGate$32597.
    Found tree with 2 MUXes at root $auto$rtlil.cc:3381:MuxGate$32307.
    Found tree with 2 MUXes at root $auto$rtlil.cc:3381:MuxGate$32633.
    Found tree with 2 MUXes at root $auto$rtlil.cc:3381:MuxGate$32303.
    Found tree with 2 MUXes at root $auto$rtlil.cc:3381:MuxGate$32299.
    Found tree with 4 MUXes at root $auto$rtlil.cc:3381:MuxGate$32565.
    Found tree with 4 MUXes at root $auto$rtlil.cc:3381:MuxGate$32561.
    Found tree with 4 MUXes at root $auto$rtlil.cc:3381:MuxGate$32553.
    Found tree with 4 MUXes at root $auto$rtlil.cc:3381:MuxGate$32545.
    Found tree with 4 MUXes at root $auto$rtlil.cc:3381:MuxGate$32537.
    Found tree with 1 MUXes at root \u_soc.u_cpu.:6515.B [0].
    Found tree with 1 MUXes at root \u_soc.u_cpu.:6515.B [1].
    Found tree with 1 MUXes at root \u_soc.u_cpu.:6515.B [2].
    Found tree with 1 MUXes at root \u_soc.u_cpu.:6515.B [3].
    Found tree with 1 MUXes at root \u_soc.u_cpu.:6515.B [4].
    Found tree with 1 MUXes at root \u_soc.u_cpu.:6515.B [5].
    Found tree with 1 MUXes at root \u_soc.u_cpu.:6515.B [6].
    Found tree with 1 MUXes at root \u_soc.u_cpu.:6515.B [7].
    Found tree with 1 MUXes at root \u_soc.u_cpu.:6515.B [8].
    Found tree with 1 MUXes at root \u_soc.u_cpu.:6515.B [9].
    Found tree with 1 MUXes at root \u_soc.u_cpu.:6515.B [10].
    Found tree with 1 MUXes at root \u_soc.u_cpu.:6515.B [11].
    Found tree with 1 MUXes at root \u_soc.u_cpu.:6515.B [12].
    Found tree with 1 MUXes at root \u_soc.u_cpu.:6515.B [13].
    Found tree with 1 MUXes at root \u_soc.u_cpu.:6515.B [14].
    Found tree with 1 MUXes at root \u_soc.u_cpu.:6515.B [15].
    Found tree with 2 MUXes at root $auto$rtlil.cc:3381:MuxGate$32371.
    Found tree with 2 MUXes at root $auto$rtlil.cc:3381:MuxGate$35373.
    Found tree with 2 MUXes at root $auto$rtlil.cc:3381:MuxGate$30043.
    Found tree with 2 MUXes at root $auto$rtlil.cc:3381:MuxGate$32375.
    Found tree with 2 MUXes at root $auto$rtlil.cc:3381:MuxGate$32705.
    Found tree with 2 MUXes at root $auto$rtlil.cc:3381:MuxGate$35393.
    Found tree with 2 MUXes at root $auto$rtlil.cc:3381:MuxGate$32379.
    Found tree with 2 MUXes at root $auto$rtlil.cc:3381:MuxGate$35397.
    Found tree with 4 MUXes at root $auto$rtlil.cc:3381:MuxGate$30527.
    Found tree with 4 MUXes at root $auto$rtlil.cc:3381:MuxGate$30525.
    Found tree with 4 MUXes at root $auto$rtlil.cc:3381:MuxGate$30523.
    Found tree with 4 MUXes at root $auto$rtlil.cc:3381:MuxGate$30521.
    Found tree with 2 MUXes at root $auto$rtlil.cc:3381:MuxGate$32713.
    Found tree with 2 MUXes at root $auto$rtlil.cc:3381:MuxGate$34417.
    Found tree with 1 MUXes at root \u_soc.u_cpu.:6512.B [0].
    Found tree with 1 MUXes at root \u_soc.u_cpu.:6512.B [1].
    Found tree with 1 MUXes at root \u_soc.u_cpu.:6512.B [2].
    Found tree with 1 MUXes at root \u_soc.u_cpu.:6512.B [3].
    Found tree with 1 MUXes at root \u_soc.u_cpu.:6512.B [4].
    Found tree with 1 MUXes at root \u_soc.u_cpu.:6512.B [5].
    Found tree with 1 MUXes at root \u_soc.u_cpu.:6512.B [6].
    Found tree with 1 MUXes at root \u_soc.u_cpu.:6512.B [7].
    Found tree with 1 MUXes at root \u_soc.u_cpu.:6512.B [8].
    Found tree with 1 MUXes at root \u_soc.u_cpu.:6512.B [9].
    Found tree with 1 MUXes at root \u_soc.u_cpu.:6512.B [10].
    Found tree with 1 MUXes at root \u_soc.u_cpu.:6512.B [11].
    Found tree with 1 MUXes at root \u_soc.u_cpu.:6512.B [12].
    Found tree with 1 MUXes at root \u_soc.u_cpu.:6512.B [13].
    Found tree with 1 MUXes at root \u_soc.u_cpu.:6512.B [14].
    Found tree with 1 MUXes at root \u_soc.u_cpu.:6512.B [15].
    Found tree with 2 MUXes at root $auto$rtlil.cc:3381:MuxGate$32701.
    Found tree with 2 MUXes at root $auto$rtlil.cc:3381:MuxGate$34409.
    Found tree with 2 MUXes at root $auto$rtlil.cc:3381:MuxGate$32383.
    Found tree with 2 MUXes at root $auto$rtlil.cc:3381:MuxGate$32387.
    Found tree with 2 MUXes at root $auto$rtlil.cc:3381:MuxGate$30039.
    Found tree with 2 MUXes at root $auto$rtlil.cc:3381:MuxGate$32391.
    Found tree with 4 MUXes at root $auto$rtlil.cc:3381:MuxGate$30519.
    Found tree with 4 MUXes at root $auto$rtlil.cc:3381:MuxGate$30517.
    Found tree with 4 MUXes at root $auto$rtlil.cc:3381:MuxGate$30515.
    Found tree with 4 MUXes at root $auto$rtlil.cc:3381:MuxGate$30513.
    Found tree with 1 MUXes at root \u_soc.u_cpu.:6509.B [0].
    Found tree with 1 MUXes at root \u_soc.u_cpu.:6509.B [1].
    Found tree with 1 MUXes at root \u_soc.u_cpu.:6509.B [2].
    Found tree with 1 MUXes at root \u_soc.u_cpu.:6509.B [3].
    Found tree with 1 MUXes at root \u_soc.u_cpu.:6509.B [4].
    Found tree with 1 MUXes at root \u_soc.u_cpu.:6509.B [5].
    Found tree with 1 MUXes at root \u_soc.u_cpu.:6509.B [6].
    Found tree with 1 MUXes at root \u_soc.u_cpu.:6509.B [7].
    Found tree with 1 MUXes at root \u_soc.u_cpu.:6509.B [8].
    Found tree with 1 MUXes at root \u_soc.u_cpu.:6509.B [9].
    Found tree with 1 MUXes at root \u_soc.u_cpu.:6509.B [10].
    Found tree with 1 MUXes at root \u_soc.u_cpu.:6509.B [11].
    Found tree with 1 MUXes at root \u_soc.u_cpu.:6509.B [12].
    Found tree with 1 MUXes at root \u_soc.u_cpu.:6509.B [13].
    Found tree with 1 MUXes at root \u_soc.u_cpu.:6509.B [14].
    Found tree with 1 MUXes at root \u_soc.u_cpu.:6509.B [15].
    Found tree with 2 MUXes at root $auto$rtlil.cc:3381:MuxGate$32395.
    Found tree with 2 MUXes at root $auto$rtlil.cc:3381:MuxGate$32399.
    Found tree with 2 MUXes at root $auto$rtlil.cc:3381:MuxGate$32403.
    Found tree with 2 MUXes at root $auto$rtlil.cc:3381:MuxGate$32407.
    Found tree with 2 MUXes at root $auto$rtlil.cc:3381:MuxGate$38145.
    Found tree with 2 MUXes at root $auto$rtlil.cc:3381:MuxGate$38125.
    Found tree with 2 MUXes at root $auto$rtlil.cc:3381:MuxGate$38141.
    Found tree with 2 MUXes at root $auto$rtlil.cc:3381:MuxGate$38121.
    Found tree with 2 MUXes at root $auto$rtlil.cc:3381:MuxGate$38149.
    Found tree with 2 MUXes at root $auto$rtlil.cc:3381:MuxGate$38129.
    Found tree with 2 MUXes at root $auto$rtlil.cc:3381:MuxGate$32721.
    Found tree with 2 MUXes at root $auto$rtlil.cc:3381:MuxGate$34401.
    Found tree with 2 MUXes at root $auto$rtlil.cc:3381:MuxGate$38137.
    Found tree with 2 MUXes at root $auto$rtlil.cc:3381:MuxGate$30035.
    Found tree with 2 MUXes at root $auto$rtlil.cc:3381:MuxGate$32725.
    Found tree with 2 MUXes at root $auto$rtlil.cc:3381:MuxGate$34397.
    Found tree with 3 MUXes at root $auto$rtlil.cc:3381:MuxGate$32137.
    Found tree with 2 MUXes at root $auto$rtlil.cc:3381:MuxGate$36797.
    Found tree with 2 MUXes at root $auto$rtlil.cc:3381:MuxGate$34337.
    Found tree with 2 MUXes at root $auto$rtlil.cc:3381:MuxGate$32677.
    Found tree with 2 MUXes at root $auto$rtlil.cc:3381:MuxGate$32681.
    Found tree with 4 MUXes at root $auto$rtlil.cc:3381:MuxGate$30509.
    Found tree with 2 MUXes at root $auto$rtlil.cc:3381:MuxGate$32685.
    Found tree with 2 MUXes at root $auto$rtlil.cc:3381:MuxGate$32689.
    Found tree with 2 MUXes at root $auto$rtlil.cc:3381:MuxGate$34301.
    Found tree with 2 MUXes at root $auto$rtlil.cc:3381:MuxGate$32419.
    Found tree with 2 MUXes at root $auto$rtlil.cc:3381:MuxGate$32423.
    Found tree with 2 MUXes at root $auto$rtlil.cc:3381:MuxGate$38193.
    Found tree with 2 MUXes at root $auto$rtlil.cc:3381:MuxGate$38201.
    Found tree with 4 MUXes at root $auto$rtlil.cc:3381:MuxGate$32465.
    Found tree with 2 MUXes at root $auto$rtlil.cc:3381:MuxGate$37401.
    Found tree with 2 MUXes at root $auto$rtlil.cc:3381:MuxGate$34025.
    Found tree with 2 MUXes at root $auto$rtlil.cc:3381:MuxGate$32435.
    Found tree with 2 MUXes at root $auto$rtlil.cc:3381:MuxGate$32431.
    Found tree with 2 MUXes at root $auto$rtlil.cc:3381:MuxGate$32427.
    Found tree with 2 MUXes at root $auto$rtlil.cc:3381:MuxGate$32901.
    Found tree with 2 MUXes at root $auto$rtlil.cc:3381:MuxGate$37413.
    Found tree with 2 MUXes at root $auto$rtlil.cc:3381:MuxGate$32415.
    Found tree with 2 MUXes at root $auto$rtlil.cc:3381:MuxGate$32411.
    Found tree with 2 MUXes at root $auto$rtlil.cc:3381:MuxGate$38937.
    Found tree with 2 MUXes at root $auto$rtlil.cc:3381:MuxGate$32593.
    Found tree with 3 MUXes at root $auto$rtlil.cc:3381:MuxGate$32141.
    Found tree with 2 MUXes at root $auto$rtlil.cc:3381:MuxGate$32231.
    Found tree with 2 MUXes at root $auto$rtlil.cc:3381:MuxGate$32227.
    Found tree with 2 MUXes at root $auto$rtlil.cc:3381:MuxGate$39519.
    Found tree with 3 MUXes at root $auto$rtlil.cc:3381:MuxGate$34435.
    Found tree with 2 MUXes at root $auto$rtlil.cc:3381:MuxGate$39483.
    Found tree with 3 MUXes at root $auto$rtlil.cc:3381:MuxGate$32193.
    Found tree with 4 MUXes at root $auto$rtlil.cc:3381:MuxGate$30507.
    Found tree with 2 MUXes at root $auto$rtlil.cc:3381:MuxGate$32211.
    Found tree with 3 MUXes at root $auto$rtlil.cc:3381:MuxGate$34635.
    Found tree with 2 MUXes at root $auto$rtlil.cc:3381:MuxGate$30095.
    Found tree with 2 MUXes at root $auto$rtlil.cc:3381:MuxGate$32215.
    Found tree with 2 MUXes at root $auto$rtlil.cc:3381:MuxGate$32219.
    Found tree with 2 MUXes at root $auto$rtlil.cc:3381:MuxGate$38189.
    Found tree with 2 MUXes at root $auto$rtlil.cc:3381:MuxGate$32223.
    Found tree with 3 MUXes at root $auto$rtlil.cc:3381:MuxGate$34039.
    Found tree with 3 MUXes at root $auto$rtlil.cc:3381:MuxGate$34631.
    Found tree with 2 MUXes at root $auto$rtlil.cc:3381:MuxGate$39451.
    Found tree with 2 MUXes at root $auto$rtlil.cc:3381:MuxGate$37405.
    Found tree with 3 MUXes at root $auto$rtlil.cc:3381:MuxGate$32073.
    Found tree with 5 MUXes at root $auto$rtlil.cc:3381:MuxGate$32005.
    Found tree with 2 MUXes at root $auto$rtlil.cc:3381:MuxGate$32327.
    Found tree with 5 MUXes at root $auto$rtlil.cc:3381:MuxGate$31981.
    Found tree with 3 MUXes at root $auto$rtlil.cc:3381:MuxGate$34715.
    Found tree with 3 MUXes at root $auto$rtlil.cc:3381:MuxGate$34719.
    Found tree with 4 MUXes at root $auto$rtlil.cc:3381:MuxGate$30505.
    Found tree with 3 MUXes at root $auto$rtlil.cc:3381:MuxGate$34467.
    Found tree with 2 MUXes at root $auto$rtlil.cc:3381:MuxGate$32331.
    Found tree with 2 MUXes at root $auto$rtlil.cc:3381:MuxGate$32315.
    Found tree with 3 MUXes at root $auto$rtlil.cc:3381:MuxGate$32085.
    Found tree with 2 MUXes at root $auto$rtlil.cc:3381:MuxGate$34273.
    Found tree with 2 MUXes at root $auto$rtlil.cc:3381:MuxGate$35413.
    Found tree with 2 MUXes at root $auto$rtlil.cc:3381:MuxGate$31941.
    Found tree with 4 MUXes at root $auto$rtlil.cc:3381:MuxGate$30501.
    Found tree with 2 MUXes at root $auto$rtlil.cc:3381:MuxGate$32319.
    Found tree with 2 MUXes at root $auto$rtlil.cc:3381:MuxGate$32629.
    Found tree with 2 MUXes at root $auto$rtlil.cc:3381:MuxGate$37429.
    Found tree with 2 MUXes at root $auto$rtlil.cc:3381:MuxGate$31929.
    Found tree with 2 MUXes at root $auto$rtlil.cc:3381:MuxGate$39523.
    Found tree with 2 MUXes at root $auto$rtlil.cc:3381:MuxGate$34277.
    Found tree with 2 MUXes at root $auto$rtlil.cc:3381:MuxGate$32443.
    Found tree with 2 MUXes at root $auto$rtlil.cc:3381:MuxGate$32439.
    Found tree with 2 MUXes at root $auto$rtlil.cc:3381:MuxGate$35421.
    Found tree with 2 MUXes at root $auto$rtlil.cc:3381:MuxGate$30327.
    Found tree with 2 MUXes at root $auto$rtlil.cc:3381:MuxGate$32925.
    Found tree with 2 MUXes at root $auto$rtlil.cc:3381:MuxGate$31913.
    Found tree with 2 MUXes at root $auto$rtlil.cc:3381:MuxGate$32929.
    Found tree with 2 MUXes at root $auto$rtlil.cc:3381:MuxGate$37077.
    Found tree with 2 MUXes at root $auto$rtlil.cc:3381:MuxGate$39479.
    Found tree with 2 MUXes at root $auto$rtlil.cc:3381:MuxGate$31901.
    Found tree with 2 MUXes at root $auto$rtlil.cc:3381:MuxGate$32933.
    Found tree with 2 MUXes at root $auto$rtlil.cc:3381:MuxGate$30179.
    Found tree with 2 MUXes at root $auto$rtlil.cc:3381:MuxGate$31893.
    Found tree with 2 MUXes at root $auto$rtlil.cc:3381:MuxGate$39515.
    Found tree with 1 MUXes at root \u_soc.u_cpu.:4133.Y [0].
    Found tree with 1 MUXes at root \u_soc.u_cpu.:4133.Y [1].
    Found tree with 1 MUXes at root \u_soc.u_cpu.:4133.Y [2].
    Found tree with 1 MUXes at root \u_soc.u_cpu.:4133.Y [3].
    Found tree with 2 MUXes at root $auto$rtlil.cc:3381:MuxGate$32669.
    Found tree with 4 MUXes at root $auto$rtlil.cc:3381:MuxGate$33985.
    Found tree with 3 MUXes at root $auto$rtlil.cc:3381:MuxGate$34471.
    Found tree with 2 MUXes at root $auto$rtlil.cc:3381:MuxGate$37597.
    Found tree with 2 MUXes at root $auto$rtlil.cc:3381:MuxGate$32877.
    Found tree with 2 MUXes at root $auto$rtlil.cc:3381:MuxGate$37425.
    Found tree with 2 MUXes at root $auto$rtlil.cc:3381:MuxGate$37421.
    Found tree with 2 MUXes at root $auto$rtlil.cc:3381:MuxGate$39471.
    Found tree with 3 MUXes at root $auto$rtlil.cc:3381:MuxGate$34439.
    Found tree with 2 MUXes at root $auto$rtlil.cc:3381:MuxGate$39507.
    Found tree with 4 MUXes at root $auto$rtlil.cc:3381:MuxGate$32569.
    Found tree with 2 MUXes at root $auto$rtlil.cc:3381:MuxGate$39467.
    Found tree with 2 MUXes at root $auto$rtlil.cc:3381:MuxGate$39503.
    Found tree with 2 MUXes at root $auto$rtlil.cc:3381:MuxGate$39463.
    Found tree with 3 MUXes at root $auto$rtlil.cc:3381:MuxGate$34443.
    Found tree with 2 MUXes at root $auto$rtlil.cc:3381:MuxGate$37085.
    Found tree with 2 MUXes at root $auto$rtlil.cc:3381:MuxGate$30331.
    Found tree with 2 MUXes at root $auto$rtlil.cc:3381:MuxGate$39499.
    Found tree with 2 MUXes at root $auto$rtlil.cc:3381:MuxGate$37553.
    Found tree with 2 MUXes at root $auto$rtlil.cc:3381:MuxGate$39459.
    Found tree with 2 MUXes at root $auto$rtlil.cc:3381:MuxGate$39495.
    Found tree with 1 MUXes at root $auto$rtlil.cc:3381:MuxGate$34027.
    Found tree with 3 MUXes at root $auto$rtlil.cc:3381:MuxGate$34447.
    Found tree with 2 MUXes at root $auto$rtlil.cc:3381:MuxGate$30351.
    Found tree with 1 MUXes at root $auto$rtlil.cc:3381:MuxGate$33851.
    Found tree with 2 MUXes at root $auto$rtlil.cc:3381:MuxGate$32777.
    Found tree with 2 MUXes at root $auto$rtlil.cc:3381:MuxGate$39455.
    Found tree with 4 MUXes at root $auto$rtlil.cc:3381:MuxGate$33989.
    Found tree with 2 MUXes at root $auto$rtlil.cc:3381:MuxGate$39491.
    Found tree with 2 MUXes at root $auto$rtlil.cc:3381:MuxGate$37089.
    Found tree with 2 MUXes at root $auto$rtlil.cc:3381:MuxGate$39487.
    Found tree with 2 MUXes at root $auto$rtlil.cc:3381:MuxGate$32613.
    Found tree with 2 MUXes at root $auto$rtlil.cc:3381:MuxGate$37581.
    Found tree with 2 MUXes at root $auto$rtlil.cc:3381:MuxGate$37505.
    Found tree with 2 MUXes at root $auto$rtlil.cc:3381:MuxGate$37501.
    Found tree with 2 MUXes at root $auto$rtlil.cc:3381:MuxGate$37517.
    Found tree with 2 MUXes at root $auto$rtlil.cc:3381:MuxGate$37357.
    Found tree with 2 MUXes at root $auto$rtlil.cc:3381:MuxGate$37513.
    Found tree with 2 MUXes at root $auto$rtlil.cc:3381:MuxGate$37493.
    Found tree with 2 MUXes at root $auto$rtlil.cc:3381:MuxGate$37521.
    Found tree with 2 MUXes at root $auto$rtlil.cc:3381:MuxGate$37537.
    Found tree with 2 MUXes at root $auto$rtlil.cc:3381:MuxGate$37545.
    Found tree with 2 MUXes at root $auto$rtlil.cc:3381:MuxGate$37525.
    Found tree with 2 MUXes at root $auto$rtlil.cc:3381:MuxGate$37549.
    Found tree with 2 MUXes at root $auto$rtlil.cc:3381:MuxGate$37541.
    Found tree with 2 MUXes at root $auto$rtlil.cc:3381:MuxGate$37529.
    Found tree with 2 MUXes at root $auto$rtlil.cc:3381:MuxGate$37533.
    Found tree with 2 MUXes at root $auto$rtlil.cc:3381:MuxGate$36325.
    Found tree with 1 MUXes at root \u_soc.u_cpu.:6944.B [32].
    Found tree with 1 MUXes at root \u_soc.u_cpu.:6944.B [33].
    Found tree with 1 MUXes at root \u_soc.u_cpu.:6944.B [34].
    Found tree with 1 MUXes at root \u_soc.u_cpu.:6944.B [35].
    Found tree with 1 MUXes at root \u_soc.u_cpu.:6944.B [36].
    Found tree with 1 MUXes at root \u_soc.u_cpu.:6944.B [37].
    Found tree with 1 MUXes at root \u_soc.u_cpu.:6944.B [38].
    Found tree with 1 MUXes at root \u_soc.u_cpu.:6944.B [39].
    Found tree with 1 MUXes at root \u_soc.u_cpu.:6944.B [40].
    Found tree with 1 MUXes at root \u_soc.u_cpu.:6944.B [41].
    Found tree with 1 MUXes at root \u_soc.u_cpu.:6944.B [42].
    Found tree with 1 MUXes at root \u_soc.u_cpu.:6944.B [43].
    Found tree with 1 MUXes at root \u_soc.u_cpu.:6944.B [44].
    Found tree with 1 MUXes at root \u_soc.u_cpu.:6944.B [45].
    Found tree with 1 MUXes at root \u_soc.u_cpu.:6944.B [46].
    Found tree with 1 MUXes at root \u_soc.u_cpu.:6944.B [47].
    Found tree with 1 MUXes at root \u_soc.u_cpu.:6944.B [48].
    Found tree with 1 MUXes at root \u_soc.u_cpu.:6944.B [49].
    Found tree with 1 MUXes at root \u_soc.u_cpu.:6944.B [50].
    Found tree with 1 MUXes at root \u_soc.u_cpu.:6944.B [51].
    Found tree with 1 MUXes at root \u_soc.u_cpu.:6944.B [52].
    Found tree with 1 MUXes at root \u_soc.u_cpu.:6944.B [53].
    Found tree with 1 MUXes at root \u_soc.u_cpu.:6944.B [54].
    Found tree with 1 MUXes at root \u_soc.u_cpu.:6944.B [55].
    Found tree with 1 MUXes at root \u_soc.u_cpu.:6944.B [56].
    Found tree with 1 MUXes at root \u_soc.u_cpu.:6944.B [57].
    Found tree with 1 MUXes at root \u_soc.u_cpu.:6944.B [58].
    Found tree with 1 MUXes at root \u_soc.u_cpu.:6944.B [59].
    Found tree with 1 MUXes at root \u_soc.u_cpu.:6944.B [60].
    Found tree with 1 MUXes at root \u_soc.u_cpu.:6944.B [61].
    Found tree with 1 MUXes at root \u_soc.u_cpu.:6944.B [62].
    Found tree with 1 MUXes at root \u_soc.u_cpu.:6944.B [63].
    Found tree with 1 MUXes at root \u_soc.u_cpu.:6944.B [64].
    Found tree with 1 MUXes at root \u_soc.u_cpu.:6944.B [65].
    Found tree with 1 MUXes at root \u_soc.u_cpu.:6944.B [66].
    Found tree with 1 MUXes at root \u_soc.u_cpu.:6944.B [67].
    Found tree with 1 MUXes at root \u_soc.u_cpu.:6944.B [68].
    Found tree with 1 MUXes at root \u_soc.u_cpu.:6944.B [69].
    Found tree with 1 MUXes at root \u_soc.u_cpu.:6944.B [70].
    Found tree with 1 MUXes at root \u_soc.u_cpu.:6944.B [71].
    Found tree with 1 MUXes at root \u_soc.u_cpu.:6944.B [72].
    Found tree with 1 MUXes at root \u_soc.u_cpu.:6944.B [73].
    Found tree with 1 MUXes at root \u_soc.u_cpu.:6944.B [74].
    Found tree with 1 MUXes at root \u_soc.u_cpu.:6944.B [75].
    Found tree with 1 MUXes at root \u_soc.u_cpu.:6944.B [76].
    Found tree with 1 MUXes at root \u_soc.u_cpu.:6944.B [77].
    Found tree with 1 MUXes at root \u_soc.u_cpu.:6944.B [78].
    Found tree with 1 MUXes at root \u_soc.u_cpu.:6944.B [79].
    Found tree with 1 MUXes at root \u_soc.u_cpu.:6944.B [80].
    Found tree with 1 MUXes at root \u_soc.u_cpu.:6944.B [81].
    Found tree with 1 MUXes at root \u_soc.u_cpu.:6944.B [82].
    Found tree with 1 MUXes at root \u_soc.u_cpu.:6944.B [83].
    Found tree with 1 MUXes at root \u_soc.u_cpu.:6944.B [84].
    Found tree with 1 MUXes at root \u_soc.u_cpu.:6944.B [85].
    Found tree with 1 MUXes at root \u_soc.u_cpu.:6944.B [86].
    Found tree with 1 MUXes at root \u_soc.u_cpu.:6944.B [87].
    Found tree with 1 MUXes at root \u_soc.u_cpu.:6944.B [88].
    Found tree with 1 MUXes at root \u_soc.u_cpu.:6944.B [89].
    Found tree with 1 MUXes at root \u_soc.u_cpu.:6944.B [90].
    Found tree with 1 MUXes at root \u_soc.u_cpu.:6944.B [91].
    Found tree with 1 MUXes at root \u_soc.u_cpu.:6944.B [92].
    Found tree with 1 MUXes at root \u_soc.u_cpu.:6944.B [93].
    Found tree with 1 MUXes at root \u_soc.u_cpu.:6944.B [94].
    Found tree with 1 MUXes at root \u_soc.u_cpu.:6944.B [95].
    Found tree with 2 MUXes at root $auto$rtlil.cc:3381:MuxGate$30343.
    Found tree with 3 MUXes at root $auto$rtlil.cc:3381:MuxGate$32461.
    Found tree with 1 MUXes at root $auto$rtlil.cc:3381:MuxGate$32459.
    Found tree with 1 MUXes at root $auto$rtlil.cc:3381:MuxGate$32457.
    Found tree with 2 MUXes at root $auto$rtlil.cc:3381:MuxGate$39041.
    Found tree with 1 MUXes at root $auto$rtlil.cc:3381:MuxGate$32455.
    Found tree with 1 MUXes at root $auto$rtlil.cc:3381:MuxGate$32453.
    Found tree with 2 MUXes at root $auto$rtlil.cc:3381:MuxGate$32451.
    Found tree with 3 MUXes at root $auto$rtlil.cc:3381:MuxGate$34563.
    Found tree with 2 MUXes at root $auto$rtlil.cc:3381:MuxGate$38953.
    Found tree with 2 MUXes at root $auto$rtlil.cc:3381:MuxGate$38949.
    Found tree with 2 MUXes at root $auto$rtlil.cc:3381:MuxGate$38945.
    Found tree with 2 MUXes at root $auto$rtlil.cc:3381:MuxGate$33993.
    Found tree with 2 MUXes at root $auto$rtlil.cc:3381:MuxGate$32609.
    Found tree with 2 MUXes at root $auto$rtlil.cc:3381:MuxGate$38941.
    Found tree with 1 MUXes at root $auto$rtlil.cc:3381:MuxGate$30459.
    Found tree with 3 MUXes at root $auto$rtlil.cc:3381:MuxGate$34455.
    Found tree with 2 MUXes at root $auto$rtlil.cc:3381:MuxGate$30339.
    Found tree with 2 MUXes at root $auto$rtlil.cc:3381:MuxGate$30335.
    Found tree with 2 MUXes at root $auto$rtlil.cc:3381:MuxGate$36525.
    Found tree with 2 MUXes at root $auto$rtlil.cc:3381:MuxGate$32781.
    Found tree with 2 MUXes at root $auto$rtlil.cc:3381:MuxGate$35369.
    Found tree with 2 MUXes at root $auto$rtlil.cc:3381:MuxGate$37093.
    Found tree with 2 MUXes at root $auto$rtlil.cc:3381:MuxGate$32605.
    Found tree with 2 MUXes at root $auto$rtlil.cc:3381:MuxGate$32323.
    Found tree with 1 MUXes at root $auto$rtlil.cc:3381:MuxGate$30455.
    Found tree with 2 MUXes at root $auto$rtlil.cc:3381:MuxGate$33997.
    Found tree with 2 MUXes at root $auto$rtlil.cc:3381:MuxGate$32601.
    Found tree with 2 MUXes at root $auto$rtlil.cc:3381:MuxGate$37473.
    Found tree with 2 MUXes at root $auto$rtlil.cc:3381:MuxGate$33311.
    Found tree with 2 MUXes at root $auto$rtlil.cc:3381:MuxGate$32941.
    Found tree with 2 MUXes at root $auto$rtlil.cc:3381:MuxGate$37393.
    Found tree with 2 MUXes at root $auto$rtlil.cc:3381:MuxGate$34353.
    Found tree with 2 MUXes at root $auto$rtlil.cc:3381:MuxGate$32765.
    Found tree with 2 MUXes at root $auto$rtlil.cc:3381:MuxGate$32447.
    Found tree with 3 MUXes at root $auto$rtlil.cc:3381:MuxGate$32145.
    Found tree with 3 MUXes at root $auto$rtlil.cc:3381:MuxGate$32133.
    Found tree with 2 MUXes at root $auto$rtlil.cc:3381:MuxGate$32953.
    Found tree with 3 MUXes at root $auto$rtlil.cc:3381:MuxGate$34463.
    Found tree with 2 MUXes at root $auto$rtlil.cc:3381:MuxGate$32785.
    Found tree with 2 MUXes at root $auto$rtlil.cc:3381:MuxGate$30031.
    Found tree with 2 MUXes at root $auto$rtlil.cc:3381:MuxGate$34361.
    Found tree with 2 MUXes at root $auto$rtlil.cc:3381:MuxGate$32797.
    Found tree with 2 MUXes at root $auto$rtlil.cc:3381:MuxGate$34357.
    Found tree with 2 MUXes at root $auto$rtlil.cc:3381:MuxGate$32801.
    Found tree with 1 MUXes at root $auto$rtlil.cc:3381:MuxGate$30449.
    Found tree with 2 MUXes at root $auto$rtlil.cc:3381:MuxGate$37389.
    Found tree with 2 MUXes at root $auto$rtlil.cc:3381:MuxGate$32937.
    Found tree with 2 MUXes at root $auto$rtlil.cc:3381:MuxGate$34309.
    Found tree with 3 MUXes at root $auto$rtlil.cc:3381:MuxGate$34035.
    Found tree with 3 MUXes at root $auto$rtlil.cc:3381:MuxGate$34623.
    Found tree with 1 MUXes at root $auto$rtlil.cc:3381:MuxGate$35045.
    Found tree with 2 MUXes at root $auto$rtlil.cc:3381:MuxGate$37477.
    Found tree with 1 MUXes at root $auto$rtlil.cc:3381:MuxGate$30447.
    Found tree with 1 MUXes at root $auto$rtlil.cc:3381:MuxGate$30445.
    Found tree with 1 MUXes at root $auto$rtlil.cc:3381:MuxGate$30443.
    Found tree with 2 MUXes at root $auto$rtlil.cc:3381:MuxGate$33307.
    Found tree with 1 MUXes at root $auto$rtlil.cc:3381:MuxGate$30441.
    Found tree with 1 MUXes at root $auto$rtlil.cc:3381:MuxGate$30439.
    Found tree with 1 MUXes at root $auto$rtlil.cc:3381:MuxGate$30437.
    Found tree with 1 MUXes at root $auto$rtlil.cc:3381:MuxGate$30435.
    Found tree with 2 MUXes at root $auto$rtlil.cc:3381:MuxGate$38197.
    Found tree with 1 MUXes at root $auto$rtlil.cc:3381:MuxGate$30433.
    Found tree with 1 MUXes at root $auto$rtlil.cc:3381:MuxGate$30431.
    Found tree with 1 MUXes at root $auto$rtlil.cc:3381:MuxGate$30429.
    Found tree with 3 MUXes at root $auto$rtlil.cc:3381:MuxGate$31761.
    Found tree with 2 MUXes at root $auto$rtlil.cc:3381:MuxGate$37097.
    Found tree with 3 MUXes at root $auto$rtlil.cc:3381:MuxGate$31677.
    Found tree with 3 MUXes at root $auto$rtlil.cc:3381:MuxGate$31673.
    Found tree with 3 MUXes at root $auto$rtlil.cc:3381:MuxGate$31669.
    Found tree with 3 MUXes at root $auto$rtlil.cc:3381:MuxGate$31665.
    Found tree with 2 MUXes at root $auto$rtlil.cc:3381:MuxGate$36437.
    Found tree with 2 MUXes at root $auto$rtlil.cc:3381:MuxGate$34341.
    Found tree with 3 MUXes at root $auto$rtlil.cc:3381:MuxGate$32149.
    Found tree with 4 MUXes at root $auto$rtlil.cc:3381:MuxGate$31581.
    Found tree with 4 MUXes at root $auto$rtlil.cc:3381:MuxGate$31577.
    Found tree with 2 MUXes at root $auto$rtlil.cc:3381:MuxGate$37633.
    Found tree with 2 MUXes at root $auto$rtlil.cc:3381:MuxGate$32885.
    Found tree with 4 MUXes at root $auto$rtlil.cc:3381:MuxGate$31573.
    Found tree with 2 MUXes at root $auto$rtlil.cc:3381:MuxGate$37669.
    Found tree with 2 MUXes at root $auto$rtlil.cc:3381:MuxGate$38717.
    Found tree with 3 MUXes at root $auto$rtlil.cc:3381:MuxGate$31553.
    Found tree with 1 MUXes at root $auto$rtlil.cc:3381:MuxGate$30425.
    Found tree with 1 MUXes at root $auto$rtlil.cc:3381:MuxGate$30423.
    Found tree with 1 MUXes at root $auto$rtlil.cc:3381:MuxGate$30421.
    Found tree with 3 MUXes at root $auto$rtlil.cc:3381:MuxGate$31549.
    Found tree with 2 MUXes at root $auto$rtlil.cc:3381:MuxGate$37397.
    Found tree with 3 MUXes at root $auto$rtlil.cc:3381:MuxGate$31509.
    Found tree with 2 MUXes at root $auto$rtlil.cc:3381:MuxGate$33303.
    Found tree with 2 MUXes at root $auto$rtlil.cc:3381:MuxGate$37449.
    Found tree with 2 MUXes at root $auto$rtlil.cc:3381:MuxGate$33299.
    Found tree with 2 MUXes at root $auto$rtlil.cc:3381:MuxGate$33295.
    Found tree with 2 MUXes at root $auto$rtlil.cc:3381:MuxGate$33291.
    Found tree with 1 MUXes at root $auto$rtlil.cc:3381:MuxGate$30419.
    Found tree with 2 MUXes at root $auto$rtlil.cc:3381:MuxGate$36529.
    Found tree with 2 MUXes at root $auto$rtlil.cc:3381:MuxGate$33287.
    Found tree with 3 MUXes at root $auto$rtlil.cc:3381:MuxGate$31449.
    Found tree with 2 MUXes at root $auto$rtlil.cc:3381:MuxGate$33283.
    Found tree with 2 MUXes at root $auto$rtlil.cc:3381:MuxGate$33279.
    Found tree with 2 MUXes at root $auto$rtlil.cc:3381:MuxGate$33275.
    Found tree with 2 MUXes at root $auto$rtlil.cc:3381:MuxGate$35417.
    Found tree with 2 MUXes at root $auto$rtlil.cc:3381:MuxGate$39475.
    Found tree with 2 MUXes at root $auto$rtlil.cc:3381:MuxGate$32295.
    Found tree with 34 MUXes at root $auto$rtlil.cc:3381:MuxGate$31425.
    Found tree with 2 MUXes at root $auto$rtlil.cc:3381:MuxGate$34405.
    Found tree with 1 MUXes at root $auto$rtlil.cc:3381:MuxGate$30417.
    Found tree with 1 MUXes at root $auto$rtlil.cc:3381:MuxGate$30415.
    Found tree with 34 MUXes at root $auto$rtlil.cc:3381:MuxGate$31393.
    Found tree with 34 MUXes at root $auto$rtlil.cc:3381:MuxGate$31373.
    Found tree with 2 MUXes at root $auto$rtlil.cc:3381:MuxGate$39511.
    Found tree with 2 MUXes at root $auto$rtlil.cc:3381:MuxGate$37081.
    Found tree with 2 MUXes at root $auto$rtlil.cc:3381:MuxGate$32637.
    Found tree with 1 MUXes at root \u_soc.u_cpu.:6621.B [32].
    Found tree with 1 MUXes at root \u_soc.u_cpu.:6621.B [33].
    Found tree with 1 MUXes at root \u_soc.u_cpu.:6621.B [34].
    Found tree with 1 MUXes at root \u_soc.u_cpu.:6621.B [35].
    Found tree with 1 MUXes at root \u_soc.u_cpu.:6621.B [36].
    Found tree with 1 MUXes at root \u_soc.u_cpu.:6621.B [37].
    Found tree with 1 MUXes at root \u_soc.u_cpu.:6621.B [38].
    Found tree with 1 MUXes at root \u_soc.u_cpu.:6621.B [39].
    Found tree with 1 MUXes at root \u_soc.u_cpu.:6621.B [40].
    Found tree with 1 MUXes at root \u_soc.u_cpu.:6621.B [41].
    Found tree with 1 MUXes at root \u_soc.u_cpu.:6621.B [42].
    Found tree with 1 MUXes at root \u_soc.u_cpu.:6621.B [43].
    Found tree with 1 MUXes at root \u_soc.u_cpu.:6621.B [44].
    Found tree with 1 MUXes at root \u_soc.u_cpu.:6621.B [45].
    Found tree with 1 MUXes at root \u_soc.u_cpu.:6621.B [46].
    Found tree with 1 MUXes at root \u_soc.u_cpu.:6621.B [47].
    Found tree with 2 MUXes at root $auto$rtlil.cc:3381:MuxGate$34265.
    Found tree with 2 MUXes at root $auto$rtlil.cc:3381:MuxGate$32829.
    Found tree with 2 MUXes at root $auto$rtlil.cc:3381:MuxGate$37353.
    Found tree with 2 MUXes at root $auto$rtlil.cc:3381:MuxGate$35365.
    Found tree with 34 MUXes at root $auto$rtlil.cc:3381:MuxGate$31277.
    Found tree with 2 MUXes at root $auto$rtlil.cc:3381:MuxGate$32833.
    Found tree with 2 MUXes at root $auto$rtlil.cc:3381:MuxGate$32335.
    Found tree with 2 MUXes at root $auto$rtlil.cc:3381:MuxGate$30347.
    Found tree with 3 MUXes at root $auto$rtlil.cc:3381:MuxGate$34575.
    Found tree with 2 MUXes at root $auto$rtlil.cc:3381:MuxGate$34001.
    Found tree with 1 MUXes at root $auto$rtlil.cc:3381:MuxGate$30413.
    Found tree with 2 MUXes at root $auto$rtlil.cc:3381:MuxGate$32311.
    Found tree with 2 MUXes at root $auto$rtlil.cc:3381:MuxGate$37373.
    Found tree with 4 MUXes at root $auto$rtlil.cc:3381:MuxGate$31125.
    Found tree with 2 MUXes at root $auto$rtlil.cc:3381:MuxGate$30411.
    Found tree with 2 MUXes at root $auto$rtlil.cc:3381:MuxGate$30407.
    Found tree with 4 MUXes at root $auto$rtlil.cc:3381:MuxGate$31101.
    Found tree with 2 MUXes at root $auto$rtlil.cc:3381:MuxGate$36029.
    Found tree with 2 MUXes at root $auto$rtlil.cc:3381:MuxGate$37433.
    Found tree with 4 MUXes at root $auto$rtlil.cc:3381:MuxGate$31097.
    Found tree with 4 MUXes at root $auto$rtlil.cc:3381:MuxGate$31093.
    Found tree with 4 MUXes at root $auto$rtlil.cc:3381:MuxGate$31089.
    Found tree with 4 MUXes at root $auto$rtlil.cc:3381:MuxGate$31085.
    Found tree with 2 MUXes at root $auto$rtlil.cc:3381:MuxGate$30091.
    Found tree with 3 MUXes at root $auto$rtlil.cc:3381:MuxGate$32153.
    Finished treeification: Found 3593 trees.
  Covering trees:
    Replaced tree at $auto$rtlil.cc:3381:MuxGate$32157: 3 MUX2, 0 MUX4, 0 MUX8, 0 MUX16
    Replaced tree at $auto$rtlil.cc:3381:MuxGate$32161: 3 MUX2, 0 MUX4, 0 MUX8, 0 MUX16
    Replaced tree at $auto$rtlil.cc:3381:MuxGate$31765: 3 MUX2, 0 MUX4, 0 MUX8, 0 MUX16
    Replaced tree at $auto$rtlil.cc:3381:MuxGate$30391: 2 MUX2, 0 MUX4, 0 MUX8, 0 MUX16
    Replaced tree at $auto$rtlil.cc:3381:MuxGate$34915: 2 MUX2, 0 MUX4, 0 MUX8, 0 MUX16
    Replaced tree at $auto$rtlil.cc:3381:MuxGate$31769: 3 MUX2, 0 MUX4, 0 MUX8, 0 MUX16
    Replaced tree at $auto$rtlil.cc:3381:MuxGate$31773: 3 MUX2, 0 MUX4, 0 MUX8, 0 MUX16
    Replaced tree at $auto$rtlil.cc:3381:MuxGate$31777: 3 MUX2, 0 MUX4, 0 MUX8, 0 MUX16
    Replaced tree at $auto$rtlil.cc:3381:MuxGate$31781: 3 MUX2, 0 MUX4, 0 MUX8, 0 MUX16
    Replaced tree at $auto$rtlil.cc:3381:MuxGate$31785: 3 MUX2, 0 MUX4, 0 MUX8, 0 MUX16
    Replaced tree at $auto$rtlil.cc:3381:MuxGate$31789: 3 MUX2, 0 MUX4, 0 MUX8, 0 MUX16
    Replaced tree at $auto$rtlil.cc:3381:MuxGate$31791: 1 MUX2, 0 MUX4, 0 MUX8, 0 MUX16
    Replaced tree at $auto$rtlil.cc:3381:MuxGate$31793: 1 MUX2, 0 MUX4, 0 MUX8, 0 MUX16
    Replaced tree at $auto$rtlil.cc:3381:MuxGate$31795: 1 MUX2, 0 MUX4, 0 MUX8, 0 MUX16
    Replaced tree at $auto$rtlil.cc:3381:MuxGate$31797: 1 MUX2, 0 MUX4, 0 MUX8, 0 MUX16
    Replaced tree at $auto$rtlil.cc:3381:MuxGate$31799: 1 MUX2, 0 MUX4, 0 MUX8, 0 MUX16
    Replaced tree at $auto$rtlil.cc:3381:MuxGate$31801: 1 MUX2, 0 MUX4, 0 MUX8, 0 MUX16
    Replaced tree at $auto$rtlil.cc:3381:MuxGate$31803: 2 MUX2, 0 MUX4, 0 MUX8, 0 MUX16
    Replaced tree at $auto$rtlil.cc:3381:MuxGate$31805: 2 MUX2, 0 MUX4, 0 MUX8, 0 MUX16
    Replaced tree at $auto$rtlil.cc:3381:MuxGate$31807: 2 MUX2, 0 MUX4, 0 MUX8, 0 MUX16
    Replaced tree at $auto$rtlil.cc:3381:MuxGate$31809: 2 MUX2, 0 MUX4, 0 MUX8, 0 MUX16
    Replaced tree at $auto$rtlil.cc:3381:MuxGate$39291: 2 MUX2, 0 MUX4, 0 MUX8, 0 MUX16
    Replaced tree at $auto$rtlil.cc:3381:MuxGate$39243: 2 MUX2, 0 MUX4, 0 MUX8, 0 MUX16
    Replaced tree at $auto$rtlil.cc:3381:MuxGate$39287: 2 MUX2, 0 MUX4, 0 MUX8, 0 MUX16
    Replaced tree at $auto$rtlil.cc:3381:MuxGate$39239: 2 MUX2, 0 MUX4, 0 MUX8, 0 MUX16
    Replaced tree at $auto$rtlil.cc:3381:MuxGate$39283: 2 MUX2, 0 MUX4, 0 MUX8, 0 MUX16
    Replaced tree at $auto$rtlil.cc:3381:MuxGate$39235: 2 MUX2, 0 MUX4, 0 MUX8, 0 MUX16
    Replaced tree at $auto$rtlil.cc:3381:MuxGate$39279: 2 MUX2, 0 MUX4, 0 MUX8, 0 MUX16
    Replaced tree at $auto$rtlil.cc:3381:MuxGate$39231: 2 MUX2, 0 MUX4, 0 MUX8, 0 MUX16
    Replaced tree at $auto$rtlil.cc:3381:MuxGate$39275: 2 MUX2, 0 MUX4, 0 MUX8, 0 MUX16
    Replaced tree at $auto$rtlil.cc:3381:MuxGate$39227: 2 MUX2, 0 MUX4, 0 MUX8, 0 MUX16
    Replaced tree at $auto$rtlil.cc:3381:MuxGate$39271: 2 MUX2, 0 MUX4, 0 MUX8, 0 MUX16
    Replaced tree at $auto$rtlil.cc:3381:MuxGate$39223: 2 MUX2, 0 MUX4, 0 MUX8, 0 MUX16
    Replaced tree at $auto$rtlil.cc:3381:MuxGate$39267: 2 MUX2, 0 MUX4, 0 MUX8, 0 MUX16
    Replaced tree at $auto$rtlil.cc:3381:MuxGate$39219: 2 MUX2, 0 MUX4, 0 MUX8, 0 MUX16
    Replaced tree at $auto$rtlil.cc:3381:MuxGate$39263: 2 MUX2, 0 MUX4, 0 MUX8, 0 MUX16
    Replaced tree at $auto$rtlil.cc:3381:MuxGate$39215: 2 MUX2, 0 MUX4, 0 MUX8, 0 MUX16
    Replaced tree at $auto$rtlil.cc:3381:MuxGate$39259: 2 MUX2, 0 MUX4, 0 MUX8, 0 MUX16
    Replaced tree at $auto$rtlil.cc:3381:MuxGate$39211: 2 MUX2, 0 MUX4, 0 MUX8, 0 MUX16
    Replaced tree at $auto$rtlil.cc:3381:MuxGate$39255: 2 MUX2, 0 MUX4, 0 MUX8, 0 MUX16
    Replaced tree at $auto$rtlil.cc:3381:MuxGate$39207: 2 MUX2, 0 MUX4, 0 MUX8, 0 MUX16
    Replaced tree at $auto$rtlil.cc:3381:MuxGate$39251: 2 MUX2, 0 MUX4, 0 MUX8, 0 MUX16
    Replaced tree at $auto$rtlil.cc:3381:MuxGate$39247: 2 MUX2, 0 MUX4, 0 MUX8, 0 MUX16
    Replaced tree at $auto$rtlil.cc:3381:MuxGate$33819: 1 MUX2, 0 MUX4, 0 MUX8, 0 MUX16
    Replaced tree at $auto$rtlil.cc:3381:MuxGate$33817: 1 MUX2, 0 MUX4, 0 MUX8, 0 MUX16
    Replaced tree at $auto$rtlil.cc:3381:MuxGate$33815: 1 MUX2, 0 MUX4, 0 MUX8, 0 MUX16
    Replaced tree at $auto$rtlil.cc:3381:MuxGate$33813: 1 MUX2, 0 MUX4, 0 MUX8, 0 MUX16
    Replaced tree at $auto$rtlil.cc:3381:MuxGate$33811: 1 MUX2, 0 MUX4, 0 MUX8, 0 MUX16
    Replaced tree at $auto$rtlil.cc:3381:MuxGate$31041: 2 MUX2, 0 MUX4, 0 MUX8, 0 MUX16
    Replaced tree at $auto$rtlil.cc:3381:MuxGate$31037: 2 MUX2, 0 MUX4, 0 MUX8, 0 MUX16
    Replaced tree at $auto$rtlil.cc:3381:MuxGate$35071: 1 MUX2, 0 MUX4, 0 MUX8, 0 MUX16
    Replaced tree at $auto$rtlil.cc:3381:MuxGate$31397: 4 MUX2, 10 MUX4, 0 MUX8, 0 MUX16
    Replaced tree at $auto$rtlil.cc:3381:MuxGate$31401: 4 MUX2, 10 MUX4, 0 MUX8, 0 MUX16
    Replaced tree at $auto$rtlil.cc:3381:MuxGate$31405: 4 MUX2, 10 MUX4, 0 MUX8, 0 MUX16
    Replaced tree at $auto$rtlil.cc:3381:MuxGate$31409: 4 MUX2, 10 MUX4, 0 MUX8, 0 MUX16
    Replaced tree at $auto$rtlil.cc:3381:MuxGate$30271: 2 MUX2, 0 MUX4, 0 MUX8, 0 MUX16
    Replaced tree at $auto$rtlil.cc:3381:MuxGate$35069: 1 MUX2, 0 MUX4, 0 MUX8, 0 MUX16
    Replaced tree at $auto$rtlil.cc:3381:MuxGate$35063: 1 MUX2, 0 MUX4, 0 MUX8, 0 MUX16
    Replaced tree at $auto$rtlil.cc:3381:MuxGate$31033: 2 MUX2, 0 MUX4, 0 MUX8, 0 MUX16
    Replaced tree at $auto$rtlil.cc:3381:MuxGate$31413: 4 MUX2, 10 MUX4, 0 MUX8, 0 MUX16
    Replaced tree at $auto$rtlil.cc:3381:MuxGate$31029: 2 MUX2, 0 MUX4, 0 MUX8, 0 MUX16
    Replaced tree at $auto$rtlil.cc:3381:MuxGate$31417: 4 MUX2, 10 MUX4, 0 MUX8, 0 MUX16
    Replaced tree at $auto$rtlil.cc:3381:MuxGate$31421: 4 MUX2, 10 MUX4, 0 MUX8, 0 MUX16
    Replaced tree at $auto$rtlil.cc:3381:MuxGate$31429: 4 MUX2, 10 MUX4, 0 MUX8, 0 MUX16
    Replaced tree at $auto$rtlil.cc:3381:MuxGate$35169: 2 MUX2, 0 MUX4, 0 MUX8, 0 MUX16
    Replaced tree at $auto$rtlil.cc:3381:MuxGate$31433: 4 MUX2, 10 MUX4, 0 MUX8, 0 MUX16
    Replaced tree at $auto$rtlil.cc:3381:MuxGate$31437: 4 MUX2, 10 MUX4, 0 MUX8, 0 MUX16
    Replaced tree at $auto$rtlil.cc:3381:MuxGate$31441: 4 MUX2, 0 MUX4, 0 MUX8, 0 MUX16
    Replaced tree at $auto$rtlil.cc:3381:MuxGate$31445: 4 MUX2, 0 MUX4, 0 MUX8, 0 MUX16
    Replaced tree at $auto$rtlil.cc:3381:MuxGate$35061: 1 MUX2, 0 MUX4, 0 MUX8, 0 MUX16
    Replaced tree at $auto$rtlil.cc:3381:MuxGate$30251: 2 MUX2, 0 MUX4, 0 MUX8, 0 MUX16
    Replaced tree at $auto$rtlil.cc:3381:MuxGate$35059: 1 MUX2, 0 MUX4, 0 MUX8, 0 MUX16
    Replaced tree at $auto$simplemap.cc:346:simplemap_bmux$19364: 5 MUX2, 11 MUX4, 0 MUX8, 0 MUX16
    Replaced tree at $auto$rtlil.cc:3381:MuxGate$37101: 2 MUX2, 0 MUX4, 0 MUX8, 0 MUX16
    Replaced tree at $auto$rtlil.cc:3381:MuxGate$37109: 2 MUX2, 0 MUX4, 0 MUX8, 0 MUX16
    Replaced tree at $auto$rtlil.cc:3381:MuxGate$37105: 2 MUX2, 0 MUX4, 0 MUX8, 0 MUX16
    Replaced tree at $auto$rtlil.cc:3381:MuxGate$37113: 2 MUX2, 0 MUX4, 0 MUX8, 0 MUX16
    Replaced tree at $auto$rtlil.cc:3381:MuxGate$31381: 4 MUX2, 10 MUX4, 0 MUX8, 0 MUX16
    Replaced tree at $auto$rtlil.cc:3381:MuxGate$31385: 4 MUX2, 10 MUX4, 0 MUX8, 0 MUX16
    Replaced tree at $auto$rtlil.cc:3381:MuxGate$31389: 4 MUX2, 10 MUX4, 0 MUX8, 0 MUX16
    Replaced tree at $auto$rtlil.cc:3381:MuxGate$38893: 2 MUX2, 0 MUX4, 0 MUX8, 0 MUX16
    Replaced tree at $auto$rtlil.cc:3381:MuxGate$38889: 2 MUX2, 0 MUX4, 0 MUX8, 0 MUX16
    Replaced tree at $auto$rtlil.cc:3381:MuxGate$38885: 2 MUX2, 0 MUX4, 0 MUX8, 0 MUX16
    Replaced tree at $auto$rtlil.cc:3381:MuxGate$38881: 2 MUX2, 0 MUX4, 0 MUX8, 0 MUX16
    Replaced tree at $auto$rtlil.cc:3381:MuxGate$38877: 2 MUX2, 0 MUX4, 0 MUX8, 0 MUX16
    Replaced tree at $auto$rtlil.cc:3381:MuxGate$38873: 2 MUX2, 0 MUX4, 0 MUX8, 0 MUX16
    Replaced tree at $auto$rtlil.cc:3381:MuxGate$38869: 2 MUX2, 0 MUX4, 0 MUX8, 0 MUX16
    Replaced tree at $auto$rtlil.cc:3381:MuxGate$38865: 2 MUX2, 0 MUX4, 0 MUX8, 0 MUX16
    Replaced tree at $auto$rtlil.cc:3381:MuxGate$38861: 2 MUX2, 0 MUX4, 0 MUX8, 0 MUX16
    Replaced tree at $auto$rtlil.cc:3381:MuxGate$35077: 1 MUX2, 0 MUX4, 0 MUX8, 0 MUX16
    Replaced tree at $auto$rtlil.cc:3381:MuxGate$31377: 4 MUX2, 10 MUX4, 0 MUX8, 0 MUX16
    Replaced tree at $auto$rtlil.cc:3381:MuxGate$39057: 2 MUX2, 0 MUX4, 0 MUX8, 0 MUX16
    Replaced tree at $auto$rtlil.cc:3381:MuxGate$39045: 2 MUX2, 0 MUX4, 0 MUX8, 0 MUX16
    Replaced tree at $auto$rtlil.cc:3381:MuxGate$31025: 2 MUX2, 0 MUX4, 0 MUX8, 0 MUX16
    Replaced tree at $auto$rtlil.cc:3381:MuxGate$36833: 2 MUX2, 0 MUX4, 0 MUX8, 0 MUX16
    Replaced tree at $auto$rtlil.cc:3381:MuxGate$33809: 1 MUX2, 0 MUX4, 0 MUX8, 0 MUX16
    Replaced tree at $auto$rtlil.cc:3381:MuxGate$39053: 4 MUX2, 0 MUX4, 0 MUX8, 0 MUX16
    Replaced tree at $auto$rtlil.cc:3381:MuxGate$39065: 2 MUX2, 0 MUX4, 0 MUX8, 0 MUX16
    Replaced tree at $auto$rtlil.cc:3381:MuxGate$31365: 4 MUX2, 10 MUX4, 0 MUX8, 0 MUX16
    Replaced tree at $auto$rtlil.cc:3381:MuxGate$31369: 4 MUX2, 10 MUX4, 0 MUX8, 0 MUX16
    Replaced tree at $auto$rtlil.cc:3381:MuxGate$33807: 1 MUX2, 0 MUX4, 0 MUX8, 0 MUX16
    Replaced tree at $auto$rtlil.cc:3381:MuxGate$31021: 2 MUX2, 0 MUX4, 0 MUX8, 0 MUX16
    Replaced tree at $auto$rtlil.cc:3381:MuxGate$36801: 2 MUX2, 0 MUX4, 0 MUX8, 0 MUX16
    Replaced tree at \u_soc.u_rx.:664.B [7]: 1 MUX2, 0 MUX4, 0 MUX8, 0 MUX16
    Replaced tree at \u_soc.u_rx.:664.B [8]: 1 MUX2, 0 MUX4, 0 MUX8, 0 MUX16
    Replaced tree at \u_soc.u_rx.:664.B [9]: 1 MUX2, 0 MUX4, 0 MUX8, 0 MUX16
    Replaced tree at \u_soc.u_rx.:664.B [10]: 1 MUX2, 0 MUX4, 0 MUX8, 0 MUX16
    Replaced tree at \u_soc.u_rx.:664.B [11]: 1 MUX2, 0 MUX4, 0 MUX8, 0 MUX16
    Replaced tree at \u_soc.u_rx.:664.B [12]: 1 MUX2, 0 MUX4, 0 MUX8, 0 MUX16
    Replaced tree at \u_soc.u_rx.:664.B [13]: 1 MUX2, 0 MUX4, 0 MUX8, 0 MUX16
    Replaced tree at $auto$rtlil.cc:3381:MuxGate$31353: 4 MUX2, 10 MUX4, 0 MUX8, 0 MUX16
    Replaced tree at $auto$rtlil.cc:3381:MuxGate$31357: 4 MUX2, 10 MUX4, 0 MUX8, 0 MUX16
    Replaced tree at $auto$rtlil.cc:3381:MuxGate$31361: 4 MUX2, 10 MUX4, 0 MUX8, 0 MUX16
    Replaced tree at $auto$rtlil.cc:3381:MuxGate$39061: 2 MUX2, 0 MUX4, 0 MUX8, 0 MUX16
    Replaced tree at $auto$rtlil.cc:3381:MuxGate$30247: 2 MUX2, 0 MUX4, 0 MUX8, 0 MUX16
    Replaced tree at $auto$rtlil.cc:3381:MuxGate$31325: 4 MUX2, 10 MUX4, 0 MUX8, 0 MUX16
    Replaced tree at $auto$rtlil.cc:3381:MuxGate$31321: 4 MUX2, 10 MUX4, 0 MUX8, 0 MUX16
    Replaced tree at $auto$rtlil.cc:3381:MuxGate$31329: 4 MUX2, 10 MUX4, 0 MUX8, 0 MUX16
    Replaced tree at $auto$rtlil.cc:3381:MuxGate$31333: 4 MUX2, 10 MUX4, 0 MUX8, 0 MUX16
    Replaced tree at $auto$rtlil.cc:3381:MuxGate$31317: 4 MUX2, 10 MUX4, 0 MUX8, 0 MUX16
    Replaced tree at $auto$rtlil.cc:3381:MuxGate$31337: 4 MUX2, 10 MUX4, 0 MUX8, 0 MUX16
    Replaced tree at $auto$rtlil.cc:3381:MuxGate$33805: 1 MUX2, 0 MUX4, 0 MUX8, 0 MUX16
    Replaced tree at $auto$rtlil.cc:3381:MuxGate$33803: 1 MUX2, 0 MUX4, 0 MUX8, 0 MUX16
    Replaced tree at $auto$rtlil.cc:3381:MuxGate$33801: 1 MUX2, 0 MUX4, 0 MUX8, 0 MUX16
    Replaced tree at $auto$rtlil.cc:3381:MuxGate$33799: 1 MUX2, 0 MUX4, 0 MUX8, 0 MUX16
    Replaced tree at $auto$rtlil.cc:3381:MuxGate$33797: 1 MUX2, 0 MUX4, 0 MUX8, 0 MUX16
    Replaced tree at $auto$rtlil.cc:3381:MuxGate$33795: 1 MUX2, 0 MUX4, 0 MUX8, 0 MUX16
    Replaced tree at $auto$rtlil.cc:3381:MuxGate$33793: 1 MUX2, 0 MUX4, 0 MUX8, 0 MUX16
    Replaced tree at $auto$rtlil.cc:3381:MuxGate$33791: 1 MUX2, 0 MUX4, 0 MUX8, 0 MUX16
    Replaced tree at $auto$rtlil.cc:3381:MuxGate$33789: 1 MUX2, 0 MUX4, 0 MUX8, 0 MUX16
    Replaced tree at $auto$rtlil.cc:3381:MuxGate$33787: 1 MUX2, 0 MUX4, 0 MUX8, 0 MUX16
    Replaced tree at $auto$rtlil.cc:3381:MuxGate$33785: 1 MUX2, 0 MUX4, 0 MUX8, 0 MUX16
    Replaced tree at $auto$rtlil.cc:3381:MuxGate$33783: 1 MUX2, 0 MUX4, 0 MUX8, 0 MUX16
    Replaced tree at $auto$rtlil.cc:3381:MuxGate$33781: 1 MUX2, 0 MUX4, 0 MUX8, 0 MUX16
    Replaced tree at $auto$rtlil.cc:3381:MuxGate$33779: 1 MUX2, 0 MUX4, 0 MUX8, 0 MUX16
    Replaced tree at $auto$rtlil.cc:3381:MuxGate$33777: 1 MUX2, 0 MUX4, 0 MUX8, 0 MUX16
    Replaced tree at $auto$rtlil.cc:3381:MuxGate$33775: 1 MUX2, 0 MUX4, 0 MUX8, 0 MUX16
    Replaced tree at $auto$rtlil.cc:3381:MuxGate$33773: 1 MUX2, 0 MUX4, 0 MUX8, 0 MUX16
    Replaced tree at $auto$rtlil.cc:3381:MuxGate$33771: 1 MUX2, 0 MUX4, 0 MUX8, 0 MUX16
    Replaced tree at $auto$rtlil.cc:3381:MuxGate$33769: 1 MUX2, 0 MUX4, 0 MUX8, 0 MUX16
    Replaced tree at $auto$rtlil.cc:3381:MuxGate$33767: 1 MUX2, 0 MUX4, 0 MUX8, 0 MUX16
    Replaced tree at $auto$rtlil.cc:3381:MuxGate$33765: 1 MUX2, 0 MUX4, 0 MUX8, 0 MUX16
    Replaced tree at $auto$rtlil.cc:3381:MuxGate$33763: 1 MUX2, 0 MUX4, 0 MUX8, 0 MUX16
    Replaced tree at $auto$rtlil.cc:3381:MuxGate$33761: 1 MUX2, 0 MUX4, 0 MUX8, 0 MUX16
    Replaced tree at $auto$rtlil.cc:3381:MuxGate$33759: 1 MUX2, 0 MUX4, 0 MUX8, 0 MUX16
    Replaced tree at $auto$rtlil.cc:3381:MuxGate$35177: 2 MUX2, 0 MUX4, 0 MUX8, 0 MUX16
    Replaced tree at $auto$rtlil.cc:3381:MuxGate$33757: 1 MUX2, 0 MUX4, 0 MUX8, 0 MUX16
    Replaced tree at $auto$rtlil.cc:3381:MuxGate$31341: 4 MUX2, 10 MUX4, 0 MUX8, 0 MUX16
    Replaced tree at $auto$rtlil.cc:3381:MuxGate$33755: 2 MUX2, 0 MUX4, 0 MUX8, 0 MUX16
    Replaced tree at $auto$rtlil.cc:3381:MuxGate$31345: 4 MUX2, 10 MUX4, 0 MUX8, 0 MUX16
    Replaced tree at $auto$rtlil.cc:3381:MuxGate$31349: 4 MUX2, 10 MUX4, 0 MUX8, 0 MUX16
    Replaced tree at $auto$rtlil.cc:3381:MuxGate$33751: 2 MUX2, 0 MUX4, 0 MUX8, 0 MUX16
    Replaced tree at $auto$rtlil.cc:3381:MuxGate$31017: 2 MUX2, 0 MUX4, 0 MUX8, 0 MUX16
    Replaced tree at $auto$rtlil.cc:3381:MuxGate$31013: 2 MUX2, 0 MUX4, 0 MUX8, 0 MUX16
    Replaced tree at \u_soc.:437.B [32]: 1 MUX2, 0 MUX4, 0 MUX8, 0 MUX16
    Replaced tree at \u_soc.:437.B [33]: 1 MUX2, 0 MUX4, 0 MUX8, 0 MUX16
    Replaced tree at \u_soc.:437.B [34]: 1 MUX2, 0 MUX4, 0 MUX8, 0 MUX16
    Replaced tree at \u_soc.:437.B [35]: 1 MUX2, 0 MUX4, 0 MUX8, 0 MUX16
    Replaced tree at \u_soc.:437.B [36]: 1 MUX2, 0 MUX4, 0 MUX8, 0 MUX16
    Replaced tree at \u_soc.:437.B [37]: 1 MUX2, 0 MUX4, 0 MUX8, 0 MUX16
    Replaced tree at \u_soc.:437.B [38]: 1 MUX2, 0 MUX4, 0 MUX8, 0 MUX16
    Replaced tree at \u_soc.:437.B [39]: 1 MUX2, 0 MUX4, 0 MUX8, 0 MUX16
    Replaced tree at \u_soc.:437.B [40]: 1 MUX2, 0 MUX4, 0 MUX8, 0 MUX16
    Replaced tree at \u_soc.:437.B [41]: 1 MUX2, 0 MUX4, 0 MUX8, 0 MUX16
    Replaced tree at \u_soc.:437.B [42]: 1 MUX2, 0 MUX4, 0 MUX8, 0 MUX16
    Replaced tree at \u_soc.:437.B [43]: 1 MUX2, 0 MUX4, 0 MUX8, 0 MUX16
    Replaced tree at \u_soc.:437.B [44]: 1 MUX2, 0 MUX4, 0 MUX8, 0 MUX16
    Replaced tree at \u_soc.:437.B [45]: 1 MUX2, 0 MUX4, 0 MUX8, 0 MUX16
    Replaced tree at \u_soc.:437.B [46]: 1 MUX2, 0 MUX4, 0 MUX8, 0 MUX16
    Replaced tree at \u_soc.:437.B [47]: 1 MUX2, 0 MUX4, 0 MUX8, 0 MUX16
    Replaced tree at \u_soc.:437.B [48]: 1 MUX2, 0 MUX4, 0 MUX8, 0 MUX16
    Replaced tree at \u_soc.:437.B [49]: 1 MUX2, 0 MUX4, 0 MUX8, 0 MUX16
    Replaced tree at \u_soc.:437.B [50]: 1 MUX2, 0 MUX4, 0 MUX8, 0 MUX16
    Replaced tree at \u_soc.:437.B [51]: 1 MUX2, 0 MUX4, 0 MUX8, 0 MUX16
    Replaced tree at \u_soc.:437.B [52]: 1 MUX2, 0 MUX4, 0 MUX8, 0 MUX16
    Replaced tree at \u_soc.:437.B [53]: 1 MUX2, 0 MUX4, 0 MUX8, 0 MUX16
    Replaced tree at \u_soc.:437.B [54]: 1 MUX2, 0 MUX4, 0 MUX8, 0 MUX16
    Replaced tree at \u_soc.:437.B [55]: 1 MUX2, 0 MUX4, 0 MUX8, 0 MUX16
    Replaced tree at \u_soc.:437.B [56]: 1 MUX2, 0 MUX4, 0 MUX8, 0 MUX16
    Replaced tree at \u_soc.:437.B [57]: 1 MUX2, 0 MUX4, 0 MUX8, 0 MUX16
    Replaced tree at \u_soc.:437.B [58]: 1 MUX2, 0 MUX4, 0 MUX8, 0 MUX16
    Replaced tree at \u_soc.:437.B [59]: 1 MUX2, 0 MUX4, 0 MUX8, 0 MUX16
    Replaced tree at \u_soc.:437.B [60]: 1 MUX2, 0 MUX4, 0 MUX8, 0 MUX16
    Replaced tree at \u_soc.:437.B [61]: 1 MUX2, 0 MUX4, 0 MUX8, 0 MUX16
    Replaced tree at \u_soc.:437.B [62]: 1 MUX2, 0 MUX4, 0 MUX8, 0 MUX16
    Replaced tree at \u_soc.:437.B [63]: 1 MUX2, 0 MUX4, 0 MUX8, 0 MUX16
    Replaced tree at $auto$rtlil.cc:3381:MuxGate$39419: 2 MUX2, 0 MUX4, 0 MUX8, 0 MUX16
    Replaced tree at $auto$rtlil.cc:3381:MuxGate$31197: 4 MUX2, 10 MUX4, 0 MUX8, 0 MUX16
    Replaced tree at $auto$rtlil.cc:3381:MuxGate$31201: 4 MUX2, 10 MUX4, 0 MUX8, 0 MUX16
    Replaced tree at $auto$rtlil.cc:3381:MuxGate$31205: 4 MUX2, 10 MUX4, 0 MUX8, 0 MUX16
    Replaced tree at $auto$rtlil.cc:3381:MuxGate$31209: 4 MUX2, 10 MUX4, 0 MUX8, 0 MUX16
    Replaced tree at $auto$rtlil.cc:3381:MuxGate$31213: 4 MUX2, 10 MUX4, 0 MUX8, 0 MUX16
    Replaced tree at $auto$rtlil.cc:3381:MuxGate$31217: 4 MUX2, 10 MUX4, 0 MUX8, 0 MUX16
    Replaced tree at $auto$rtlil.cc:3381:MuxGate$31221: 4 MUX2, 10 MUX4, 0 MUX8, 0 MUX16
    Replaced tree at $auto$rtlil.cc:3381:MuxGate$30243: 2 MUX2, 0 MUX4, 0 MUX8, 0 MUX16
    Replaced tree at $auto$rtlil.cc:3381:MuxGate$31233: 4 MUX2, 10 MUX4, 0 MUX8, 0 MUX16
    Replaced tree at $auto$rtlil.cc:3381:MuxGate$31229: 4 MUX2, 10 MUX4, 0 MUX8, 0 MUX16
    Replaced tree at $auto$rtlil.cc:3381:MuxGate$31237: 4 MUX2, 10 MUX4, 0 MUX8, 0 MUX16
    Replaced tree at $auto$rtlil.cc:3381:MuxGate$31241: 4 MUX2, 10 MUX4, 0 MUX8, 0 MUX16
    Replaced tree at $auto$rtlil.cc:3381:MuxGate$31009: 2 MUX2, 0 MUX4, 0 MUX8, 0 MUX16
    Replaced tree at $auto$rtlil.cc:3381:MuxGate$31005: 2 MUX2, 0 MUX4, 0 MUX8, 0 MUX16
    Replaced tree at $auto$rtlil.cc:3381:MuxGate$31001: 2 MUX2, 0 MUX4, 0 MUX8, 0 MUX16
    Replaced tree at $auto$rtlil.cc:3381:MuxGate$30997: 2 MUX2, 0 MUX4, 0 MUX8, 0 MUX16
    Replaced tree at $auto$rtlil.cc:3381:MuxGate$30993: 2 MUX2, 0 MUX4, 0 MUX8, 0 MUX16
    Replaced tree at $auto$rtlil.cc:3381:MuxGate$30989: 2 MUX2, 0 MUX4, 0 MUX8, 0 MUX16
    Replaced tree at $auto$rtlil.cc:3381:MuxGate$30985: 2 MUX2, 0 MUX4, 0 MUX8, 0 MUX16
    Replaced tree at $auto$rtlil.cc:3381:MuxGate$30981: 2 MUX2, 0 MUX4, 0 MUX8, 0 MUX16
    Replaced tree at $auto$rtlil.cc:3381:MuxGate$31245: 4 MUX2, 10 MUX4, 0 MUX8, 0 MUX16
    Replaced tree at \u_soc.:439.B [32]: 1 MUX2, 0 MUX4, 0 MUX8, 0 MUX16
    Replaced tree at \u_soc.:439.B [33]: 1 MUX2, 0 MUX4, 0 MUX8, 0 MUX16
    Replaced tree at \u_soc.:439.B [34]: 1 MUX2, 0 MUX4, 0 MUX8, 0 MUX16
    Replaced tree at \u_soc.:439.B [35]: 1 MUX2, 0 MUX4, 0 MUX8, 0 MUX16
    Replaced tree at \u_soc.:439.B [36]: 1 MUX2, 0 MUX4, 0 MUX8, 0 MUX16
    Replaced tree at \u_soc.:439.B [37]: 1 MUX2, 0 MUX4, 0 MUX8, 0 MUX16
    Replaced tree at \u_soc.:439.B [38]: 1 MUX2, 0 MUX4, 0 MUX8, 0 MUX16
    Replaced tree at \u_soc.:439.B [39]: 1 MUX2, 0 MUX4, 0 MUX8, 0 MUX16
    Replaced tree at \u_soc.:439.B [40]: 1 MUX2, 0 MUX4, 0 MUX8, 0 MUX16
    Replaced tree at \u_soc.:439.B [41]: 1 MUX2, 0 MUX4, 0 MUX8, 0 MUX16
    Replaced tree at \u_soc.:439.B [42]: 1 MUX2, 0 MUX4, 0 MUX8, 0 MUX16
    Replaced tree at \u_soc.:439.B [43]: 1 MUX2, 0 MUX4, 0 MUX8, 0 MUX16
    Replaced tree at \u_soc.:439.B [44]: 1 MUX2, 0 MUX4, 0 MUX8, 0 MUX16
    Replaced tree at \u_soc.:439.B [45]: 1 MUX2, 0 MUX4, 0 MUX8, 0 MUX16
    Replaced tree at \u_soc.:439.B [46]: 1 MUX2, 0 MUX4, 0 MUX8, 0 MUX16
    Replaced tree at \u_soc.:439.B [47]: 1 MUX2, 0 MUX4, 0 MUX8, 0 MUX16
    Replaced tree at \u_soc.:439.B [48]: 1 MUX2, 0 MUX4, 0 MUX8, 0 MUX16
    Replaced tree at \u_soc.:439.B [49]: 1 MUX2, 0 MUX4, 0 MUX8, 0 MUX16
    Replaced tree at \u_soc.:439.B [50]: 1 MUX2, 0 MUX4, 0 MUX8, 0 MUX16
    Replaced tree at \u_soc.:439.B [51]: 1 MUX2, 0 MUX4, 0 MUX8, 0 MUX16
    Replaced tree at \u_soc.:439.B [52]: 1 MUX2, 0 MUX4, 0 MUX8, 0 MUX16
    Replaced tree at \u_soc.:439.B [53]: 1 MUX2, 0 MUX4, 0 MUX8, 0 MUX16
    Replaced tree at \u_soc.:439.B [54]: 1 MUX2, 0 MUX4, 0 MUX8, 0 MUX16
    Replaced tree at \u_soc.:439.B [55]: 1 MUX2, 0 MUX4, 0 MUX8, 0 MUX16
    Replaced tree at \u_soc.:439.B [56]: 1 MUX2, 0 MUX4, 0 MUX8, 0 MUX16
    Replaced tree at \u_soc.:439.B [57]: 1 MUX2, 0 MUX4, 0 MUX8, 0 MUX16
    Replaced tree at \u_soc.:439.B [58]: 1 MUX2, 0 MUX4, 0 MUX8, 0 MUX16
    Replaced tree at \u_soc.:439.B [59]: 1 MUX2, 0 MUX4, 0 MUX8, 0 MUX16
    Replaced tree at \u_soc.:439.B [60]: 1 MUX2, 0 MUX4, 0 MUX8, 0 MUX16
    Replaced tree at \u_soc.:439.B [61]: 1 MUX2, 0 MUX4, 0 MUX8, 0 MUX16
    Replaced tree at \u_soc.:439.B [62]: 1 MUX2, 0 MUX4, 0 MUX8, 0 MUX16
    Replaced tree at \u_soc.:439.B [63]: 1 MUX2, 0 MUX4, 0 MUX8, 0 MUX16
    Replaced tree at \u_soc.:439.A [0]: 1 MUX2, 0 MUX4, 0 MUX8, 0 MUX16
    Replaced tree at \u_soc.:439.A [1]: 1 MUX2, 0 MUX4, 0 MUX8, 0 MUX16
    Replaced tree at \u_soc.:439.A [2]: 1 MUX2, 0 MUX4, 0 MUX8, 0 MUX16
    Replaced tree at \u_soc.:439.A [3]: 1 MUX2, 0 MUX4, 0 MUX8, 0 MUX16
    Replaced tree at \u_soc.:439.A [4]: 1 MUX2, 0 MUX4, 0 MUX8, 0 MUX16
    Replaced tree at \u_soc.:439.A [5]: 1 MUX2, 0 MUX4, 0 MUX8, 0 MUX16
    Replaced tree at \u_soc.:439.A [6]: 1 MUX2, 0 MUX4, 0 MUX8, 0 MUX16
    Replaced tree at \u_soc.:439.A [7]: 1 MUX2, 0 MUX4, 0 MUX8, 0 MUX16
    Replaced tree at \u_soc.:439.A [8]: 1 MUX2, 0 MUX4, 0 MUX8, 0 MUX16
    Replaced tree at \u_soc.:439.A [9]: 1 MUX2, 0 MUX4, 0 MUX8, 0 MUX16
    Replaced tree at \u_soc.:439.A [10]: 1 MUX2, 0 MUX4, 0 MUX8, 0 MUX16
    Replaced tree at \u_soc.:439.A [11]: 1 MUX2, 0 MUX4, 0 MUX8, 0 MUX16
    Replaced tree at \u_soc.:439.A [12]: 1 MUX2, 0 MUX4, 0 MUX8, 0 MUX16
    Replaced tree at \u_soc.:439.A [13]: 1 MUX2, 0 MUX4, 0 MUX8, 0 MUX16
    Replaced tree at \u_soc.:439.A [14]: 1 MUX2, 0 MUX4, 0 MUX8, 0 MUX16
    Replaced tree at \u_soc.:439.A [15]: 1 MUX2, 0 MUX4, 0 MUX8, 0 MUX16
    Replaced tree at \u_soc.:439.A [16]: 1 MUX2, 0 MUX4, 0 MUX8, 0 MUX16
    Replaced tree at \u_soc.:439.A [17]: 1 MUX2, 0 MUX4, 0 MUX8, 0 MUX16
    Replaced tree at \u_soc.:439.A [18]: 1 MUX2, 0 MUX4, 0 MUX8, 0 MUX16
    Replaced tree at \u_soc.:439.A [19]: 1 MUX2, 0 MUX4, 0 MUX8, 0 MUX16
    Replaced tree at \u_soc.:439.A [20]: 1 MUX2, 0 MUX4, 0 MUX8, 0 MUX16
    Replaced tree at \u_soc.:439.A [21]: 1 MUX2, 0 MUX4, 0 MUX8, 0 MUX16
    Replaced tree at \u_soc.:439.A [22]: 1 MUX2, 0 MUX4, 0 MUX8, 0 MUX16
    Replaced tree at \u_soc.:439.A [23]: 1 MUX2, 0 MUX4, 0 MUX8, 0 MUX16
    Replaced tree at \u_soc.:439.A [24]: 1 MUX2, 0 MUX4, 0 MUX8, 0 MUX16
    Replaced tree at \u_soc.:439.A [25]: 1 MUX2, 0 MUX4, 0 MUX8, 0 MUX16
    Replaced tree at \u_soc.:439.A [26]: 1 MUX2, 0 MUX4, 0 MUX8, 0 MUX16
    Replaced tree at \u_soc.:439.A [27]: 1 MUX2, 0 MUX4, 0 MUX8, 0 MUX16
    Replaced tree at \u_soc.:439.A [28]: 1 MUX2, 0 MUX4, 0 MUX8, 0 MUX16
    Replaced tree at \u_soc.:439.A [29]: 1 MUX2, 0 MUX4, 0 MUX8, 0 MUX16
    Replaced tree at \u_soc.:439.A [30]: 1 MUX2, 0 MUX4, 0 MUX8, 0 MUX16
    Replaced tree at \u_soc.:439.A [31]: 1 MUX2, 0 MUX4, 0 MUX8, 0 MUX16
    Replaced tree at $auto$rtlil.cc:3381:MuxGate$31225: 4 MUX2, 10 MUX4, 0 MUX8, 0 MUX16
    Replaced tree at $auto$rtlil.cc:3381:MuxGate$31249: 4 MUX2, 10 MUX4, 0 MUX8, 0 MUX16
    Replaced tree at $auto$rtlil.cc:3381:MuxGate$31253: 4 MUX2, 10 MUX4, 0 MUX8, 0 MUX16
    Replaced tree at $auto$rtlil.cc:3381:MuxGate$31257: 4 MUX2, 10 MUX4, 0 MUX8, 0 MUX16
    Replaced tree at $auto$rtlil.cc:3381:MuxGate$31265: 4 MUX2, 10 MUX4, 0 MUX8, 0 MUX16
    Replaced tree at $auto$rtlil.cc:3381:MuxGate$31269: 4 MUX2, 10 MUX4, 0 MUX8, 0 MUX16
    Replaced tree at $auto$rtlil.cc:3381:MuxGate$31273: 4 MUX2, 10 MUX4, 0 MUX8, 0 MUX16
    Replaced tree at $auto$rtlil.cc:3381:MuxGate$30977: 2 MUX2, 0 MUX4, 0 MUX8, 0 MUX16
    Replaced tree at $auto$rtlil.cc:3381:MuxGate$31281: 4 MUX2, 10 MUX4, 0 MUX8, 0 MUX16
    Replaced tree at \u_soc.:441.B [2]: 1 MUX2, 0 MUX4, 0 MUX8, 0 MUX16
    Replaced tree at \u_soc.:441.B [3]: 1 MUX2, 0 MUX4, 0 MUX8, 0 MUX16
    Replaced tree at \u_soc.:441.A [0]: 1 MUX2, 0 MUX4, 0 MUX8, 0 MUX16
    Replaced tree at \u_soc.:441.A [1]: 1 MUX2, 0 MUX4, 0 MUX8, 0 MUX16
    Replaced tree at $auto$rtlil.cc:3381:MuxGate$30973: 2 MUX2, 0 MUX4, 0 MUX8, 0 MUX16
    Replaced tree at $auto$rtlil.cc:3381:MuxGate$30969: 2 MUX2, 0 MUX4, 0 MUX8, 0 MUX16
    Replaced tree at $auto$rtlil.cc:3381:MuxGate$30965: 2 MUX2, 0 MUX4, 0 MUX8, 0 MUX16
    Replaced tree at $auto$rtlil.cc:3381:MuxGate$30961: 2 MUX2, 0 MUX4, 0 MUX8, 0 MUX16
    Replaced tree at $auto$rtlil.cc:3381:MuxGate$30957: 2 MUX2, 0 MUX4, 0 MUX8, 0 MUX16
    Replaced tree at $auto$rtlil.cc:3381:MuxGate$30953: 2 MUX2, 0 MUX4, 0 MUX8, 0 MUX16
    Replaced tree at $auto$rtlil.cc:3381:MuxGate$30949: 2 MUX2, 0 MUX4, 0 MUX8, 0 MUX16
    Replaced tree at $auto$rtlil.cc:3381:MuxGate$30945: 2 MUX2, 0 MUX4, 0 MUX8, 0 MUX16
    Replaced tree at \u_soc.:443.B [32]: 1 MUX2, 0 MUX4, 0 MUX8, 0 MUX16
    Replaced tree at \u_soc.:443.B [33]: 1 MUX2, 0 MUX4, 0 MUX8, 0 MUX16
    Replaced tree at \u_soc.:443.B [34]: 1 MUX2, 0 MUX4, 0 MUX8, 0 MUX16
    Replaced tree at \u_soc.:443.B [35]: 1 MUX2, 0 MUX4, 0 MUX8, 0 MUX16
    Replaced tree at \u_soc.:443.B [36]: 1 MUX2, 0 MUX4, 0 MUX8, 0 MUX16
    Replaced tree at \u_soc.:443.B [37]: 1 MUX2, 0 MUX4, 0 MUX8, 0 MUX16
    Replaced tree at \u_soc.:443.B [38]: 1 MUX2, 0 MUX4, 0 MUX8, 0 MUX16
    Replaced tree at \u_soc.:443.B [39]: 1 MUX2, 0 MUX4, 0 MUX8, 0 MUX16
    Replaced tree at \u_soc.:443.B [40]: 1 MUX2, 0 MUX4, 0 MUX8, 0 MUX16
    Replaced tree at \u_soc.:443.B [41]: 1 MUX2, 0 MUX4, 0 MUX8, 0 MUX16
    Replaced tree at \u_soc.:443.B [42]: 1 MUX2, 0 MUX4, 0 MUX8, 0 MUX16
    Replaced tree at \u_soc.:443.B [43]: 1 MUX2, 0 MUX4, 0 MUX8, 0 MUX16
    Replaced tree at \u_soc.:443.B [44]: 1 MUX2, 0 MUX4, 0 MUX8, 0 MUX16
    Replaced tree at \u_soc.:443.B [45]: 1 MUX2, 0 MUX4, 0 MUX8, 0 MUX16
    Replaced tree at \u_soc.:443.B [46]: 1 MUX2, 0 MUX4, 0 MUX8, 0 MUX16
    Replaced tree at \u_soc.:443.B [47]: 1 MUX2, 0 MUX4, 0 MUX8, 0 MUX16
    Replaced tree at \u_soc.:443.B [48]: 1 MUX2, 0 MUX4, 0 MUX8, 0 MUX16
    Replaced tree at \u_soc.:443.B [49]: 1 MUX2, 0 MUX4, 0 MUX8, 0 MUX16
    Replaced tree at \u_soc.:443.B [50]: 1 MUX2, 0 MUX4, 0 MUX8, 0 MUX16
    Replaced tree at \u_soc.:443.B [51]: 1 MUX2, 0 MUX4, 0 MUX8, 0 MUX16
    Replaced tree at \u_soc.:443.B [52]: 1 MUX2, 0 MUX4, 0 MUX8, 0 MUX16
    Replaced tree at \u_soc.:443.B [53]: 1 MUX2, 0 MUX4, 0 MUX8, 0 MUX16
    Replaced tree at \u_soc.:443.B [54]: 1 MUX2, 0 MUX4, 0 MUX8, 0 MUX16
    Replaced tree at \u_soc.:443.B [55]: 1 MUX2, 0 MUX4, 0 MUX8, 0 MUX16
    Replaced tree at \u_soc.:443.B [56]: 1 MUX2, 0 MUX4, 0 MUX8, 0 MUX16
    Replaced tree at \u_soc.:443.B [57]: 1 MUX2, 0 MUX4, 0 MUX8, 0 MUX16
    Replaced tree at \u_soc.:443.B [58]: 1 MUX2, 0 MUX4, 0 MUX8, 0 MUX16
    Replaced tree at \u_soc.:443.B [59]: 1 MUX2, 0 MUX4, 0 MUX8, 0 MUX16
    Replaced tree at \u_soc.:443.B [60]: 1 MUX2, 0 MUX4, 0 MUX8, 0 MUX16
    Replaced tree at \u_soc.:443.B [61]: 1 MUX2, 0 MUX4, 0 MUX8, 0 MUX16
    Replaced tree at \u_soc.:443.B [62]: 1 MUX2, 0 MUX4, 0 MUX8, 0 MUX16
    Replaced tree at $auto$rtlil.cc:3381:MuxGate$31285: 4 MUX2, 10 MUX4, 0 MUX8, 0 MUX16
    Replaced tree at $auto$rtlil.cc:3381:MuxGate$31289: 4 MUX2, 10 MUX4, 0 MUX8, 0 MUX16
    Replaced tree at $auto$rtlil.cc:3381:MuxGate$31293: 4 MUX2, 10 MUX4, 0 MUX8, 0 MUX16
    Replaced tree at $auto$rtlil.cc:3381:MuxGate$31297: 4 MUX2, 10 MUX4, 0 MUX8, 0 MUX16
    Replaced tree at $auto$rtlil.cc:3381:MuxGate$31301: 4 MUX2, 10 MUX4, 0 MUX8, 0 MUX16
    Replaced tree at $auto$rtlil.cc:3381:MuxGate$31305: 4 MUX2, 10 MUX4, 0 MUX8, 0 MUX16
    Replaced tree at $auto$rtlil.cc:3381:MuxGate$31309: 4 MUX2, 10 MUX4, 0 MUX8, 0 MUX16
    Replaced tree at $auto$rtlil.cc:3381:MuxGate$31313: 4 MUX2, 10 MUX4, 0 MUX8, 0 MUX16
    Replaced tree at $auto$rtlil.cc:3381:MuxGate$31261: 4 MUX2, 10 MUX4, 0 MUX8, 0 MUX16
    Replaced tree at $auto$rtlil.cc:3381:MuxGate$30941: 2 MUX2, 0 MUX4, 0 MUX8, 0 MUX16
    Replaced tree at $auto$rtlil.cc:3381:MuxGate$31165: 4 MUX2, 0 MUX4, 0 MUX8, 0 MUX16
    Replaced tree at $auto$rtlil.cc:3381:MuxGate$35113: 2 MUX2, 0 MUX4, 0 MUX8, 0 MUX16
    Replaced tree at $auto$rtlil.cc:3381:MuxGate$31169: 4 MUX2, 0 MUX4, 0 MUX8, 0 MUX16
    Replaced tree at $auto$rtlil.cc:3381:MuxGate$36793: 2 MUX2, 0 MUX4, 0 MUX8, 0 MUX16
    Replaced tree at $auto$rtlil.cc:3381:MuxGate$31173: 4 MUX2, 0 MUX4, 0 MUX8, 0 MUX16
    Replaced tree at $auto$rtlil.cc:3381:MuxGate$34189: 2 MUX2, 0 MUX4, 0 MUX8, 0 MUX16
    Replaced tree at $auto$rtlil.cc:3381:MuxGate$31177: 4 MUX2, 0 MUX4, 0 MUX8, 0 MUX16
    Replaced tree at $auto$rtlil.cc:3381:MuxGate$35105: 2 MUX2, 0 MUX4, 0 MUX8, 0 MUX16
    Replaced tree at $auto$rtlil.cc:3381:MuxGate$36769: 2 MUX2, 0 MUX4, 0 MUX8, 0 MUX16
    Replaced tree at $auto$rtlil.cc:3381:MuxGate$36773: 2 MUX2, 0 MUX4, 0 MUX8, 0 MUX16
    Replaced tree at \u_soc.:409.B [36]: 1 MUX2, 0 MUX4, 0 MUX8, 0 MUX16
    Replaced tree at \u_soc.:409.B [37]: 1 MUX2, 0 MUX4, 0 MUX8, 0 MUX16
    Replaced tree at \u_soc.:409.B [38]: 1 MUX2, 0 MUX4, 0 MUX8, 0 MUX16
    Replaced tree at $auto$rtlil.cc:3381:MuxGate$31181: 4 MUX2, 0 MUX4, 0 MUX8, 0 MUX16
    Replaced tree at $auto$rtlil.cc:3381:MuxGate$31185: 4 MUX2, 10 MUX4, 0 MUX8, 0 MUX16
    Replaced tree at $auto$rtlil.cc:3381:MuxGate$31189: 4 MUX2, 10 MUX4, 0 MUX8, 0 MUX16
    Replaced tree at $auto$rtlil.cc:3381:MuxGate$31193: 4 MUX2, 10 MUX4, 0 MUX8, 0 MUX16
    Replaced tree at $auto$rtlil.cc:3381:MuxGate$39399: 2 MUX2, 0 MUX4, 0 MUX8, 0 MUX16
    Replaced tree at $auto$rtlil.cc:3381:MuxGate$39415: 2 MUX2, 0 MUX4, 0 MUX8, 0 MUX16
    Replaced tree at $auto$rtlil.cc:3381:MuxGate$39395: 2 MUX2, 0 MUX4, 0 MUX8, 0 MUX16
    Replaced tree at $auto$rtlil.cc:3381:MuxGate$39411: 2 MUX2, 0 MUX4, 0 MUX8, 0 MUX16
    Replaced tree at $auto$rtlil.cc:3381:MuxGate$39391: 2 MUX2, 0 MUX4, 0 MUX8, 0 MUX16
    Replaced tree at $auto$rtlil.cc:3381:MuxGate$39407: 2 MUX2, 0 MUX4, 0 MUX8, 0 MUX16
    Replaced tree at $auto$rtlil.cc:3381:MuxGate$39387: 2 MUX2, 0 MUX4, 0 MUX8, 0 MUX16
    Replaced tree at $auto$rtlil.cc:3381:MuxGate$39403: 2 MUX2, 0 MUX4, 0 MUX8, 0 MUX16
    Replaced tree at $auto$rtlil.cc:3381:MuxGate$30925: 3 MUX2, 0 MUX4, 0 MUX8, 0 MUX16
    Replaced tree at $auto$rtlil.cc:3381:MuxGate$30921: 3 MUX2, 0 MUX4, 0 MUX8, 0 MUX16
    Replaced tree at $auto$rtlil.cc:3381:MuxGate$30917: 3 MUX2, 0 MUX4, 0 MUX8, 0 MUX16
    Replaced tree at $auto$rtlil.cc:3381:MuxGate$30913: 3 MUX2, 0 MUX4, 0 MUX8, 0 MUX16
    Replaced tree at $auto$rtlil.cc:3381:MuxGate$30909: 3 MUX2, 0 MUX4, 0 MUX8, 0 MUX16
    Replaced tree at $auto$rtlil.cc:3381:MuxGate$35141: 2 MUX2, 0 MUX4, 0 MUX8, 0 MUX16
    Replaced tree at $auto$rtlil.cc:3381:MuxGate$35137: 2 MUX2, 0 MUX4, 0 MUX8, 0 MUX16
    Replaced tree at $auto$rtlil.cc:3381:MuxGate$30287: 2 MUX2, 0 MUX4, 0 MUX8, 0 MUX16
    Replaced tree at $auto$rtlil.cc:3381:MuxGate$31105: 4 MUX2, 0 MUX4, 0 MUX8, 0 MUX16
    Replaced tree at $auto$rtlil.cc:3381:MuxGate$35133: 2 MUX2, 0 MUX4, 0 MUX8, 0 MUX16
    Replaced tree at $auto$rtlil.cc:3381:MuxGate$31109: 4 MUX2, 0 MUX4, 0 MUX8, 0 MUX16
    Replaced tree at $auto$rtlil.cc:3381:MuxGate$34201: 2 MUX2, 0 MUX4, 0 MUX8, 0 MUX16
    Replaced tree at $auto$rtlil.cc:3381:MuxGate$30283: 2 MUX2, 0 MUX4, 0 MUX8, 0 MUX16
    Replaced tree at $auto$rtlil.cc:3381:MuxGate$31113: 4 MUX2, 0 MUX4, 0 MUX8, 0 MUX16
    Replaced tree at $auto$rtlil.cc:3381:MuxGate$35129: 2 MUX2, 0 MUX4, 0 MUX8, 0 MUX16
    Replaced tree at $auto$rtlil.cc:3381:MuxGate$34197: 2 MUX2, 0 MUX4, 0 MUX8, 0 MUX16
    Replaced tree at $auto$rtlil.cc:3381:MuxGate$31121: 4 MUX2, 0 MUX4, 0 MUX8, 0 MUX16
    Replaced tree at $auto$rtlil.cc:3381:MuxGate$35125: 2 MUX2, 0 MUX4, 0 MUX8, 0 MUX16
    Replaced tree at $auto$rtlil.cc:3381:MuxGate$35121: 2 MUX2, 0 MUX4, 0 MUX8, 0 MUX16
    Replaced tree at $auto$rtlil.cc:3381:MuxGate$30275: 2 MUX2, 0 MUX4, 0 MUX8, 0 MUX16
    Replaced tree at $auto$rtlil.cc:3381:MuxGate$30279: 2 MUX2, 0 MUX4, 0 MUX8, 0 MUX16
    Replaced tree at $auto$rtlil.cc:3381:MuxGate$35117: 2 MUX2, 0 MUX4, 0 MUX8, 0 MUX16
    Replaced tree at $auto$rtlil.cc:3381:MuxGate$34193: 2 MUX2, 0 MUX4, 0 MUX8, 0 MUX16
    Replaced tree at $auto$rtlil.cc:3381:MuxGate$31129: 4 MUX2, 0 MUX4, 0 MUX8, 0 MUX16
    Replaced tree at $auto$rtlil.cc:3381:MuxGate$30235: 2 MUX2, 0 MUX4, 0 MUX8, 0 MUX16
    Replaced tree at $auto$rtlil.cc:3381:MuxGate$37617: 2 MUX2, 0 MUX4, 0 MUX8, 0 MUX16
    Replaced tree at $auto$rtlil.cc:3381:MuxGate$37417: 2 MUX2, 0 MUX4, 0 MUX8, 0 MUX16
    Replaced tree at $auto$rtlil.cc:3381:MuxGate$33747: 2 MUX2, 0 MUX4, 0 MUX8, 0 MUX16
    Replaced tree at $auto$rtlil.cc:3381:MuxGate$31137: 4 MUX2, 0 MUX4, 0 MUX8, 0 MUX16
    Replaced tree at $auto$rtlil.cc:3381:MuxGate$31133: 4 MUX2, 0 MUX4, 0 MUX8, 0 MUX16
    Replaced tree at $auto$rtlil.cc:3381:MuxGate$31141: 4 MUX2, 0 MUX4, 0 MUX8, 0 MUX16
    Replaced tree at $auto$rtlil.cc:3381:MuxGate$31145: 4 MUX2, 0 MUX4, 0 MUX8, 0 MUX16
    Replaced tree at $auto$rtlil.cc:3381:MuxGate$31149: 4 MUX2, 0 MUX4, 0 MUX8, 0 MUX16
    Replaced tree at $auto$rtlil.cc:3381:MuxGate$31153: 4 MUX2, 0 MUX4, 0 MUX8, 0 MUX16
    Replaced tree at $auto$rtlil.cc:3381:MuxGate$31157: 4 MUX2, 0 MUX4, 0 MUX8, 0 MUX16
    Replaced tree at $auto$rtlil.cc:3381:MuxGate$31161: 4 MUX2, 0 MUX4, 0 MUX8, 0 MUX16
    Replaced tree at $auto$rtlil.cc:3381:MuxGate$39203: 2 MUX2, 0 MUX4, 0 MUX8, 0 MUX16
    Replaced tree at $auto$rtlil.cc:3381:MuxGate$39199: 2 MUX2, 0 MUX4, 0 MUX8, 0 MUX16
    Replaced tree at $auto$rtlil.cc:3381:MuxGate$31117: 4 MUX2, 0 MUX4, 0 MUX8, 0 MUX16
    Replaced tree at $auto$rtlil.cc:3381:MuxGate$30729: 4 MUX2, 0 MUX4, 0 MUX8, 0 MUX16
    Replaced tree at $auto$rtlil.cc:3381:MuxGate$30733: 4 MUX2, 0 MUX4, 0 MUX8, 0 MUX16
    Replaced tree at $auto$rtlil.cc:3381:MuxGate$30737: 4 MUX2, 0 MUX4, 0 MUX8, 0 MUX16
    Replaced tree at $auto$rtlil.cc:3381:MuxGate$34021: 2 MUX2, 0 MUX4, 0 MUX8, 0 MUX16
    Replaced tree at $auto$rtlil.cc:3381:MuxGate$35357: 2 MUX2, 0 MUX4, 0 MUX8, 0 MUX16
    Replaced tree at $auto$rtlil.cc:3381:MuxGate$30745: 4 MUX2, 0 MUX4, 0 MUX8, 0 MUX16
    Replaced tree at $auto$rtlil.cc:3381:MuxGate$36745: 2 MUX2, 0 MUX4, 0 MUX8, 0 MUX16
    Replaced tree at $auto$rtlil.cc:3381:MuxGate$30749: 4 MUX2, 0 MUX4, 0 MUX8, 0 MUX16
    Replaced tree at $auto$rtlil.cc:3381:MuxGate$35353: 2 MUX2, 0 MUX4, 0 MUX8, 0 MUX16
    Replaced tree at $auto$rtlil.cc:3381:MuxGate$30753: 4 MUX2, 0 MUX4, 0 MUX8, 0 MUX16
    Replaced tree at $auto$rtlil.cc:3381:MuxGate$34667: 3 MUX2, 0 MUX4, 0 MUX8, 0 MUX16
    Replaced tree at $auto$rtlil.cc:3381:MuxGate$30757: 4 MUX2, 0 MUX4, 0 MUX8, 0 MUX16
    Replaced tree at $auto$rtlil.cc:3381:MuxGate$36733: 2 MUX2, 0 MUX4, 0 MUX8, 0 MUX16
    Replaced tree at $auto$rtlil.cc:3381:MuxGate$36717: 2 MUX2, 0 MUX4, 0 MUX8, 0 MUX16
    Replaced tree at $auto$rtlil.cc:3381:MuxGate$30761: 4 MUX2, 0 MUX4, 0 MUX8, 0 MUX16
    Replaced tree at $auto$rtlil.cc:3381:MuxGate$36721: 2 MUX2, 0 MUX4, 0 MUX8, 0 MUX16
    Replaced tree at $auto$rtlil.cc:3381:MuxGate$36713: 2 MUX2, 0 MUX4, 0 MUX8, 0 MUX16
    Replaced tree at $auto$rtlil.cc:3381:MuxGate$36737: 2 MUX2, 0 MUX4, 0 MUX8, 0 MUX16
    Replaced tree at $auto$rtlil.cc:3381:MuxGate$36725: 2 MUX2, 0 MUX4, 0 MUX8, 0 MUX16
    Replaced tree at $auto$rtlil.cc:3381:MuxGate$36729: 2 MUX2, 0 MUX4, 0 MUX8, 0 MUX16
    Replaced tree at $auto$rtlil.cc:3381:MuxGate$36709: 2 MUX2, 0 MUX4, 0 MUX8, 0 MUX16
    Replaced tree at $auto$rtlil.cc:3381:MuxGate$30769: 4 MUX2, 0 MUX4, 0 MUX8, 0 MUX16
    Replaced tree at $auto$rtlil.cc:3381:MuxGate$36689: 2 MUX2, 0 MUX4, 0 MUX8, 0 MUX16
    Replaced tree at $auto$rtlil.cc:3381:MuxGate$36685: 2 MUX2, 0 MUX4, 0 MUX8, 0 MUX16
    Replaced tree at $auto$rtlil.cc:3381:MuxGate$33849: 1 MUX2, 0 MUX4, 0 MUX8, 0 MUX16
    Replaced tree at $auto$rtlil.cc:3381:MuxGate$30773: 4 MUX2, 0 MUX4, 0 MUX8, 0 MUX16
    Replaced tree at $auto$rtlil.cc:3381:MuxGate$36673: 2 MUX2, 0 MUX4, 0 MUX8, 0 MUX16
    Replaced tree at $auto$rtlil.cc:3381:MuxGate$36677: 2 MUX2, 0 MUX4, 0 MUX8, 0 MUX16
    Replaced tree at $auto$rtlil.cc:3381:MuxGate$36669: 2 MUX2, 0 MUX4, 0 MUX8, 0 MUX16
    Replaced tree at $auto$rtlil.cc:3381:MuxGate$36665: 2 MUX2, 0 MUX4, 0 MUX8, 0 MUX16
    Replaced tree at $auto$rtlil.cc:3381:MuxGate$36697: 2 MUX2, 0 MUX4, 0 MUX8, 0 MUX16
    Replaced tree at $auto$rtlil.cc:3381:MuxGate$36693: 2 MUX2, 0 MUX4, 0 MUX8, 0 MUX16
    Replaced tree at $auto$rtlil.cc:3381:MuxGate$36681: 2 MUX2, 0 MUX4, 0 MUX8, 0 MUX16
    Replaced tree at $auto$rtlil.cc:3381:MuxGate$34269: 2 MUX2, 0 MUX4, 0 MUX8, 0 MUX16
    Replaced tree at $auto$rtlil.cc:3381:MuxGate$30785: 4 MUX2, 0 MUX4, 0 MUX8, 0 MUX16
    Replaced tree at $auto$rtlil.cc:3381:MuxGate$33847: 1 MUX2, 0 MUX4, 0 MUX8, 0 MUX16
    Replaced tree at $auto$rtlil.cc:3381:MuxGate$33981: 4 MUX2, 0 MUX4, 0 MUX8, 0 MUX16
    Replaced tree at $auto$rtlil.cc:3381:MuxGate$30789: 4 MUX2, 0 MUX4, 0 MUX8, 0 MUX16
    Replaced tree at $auto$rtlil.cc:3381:MuxGate$33845: 1 MUX2, 0 MUX4, 0 MUX8, 0 MUX16
    Replaced tree at $auto$rtlil.cc:3381:MuxGate$33977: 4 MUX2, 0 MUX4, 0 MUX8, 0 MUX16
    Replaced tree at $auto$rtlil.cc:3381:MuxGate$30793: 4 MUX2, 0 MUX4, 0 MUX8, 0 MUX16
    Replaced tree at $auto$rtlil.cc:3381:MuxGate$33843: 1 MUX2, 0 MUX4, 0 MUX8, 0 MUX16
    Replaced tree at $auto$rtlil.cc:3381:MuxGate$33973: 4 MUX2, 0 MUX4, 0 MUX8, 0 MUX16
    Replaced tree at $auto$rtlil.cc:3381:MuxGate$30797: 4 MUX2, 0 MUX4, 0 MUX8, 0 MUX16
    Replaced tree at $auto$rtlil.cc:3381:MuxGate$33841: 1 MUX2, 0 MUX4, 0 MUX8, 0 MUX16
    Replaced tree at $auto$rtlil.cc:3381:MuxGate$33969: 4 MUX2, 0 MUX4, 0 MUX8, 0 MUX16
    Replaced tree at $auto$rtlil.cc:3381:MuxGate$30801: 3 MUX2, 0 MUX4, 0 MUX8, 0 MUX16
    Replaced tree at $auto$rtlil.cc:3381:MuxGate$33839: 1 MUX2, 0 MUX4, 0 MUX8, 0 MUX16
    Replaced tree at $auto$rtlil.cc:3381:MuxGate$33965: 4 MUX2, 0 MUX4, 0 MUX8, 0 MUX16
    Replaced tree at $auto$rtlil.cc:3381:MuxGate$30805: 3 MUX2, 0 MUX4, 0 MUX8, 0 MUX16
    Replaced tree at $auto$rtlil.cc:3381:MuxGate$33961: 4 MUX2, 0 MUX4, 0 MUX8, 0 MUX16
    Replaced tree at $auto$rtlil.cc:3381:MuxGate$33957: 4 MUX2, 0 MUX4, 0 MUX8, 0 MUX16
    Replaced tree at $auto$rtlil.cc:3381:MuxGate$30809: 3 MUX2, 0 MUX4, 0 MUX8, 0 MUX16
    Replaced tree at $auto$rtlil.cc:3381:MuxGate$33953: 4 MUX2, 0 MUX4, 0 MUX8, 0 MUX16
    Replaced tree at $auto$rtlil.cc:3381:MuxGate$30813: 3 MUX2, 0 MUX4, 0 MUX8, 0 MUX16
    Replaced tree at $auto$rtlil.cc:3381:MuxGate$36661: 2 MUX2, 0 MUX4, 0 MUX8, 0 MUX16
    Replaced tree at $auto$rtlil.cc:3381:MuxGate$36657: 2 MUX2, 0 MUX4, 0 MUX8, 0 MUX16
    Replaced tree at $auto$rtlil.cc:3381:MuxGate$30817: 3 MUX2, 0 MUX4, 0 MUX8, 0 MUX16
    Replaced tree at $auto$rtlil.cc:3381:MuxGate$36653: 2 MUX2, 0 MUX4, 0 MUX8, 0 MUX16
    Replaced tree at $auto$rtlil.cc:3381:MuxGate$36649: 2 MUX2, 0 MUX4, 0 MUX8, 0 MUX16
    Replaced tree at $auto$rtlil.cc:3381:MuxGate$30821: 3 MUX2, 0 MUX4, 0 MUX8, 0 MUX16
    Replaced tree at $auto$rtlil.cc:3381:MuxGate$36645: 2 MUX2, 0 MUX4, 0 MUX8, 0 MUX16
    Replaced tree at $auto$rtlil.cc:3381:MuxGate$30825: 3 MUX2, 0 MUX4, 0 MUX8, 0 MUX16
    Replaced tree at $auto$rtlil.cc:3381:MuxGate$36637: 2 MUX2, 0 MUX4, 0 MUX8, 0 MUX16
    Replaced tree at $auto$rtlil.cc:3381:MuxGate$35341: 2 MUX2, 0 MUX4, 0 MUX8, 0 MUX16
    Replaced tree at $auto$rtlil.cc:3381:MuxGate$35337: 2 MUX2, 0 MUX4, 0 MUX8, 0 MUX16
    Replaced tree at $auto$rtlil.cc:3381:MuxGate$35333: 2 MUX2, 0 MUX4, 0 MUX8, 0 MUX16
    Replaced tree at $auto$rtlil.cc:3381:MuxGate$35329: 2 MUX2, 0 MUX4, 0 MUX8, 0 MUX16
    Replaced tree at $auto$rtlil.cc:3381:MuxGate$35325: 2 MUX2, 0 MUX4, 0 MUX8, 0 MUX16
    Replaced tree at $auto$rtlil.cc:3381:MuxGate$34671: 3 MUX2, 0 MUX4, 0 MUX8, 0 MUX16
    Replaced tree at $auto$rtlil.cc:3381:MuxGate$35321: 2 MUX2, 0 MUX4, 0 MUX8, 0 MUX16
    Replaced tree at $auto$rtlil.cc:3381:MuxGate$35317: 2 MUX2, 0 MUX4, 0 MUX8, 0 MUX16
    Replaced tree at $auto$rtlil.cc:3381:MuxGate$35313: 2 MUX2, 0 MUX4, 0 MUX8, 0 MUX16
    Replaced tree at $auto$rtlil.cc:3381:MuxGate$35309: 2 MUX2, 0 MUX4, 0 MUX8, 0 MUX16
    Replaced tree at $auto$rtlil.cc:3381:MuxGate$35305: 2 MUX2, 0 MUX4, 0 MUX8, 0 MUX16
    Replaced tree at $auto$rtlil.cc:3381:MuxGate$35301: 2 MUX2, 0 MUX4, 0 MUX8, 0 MUX16
    Replaced tree at $auto$rtlil.cc:3381:MuxGate$35297: 2 MUX2, 0 MUX4, 0 MUX8, 0 MUX16
    Replaced tree at $auto$rtlil.cc:3381:MuxGate$35293: 2 MUX2, 0 MUX4, 0 MUX8, 0 MUX16
    Replaced tree at $auto$rtlil.cc:3381:MuxGate$35289: 2 MUX2, 0 MUX4, 0 MUX8, 0 MUX16
    Replaced tree at $auto$rtlil.cc:3381:MuxGate$35285: 2 MUX2, 0 MUX4, 0 MUX8, 0 MUX16
    Replaced tree at $auto$rtlil.cc:3381:MuxGate$35281: 2 MUX2, 0 MUX4, 0 MUX8, 0 MUX16
    Replaced tree at $auto$rtlil.cc:3381:MuxGate$35277: 2 MUX2, 0 MUX4, 0 MUX8, 0 MUX16
    Replaced tree at $auto$rtlil.cc:3381:MuxGate$35273: 2 MUX2, 0 MUX4, 0 MUX8, 0 MUX16
    Replaced tree at $auto$rtlil.cc:3381:MuxGate$35269: 2 MUX2, 0 MUX4, 0 MUX8, 0 MUX16
    Replaced tree at $auto$rtlil.cc:3381:MuxGate$35265: 2 MUX2, 0 MUX4, 0 MUX8, 0 MUX16
    Replaced tree at $auto$rtlil.cc:3381:MuxGate$35261: 2 MUX2, 0 MUX4, 0 MUX8, 0 MUX16
    Replaced tree at $auto$rtlil.cc:3381:MuxGate$35257: 2 MUX2, 0 MUX4, 0 MUX8, 0 MUX16
    Replaced tree at $auto$rtlil.cc:3381:MuxGate$30829: 3 MUX2, 0 MUX4, 0 MUX8, 0 MUX16
    Replaced tree at $auto$rtlil.cc:3381:MuxGate$36629: 2 MUX2, 0 MUX4, 0 MUX8, 0 MUX16
    Replaced tree at $auto$rtlil.cc:3381:MuxGate$36633: 2 MUX2, 0 MUX4, 0 MUX8, 0 MUX16
    Replaced tree at $auto$rtlil.cc:3381:MuxGate$30837: 3 MUX2, 0 MUX4, 0 MUX8, 0 MUX16
    Replaced tree at $auto$rtlil.cc:3381:MuxGate$30841: 3 MUX2, 0 MUX4, 0 MUX8, 0 MUX16
    Replaced tree at $auto$rtlil.cc:3381:MuxGate$36625: 2 MUX2, 0 MUX4, 0 MUX8, 0 MUX16
    Replaced tree at $auto$rtlil.cc:3381:MuxGate$36617: 2 MUX2, 0 MUX4, 0 MUX8, 0 MUX16
    Replaced tree at $auto$rtlil.cc:3381:MuxGate$36621: 2 MUX2, 0 MUX4, 0 MUX8, 0 MUX16
    Replaced tree at $auto$rtlil.cc:3381:MuxGate$36613: 2 MUX2, 0 MUX4, 0 MUX8, 0 MUX16
    Replaced tree at $auto$rtlil.cc:3381:MuxGate$36597: 2 MUX2, 0 MUX4, 0 MUX8, 0 MUX16
    Replaced tree at $auto$rtlil.cc:3381:MuxGate$36601: 2 MUX2, 0 MUX4, 0 MUX8, 0 MUX16
    Replaced tree at $auto$rtlil.cc:3381:MuxGate$30853: 3 MUX2, 0 MUX4, 0 MUX8, 0 MUX16
    Replaced tree at $auto$rtlil.cc:3381:MuxGate$30857: 3 MUX2, 0 MUX4, 0 MUX8, 0 MUX16
    Replaced tree at $auto$rtlil.cc:3381:MuxGate$30861: 3 MUX2, 0 MUX4, 0 MUX8, 0 MUX16
    Replaced tree at $auto$rtlil.cc:3381:MuxGate$30865: 3 MUX2, 0 MUX4, 0 MUX8, 0 MUX16
    Replaced tree at $auto$rtlil.cc:3381:MuxGate$30869: 3 MUX2, 0 MUX4, 0 MUX8, 0 MUX16
    Replaced tree at $auto$rtlil.cc:3381:MuxGate$30873: 3 MUX2, 0 MUX4, 0 MUX8, 0 MUX16
    Replaced tree at $auto$rtlil.cc:3381:MuxGate$30877: 3 MUX2, 0 MUX4, 0 MUX8, 0 MUX16
    Replaced tree at $auto$rtlil.cc:3381:MuxGate$30881: 3 MUX2, 0 MUX4, 0 MUX8, 0 MUX16
    Replaced tree at $auto$rtlil.cc:3381:MuxGate$30477: 1 MUX2, 0 MUX4, 0 MUX8, 0 MUX16
    Replaced tree at $auto$rtlil.cc:3381:MuxGate$30479: 4 MUX2, 0 MUX4, 0 MUX8, 0 MUX16
    Replaced tree at $auto$rtlil.cc:3381:MuxGate$30481: 4 MUX2, 0 MUX4, 0 MUX8, 0 MUX16
    Replaced tree at $auto$rtlil.cc:3381:MuxGate$36577: 2 MUX2, 0 MUX4, 0 MUX8, 0 MUX16
    Replaced tree at $auto$rtlil.cc:3381:MuxGate$36573: 2 MUX2, 0 MUX4, 0 MUX8, 0 MUX16
    Replaced tree at $auto$rtlil.cc:3381:MuxGate$36569: 2 MUX2, 0 MUX4, 0 MUX8, 0 MUX16
    Replaced tree at $auto$rtlil.cc:3381:MuxGate$36565: 2 MUX2, 0 MUX4, 0 MUX8, 0 MUX16
    Replaced tree at $auto$rtlil.cc:3381:MuxGate$36561: 2 MUX2, 0 MUX4, 0 MUX8, 0 MUX16
    Replaced tree at $auto$rtlil.cc:3381:MuxGate$36585: 2 MUX2, 0 MUX4, 0 MUX8, 0 MUX16
    Replaced tree at $auto$rtlil.cc:3381:MuxGate$36557: 2 MUX2, 0 MUX4, 0 MUX8, 0 MUX16
    Replaced tree at $auto$rtlil.cc:3381:MuxGate$36581: 2 MUX2, 0 MUX4, 0 MUX8, 0 MUX16
    Replaced tree at $auto$rtlil.cc:3381:MuxGate$30483: 4 MUX2, 0 MUX4, 0 MUX8, 0 MUX16
    Replaced tree at $auto$rtlil.cc:3381:MuxGate$36553: 2 MUX2, 0 MUX4, 0 MUX8, 0 MUX16
    Replaced tree at $auto$rtlil.cc:3381:MuxGate$30485: 4 MUX2, 0 MUX4, 0 MUX8, 0 MUX16
    Replaced tree at $auto$rtlil.cc:3381:MuxGate$30487: 4 MUX2, 0 MUX4, 0 MUX8, 0 MUX16
    Replaced tree at $auto$rtlil.cc:3381:MuxGate$36549: 2 MUX2, 0 MUX4, 0 MUX8, 0 MUX16
    Replaced tree at $auto$rtlil.cc:3381:MuxGate$30489: 4 MUX2, 0 MUX4, 0 MUX8, 0 MUX16
    Replaced tree at $auto$rtlil.cc:3381:MuxGate$30491: 4 MUX2, 0 MUX4, 0 MUX8, 0 MUX16
    Replaced tree at $auto$rtlil.cc:3381:MuxGate$36545: 2 MUX2, 0 MUX4, 0 MUX8, 0 MUX16
    Replaced tree at $auto$rtlil.cc:3381:MuxGate$37045: 2 MUX2, 0 MUX4, 0 MUX8, 0 MUX16
    Replaced tree at $auto$rtlil.cc:3381:MuxGate$37025: 2 MUX2, 0 MUX4, 0 MUX8, 0 MUX16
    Replaced tree at $auto$rtlil.cc:3381:MuxGate$30493: 4 MUX2, 0 MUX4, 0 MUX8, 0 MUX16
    Replaced tree at $auto$rtlil.cc:3381:MuxGate$34459: 3 MUX2, 0 MUX4, 0 MUX8, 0 MUX16
    Replaced tree at $auto$rtlil.cc:3381:MuxGate$34515: 3 MUX2, 0 MUX4, 0 MUX8, 0 MUX16
    Replaced tree at $auto$rtlil.cc:3381:MuxGate$30495: 4 MUX2, 0 MUX4, 0 MUX8, 0 MUX16
    Replaced tree at $auto$rtlil.cc:3381:MuxGate$37069: 2 MUX2, 0 MUX4, 0 MUX8, 0 MUX16
    Replaced tree at $auto$rtlil.cc:3381:MuxGate$35149: 2 MUX2, 0 MUX4, 0 MUX8, 0 MUX16
    Replaced tree at $auto$rtlil.cc:3381:MuxGate$37057: 2 MUX2, 0 MUX4, 0 MUX8, 0 MUX16
    Replaced tree at $auto$rtlil.cc:3381:MuxGate$30497: 4 MUX2, 0 MUX4, 0 MUX8, 0 MUX16
    Replaced tree at $auto$rtlil.cc:3381:MuxGate$35253: 2 MUX2, 0 MUX4, 0 MUX8, 0 MUX16
    Replaced tree at $auto$rtlil.cc:3381:MuxGate$35057: 1 MUX2, 0 MUX4, 0 MUX8, 0 MUX16
    Replaced tree at $auto$rtlil.cc:3381:MuxGate$30499: 4 MUX2, 0 MUX4, 0 MUX8, 0 MUX16
    Replaced tree at $auto$rtlil.cc:3381:MuxGate$37017: 2 MUX2, 0 MUX4, 0 MUX8, 0 MUX16
    Replaced tree at $auto$rtlil.cc:3381:MuxGate$30175: 2 MUX2, 0 MUX4, 0 MUX8, 0 MUX16
    Replaced tree at $auto$rtlil.cc:3381:MuxGate$33743: 2 MUX2, 0 MUX4, 0 MUX8, 0 MUX16
    Replaced tree at $auto$rtlil.cc:3381:MuxGate$30503: 4 MUX2, 0 MUX4, 0 MUX8, 0 MUX16
    Replaced tree at $auto$rtlil.cc:3381:MuxGate$35053: 1 MUX2, 0 MUX4, 0 MUX8, 0 MUX16
    Replaced tree at $auto$rtlil.cc:3381:MuxGate$35049: 1 MUX2, 0 MUX4, 0 MUX8, 0 MUX16
    Replaced tree at $auto$rtlil.cc:3381:MuxGate$30511: 4 MUX2, 0 MUX4, 0 MUX8, 0 MUX16
    Replaced tree at $auto$rtlil.cc:3381:MuxGate$34289: 2 MUX2, 0 MUX4, 0 MUX8, 0 MUX16
    Replaced tree at $auto$rtlil.cc:3381:MuxGate$33949: 3 MUX2, 0 MUX4, 0 MUX8, 0 MUX16
    Replaced tree at $auto$rtlil.cc:3381:MuxGate$34181: 2 MUX2, 0 MUX4, 0 MUX8, 0 MUX16
    Replaced tree at $auto$rtlil.cc:3381:MuxGate$35067: 1 MUX2, 0 MUX4, 0 MUX8, 0 MUX16
    Replaced tree at $auto$rtlil.cc:3381:MuxGate$33739: 2 MUX2, 0 MUX4, 0 MUX8, 0 MUX16
    Replaced tree at $auto$rtlil.cc:3381:MuxGate$33735: 2 MUX2, 0 MUX4, 0 MUX8, 0 MUX16
    Replaced tree at $auto$rtlil.cc:3381:MuxGate$33731: 2 MUX2, 0 MUX4, 0 MUX8, 0 MUX16
    Replaced tree at $auto$rtlil.cc:3381:MuxGate$33727: 2 MUX2, 0 MUX4, 0 MUX8, 0 MUX16
    Replaced tree at $auto$rtlil.cc:3381:MuxGate$33723: 2 MUX2, 0 MUX4, 0 MUX8, 0 MUX16
    Replaced tree at $auto$rtlil.cc:3381:MuxGate$33719: 2 MUX2, 0 MUX4, 0 MUX8, 0 MUX16
    Replaced tree at $auto$rtlil.cc:3381:MuxGate$33715: 2 MUX2, 0 MUX4, 0 MUX8, 0 MUX16
    Replaced tree at $auto$rtlil.cc:3381:MuxGate$33711: 2 MUX2, 0 MUX4, 0 MUX8, 0 MUX16
    Replaced tree at $auto$rtlil.cc:3381:MuxGate$36509: 2 MUX2, 0 MUX4, 0 MUX8, 0 MUX16
    Replaced tree at $auto$rtlil.cc:3381:MuxGate$36505: 2 MUX2, 0 MUX4, 0 MUX8, 0 MUX16
    Replaced tree at $auto$rtlil.cc:3381:MuxGate$36501: 2 MUX2, 0 MUX4, 0 MUX8, 0 MUX16
    Replaced tree at $auto$rtlil.cc:3381:MuxGate$36497: 2 MUX2, 0 MUX4, 0 MUX8, 0 MUX16
    Replaced tree at $auto$rtlil.cc:3381:MuxGate$36493: 2 MUX2, 0 MUX4, 0 MUX8, 0 MUX16
    Replaced tree at $auto$rtlil.cc:3381:MuxGate$36489: 2 MUX2, 0 MUX4, 0 MUX8, 0 MUX16
    Replaced tree at $auto$rtlil.cc:3381:MuxGate$36485: 2 MUX2, 0 MUX4, 0 MUX8, 0 MUX16
    Replaced tree at $auto$rtlil.cc:3381:MuxGate$33707: 2 MUX2, 0 MUX4, 0 MUX8, 0 MUX16
    Replaced tree at $auto$rtlil.cc:3381:MuxGate$33703: 2 MUX2, 0 MUX4, 0 MUX8, 0 MUX16
    Replaced tree at $auto$rtlil.cc:3381:MuxGate$33699: 2 MUX2, 0 MUX4, 0 MUX8, 0 MUX16
    Replaced tree at $auto$rtlil.cc:3381:MuxGate$33695: 2 MUX2, 0 MUX4, 0 MUX8, 0 MUX16
    Replaced tree at $auto$rtlil.cc:3381:MuxGate$33691: 2 MUX2, 0 MUX4, 0 MUX8, 0 MUX16
    Replaced tree at $auto$rtlil.cc:3381:MuxGate$33687: 2 MUX2, 0 MUX4, 0 MUX8, 0 MUX16
    Replaced tree at $auto$rtlil.cc:3381:MuxGate$33683: 2 MUX2, 0 MUX4, 0 MUX8, 0 MUX16
    Replaced tree at $auto$rtlil.cc:3381:MuxGate$30533: 4 MUX2, 0 MUX4, 0 MUX8, 0 MUX16
    Replaced tree at $auto$rtlil.cc:3381:MuxGate$30535: 4 MUX2, 0 MUX4, 0 MUX8, 0 MUX16
    Replaced tree at $auto$rtlil.cc:3381:MuxGate$30537: 4 MUX2, 0 MUX4, 0 MUX8, 0 MUX16
    Replaced tree at $auto$rtlil.cc:3381:MuxGate$33679: 2 MUX2, 0 MUX4, 0 MUX8, 0 MUX16
    Replaced tree at $auto$rtlil.cc:3381:MuxGate$33675: 2 MUX2, 0 MUX4, 0 MUX8, 0 MUX16
    Replaced tree at $auto$rtlil.cc:3381:MuxGate$33671: 2 MUX2, 0 MUX4, 0 MUX8, 0 MUX16
    Replaced tree at $auto$rtlil.cc:3381:MuxGate$33667: 2 MUX2, 0 MUX4, 0 MUX8, 0 MUX16
    Replaced tree at $auto$rtlil.cc:3381:MuxGate$33663: 2 MUX2, 0 MUX4, 0 MUX8, 0 MUX16
    Replaced tree at $auto$rtlil.cc:3381:MuxGate$33659: 2 MUX2, 0 MUX4, 0 MUX8, 0 MUX16
    Replaced tree at $auto$rtlil.cc:3381:MuxGate$33655: 2 MUX2, 0 MUX4, 0 MUX8, 0 MUX16
    Replaced tree at $auto$rtlil.cc:3381:MuxGate$33651: 2 MUX2, 0 MUX4, 0 MUX8, 0 MUX16
    Replaced tree at $auto$rtlil.cc:3381:MuxGate$36481: 2 MUX2, 0 MUX4, 0 MUX8, 0 MUX16
    Replaced tree at $auto$rtlil.cc:3381:MuxGate$36477: 2 MUX2, 0 MUX4, 0 MUX8, 0 MUX16
    Replaced tree at $auto$rtlil.cc:3381:MuxGate$36473: 2 MUX2, 0 MUX4, 0 MUX8, 0 MUX16
    Replaced tree at $auto$rtlil.cc:3381:MuxGate$36469: 2 MUX2, 0 MUX4, 0 MUX8, 0 MUX16
    Replaced tree at $auto$rtlil.cc:3381:MuxGate$36465: 2 MUX2, 0 MUX4, 0 MUX8, 0 MUX16
    Replaced tree at $auto$rtlil.cc:3381:MuxGate$36461: 2 MUX2, 0 MUX4, 0 MUX8, 0 MUX16
    Replaced tree at $auto$rtlil.cc:3381:MuxGate$36457: 2 MUX2, 0 MUX4, 0 MUX8, 0 MUX16
    Replaced tree at $auto$rtlil.cc:3381:MuxGate$36453: 2 MUX2, 0 MUX4, 0 MUX8, 0 MUX16
    Replaced tree at $auto$rtlil.cc:3381:MuxGate$34503: 3 MUX2, 0 MUX4, 0 MUX8, 0 MUX16
    Replaced tree at $auto$rtlil.cc:3381:MuxGate$34495: 3 MUX2, 0 MUX4, 0 MUX8, 0 MUX16
    Replaced tree at $auto$rtlil.cc:3381:MuxGate$34487: 3 MUX2, 0 MUX4, 0 MUX8, 0 MUX16
    Replaced tree at $auto$rtlil.cc:3381:MuxGate$34523: 3 MUX2, 0 MUX4, 0 MUX8, 0 MUX16
    Replaced tree at $auto$rtlil.cc:3381:MuxGate$34527: 3 MUX2, 0 MUX4, 0 MUX8, 0 MUX16
    Replaced tree at $auto$rtlil.cc:3381:MuxGate$34313: 2 MUX2, 0 MUX4, 0 MUX8, 0 MUX16
    Replaced tree at $auto$rtlil.cc:3381:MuxGate$33647: 2 MUX2, 0 MUX4, 0 MUX8, 0 MUX16
    Replaced tree at $auto$rtlil.cc:3381:MuxGate$34539: 3 MUX2, 0 MUX4, 0 MUX8, 0 MUX16
    Replaced tree at $auto$rtlil.cc:3381:MuxGate$34587: 3 MUX2, 0 MUX4, 0 MUX8, 0 MUX16
    Replaced tree at $auto$rtlil.cc:3381:MuxGate$30475: 1 MUX2, 0 MUX4, 0 MUX8, 0 MUX16
    Replaced tree at $auto$rtlil.cc:3381:MuxGate$34583: 3 MUX2, 0 MUX4, 0 MUX8, 0 MUX16
    Replaced tree at $auto$rtlil.cc:3381:MuxGate$34571: 3 MUX2, 0 MUX4, 0 MUX8, 0 MUX16
    Replaced tree at $auto$rtlil.cc:3381:MuxGate$34559: 3 MUX2, 0 MUX4, 0 MUX8, 0 MUX16
    Replaced tree at $auto$rtlil.cc:3381:MuxGate$34555: 3 MUX2, 0 MUX4, 0 MUX8, 0 MUX16
    Replaced tree at $auto$rtlil.cc:3381:MuxGate$36449: 2 MUX2, 0 MUX4, 0 MUX8, 0 MUX16
    Replaced tree at $auto$rtlil.cc:3381:MuxGate$36445: 2 MUX2, 0 MUX4, 0 MUX8, 0 MUX16
    Replaced tree at $auto$rtlil.cc:3381:MuxGate$36441: 2 MUX2, 0 MUX4, 0 MUX8, 0 MUX16
    Replaced tree at $auto$rtlil.cc:3381:MuxGate$36401: 2 MUX2, 0 MUX4, 0 MUX8, 0 MUX16
    Replaced tree at $auto$rtlil.cc:3381:MuxGate$36417: 2 MUX2, 0 MUX4, 0 MUX8, 0 MUX16
    Replaced tree at $auto$rtlil.cc:3381:MuxGate$36413: 2 MUX2, 0 MUX4, 0 MUX8, 0 MUX16
    Replaced tree at $auto$rtlil.cc:3381:MuxGate$36409: 2 MUX2, 0 MUX4, 0 MUX8, 0 MUX16
    Replaced tree at $auto$rtlil.cc:3381:MuxGate$36405: 2 MUX2, 0 MUX4, 0 MUX8, 0 MUX16
    Replaced tree at $auto$rtlil.cc:3381:MuxGate$34643: 3 MUX2, 0 MUX4, 0 MUX8, 0 MUX16
    Replaced tree at $auto$rtlil.cc:3381:MuxGate$34547: 3 MUX2, 0 MUX4, 0 MUX8, 0 MUX16
    Replaced tree at $auto$rtlil.cc:3381:MuxGate$34543: 3 MUX2, 0 MUX4, 0 MUX8, 0 MUX16
    Replaced tree at $auto$rtlil.cc:3381:MuxGate$34551: 3 MUX2, 0 MUX4, 0 MUX8, 0 MUX16
    Replaced tree at $auto$rtlil.cc:3381:MuxGate$34475: 3 MUX2, 0 MUX4, 0 MUX8, 0 MUX16
    Replaced tree at $auto$rtlil.cc:3381:MuxGate$30539: 4 MUX2, 0 MUX4, 0 MUX8, 0 MUX16
    Replaced tree at $auto$rtlil.cc:3381:MuxGate$30541: 4 MUX2, 0 MUX4, 0 MUX8, 0 MUX16
    Replaced tree at $auto$rtlil.cc:3381:MuxGate$30545: 2 MUX2, 0 MUX4, 0 MUX8, 0 MUX16
    Replaced tree at $auto$rtlil.cc:3381:MuxGate$30549: 2 MUX2, 0 MUX4, 0 MUX8, 0 MUX16
    Replaced tree at $auto$rtlil.cc:3381:MuxGate$30553: 2 MUX2, 0 MUX4, 0 MUX8, 0 MUX16
    Replaced tree at $auto$rtlil.cc:3381:MuxGate$36357: 2 MUX2, 0 MUX4, 0 MUX8, 0 MUX16
    Replaced tree at $auto$rtlil.cc:3381:MuxGate$36353: 2 MUX2, 0 MUX4, 0 MUX8, 0 MUX16
    Replaced tree at $auto$rtlil.cc:3381:MuxGate$36349: 2 MUX2, 0 MUX4, 0 MUX8, 0 MUX16
    Replaced tree at $auto$rtlil.cc:3381:MuxGate$36345: 2 MUX2, 0 MUX4, 0 MUX8, 0 MUX16
    Replaced tree at $auto$rtlil.cc:3381:MuxGate$36341: 2 MUX2, 0 MUX4, 0 MUX8, 0 MUX16
    Replaced tree at $auto$rtlil.cc:3381:MuxGate$30557: 2 MUX2, 0 MUX4, 0 MUX8, 0 MUX16
    Replaced tree at $auto$rtlil.cc:3381:MuxGate$33643: 2 MUX2, 0 MUX4, 0 MUX8, 0 MUX16
    Replaced tree at $auto$rtlil.cc:3381:MuxGate$33639: 2 MUX2, 0 MUX4, 0 MUX8, 0 MUX16
    Replaced tree at $auto$rtlil.cc:3381:MuxGate$33635: 2 MUX2, 0 MUX4, 0 MUX8, 0 MUX16
    Replaced tree at $auto$rtlil.cc:3381:MuxGate$33631: 2 MUX2, 0 MUX4, 0 MUX8, 0 MUX16
    Replaced tree at $auto$rtlil.cc:3381:MuxGate$37037: 2 MUX2, 0 MUX4, 0 MUX8, 0 MUX16
    Replaced tree at $auto$rtlil.cc:3381:MuxGate$37061: 2 MUX2, 0 MUX4, 0 MUX8, 0 MUX16
    Replaced tree at $auto$rtlil.cc:3381:MuxGate$30457: 1 MUX2, 0 MUX4, 0 MUX8, 0 MUX16
    Replaced tree at $auto$rtlil.cc:3381:MuxGate$37021: 2 MUX2, 0 MUX4, 0 MUX8, 0 MUX16
    Replaced tree at $auto$rtlil.cc:3381:MuxGate$37065: 2 MUX2, 0 MUX4, 0 MUX8, 0 MUX16
    Replaced tree at $auto$rtlil.cc:3381:MuxGate$37041: 2 MUX2, 0 MUX4, 0 MUX8, 0 MUX16
    Replaced tree at $auto$rtlil.cc:3381:MuxGate$30461: 1 MUX2, 0 MUX4, 0 MUX8, 0 MUX16
    Replaced tree at $auto$rtlil.cc:3381:MuxGate$30463: 1 MUX2, 0 MUX4, 0 MUX8, 0 MUX16
    Replaced tree at $auto$rtlil.cc:3381:MuxGate$30465: 1 MUX2, 0 MUX4, 0 MUX8, 0 MUX16
    Replaced tree at $auto$rtlil.cc:3381:MuxGate$36321: 2 MUX2, 0 MUX4, 0 MUX8, 0 MUX16
    Replaced tree at $auto$rtlil.cc:3381:MuxGate$30467: 1 MUX2, 0 MUX4, 0 MUX8, 0 MUX16
    Replaced tree at $auto$rtlil.cc:3381:MuxGate$30469: 1 MUX2, 0 MUX4, 0 MUX8, 0 MUX16
    Replaced tree at $auto$rtlil.cc:3381:MuxGate$36317: 2 MUX2, 0 MUX4, 0 MUX8, 0 MUX16
    Replaced tree at $auto$rtlil.cc:3381:MuxGate$30471: 1 MUX2, 0 MUX4, 0 MUX8, 0 MUX16
    Replaced tree at $auto$rtlil.cc:3381:MuxGate$30473: 1 MUX2, 0 MUX4, 0 MUX8, 0 MUX16
    Replaced tree at $auto$rtlil.cc:3381:MuxGate$36313: 2 MUX2, 0 MUX4, 0 MUX8, 0 MUX16
    Replaced tree at $auto$rtlil.cc:3381:MuxGate$35165: 2 MUX2, 0 MUX4, 0 MUX8, 0 MUX16
    Replaced tree at $auto$rtlil.cc:3381:MuxGate$35093: 2 MUX2, 0 MUX4, 0 MUX8, 0 MUX16
    Replaced tree at $auto$rtlil.cc:3381:MuxGate$30451: 1 MUX2, 0 MUX4, 0 MUX8, 0 MUX16
    Replaced tree at $auto$rtlil.cc:3381:MuxGate$37053: 2 MUX2, 0 MUX4, 0 MUX8, 0 MUX16
    Replaced tree at $auto$rtlil.cc:3381:MuxGate$30453: 1 MUX2, 0 MUX4, 0 MUX8, 0 MUX16
    Replaced tree at $auto$rtlil.cc:3381:MuxGate$37029: 2 MUX2, 0 MUX4, 0 MUX8, 0 MUX16
    Replaced tree at $auto$rtlil.cc:3381:MuxGate$37033: 2 MUX2, 0 MUX4, 0 MUX8, 0 MUX16
    Replaced tree at $auto$rtlil.cc:3381:MuxGate$30323: 2 MUX2, 0 MUX4, 0 MUX8, 0 MUX16
    Replaced tree at $auto$rtlil.cc:3381:MuxGate$30311: 2 MUX2, 0 MUX4, 0 MUX8, 0 MUX16
    Replaced tree at $auto$rtlil.cc:3381:MuxGate$35101: 2 MUX2, 0 MUX4, 0 MUX8, 0 MUX16
    Replaced tree at $auto$rtlil.cc:3381:MuxGate$35237: 2 MUX2, 0 MUX4, 0 MUX8, 0 MUX16
    Replaced tree at $auto$rtlil.cc:3381:MuxGate$36309: 2 MUX2, 0 MUX4, 0 MUX8, 0 MUX16
    Replaced tree at $auto$rtlil.cc:3381:MuxGate$36305: 2 MUX2, 0 MUX4, 0 MUX8, 0 MUX16
    Replaced tree at $auto$rtlil.cc:3381:MuxGate$36301: 2 MUX2, 0 MUX4, 0 MUX8, 0 MUX16
    Replaced tree at $auto$rtlil.cc:3381:MuxGate$36297: 2 MUX2, 0 MUX4, 0 MUX8, 0 MUX16
    Replaced tree at $auto$rtlil.cc:3381:MuxGate$36337: 2 MUX2, 0 MUX4, 0 MUX8, 0 MUX16
    Replaced tree at $auto$rtlil.cc:3381:MuxGate$36333: 2 MUX2, 0 MUX4, 0 MUX8, 0 MUX16
    Replaced tree at $auto$rtlil.cc:3381:MuxGate$36329: 2 MUX2, 0 MUX4, 0 MUX8, 0 MUX16
    Replaced tree at $auto$rtlil.cc:3381:MuxGate$33627: 2 MUX2, 0 MUX4, 0 MUX8, 0 MUX16
    Replaced tree at $auto$rtlil.cc:3381:MuxGate$33625: 1 MUX2, 0 MUX4, 0 MUX8, 0 MUX16
    Replaced tree at $auto$rtlil.cc:3381:MuxGate$33623: 1 MUX2, 0 MUX4, 0 MUX8, 0 MUX16
    Replaced tree at $auto$rtlil.cc:3381:MuxGate$33621: 1 MUX2, 0 MUX4, 0 MUX8, 0 MUX16
    Replaced tree at $auto$rtlil.cc:3381:MuxGate$33619: 1 MUX2, 0 MUX4, 0 MUX8, 0 MUX16
    Replaced tree at $auto$rtlil.cc:3381:MuxGate$33617: 1 MUX2, 0 MUX4, 0 MUX8, 0 MUX16
    Replaced tree at $auto$rtlil.cc:3381:MuxGate$33615: 1 MUX2, 0 MUX4, 0 MUX8, 0 MUX16
    Replaced tree at $auto$rtlil.cc:3381:MuxGate$33613: 1 MUX2, 0 MUX4, 0 MUX8, 0 MUX16
    Replaced tree at $auto$rtlil.cc:3381:MuxGate$36293: 2 MUX2, 0 MUX4, 0 MUX8, 0 MUX16
    Replaced tree at $auto$rtlil.cc:3381:MuxGate$34603: 3 MUX2, 0 MUX4, 0 MUX8, 0 MUX16
    Replaced tree at $auto$rtlil.cc:3381:MuxGate$34607: 3 MUX2, 0 MUX4, 0 MUX8, 0 MUX16
    Replaced tree at $auto$rtlil.cc:3381:MuxGate$34611: 3 MUX2, 0 MUX4, 0 MUX8, 0 MUX16
    Replaced tree at $auto$rtlil.cc:3381:MuxGate$30427: 1 MUX2, 0 MUX4, 0 MUX8, 0 MUX16
    Replaced tree at $auto$rtlil.cc:3381:MuxGate$34615: 3 MUX2, 0 MUX4, 0 MUX8, 0 MUX16
    Replaced tree at $auto$rtlil.cc:3381:MuxGate$34967: 2 MUX2, 0 MUX4, 0 MUX8, 0 MUX16
    Replaced tree at $auto$rtlil.cc:3381:MuxGate$34963: 2 MUX2, 0 MUX4, 0 MUX8, 0 MUX16
    Replaced tree at $auto$rtlil.cc:3381:MuxGate$34979: 3 MUX2, 0 MUX4, 0 MUX8, 0 MUX16
    Replaced tree at $auto$rtlil.cc:3381:MuxGate$34931: 2 MUX2, 0 MUX4, 0 MUX8, 0 MUX16
    Replaced tree at $auto$rtlil.cc:3381:MuxGate$34943: 2 MUX2, 0 MUX4, 0 MUX8, 0 MUX16
    Replaced tree at $auto$rtlil.cc:3381:MuxGate$34951: 2 MUX2, 0 MUX4, 0 MUX8, 0 MUX16
    Replaced tree at $auto$rtlil.cc:3381:MuxGate$35361: 2 MUX2, 0 MUX4, 0 MUX8, 0 MUX16
    Replaced tree at $auto$rtlil.cc:3381:MuxGate$36861: 2 MUX2, 0 MUX4, 0 MUX8, 0 MUX16
    Replaced tree at $auto$rtlil.cc:3381:MuxGate$30359: 2 MUX2, 0 MUX4, 0 MUX8, 0 MUX16
    Replaced tree at $auto$rtlil.cc:3381:MuxGate$37133: 2 MUX2, 0 MUX4, 0 MUX8, 0 MUX16
    Replaced tree at $auto$rtlil.cc:3381:MuxGate$36829: 2 MUX2, 0 MUX4, 0 MUX8, 0 MUX16
    Replaced tree at $auto$rtlil.cc:3381:MuxGate$36825: 2 MUX2, 0 MUX4, 0 MUX8, 0 MUX16
    Replaced tree at $auto$rtlil.cc:3381:MuxGate$36821: 2 MUX2, 0 MUX4, 0 MUX8, 0 MUX16
    Replaced tree at $auto$rtlil.cc:3381:MuxGate$36817: 2 MUX2, 0 MUX4, 0 MUX8, 0 MUX16
    Replaced tree at $auto$rtlil.cc:3381:MuxGate$36813: 2 MUX2, 0 MUX4, 0 MUX8, 0 MUX16
    Replaced tree at $auto$rtlil.cc:3381:MuxGate$36809: 2 MUX2, 0 MUX4, 0 MUX8, 0 MUX16
    Replaced tree at $auto$rtlil.cc:3381:MuxGate$36805: 2 MUX2, 0 MUX4, 0 MUX8, 0 MUX16
    Replaced tree at $auto$rtlil.cc:3381:MuxGate$36397: 2 MUX2, 0 MUX4, 0 MUX8, 0 MUX16
    Replaced tree at $auto$rtlil.cc:3381:MuxGate$36393: 2 MUX2, 0 MUX4, 0 MUX8, 0 MUX16
    Replaced tree at $auto$rtlil.cc:3381:MuxGate$36389: 2 MUX2, 0 MUX4, 0 MUX8, 0 MUX16
    Replaced tree at $auto$rtlil.cc:3381:MuxGate$36385: 2 MUX2, 0 MUX4, 0 MUX8, 0 MUX16
    Replaced tree at $auto$rtlil.cc:3381:MuxGate$36381: 2 MUX2, 0 MUX4, 0 MUX8, 0 MUX16
    Replaced tree at $auto$rtlil.cc:3381:MuxGate$36377: 2 MUX2, 0 MUX4, 0 MUX8, 0 MUX16
    Replaced tree at $auto$rtlil.cc:3381:MuxGate$36373: 2 MUX2, 0 MUX4, 0 MUX8, 0 MUX16
    Replaced tree at $auto$rtlil.cc:3381:MuxGate$36369: 2 MUX2, 0 MUX4, 0 MUX8, 0 MUX16
    Replaced tree at $auto$rtlil.cc:3381:MuxGate$36365: 2 MUX2, 0 MUX4, 0 MUX8, 0 MUX16
    Replaced tree at $auto$rtlil.cc:3381:MuxGate$36361: 2 MUX2, 0 MUX4, 0 MUX8, 0 MUX16
    Replaced tree at $auto$rtlil.cc:3381:MuxGate$34531: 3 MUX2, 0 MUX4, 0 MUX8, 0 MUX16
    Replaced tree at $auto$rtlil.cc:3381:MuxGate$33611: 2 MUX2, 0 MUX4, 0 MUX8, 0 MUX16
    Replaced tree at $auto$rtlil.cc:3381:MuxGate$34451: 3 MUX2, 0 MUX4, 0 MUX8, 0 MUX16
    Replaced tree at $auto$rtlil.cc:3381:MuxGate$35229: 2 MUX2, 0 MUX4, 0 MUX8, 0 MUX16
    Replaced tree at $auto$rtlil.cc:3381:MuxGate$35145: 2 MUX2, 0 MUX4, 0 MUX8, 0 MUX16
    Replaced tree at $auto$rtlil.cc:3381:MuxGate$34535: 3 MUX2, 0 MUX4, 0 MUX8, 0 MUX16
    Replaced tree at $auto$rtlil.cc:3381:MuxGate$33607: 2 MUX2, 0 MUX4, 0 MUX8, 0 MUX16
    Replaced tree at $auto$rtlil.cc:3381:MuxGate$33603: 2 MUX2, 0 MUX4, 0 MUX8, 0 MUX16
    Replaced tree at $auto$rtlil.cc:3381:MuxGate$30561: 2 MUX2, 0 MUX4, 0 MUX8, 0 MUX16
    Replaced tree at $auto$rtlil.cc:3381:MuxGate$36289: 2 MUX2, 0 MUX4, 0 MUX8, 0 MUX16
    Replaced tree at $auto$rtlil.cc:3381:MuxGate$36285: 2 MUX2, 0 MUX4, 0 MUX8, 0 MUX16
    Replaced tree at $auto$rtlil.cc:3381:MuxGate$36281: 2 MUX2, 0 MUX4, 0 MUX8, 0 MUX16
    Replaced tree at $auto$rtlil.cc:3381:MuxGate$36277: 2 MUX2, 0 MUX4, 0 MUX8, 0 MUX16
    Replaced tree at $auto$rtlil.cc:3381:MuxGate$36273: 2 MUX2, 0 MUX4, 0 MUX8, 0 MUX16
    Replaced tree at $auto$rtlil.cc:3381:MuxGate$33599: 2 MUX2, 0 MUX4, 0 MUX8, 0 MUX16
    Replaced tree at $auto$rtlil.cc:3381:MuxGate$33595: 2 MUX2, 0 MUX4, 0 MUX8, 0 MUX16
    Replaced tree at $auto$rtlil.cc:3381:MuxGate$33591: 2 MUX2, 0 MUX4, 0 MUX8, 0 MUX16
    Replaced tree at $auto$rtlil.cc:3381:MuxGate$33587: 2 MUX2, 0 MUX4, 0 MUX8, 0 MUX16
    Replaced tree at $auto$rtlil.cc:3381:MuxGate$33583: 2 MUX2, 0 MUX4, 0 MUX8, 0 MUX16
    Replaced tree at $auto$rtlil.cc:3381:MuxGate$30167: 2 MUX2, 0 MUX4, 0 MUX8, 0 MUX16
    Replaced tree at $auto$rtlil.cc:3381:MuxGate$30163: 2 MUX2, 0 MUX4, 0 MUX8, 0 MUX16
    Replaced tree at $auto$rtlil.cc:3381:MuxGate$30159: 2 MUX2, 0 MUX4, 0 MUX8, 0 MUX16
    Replaced tree at $auto$rtlil.cc:3381:MuxGate$30155: 2 MUX2, 0 MUX4, 0 MUX8, 0 MUX16
    Replaced tree at $auto$rtlil.cc:3381:MuxGate$34285: 2 MUX2, 0 MUX4, 0 MUX8, 0 MUX16
    Replaced tree at $auto$rtlil.cc:3381:MuxGate$30565: 2 MUX2, 0 MUX4, 0 MUX8, 0 MUX16
    Replaced tree at $auto$rtlil.cc:3381:MuxGate$30569: 2 MUX2, 0 MUX4, 0 MUX8, 0 MUX16
    Replaced tree at $auto$rtlil.cc:3381:MuxGate$36269: 2 MUX2, 0 MUX4, 0 MUX8, 0 MUX16
    Replaced tree at $auto$rtlil.cc:3381:MuxGate$36265: 2 MUX2, 0 MUX4, 0 MUX8, 0 MUX16
    Replaced tree at $auto$rtlil.cc:3381:MuxGate$36261: 2 MUX2, 0 MUX4, 0 MUX8, 0 MUX16
    Replaced tree at $auto$rtlil.cc:3381:MuxGate$33579: 2 MUX2, 0 MUX4, 0 MUX8, 0 MUX16
    Replaced tree at $auto$rtlil.cc:3381:MuxGate$33575: 2 MUX2, 0 MUX4, 0 MUX8, 0 MUX16
    Replaced tree at $auto$rtlil.cc:3381:MuxGate$33571: 2 MUX2, 0 MUX4, 0 MUX8, 0 MUX16
    Replaced tree at $auto$rtlil.cc:3381:MuxGate$30239: 2 MUX2, 0 MUX4, 0 MUX8, 0 MUX16
    Replaced tree at $auto$rtlil.cc:3381:MuxGate$30147: 2 MUX2, 0 MUX4, 0 MUX8, 0 MUX16
    Replaced tree at $auto$rtlil.cc:3381:MuxGate$30143: 2 MUX2, 0 MUX4, 0 MUX8, 0 MUX16
    Replaced tree at $auto$rtlil.cc:3381:MuxGate$30139: 2 MUX2, 0 MUX4, 0 MUX8, 0 MUX16
    Replaced tree at $auto$rtlil.cc:3381:MuxGate$36257: 2 MUX2, 0 MUX4, 0 MUX8, 0 MUX16
    Replaced tree at $auto$rtlil.cc:3381:MuxGate$36253: 2 MUX2, 0 MUX4, 0 MUX8, 0 MUX16
    Replaced tree at $auto$rtlil.cc:3381:MuxGate$36249: 2 MUX2, 0 MUX4, 0 MUX8, 0 MUX16
    Replaced tree at $auto$rtlil.cc:3381:MuxGate$36245: 2 MUX2, 0 MUX4, 0 MUX8, 0 MUX16
    Replaced tree at $auto$rtlil.cc:3381:MuxGate$36241: 2 MUX2, 0 MUX4, 0 MUX8, 0 MUX16
    Replaced tree at $auto$rtlil.cc:3381:MuxGate$36237: 2 MUX2, 0 MUX4, 0 MUX8, 0 MUX16
    Replaced tree at $auto$rtlil.cc:3381:MuxGate$36233: 2 MUX2, 0 MUX4, 0 MUX8, 0 MUX16
    Replaced tree at $auto$rtlil.cc:3381:MuxGate$36229: 2 MUX2, 0 MUX4, 0 MUX8, 0 MUX16
    Replaced tree at $auto$rtlil.cc:3381:MuxGate$33567: 2 MUX2, 0 MUX4, 0 MUX8, 0 MUX16
    Replaced tree at $auto$rtlil.cc:3381:MuxGate$33563: 2 MUX2, 0 MUX4, 0 MUX8, 0 MUX16
    Replaced tree at $auto$rtlil.cc:3381:MuxGate$33559: 2 MUX2, 0 MUX4, 0 MUX8, 0 MUX16
    Replaced tree at $auto$rtlil.cc:3381:MuxGate$33555: 2 MUX2, 0 MUX4, 0 MUX8, 0 MUX16
    Replaced tree at $auto$rtlil.cc:3381:MuxGate$33551: 2 MUX2, 0 MUX4, 0 MUX8, 0 MUX16
    Replaced tree at $auto$rtlil.cc:3381:MuxGate$33547: 2 MUX2, 0 MUX4, 0 MUX8, 0 MUX16
    Replaced tree at $auto$rtlil.cc:3381:MuxGate$33543: 2 MUX2, 0 MUX4, 0 MUX8, 0 MUX16
    Replaced tree at $auto$rtlil.cc:3381:MuxGate$33539: 2 MUX2, 0 MUX4, 0 MUX8, 0 MUX16
    Replaced tree at $auto$rtlil.cc:3381:MuxGate$30135: 2 MUX2, 0 MUX4, 0 MUX8, 0 MUX16
    Replaced tree at $auto$rtlil.cc:3381:MuxGate$30131: 2 MUX2, 0 MUX4, 0 MUX8, 0 MUX16
    Replaced tree at $auto$rtlil.cc:3381:MuxGate$30127: 2 MUX2, 0 MUX4, 0 MUX8, 0 MUX16
    Replaced tree at $auto$rtlil.cc:3381:MuxGate$30123: 2 MUX2, 0 MUX4, 0 MUX8, 0 MUX16
    Replaced tree at $auto$rtlil.cc:3381:MuxGate$30119: 2 MUX2, 0 MUX4, 0 MUX8, 0 MUX16
    Replaced tree at $auto$rtlil.cc:3381:MuxGate$30115: 2 MUX2, 0 MUX4, 0 MUX8, 0 MUX16
    Replaced tree at $auto$rtlil.cc:3381:MuxGate$30111: 2 MUX2, 0 MUX4, 0 MUX8, 0 MUX16
    Replaced tree at $auto$rtlil.cc:3381:MuxGate$30107: 2 MUX2, 0 MUX4, 0 MUX8, 0 MUX16
    Replaced tree at $auto$rtlil.cc:3381:MuxGate$36225: 2 MUX2, 0 MUX4, 0 MUX8, 0 MUX16
    Replaced tree at $auto$rtlil.cc:3381:MuxGate$36221: 2 MUX2, 0 MUX4, 0 MUX8, 0 MUX16
    Replaced tree at $auto$rtlil.cc:3381:MuxGate$36217: 2 MUX2, 0 MUX4, 0 MUX8, 0 MUX16
    Replaced tree at $auto$rtlil.cc:3381:MuxGate$36869: 2 MUX2, 0 MUX4, 0 MUX8, 0 MUX16
    Replaced tree at $auto$rtlil.cc:3381:MuxGate$35055: 1 MUX2, 0 MUX4, 0 MUX8, 0 MUX16
    Replaced tree at $auto$rtlil.cc:3381:MuxGate$36213: 2 MUX2, 0 MUX4, 0 MUX8, 0 MUX16
    Replaced tree at $auto$rtlil.cc:3381:MuxGate$36209: 2 MUX2, 0 MUX4, 0 MUX8, 0 MUX16
    Replaced tree at $auto$rtlil.cc:3381:MuxGate$36205: 2 MUX2, 0 MUX4, 0 MUX8, 0 MUX16
    Replaced tree at $auto$rtlil.cc:3381:MuxGate$36201: 2 MUX2, 0 MUX4, 0 MUX8, 0 MUX16
    Replaced tree at $auto$rtlil.cc:3381:MuxGate$36197: 2 MUX2, 0 MUX4, 0 MUX8, 0 MUX16
    Replaced tree at $auto$rtlil.cc:3381:MuxGate$36193: 2 MUX2, 0 MUX4, 0 MUX8, 0 MUX16
    Replaced tree at $auto$rtlil.cc:3381:MuxGate$36189: 2 MUX2, 0 MUX4, 0 MUX8, 0 MUX16
    Replaced tree at $auto$rtlil.cc:3381:MuxGate$36185: 2 MUX2, 0 MUX4, 0 MUX8, 0 MUX16
    Replaced tree at $auto$rtlil.cc:3381:MuxGate$36181: 2 MUX2, 0 MUX4, 0 MUX8, 0 MUX16
    Replaced tree at $auto$rtlil.cc:3381:MuxGate$36177: 2 MUX2, 0 MUX4, 0 MUX8, 0 MUX16
    Replaced tree at $auto$rtlil.cc:3381:MuxGate$36173: 2 MUX2, 0 MUX4, 0 MUX8, 0 MUX16
    Replaced tree at $auto$rtlil.cc:3381:MuxGate$36169: 2 MUX2, 0 MUX4, 0 MUX8, 0 MUX16
    Replaced tree at $auto$rtlil.cc:3381:MuxGate$36165: 2 MUX2, 0 MUX4, 0 MUX8, 0 MUX16
    Replaced tree at $auto$rtlil.cc:3381:MuxGate$36161: 2 MUX2, 0 MUX4, 0 MUX8, 0 MUX16
    Replaced tree at $auto$rtlil.cc:3381:MuxGate$36157: 2 MUX2, 0 MUX4, 0 MUX8, 0 MUX16
    Replaced tree at $auto$rtlil.cc:3381:MuxGate$36153: 2 MUX2, 0 MUX4, 0 MUX8, 0 MUX16
    Replaced tree at $auto$rtlil.cc:3381:MuxGate$36149: 2 MUX2, 0 MUX4, 0 MUX8, 0 MUX16
    Replaced tree at $auto$rtlil.cc:3381:MuxGate$36145: 2 MUX2, 0 MUX4, 0 MUX8, 0 MUX16
    Replaced tree at $auto$rtlil.cc:3381:MuxGate$36141: 2 MUX2, 0 MUX4, 0 MUX8, 0 MUX16
    Replaced tree at $auto$rtlil.cc:3381:MuxGate$36137: 2 MUX2, 0 MUX4, 0 MUX8, 0 MUX16
    Replaced tree at $auto$rtlil.cc:3381:MuxGate$36133: 2 MUX2, 0 MUX4, 0 MUX8, 0 MUX16
    Replaced tree at $auto$rtlil.cc:3381:MuxGate$36129: 2 MUX2, 0 MUX4, 0 MUX8, 0 MUX16
    Replaced tree at $auto$rtlil.cc:3381:MuxGate$36125: 2 MUX2, 0 MUX4, 0 MUX8, 0 MUX16
    Replaced tree at $auto$rtlil.cc:3381:MuxGate$36121: 2 MUX2, 0 MUX4, 0 MUX8, 0 MUX16
    Replaced tree at $auto$rtlil.cc:3381:MuxGate$36117: 2 MUX2, 0 MUX4, 0 MUX8, 0 MUX16
    Replaced tree at $auto$rtlil.cc:3381:MuxGate$36113: 2 MUX2, 0 MUX4, 0 MUX8, 0 MUX16
    Replaced tree at $auto$rtlil.cc:3381:MuxGate$36109: 2 MUX2, 0 MUX4, 0 MUX8, 0 MUX16
    Replaced tree at $auto$rtlil.cc:3381:MuxGate$36105: 2 MUX2, 0 MUX4, 0 MUX8, 0 MUX16
    Replaced tree at $auto$rtlil.cc:3381:MuxGate$36101: 2 MUX2, 0 MUX4, 0 MUX8, 0 MUX16
    Replaced tree at $auto$rtlil.cc:3381:MuxGate$36097: 2 MUX2, 0 MUX4, 0 MUX8, 0 MUX16
    Replaced tree at $auto$rtlil.cc:3381:MuxGate$36093: 2 MUX2, 0 MUX4, 0 MUX8, 0 MUX16
    Replaced tree at $auto$rtlil.cc:3381:MuxGate$36089: 2 MUX2, 0 MUX4, 0 MUX8, 0 MUX16
    Replaced tree at $auto$rtlil.cc:3381:MuxGate$36085: 2 MUX2, 0 MUX4, 0 MUX8, 0 MUX16
    Replaced tree at $auto$rtlil.cc:3381:MuxGate$36081: 2 MUX2, 0 MUX4, 0 MUX8, 0 MUX16
    Replaced tree at $auto$rtlil.cc:3381:MuxGate$33535: 2 MUX2, 0 MUX4, 0 MUX8, 0 MUX16
    Replaced tree at $auto$rtlil.cc:3381:MuxGate$37125: 2 MUX2, 0 MUX4, 0 MUX8, 0 MUX16
    Replaced tree at $auto$rtlil.cc:3381:MuxGate$37117: 2 MUX2, 0 MUX4, 0 MUX8, 0 MUX16
    Replaced tree at $auto$rtlil.cc:3381:MuxGate$30355: 2 MUX2, 0 MUX4, 0 MUX8, 0 MUX16
    Replaced tree at $auto$rtlil.cc:3381:MuxGate$36077: 2 MUX2, 0 MUX4, 0 MUX8, 0 MUX16
    Replaced tree at $auto$rtlil.cc:3381:MuxGate$36073: 2 MUX2, 0 MUX4, 0 MUX8, 0 MUX16
    Replaced tree at $auto$rtlil.cc:3381:MuxGate$36069: 2 MUX2, 0 MUX4, 0 MUX8, 0 MUX16
    Replaced tree at $auto$rtlil.cc:3381:MuxGate$36065: 2 MUX2, 0 MUX4, 0 MUX8, 0 MUX16
    Replaced tree at $auto$rtlil.cc:3381:MuxGate$36061: 2 MUX2, 0 MUX4, 0 MUX8, 0 MUX16
    Replaced tree at $auto$rtlil.cc:3381:MuxGate$36057: 2 MUX2, 0 MUX4, 0 MUX8, 0 MUX16
    Replaced tree at $auto$rtlil.cc:3381:MuxGate$36053: 2 MUX2, 0 MUX4, 0 MUX8, 0 MUX16
    Replaced tree at $auto$rtlil.cc:3381:MuxGate$36049: 2 MUX2, 0 MUX4, 0 MUX8, 0 MUX16
    Replaced tree at $auto$rtlil.cc:3381:MuxGate$36045: 2 MUX2, 0 MUX4, 0 MUX8, 0 MUX16
    Replaced tree at $auto$rtlil.cc:3381:MuxGate$36041: 2 MUX2, 0 MUX4, 0 MUX8, 0 MUX16
    Replaced tree at $auto$rtlil.cc:3381:MuxGate$36037: 2 MUX2, 0 MUX4, 0 MUX8, 0 MUX16
    Replaced tree at $auto$rtlil.cc:3381:MuxGate$36033: 2 MUX2, 0 MUX4, 0 MUX8, 0 MUX16
    Replaced tree at $auto$rtlil.cc:3381:MuxGate$33531: 2 MUX2, 0 MUX4, 0 MUX8, 0 MUX16
    Replaced tree at $auto$rtlil.cc:3381:MuxGate$33527: 2 MUX2, 0 MUX4, 0 MUX8, 0 MUX16
    Replaced tree at $auto$rtlil.cc:3381:MuxGate$33523: 2 MUX2, 0 MUX4, 0 MUX8, 0 MUX16
    Replaced tree at $auto$rtlil.cc:3381:MuxGate$33519: 2 MUX2, 0 MUX4, 0 MUX8, 0 MUX16
    Replaced tree at $auto$rtlil.cc:3381:MuxGate$33515: 2 MUX2, 0 MUX4, 0 MUX8, 0 MUX16
    Replaced tree at $auto$rtlil.cc:3381:MuxGate$36789: 2 MUX2, 0 MUX4, 0 MUX8, 0 MUX16
    Replaced tree at $auto$rtlil.cc:3381:MuxGate$30885: 3 MUX2, 0 MUX4, 0 MUX8, 0 MUX16
    Replaced tree at $auto$rtlil.cc:3381:MuxGate$30889: 3 MUX2, 0 MUX4, 0 MUX8, 0 MUX16
    Replaced tree at $auto$rtlil.cc:3381:MuxGate$30893: 3 MUX2, 0 MUX4, 0 MUX8, 0 MUX16
    Replaced tree at $auto$rtlil.cc:3381:MuxGate$37613: 2 MUX2, 0 MUX4, 0 MUX8, 0 MUX16
    Replaced tree at $auto$rtlil.cc:3381:MuxGate$36777: 2 MUX2, 0 MUX4, 0 MUX8, 0 MUX16
    Replaced tree at $auto$rtlil.cc:3381:MuxGate$30897: 3 MUX2, 0 MUX4, 0 MUX8, 0 MUX16
    Replaced tree at $auto$rtlil.cc:3381:MuxGate$37609: 2 MUX2, 0 MUX4, 0 MUX8, 0 MUX16
    Replaced tree at $auto$rtlil.cc:3381:MuxGate$30901: 3 MUX2, 0 MUX4, 0 MUX8, 0 MUX16
    Replaced tree at $auto$rtlil.cc:3381:MuxGate$30905: 3 MUX2, 0 MUX4, 0 MUX8, 0 MUX16
    Replaced tree at $auto$rtlil.cc:3381:MuxGate$37621: 2 MUX2, 0 MUX4, 0 MUX8, 0 MUX16
    Replaced tree at $auto$rtlil.cc:3381:MuxGate$36781: 2 MUX2, 0 MUX4, 0 MUX8, 0 MUX16
    Replaced tree at $auto$rtlil.cc:3381:MuxGate$34317: 2 MUX2, 0 MUX4, 0 MUX8, 0 MUX16
    Replaced tree at $auto$rtlil.cc:3381:MuxGate$30929: 2 MUX2, 0 MUX4, 0 MUX8, 0 MUX16
    Replaced tree at $auto$rtlil.cc:3381:MuxGate$35953: 2 MUX2, 0 MUX4, 0 MUX8, 0 MUX16
    Replaced tree at $auto$rtlil.cc:3381:MuxGate$30933: 2 MUX2, 0 MUX4, 0 MUX8, 0 MUX16
    Replaced tree at $auto$rtlil.cc:3381:MuxGate$35945: 2 MUX2, 0 MUX4, 0 MUX8, 0 MUX16
    Replaced tree at $auto$rtlil.cc:3381:MuxGate$35937: 2 MUX2, 0 MUX4, 0 MUX8, 0 MUX16
    Replaced tree at $auto$rtlil.cc:3381:MuxGate$35921: 2 MUX2, 0 MUX4, 0 MUX8, 0 MUX16
    Replaced tree at $auto$rtlil.cc:3381:MuxGate$35925: 2 MUX2, 0 MUX4, 0 MUX8, 0 MUX16
    Replaced tree at $auto$rtlil.cc:3381:MuxGate$30937: 2 MUX2, 0 MUX4, 0 MUX8, 0 MUX16
    Replaced tree at $auto$rtlil.cc:3381:MuxGate$36765: 2 MUX2, 0 MUX4, 0 MUX8, 0 MUX16
    Replaced tree at $auto$rtlil.cc:3381:MuxGate$35949: 2 MUX2, 0 MUX4, 0 MUX8, 0 MUX16
    Replaced tree at $auto$rtlil.cc:3381:MuxGate$35965: 2 MUX2, 0 MUX4, 0 MUX8, 0 MUX16
    Replaced tree at $auto$rtlil.cc:3381:MuxGate$35933: 2 MUX2, 0 MUX4, 0 MUX8, 0 MUX16
    Replaced tree at $auto$rtlil.cc:3381:MuxGate$35961: 2 MUX2, 0 MUX4, 0 MUX8, 0 MUX16
    Replaced tree at $auto$rtlil.cc:3381:MuxGate$35929: 2 MUX2, 0 MUX4, 0 MUX8, 0 MUX16
    Replaced tree at $auto$rtlil.cc:3381:MuxGate$35957: 2 MUX2, 0 MUX4, 0 MUX8, 0 MUX16
    Replaced tree at $auto$rtlil.cc:3381:MuxGate$35941: 2 MUX2, 0 MUX4, 0 MUX8, 0 MUX16
    Replaced tree at $auto$rtlil.cc:3381:MuxGate$35233: 2 MUX2, 0 MUX4, 0 MUX8, 0 MUX16
    Replaced tree at $auto$rtlil.cc:3381:MuxGate$35989: 2 MUX2, 0 MUX4, 0 MUX8, 0 MUX16
    Replaced tree at $auto$rtlil.cc:3381:MuxGate$35993: 2 MUX2, 0 MUX4, 0 MUX8, 0 MUX16
    Replaced tree at $auto$rtlil.cc:3381:MuxGate$35997: 2 MUX2, 0 MUX4, 0 MUX8, 0 MUX16
    Replaced tree at $auto$rtlil.cc:3381:MuxGate$36001: 2 MUX2, 0 MUX4, 0 MUX8, 0 MUX16
    Replaced tree at $auto$rtlil.cc:3381:MuxGate$36005: 2 MUX2, 0 MUX4, 0 MUX8, 0 MUX16
    Replaced tree at $auto$rtlil.cc:3381:MuxGate$36009: 2 MUX2, 0 MUX4, 0 MUX8, 0 MUX16
    Replaced tree at $auto$rtlil.cc:3381:MuxGate$36013: 2 MUX2, 0 MUX4, 0 MUX8, 0 MUX16
    Replaced tree at $auto$rtlil.cc:3381:MuxGate$36017: 2 MUX2, 0 MUX4, 0 MUX8, 0 MUX16
    Replaced tree at $auto$rtlil.cc:3381:MuxGate$36021: 2 MUX2, 0 MUX4, 0 MUX8, 0 MUX16
    Replaced tree at $auto$rtlil.cc:3381:MuxGate$36025: 2 MUX2, 0 MUX4, 0 MUX8, 0 MUX16
    Replaced tree at $auto$rtlil.cc:3381:MuxGate$35985: 2 MUX2, 0 MUX4, 0 MUX8, 0 MUX16
    Replaced tree at $auto$rtlil.cc:3381:MuxGate$35981: 2 MUX2, 0 MUX4, 0 MUX8, 0 MUX16
    Replaced tree at $auto$rtlil.cc:3381:MuxGate$35977: 2 MUX2, 0 MUX4, 0 MUX8, 0 MUX16
    Replaced tree at $auto$rtlil.cc:3381:MuxGate$35973: 2 MUX2, 0 MUX4, 0 MUX8, 0 MUX16
    Replaced tree at $auto$rtlil.cc:3381:MuxGate$35969: 2 MUX2, 0 MUX4, 0 MUX8, 0 MUX16
    Replaced tree at $auto$rtlil.cc:3381:MuxGate$35917: 2 MUX2, 0 MUX4, 0 MUX8, 0 MUX16
    Replaced tree at $auto$rtlil.cc:3381:MuxGate$35913: 2 MUX2, 0 MUX4, 0 MUX8, 0 MUX16
    Replaced tree at $auto$rtlil.cc:3381:MuxGate$35909: 2 MUX2, 0 MUX4, 0 MUX8, 0 MUX16
    Replaced tree at $auto$rtlil.cc:3381:MuxGate$35905: 2 MUX2, 0 MUX4, 0 MUX8, 0 MUX16
    Replaced tree at $auto$rtlil.cc:3381:MuxGate$35901: 2 MUX2, 0 MUX4, 0 MUX8, 0 MUX16
    Replaced tree at $auto$rtlil.cc:3381:MuxGate$35897: 2 MUX2, 0 MUX4, 0 MUX8, 0 MUX16
    Replaced tree at $auto$rtlil.cc:3381:MuxGate$35893: 2 MUX2, 0 MUX4, 0 MUX8, 0 MUX16
    Replaced tree at $auto$rtlil.cc:3381:MuxGate$35889: 2 MUX2, 0 MUX4, 0 MUX8, 0 MUX16
    Replaced tree at $auto$rtlil.cc:3381:MuxGate$33511: 2 MUX2, 0 MUX4, 0 MUX8, 0 MUX16
    Replaced tree at $auto$rtlil.cc:3381:MuxGate$35885: 2 MUX2, 0 MUX4, 0 MUX8, 0 MUX16
    Replaced tree at $auto$rtlil.cc:3381:MuxGate$35881: 2 MUX2, 0 MUX4, 0 MUX8, 0 MUX16
    Replaced tree at $auto$rtlil.cc:3381:MuxGate$35877: 2 MUX2, 0 MUX4, 0 MUX8, 0 MUX16
    Replaced tree at $auto$rtlil.cc:3381:MuxGate$35873: 2 MUX2, 0 MUX4, 0 MUX8, 0 MUX16
    Replaced tree at $auto$rtlil.cc:3381:MuxGate$35869: 2 MUX2, 0 MUX4, 0 MUX8, 0 MUX16
    Replaced tree at $auto$rtlil.cc:3381:MuxGate$35865: 2 MUX2, 0 MUX4, 0 MUX8, 0 MUX16
    Replaced tree at $auto$rtlil.cc:3381:MuxGate$35861: 2 MUX2, 0 MUX4, 0 MUX8, 0 MUX16
    Replaced tree at $auto$rtlil.cc:3381:MuxGate$35857: 2 MUX2, 0 MUX4, 0 MUX8, 0 MUX16
    Replaced tree at $auto$rtlil.cc:3381:MuxGate$35097: 2 MUX2, 0 MUX4, 0 MUX8, 0 MUX16
    Replaced tree at $auto$rtlil.cc:3381:MuxGate$36785: 2 MUX2, 0 MUX4, 0 MUX8, 0 MUX16
    Replaced tree at $auto$rtlil.cc:3381:MuxGate$35853: 2 MUX2, 0 MUX4, 0 MUX8, 0 MUX16
    Replaced tree at $auto$rtlil.cc:3381:MuxGate$35849: 2 MUX2, 0 MUX4, 0 MUX8, 0 MUX16
    Replaced tree at $auto$rtlil.cc:3381:MuxGate$35845: 2 MUX2, 0 MUX4, 0 MUX8, 0 MUX16
    Replaced tree at $auto$rtlil.cc:3381:MuxGate$35841: 2 MUX2, 0 MUX4, 0 MUX8, 0 MUX16
    Replaced tree at $auto$rtlil.cc:3381:MuxGate$35837: 2 MUX2, 0 MUX4, 0 MUX8, 0 MUX16
    Replaced tree at $auto$rtlil.cc:3381:MuxGate$35833: 2 MUX2, 0 MUX4, 0 MUX8, 0 MUX16
    Replaced tree at $auto$rtlil.cc:3381:MuxGate$35829: 2 MUX2, 0 MUX4, 0 MUX8, 0 MUX16
    Replaced tree at $auto$rtlil.cc:3381:MuxGate$35825: 2 MUX2, 0 MUX4, 0 MUX8, 0 MUX16
    Replaced tree at $auto$rtlil.cc:3381:MuxGate$35821: 2 MUX2, 0 MUX4, 0 MUX8, 0 MUX16
    Replaced tree at $auto$rtlil.cc:3381:MuxGate$35817: 2 MUX2, 0 MUX4, 0 MUX8, 0 MUX16
    Replaced tree at $auto$rtlil.cc:3381:MuxGate$35813: 2 MUX2, 0 MUX4, 0 MUX8, 0 MUX16
    Replaced tree at $auto$rtlil.cc:3381:MuxGate$35809: 2 MUX2, 0 MUX4, 0 MUX8, 0 MUX16
    Replaced tree at $auto$rtlil.cc:3381:MuxGate$35805: 2 MUX2, 0 MUX4, 0 MUX8, 0 MUX16
    Replaced tree at $auto$rtlil.cc:3381:MuxGate$35801: 2 MUX2, 0 MUX4, 0 MUX8, 0 MUX16
    Replaced tree at $auto$rtlil.cc:3381:MuxGate$35797: 2 MUX2, 0 MUX4, 0 MUX8, 0 MUX16
    Replaced tree at $auto$rtlil.cc:3381:MuxGate$33507: 2 MUX2, 0 MUX4, 0 MUX8, 0 MUX16
    Replaced tree at $auto$rtlil.cc:3381:MuxGate$33503: 2 MUX2, 0 MUX4, 0 MUX8, 0 MUX16
    Replaced tree at $auto$rtlil.cc:3381:MuxGate$33499: 2 MUX2, 0 MUX4, 0 MUX8, 0 MUX16
    Replaced tree at $auto$rtlil.cc:3381:MuxGate$33495: 2 MUX2, 0 MUX4, 0 MUX8, 0 MUX16
    Replaced tree at $auto$rtlil.cc:3381:MuxGate$33491: 2 MUX2, 0 MUX4, 0 MUX8, 0 MUX16
    Replaced tree at $auto$rtlil.cc:3381:MuxGate$33487: 2 MUX2, 0 MUX4, 0 MUX8, 0 MUX16
    Replaced tree at $auto$rtlil.cc:3381:MuxGate$33483: 2 MUX2, 0 MUX4, 0 MUX8, 0 MUX16
    Replaced tree at $auto$rtlil.cc:3381:MuxGate$33479: 2 MUX2, 0 MUX4, 0 MUX8, 0 MUX16
    Replaced tree at $auto$rtlil.cc:3381:MuxGate$35793: 2 MUX2, 0 MUX4, 0 MUX8, 0 MUX16
    Replaced tree at $auto$rtlil.cc:3381:MuxGate$35789: 2 MUX2, 0 MUX4, 0 MUX8, 0 MUX16
    Replaced tree at $auto$rtlil.cc:3381:MuxGate$35785: 2 MUX2, 0 MUX4, 0 MUX8, 0 MUX16
    Replaced tree at $auto$rtlil.cc:3381:MuxGate$35781: 2 MUX2, 0 MUX4, 0 MUX8, 0 MUX16
    Replaced tree at $auto$rtlil.cc:3381:MuxGate$35777: 2 MUX2, 0 MUX4, 0 MUX8, 0 MUX16
    Replaced tree at $auto$rtlil.cc:3381:MuxGate$35773: 2 MUX2, 0 MUX4, 0 MUX8, 0 MUX16
    Replaced tree at $auto$rtlil.cc:3381:MuxGate$35769: 2 MUX2, 0 MUX4, 0 MUX8, 0 MUX16
    Replaced tree at $auto$rtlil.cc:3381:MuxGate$35765: 2 MUX2, 0 MUX4, 0 MUX8, 0 MUX16
    Replaced tree at $auto$rtlil.cc:3381:MuxGate$35761: 2 MUX2, 0 MUX4, 0 MUX8, 0 MUX16
    Replaced tree at $auto$rtlil.cc:3381:MuxGate$35757: 2 MUX2, 0 MUX4, 0 MUX8, 0 MUX16
    Replaced tree at $auto$rtlil.cc:3381:MuxGate$35753: 2 MUX2, 0 MUX4, 0 MUX8, 0 MUX16
    Replaced tree at $auto$rtlil.cc:3381:MuxGate$35749: 2 MUX2, 0 MUX4, 0 MUX8, 0 MUX16
    Replaced tree at $auto$rtlil.cc:3381:MuxGate$35745: 2 MUX2, 0 MUX4, 0 MUX8, 0 MUX16
    Replaced tree at $auto$rtlil.cc:3381:MuxGate$35741: 2 MUX2, 0 MUX4, 0 MUX8, 0 MUX16
    Replaced tree at $auto$rtlil.cc:3381:MuxGate$35737: 2 MUX2, 0 MUX4, 0 MUX8, 0 MUX16
    Replaced tree at $auto$rtlil.cc:3381:MuxGate$35109: 2 MUX2, 0 MUX4, 0 MUX8, 0 MUX16
    Replaced tree at $auto$rtlil.cc:3381:MuxGate$35733: 2 MUX2, 0 MUX4, 0 MUX8, 0 MUX16
    Replaced tree at $auto$rtlil.cc:3381:MuxGate$33475: 2 MUX2, 0 MUX4, 0 MUX8, 0 MUX16
    Replaced tree at $auto$rtlil.cc:3381:MuxGate$33471: 2 MUX2, 0 MUX4, 0 MUX8, 0 MUX16
    Replaced tree at $auto$rtlil.cc:3381:MuxGate$33467: 2 MUX2, 0 MUX4, 0 MUX8, 0 MUX16
    Replaced tree at $auto$rtlil.cc:3381:MuxGate$33463: 2 MUX2, 0 MUX4, 0 MUX8, 0 MUX16
    Replaced tree at $auto$rtlil.cc:3381:MuxGate$35205: 2 MUX2, 0 MUX4, 0 MUX8, 0 MUX16
    Replaced tree at $auto$rtlil.cc:3381:MuxGate$33459: 2 MUX2, 0 MUX4, 0 MUX8, 0 MUX16
    Replaced tree at $auto$rtlil.cc:3381:MuxGate$35201: 2 MUX2, 0 MUX4, 0 MUX8, 0 MUX16
    Replaced tree at $auto$rtlil.cc:3381:MuxGate$35721: 2 MUX2, 0 MUX4, 0 MUX8, 0 MUX16
    Replaced tree at $auto$rtlil.cc:3381:MuxGate$35717: 2 MUX2, 0 MUX4, 0 MUX8, 0 MUX16
    Replaced tree at $auto$rtlil.cc:3381:MuxGate$35713: 2 MUX2, 0 MUX4, 0 MUX8, 0 MUX16
    Replaced tree at $auto$rtlil.cc:3381:MuxGate$35709: 2 MUX2, 0 MUX4, 0 MUX8, 0 MUX16
    Replaced tree at $auto$rtlil.cc:3381:MuxGate$35705: 2 MUX2, 0 MUX4, 0 MUX8, 0 MUX16
    Replaced tree at $auto$rtlil.cc:3381:MuxGate$35701: 2 MUX2, 0 MUX4, 0 MUX8, 0 MUX16
    Replaced tree at $auto$rtlil.cc:3381:MuxGate$35697: 2 MUX2, 0 MUX4, 0 MUX8, 0 MUX16
    Replaced tree at $auto$rtlil.cc:3381:MuxGate$35693: 2 MUX2, 0 MUX4, 0 MUX8, 0 MUX16
    Replaced tree at $auto$rtlil.cc:3381:MuxGate$35689: 2 MUX2, 0 MUX4, 0 MUX8, 0 MUX16
    Replaced tree at $auto$rtlil.cc:3381:MuxGate$35685: 2 MUX2, 0 MUX4, 0 MUX8, 0 MUX16
    Replaced tree at $auto$rtlil.cc:3381:MuxGate$35681: 2 MUX2, 0 MUX4, 0 MUX8, 0 MUX16
    Replaced tree at $auto$rtlil.cc:3381:MuxGate$35677: 2 MUX2, 0 MUX4, 0 MUX8, 0 MUX16
    Replaced tree at $auto$rtlil.cc:3381:MuxGate$35673: 2 MUX2, 0 MUX4, 0 MUX8, 0 MUX16
    Replaced tree at $auto$rtlil.cc:3381:MuxGate$33455: 2 MUX2, 0 MUX4, 0 MUX8, 0 MUX16
    Replaced tree at $auto$rtlil.cc:3381:MuxGate$33451: 2 MUX2, 0 MUX4, 0 MUX8, 0 MUX16
    Replaced tree at $auto$rtlil.cc:3381:MuxGate$33447: 2 MUX2, 0 MUX4, 0 MUX8, 0 MUX16
    Replaced tree at $auto$rtlil.cc:3381:MuxGate$33443: 2 MUX2, 0 MUX4, 0 MUX8, 0 MUX16
    Replaced tree at $auto$rtlil.cc:3381:MuxGate$33439: 2 MUX2, 0 MUX4, 0 MUX8, 0 MUX16
    Replaced tree at $auto$rtlil.cc:3381:MuxGate$33435: 2 MUX2, 0 MUX4, 0 MUX8, 0 MUX16
    Replaced tree at $auto$rtlil.cc:3381:MuxGate$33431: 2 MUX2, 0 MUX4, 0 MUX8, 0 MUX16
    Replaced tree at $auto$rtlil.cc:3381:MuxGate$33427: 2 MUX2, 0 MUX4, 0 MUX8, 0 MUX16
    Replaced tree at $auto$rtlil.cc:3381:MuxGate$35669: 2 MUX2, 0 MUX4, 0 MUX8, 0 MUX16
    Replaced tree at $auto$rtlil.cc:3381:MuxGate$35665: 2 MUX2, 0 MUX4, 0 MUX8, 0 MUX16
    Replaced tree at $auto$rtlil.cc:3381:MuxGate$35661: 2 MUX2, 0 MUX4, 0 MUX8, 0 MUX16
    Replaced tree at $auto$rtlil.cc:3381:MuxGate$35657: 2 MUX2, 0 MUX4, 0 MUX8, 0 MUX16
    Replaced tree at $auto$rtlil.cc:3381:MuxGate$35653: 2 MUX2, 0 MUX4, 0 MUX8, 0 MUX16
    Replaced tree at $auto$rtlil.cc:3381:MuxGate$35649: 2 MUX2, 0 MUX4, 0 MUX8, 0 MUX16
    Replaced tree at $auto$rtlil.cc:3381:MuxGate$35645: 2 MUX2, 0 MUX4, 0 MUX8, 0 MUX16
    Replaced tree at $auto$rtlil.cc:3381:MuxGate$35641: 2 MUX2, 0 MUX4, 0 MUX8, 0 MUX16
    Replaced tree at $auto$rtlil.cc:3381:MuxGate$35637: 2 MUX2, 0 MUX4, 0 MUX8, 0 MUX16
    Replaced tree at $auto$rtlil.cc:3381:MuxGate$35633: 2 MUX2, 0 MUX4, 0 MUX8, 0 MUX16
    Replaced tree at $auto$rtlil.cc:3381:MuxGate$35629: 2 MUX2, 0 MUX4, 0 MUX8, 0 MUX16
    Replaced tree at $auto$rtlil.cc:3381:MuxGate$35625: 2 MUX2, 0 MUX4, 0 MUX8, 0 MUX16
    Replaced tree at $auto$rtlil.cc:3381:MuxGate$35621: 2 MUX2, 0 MUX4, 0 MUX8, 0 MUX16
    Replaced tree at $auto$rtlil.cc:3381:MuxGate$35617: 2 MUX2, 0 MUX4, 0 MUX8, 0 MUX16
    Replaced tree at $auto$rtlil.cc:3381:MuxGate$35613: 2 MUX2, 0 MUX4, 0 MUX8, 0 MUX16
    Replaced tree at $auto$rtlil.cc:3381:MuxGate$35729: 2 MUX2, 0 MUX4, 0 MUX8, 0 MUX16
    Replaced tree at $auto$rtlil.cc:3381:MuxGate$33423: 2 MUX2, 0 MUX4, 0 MUX8, 0 MUX16
    Replaced tree at $auto$rtlil.cc:3381:MuxGate$33419: 2 MUX2, 0 MUX4, 0 MUX8, 0 MUX16
    Replaced tree at $auto$rtlil.cc:3381:MuxGate$33415: 2 MUX2, 0 MUX4, 0 MUX8, 0 MUX16
    Replaced tree at $auto$rtlil.cc:3381:MuxGate$33411: 2 MUX2, 0 MUX4, 0 MUX8, 0 MUX16
    Replaced tree at $auto$rtlil.cc:3381:MuxGate$33407: 2 MUX2, 0 MUX4, 0 MUX8, 0 MUX16
    Replaced tree at $auto$rtlil.cc:3381:MuxGate$33403: 2 MUX2, 0 MUX4, 0 MUX8, 0 MUX16
    Replaced tree at $auto$rtlil.cc:3381:MuxGate$33399: 2 MUX2, 0 MUX4, 0 MUX8, 0 MUX16
    Replaced tree at $auto$rtlil.cc:3381:MuxGate$33395: 2 MUX2, 0 MUX4, 0 MUX8, 0 MUX16
    Replaced tree at $auto$rtlil.cc:3381:MuxGate$33391: 2 MUX2, 0 MUX4, 0 MUX8, 0 MUX16
    Replaced tree at $auto$rtlil.cc:3381:MuxGate$33387: 2 MUX2, 0 MUX4, 0 MUX8, 0 MUX16
    Replaced tree at $auto$rtlil.cc:3381:MuxGate$33383: 2 MUX2, 0 MUX4, 0 MUX8, 0 MUX16
    Replaced tree at $auto$rtlil.cc:3381:MuxGate$33379: 2 MUX2, 0 MUX4, 0 MUX8, 0 MUX16
    Replaced tree at $auto$rtlil.cc:3381:MuxGate$33375: 2 MUX2, 0 MUX4, 0 MUX8, 0 MUX16
    Replaced tree at $auto$rtlil.cc:3381:MuxGate$33371: 2 MUX2, 0 MUX4, 0 MUX8, 0 MUX16
    Replaced tree at $auto$rtlil.cc:3381:MuxGate$33367: 2 MUX2, 0 MUX4, 0 MUX8, 0 MUX16
    Replaced tree at $auto$rtlil.cc:3381:MuxGate$35609: 2 MUX2, 0 MUX4, 0 MUX8, 0 MUX16
    Replaced tree at $auto$rtlil.cc:3381:MuxGate$35605: 2 MUX2, 0 MUX4, 0 MUX8, 0 MUX16
    Replaced tree at $auto$rtlil.cc:3381:MuxGate$35065: 1 MUX2, 0 MUX4, 0 MUX8, 0 MUX16
    Replaced tree at $auto$rtlil.cc:3381:MuxGate$35601: 2 MUX2, 0 MUX4, 0 MUX8, 0 MUX16
    Replaced tree at $auto$rtlil.cc:3381:MuxGate$35073: 1 MUX2, 0 MUX4, 0 MUX8, 0 MUX16
    Replaced tree at $auto$rtlil.cc:3381:MuxGate$35725: 2 MUX2, 0 MUX4, 0 MUX8, 0 MUX16
    Replaced tree at $auto$rtlil.cc:3381:MuxGate$35597: 2 MUX2, 0 MUX4, 0 MUX8, 0 MUX16
    Replaced tree at $auto$rtlil.cc:3381:MuxGate$35593: 2 MUX2, 0 MUX4, 0 MUX8, 0 MUX16
    Replaced tree at $auto$rtlil.cc:3381:MuxGate$35589: 2 MUX2, 0 MUX4, 0 MUX8, 0 MUX16
    Replaced tree at $auto$rtlil.cc:3381:MuxGate$35585: 2 MUX2, 0 MUX4, 0 MUX8, 0 MUX16
    Replaced tree at $auto$rtlil.cc:3381:MuxGate$35581: 2 MUX2, 0 MUX4, 0 MUX8, 0 MUX16
    Replaced tree at $auto$rtlil.cc:3381:MuxGate$35577: 2 MUX2, 0 MUX4, 0 MUX8, 0 MUX16
    Replaced tree at $auto$rtlil.cc:3381:MuxGate$35573: 2 MUX2, 0 MUX4, 0 MUX8, 0 MUX16
    Replaced tree at $auto$rtlil.cc:3381:MuxGate$35569: 2 MUX2, 0 MUX4, 0 MUX8, 0 MUX16
    Replaced tree at $auto$rtlil.cc:3381:MuxGate$35565: 2 MUX2, 0 MUX4, 0 MUX8, 0 MUX16
    Replaced tree at $auto$rtlil.cc:3381:MuxGate$35561: 2 MUX2, 0 MUX4, 0 MUX8, 0 MUX16
    Replaced tree at $auto$rtlil.cc:3381:MuxGate$35557: 2 MUX2, 0 MUX4, 0 MUX8, 0 MUX16
    Replaced tree at $auto$rtlil.cc:3381:MuxGate$35553: 2 MUX2, 0 MUX4, 0 MUX8, 0 MUX16
    Replaced tree at $auto$rtlil.cc:3381:MuxGate$35549: 2 MUX2, 0 MUX4, 0 MUX8, 0 MUX16
    Replaced tree at $auto$rtlil.cc:3381:MuxGate$35545: 2 MUX2, 0 MUX4, 0 MUX8, 0 MUX16
    Replaced tree at $auto$rtlil.cc:3381:MuxGate$35541: 2 MUX2, 0 MUX4, 0 MUX8, 0 MUX16
    Replaced tree at $auto$rtlil.cc:3381:MuxGate$35537: 2 MUX2, 0 MUX4, 0 MUX8, 0 MUX16
    Replaced tree at $auto$rtlil.cc:3381:MuxGate$35533: 2 MUX2, 0 MUX4, 0 MUX8, 0 MUX16
    Replaced tree at $auto$rtlil.cc:3381:MuxGate$35529: 2 MUX2, 0 MUX4, 0 MUX8, 0 MUX16
    Replaced tree at $auto$rtlil.cc:3381:MuxGate$35525: 2 MUX2, 0 MUX4, 0 MUX8, 0 MUX16
    Replaced tree at $auto$rtlil.cc:3381:MuxGate$35521: 2 MUX2, 0 MUX4, 0 MUX8, 0 MUX16
    Replaced tree at $auto$rtlil.cc:3381:MuxGate$35517: 2 MUX2, 0 MUX4, 0 MUX8, 0 MUX16
    Replaced tree at $auto$rtlil.cc:3381:MuxGate$35513: 2 MUX2, 0 MUX4, 0 MUX8, 0 MUX16
    Replaced tree at $auto$rtlil.cc:3381:MuxGate$35509: 2 MUX2, 0 MUX4, 0 MUX8, 0 MUX16
    Replaced tree at $auto$rtlil.cc:3381:MuxGate$35505: 2 MUX2, 0 MUX4, 0 MUX8, 0 MUX16
    Replaced tree at $auto$rtlil.cc:3381:MuxGate$35501: 2 MUX2, 0 MUX4, 0 MUX8, 0 MUX16
    Replaced tree at $auto$rtlil.cc:3381:MuxGate$35497: 2 MUX2, 0 MUX4, 0 MUX8, 0 MUX16
    Replaced tree at $auto$rtlil.cc:3381:MuxGate$35493: 2 MUX2, 0 MUX4, 0 MUX8, 0 MUX16
    Replaced tree at $auto$rtlil.cc:3381:MuxGate$35489: 2 MUX2, 0 MUX4, 0 MUX8, 0 MUX16
    Replaced tree at $auto$rtlil.cc:3381:MuxGate$35485: 2 MUX2, 0 MUX4, 0 MUX8, 0 MUX16
    Replaced tree at $auto$rtlil.cc:3381:MuxGate$35481: 2 MUX2, 0 MUX4, 0 MUX8, 0 MUX16
    Replaced tree at $auto$rtlil.cc:3381:MuxGate$35477: 2 MUX2, 0 MUX4, 0 MUX8, 0 MUX16
    Replaced tree at $auto$rtlil.cc:3381:MuxGate$33935: 3 MUX2, 0 MUX4, 0 MUX8, 0 MUX16
    Replaced tree at $auto$rtlil.cc:3381:MuxGate$34237: 2 MUX2, 0 MUX4, 0 MUX8, 0 MUX16
    Replaced tree at $auto$rtlil.cc:3381:MuxGate$34233: 2 MUX2, 0 MUX4, 0 MUX8, 0 MUX16
    Replaced tree at $auto$rtlil.cc:3381:MuxGate$31045: 2 MUX2, 0 MUX4, 0 MUX8, 0 MUX16
    Replaced tree at $auto$rtlil.cc:3381:MuxGate$34229: 2 MUX2, 0 MUX4, 0 MUX8, 0 MUX16
    Replaced tree at $auto$rtlil.cc:3381:MuxGate$33931: 3 MUX2, 0 MUX4, 0 MUX8, 0 MUX16
    Replaced tree at $auto$rtlil.cc:3381:MuxGate$36989: 2 MUX2, 0 MUX4, 0 MUX8, 0 MUX16
    Replaced tree at $auto$rtlil.cc:3381:MuxGate$36965: 2 MUX2, 0 MUX4, 0 MUX8, 0 MUX16
    Replaced tree at $auto$rtlil.cc:3381:MuxGate$36945: 2 MUX2, 0 MUX4, 0 MUX8, 0 MUX16
    Replaced tree at $auto$rtlil.cc:3381:MuxGate$36949: 2 MUX2, 0 MUX4, 0 MUX8, 0 MUX16
    Replaced tree at $auto$rtlil.cc:3381:MuxGate$36969: 2 MUX2, 0 MUX4, 0 MUX8, 0 MUX16
    Replaced tree at $auto$rtlil.cc:3381:MuxGate$36973: 2 MUX2, 0 MUX4, 0 MUX8, 0 MUX16
    Replaced tree at $auto$rtlil.cc:3381:MuxGate$37001: 2 MUX2, 0 MUX4, 0 MUX8, 0 MUX16
    Replaced tree at $auto$rtlil.cc:3381:MuxGate$36977: 2 MUX2, 0 MUX4, 0 MUX8, 0 MUX16
    Replaced tree at $auto$rtlil.cc:3381:MuxGate$36957: 2 MUX2, 0 MUX4, 0 MUX8, 0 MUX16
    Replaced tree at $auto$rtlil.cc:3381:MuxGate$37005: 2 MUX2, 0 MUX4, 0 MUX8, 0 MUX16
    Replaced tree at $auto$rtlil.cc:3381:MuxGate$36961: 2 MUX2, 0 MUX4, 0 MUX8, 0 MUX16
    Replaced tree at $auto$rtlil.cc:3381:MuxGate$36981: 2 MUX2, 0 MUX4, 0 MUX8, 0 MUX16
    Replaced tree at $auto$rtlil.cc:3381:MuxGate$30573: 2 MUX2, 0 MUX4, 0 MUX8, 0 MUX16
    Replaced tree at $auto$rtlil.cc:3381:MuxGate$36929: 2 MUX2, 0 MUX4, 0 MUX8, 0 MUX16
    Replaced tree at $auto$rtlil.cc:3381:MuxGate$36953: 2 MUX2, 0 MUX4, 0 MUX8, 0 MUX16
    Replaced tree at $auto$rtlil.cc:3381:MuxGate$34627: 3 MUX2, 0 MUX4, 0 MUX8, 0 MUX16
    Replaced tree at $auto$rtlil.cc:3381:MuxGate$30577: 2 MUX2, 0 MUX4, 0 MUX8, 0 MUX16
    Replaced tree at $auto$rtlil.cc:3381:MuxGate$36985: 2 MUX2, 0 MUX4, 0 MUX8, 0 MUX16
    Replaced tree at $auto$rtlil.cc:3381:MuxGate$34261: 2 MUX2, 0 MUX4, 0 MUX8, 0 MUX16
    Replaced tree at $auto$rtlil.cc:3381:MuxGate$36993: 2 MUX2, 0 MUX4, 0 MUX8, 0 MUX16
    Replaced tree at $auto$rtlil.cc:3381:MuxGate$35249: 2 MUX2, 0 MUX4, 0 MUX8, 0 MUX16
    Replaced tree at $auto$rtlil.cc:3381:MuxGate$36997: 2 MUX2, 0 MUX4, 0 MUX8, 0 MUX16
    Replaced tree at $auto$rtlil.cc:3381:MuxGate$35461: 2 MUX2, 0 MUX4, 0 MUX8, 0 MUX16
    Replaced tree at $auto$rtlil.cc:3381:MuxGate$35457: 2 MUX2, 0 MUX4, 0 MUX8, 0 MUX16
    Replaced tree at $auto$rtlil.cc:3381:MuxGate$30585: 2 MUX2, 0 MUX4, 0 MUX8, 0 MUX16
    Replaced tree at $auto$rtlil.cc:3381:MuxGate$34651: 3 MUX2, 0 MUX4, 0 MUX8, 0 MUX16
    Replaced tree at $auto$rtlil.cc:3381:MuxGate$35449: 2 MUX2, 0 MUX4, 0 MUX8, 0 MUX16
    Replaced tree at $auto$rtlil.cc:3381:MuxGate$35469: 2 MUX2, 0 MUX4, 0 MUX8, 0 MUX16
    Replaced tree at $auto$rtlil.cc:3381:MuxGate$35445: 2 MUX2, 0 MUX4, 0 MUX8, 0 MUX16
    Replaced tree at $auto$rtlil.cc:3381:MuxGate$35465: 2 MUX2, 0 MUX4, 0 MUX8, 0 MUX16
    Replaced tree at $auto$rtlil.cc:3381:MuxGate$35453: 2 MUX2, 0 MUX4, 0 MUX8, 0 MUX16
    Replaced tree at $auto$rtlil.cc:3381:MuxGate$35245: 2 MUX2, 0 MUX4, 0 MUX8, 0 MUX16
    Replaced tree at $auto$rtlil.cc:3381:MuxGate$34209: 2 MUX2, 0 MUX4, 0 MUX8, 0 MUX16
    Replaced tree at $auto$rtlil.cc:3381:MuxGate$30589: 2 MUX2, 0 MUX4, 0 MUX8, 0 MUX16
    Replaced tree at $auto$rtlil.cc:3381:MuxGate$30593: 2 MUX2, 0 MUX4, 0 MUX8, 0 MUX16
    Replaced tree at $auto$rtlil.cc:3381:MuxGate$30597: 2 MUX2, 0 MUX4, 0 MUX8, 0 MUX16
    Replaced tree at $auto$rtlil.cc:3381:MuxGate$34185: 2 MUX2, 0 MUX4, 0 MUX8, 0 MUX16
    Replaced tree at $auto$rtlil.cc:3381:MuxGate$34253: 2 MUX2, 0 MUX4, 0 MUX8, 0 MUX16
    Replaced tree at $auto$rtlil.cc:3381:MuxGate$30601: 2 MUX2, 0 MUX4, 0 MUX8, 0 MUX16
    Replaced tree at $auto$rtlil.cc:3381:MuxGate$33919: 3 MUX2, 0 MUX4, 0 MUX8, 0 MUX16
    Replaced tree at $auto$rtlil.cc:3381:MuxGate$34257: 2 MUX2, 0 MUX4, 0 MUX8, 0 MUX16
    Replaced tree at $auto$rtlil.cc:3381:MuxGate$30605: 2 MUX2, 0 MUX4, 0 MUX8, 0 MUX16
    Replaced tree at $auto$rtlil.cc:3381:MuxGate$33945: 3 MUX2, 0 MUX4, 0 MUX8, 0 MUX16
    Replaced tree at $auto$rtlil.cc:3381:MuxGate$30367: 2 MUX2, 0 MUX4, 0 MUX8, 0 MUX16
    Replaced tree at $auto$rtlil.cc:3381:MuxGate$37293: 2 MUX2, 0 MUX4, 0 MUX8, 0 MUX16
    Replaced tree at $auto$rtlil.cc:3381:MuxGate$37289: 2 MUX2, 0 MUX4, 0 MUX8, 0 MUX16
    Replaced tree at $auto$rtlil.cc:3381:MuxGate$37285: 2 MUX2, 0 MUX4, 0 MUX8, 0 MUX16
    Replaced tree at $auto$rtlil.cc:3381:MuxGate$37281: 2 MUX2, 0 MUX4, 0 MUX8, 0 MUX16
    Replaced tree at $auto$rtlil.cc:3381:MuxGate$37273: 2 MUX2, 0 MUX4, 0 MUX8, 0 MUX16
    Replaced tree at $auto$rtlil.cc:3381:MuxGate$37269: 2 MUX2, 0 MUX4, 0 MUX8, 0 MUX16
    Replaced tree at $auto$rtlil.cc:3381:MuxGate$37265: 2 MUX2, 0 MUX4, 0 MUX8, 0 MUX16
    Replaced tree at $auto$rtlil.cc:3381:MuxGate$37261: 2 MUX2, 0 MUX4, 0 MUX8, 0 MUX16
    Replaced tree at $auto$rtlil.cc:3381:MuxGate$37257: 2 MUX2, 0 MUX4, 0 MUX8, 0 MUX16
    Replaced tree at $auto$rtlil.cc:3381:MuxGate$37253: 2 MUX2, 0 MUX4, 0 MUX8, 0 MUX16
    Replaced tree at $auto$rtlil.cc:3381:MuxGate$37249: 2 MUX2, 0 MUX4, 0 MUX8, 0 MUX16
    Replaced tree at $auto$rtlil.cc:3381:MuxGate$37245: 2 MUX2, 0 MUX4, 0 MUX8, 0 MUX16
    Replaced tree at $auto$rtlil.cc:3381:MuxGate$37241: 2 MUX2, 0 MUX4, 0 MUX8, 0 MUX16
    Replaced tree at $auto$rtlil.cc:3381:MuxGate$37237: 2 MUX2, 0 MUX4, 0 MUX8, 0 MUX16
    Replaced tree at $auto$rtlil.cc:3381:MuxGate$37233: 2 MUX2, 0 MUX4, 0 MUX8, 0 MUX16
    Replaced tree at $auto$rtlil.cc:3381:MuxGate$37229: 2 MUX2, 0 MUX4, 0 MUX8, 0 MUX16
    Replaced tree at $auto$rtlil.cc:3381:MuxGate$37225: 2 MUX2, 0 MUX4, 0 MUX8, 0 MUX16
    Replaced tree at $auto$rtlil.cc:3381:MuxGate$37221: 2 MUX2, 0 MUX4, 0 MUX8, 0 MUX16
    Replaced tree at $auto$rtlil.cc:3381:MuxGate$37217: 2 MUX2, 0 MUX4, 0 MUX8, 0 MUX16
    Replaced tree at $auto$rtlil.cc:3381:MuxGate$37213: 2 MUX2, 0 MUX4, 0 MUX8, 0 MUX16
    Replaced tree at $auto$rtlil.cc:3381:MuxGate$37209: 2 MUX2, 0 MUX4, 0 MUX8, 0 MUX16
    Replaced tree at $auto$rtlil.cc:3381:MuxGate$37205: 2 MUX2, 0 MUX4, 0 MUX8, 0 MUX16
    Replaced tree at $auto$rtlil.cc:3381:MuxGate$30379: 2 MUX2, 0 MUX4, 0 MUX8, 0 MUX16
    Replaced tree at $auto$rtlil.cc:3381:MuxGate$37277: 2 MUX2, 0 MUX4, 0 MUX8, 0 MUX16
    Replaced tree at $auto$rtlil.cc:3381:MuxGate$37201: 2 MUX2, 0 MUX4, 0 MUX8, 0 MUX16
    Replaced tree at $auto$rtlil.cc:3381:MuxGate$37197: 2 MUX2, 0 MUX4, 0 MUX8, 0 MUX16
    Replaced tree at $auto$rtlil.cc:3381:MuxGate$37193: 2 MUX2, 0 MUX4, 0 MUX8, 0 MUX16
    Replaced tree at $auto$rtlil.cc:3381:MuxGate$37185: 2 MUX2, 0 MUX4, 0 MUX8, 0 MUX16
    Replaced tree at $auto$rtlil.cc:3381:MuxGate$37181: 2 MUX2, 0 MUX4, 0 MUX8, 0 MUX16
    Replaced tree at $auto$rtlil.cc:3381:MuxGate$35225: 2 MUX2, 0 MUX4, 0 MUX8, 0 MUX16
    Replaced tree at $auto$rtlil.cc:3381:MuxGate$35221: 2 MUX2, 0 MUX4, 0 MUX8, 0 MUX16
    Replaced tree at $auto$rtlil.cc:3381:MuxGate$35217: 2 MUX2, 0 MUX4, 0 MUX8, 0 MUX16
    Replaced tree at $auto$rtlil.cc:3381:MuxGate$35213: 2 MUX2, 0 MUX4, 0 MUX8, 0 MUX16
    Replaced tree at $auto$rtlil.cc:3381:MuxGate$35209: 2 MUX2, 0 MUX4, 0 MUX8, 0 MUX16
    Replaced tree at $auto$rtlil.cc:3381:MuxGate$35085: 2 MUX2, 0 MUX4, 0 MUX8, 0 MUX16
    Replaced tree at $auto$rtlil.cc:3381:MuxGate$35089: 2 MUX2, 0 MUX4, 0 MUX8, 0 MUX16
    Replaced tree at $auto$rtlil.cc:3381:MuxGate$35197: 2 MUX2, 0 MUX4, 0 MUX8, 0 MUX16
    Replaced tree at $auto$rtlil.cc:3381:MuxGate$35193: 2 MUX2, 0 MUX4, 0 MUX8, 0 MUX16
    Replaced tree at $auto$rtlil.cc:3381:MuxGate$35189: 2 MUX2, 0 MUX4, 0 MUX8, 0 MUX16
    Replaced tree at $auto$rtlil.cc:3381:MuxGate$35185: 2 MUX2, 0 MUX4, 0 MUX8, 0 MUX16
    Replaced tree at $auto$rtlil.cc:3381:MuxGate$35181: 2 MUX2, 0 MUX4, 0 MUX8, 0 MUX16
    Replaced tree at $auto$rtlil.cc:3381:MuxGate$34887: 2 MUX2, 0 MUX4, 0 MUX8, 0 MUX16
    Replaced tree at $auto$rtlil.cc:3381:MuxGate$35173: 2 MUX2, 0 MUX4, 0 MUX8, 0 MUX16
    Replaced tree at $auto$rtlil.cc:3381:MuxGate$35081: 2 MUX2, 0 MUX4, 0 MUX8, 0 MUX16
    Replaced tree at $auto$rtlil.cc:3381:MuxGate$30613: 2 MUX2, 0 MUX4, 0 MUX8, 0 MUX16
    Replaced tree at $auto$rtlil.cc:3381:MuxGate$30617: 2 MUX2, 0 MUX4, 0 MUX8, 0 MUX16
    Replaced tree at $auto$rtlil.cc:3381:MuxGate$30625: 2 MUX2, 0 MUX4, 0 MUX8, 0 MUX16
    Replaced tree at $auto$rtlil.cc:3381:MuxGate$30629: 2 MUX2, 0 MUX4, 0 MUX8, 0 MUX16
    Replaced tree at $auto$rtlil.cc:3381:MuxGate$30637: 2 MUX2, 0 MUX4, 0 MUX8, 0 MUX16
    Replaced tree at $auto$rtlil.cc:3381:MuxGate$30641: 2 MUX2, 0 MUX4, 0 MUX8, 0 MUX16
    Replaced tree at $auto$rtlil.cc:3381:MuxGate$30649: 2 MUX2, 0 MUX4, 0 MUX8, 0 MUX16
    Replaced tree at $auto$rtlil.cc:3381:MuxGate$33941: 1 MUX2, 0 MUX4, 0 MUX8, 0 MUX16
    Replaced tree at $auto$rtlil.cc:3381:MuxGate$34249: 2 MUX2, 0 MUX4, 0 MUX8, 0 MUX16
    Replaced tree at $auto$rtlil.cc:3381:MuxGate$34241: 2 MUX2, 0 MUX4, 0 MUX8, 0 MUX16
    Replaced tree at $auto$rtlil.cc:3381:MuxGate$33939: 3 MUX2, 0 MUX4, 0 MUX8, 0 MUX16
    Replaced tree at $auto$rtlil.cc:3381:MuxGate$30653: 2 MUX2, 0 MUX4, 0 MUX8, 0 MUX16
    Replaced tree at $auto$rtlil.cc:3381:MuxGate$34245: 2 MUX2, 0 MUX4, 0 MUX8, 0 MUX16
    Replaced tree at $auto$rtlil.cc:3381:MuxGate$34059: 2 MUX2, 0 MUX4, 0 MUX8, 0 MUX16
    Replaced tree at $auto$rtlil.cc:3381:MuxGate$33859: 1 MUX2, 0 MUX4, 0 MUX8, 0 MUX16
    Replaced tree at $auto$rtlil.cc:3381:MuxGate$34047: 2 MUX2, 0 MUX4, 0 MUX8, 0 MUX16
    Replaced tree at $auto$rtlil.cc:3381:MuxGate$30657: 2 MUX2, 0 MUX4, 0 MUX8, 0 MUX16
    Replaced tree at $auto$rtlil.cc:3381:MuxGate$33857: 1 MUX2, 0 MUX4, 0 MUX8, 0 MUX16
    Replaced tree at $auto$rtlil.cc:3381:MuxGate$33855: 1 MUX2, 0 MUX4, 0 MUX8, 0 MUX16
    Replaced tree at $auto$rtlil.cc:3381:MuxGate$30661: 2 MUX2, 0 MUX4, 0 MUX8, 0 MUX16
    Replaced tree at $auto$rtlil.cc:3381:MuxGate$30665: 2 MUX2, 0 MUX4, 0 MUX8, 0 MUX16
    Replaced tree at $auto$rtlil.cc:3381:MuxGate$37173: 2 MUX2, 0 MUX4, 0 MUX8, 0 MUX16
    Replaced tree at $auto$rtlil.cc:3381:MuxGate$37169: 2 MUX2, 0 MUX4, 0 MUX8, 0 MUX16
    Replaced tree at $auto$rtlil.cc:3381:MuxGate$37165: 2 MUX2, 0 MUX4, 0 MUX8, 0 MUX16
    Replaced tree at $auto$rtlil.cc:3381:MuxGate$37161: 2 MUX2, 0 MUX4, 0 MUX8, 0 MUX16
    Replaced tree at $auto$rtlil.cc:3381:MuxGate$37157: 2 MUX2, 0 MUX4, 0 MUX8, 0 MUX16
    Replaced tree at $auto$rtlil.cc:3381:MuxGate$37153: 2 MUX2, 0 MUX4, 0 MUX8, 0 MUX16
    Replaced tree at $auto$rtlil.cc:3381:MuxGate$37149: 2 MUX2, 0 MUX4, 0 MUX8, 0 MUX16
    Replaced tree at $auto$rtlil.cc:3381:MuxGate$37145: 2 MUX2, 0 MUX4, 0 MUX8, 0 MUX16
    Replaced tree at $auto$rtlil.cc:3381:MuxGate$37141: 2 MUX2, 0 MUX4, 0 MUX8, 0 MUX16
    Replaced tree at $auto$rtlil.cc:3381:MuxGate$37137: 2 MUX2, 0 MUX4, 0 MUX8, 0 MUX16
    Replaced tree at $auto$rtlil.cc:3381:MuxGate$37305: 2 MUX2, 0 MUX4, 0 MUX8, 0 MUX16
    Replaced tree at $auto$rtlil.cc:3381:MuxGate$37301: 2 MUX2, 0 MUX4, 0 MUX8, 0 MUX16
    Replaced tree at $auto$rtlil.cc:3381:MuxGate$37177: 2 MUX2, 0 MUX4, 0 MUX8, 0 MUX16
    Replaced tree at $auto$rtlil.cc:3381:MuxGate$34619: 3 MUX2, 0 MUX4, 0 MUX8, 0 MUX16
    Replaced tree at $auto$rtlil.cc:3381:MuxGate$34293: 2 MUX2, 0 MUX4, 0 MUX8, 0 MUX16
    Replaced tree at $auto$rtlil.cc:3381:MuxGate$34325: 2 MUX2, 0 MUX4, 0 MUX8, 0 MUX16
    Replaced tree at $auto$rtlil.cc:3381:MuxGate$34751: 3 MUX2, 0 MUX4, 0 MUX8, 0 MUX16
    Replaced tree at $auto$rtlil.cc:3381:MuxGate$34377: 2 MUX2, 0 MUX4, 0 MUX8, 0 MUX16
    Replaced tree at $auto$rtlil.cc:3381:MuxGate$34381: 2 MUX2, 0 MUX4, 0 MUX8, 0 MUX16
    Replaced tree at $auto$rtlil.cc:3381:MuxGate$34385: 2 MUX2, 0 MUX4, 0 MUX8, 0 MUX16
    Replaced tree at $auto$rtlil.cc:3381:MuxGate$34413: 2 MUX2, 0 MUX4, 0 MUX8, 0 MUX16
    Replaced tree at $auto$rtlil.cc:3381:MuxGate$34321: 2 MUX2, 0 MUX4, 0 MUX8, 0 MUX16
    Replaced tree at $auto$rtlil.cc:3381:MuxGate$34427: 1 MUX2, 0 MUX4, 0 MUX8, 0 MUX16
    Replaced tree at $auto$rtlil.cc:3381:MuxGate$34425: 2 MUX2, 0 MUX4, 0 MUX8, 0 MUX16
    Replaced tree at $auto$rtlil.cc:3381:MuxGate$34431: 3 MUX2, 0 MUX4, 0 MUX8, 0 MUX16
    Replaced tree at $auto$rtlil.cc:3381:MuxGate$34373: 2 MUX2, 0 MUX4, 0 MUX8, 0 MUX16
    Replaced tree at $auto$rtlil.cc:3381:MuxGate$34369: 2 MUX2, 0 MUX4, 0 MUX8, 0 MUX16
    Replaced tree at $auto$rtlil.cc:3381:MuxGate$35051: 1 MUX2, 0 MUX4, 0 MUX8, 0 MUX16
    Replaced tree at $auto$rtlil.cc:3381:MuxGate$34333: 2 MUX2, 0 MUX4, 0 MUX8, 0 MUX16
    Replaced tree at $auto$rtlil.cc:3381:MuxGate$34329: 2 MUX2, 0 MUX4, 0 MUX8, 0 MUX16
    Replaced tree at $auto$rtlil.cc:3381:MuxGate$30669: 2 MUX2, 0 MUX4, 0 MUX8, 0 MUX16
    Replaced tree at $auto$rtlil.cc:3381:MuxGate$30673: 4 MUX2, 0 MUX4, 0 MUX8, 0 MUX16
    Replaced tree at $auto$rtlil.cc:3381:MuxGate$30677: 4 MUX2, 0 MUX4, 0 MUX8, 0 MUX16
    Replaced tree at $auto$rtlil.cc:3381:MuxGate$30681: 4 MUX2, 0 MUX4, 0 MUX8, 0 MUX16
    Replaced tree at $auto$rtlil.cc:3381:MuxGate$30685: 4 MUX2, 0 MUX4, 0 MUX8, 0 MUX16
    Replaced tree at $auto$rtlil.cc:3381:MuxGate$30689: 4 MUX2, 0 MUX4, 0 MUX8, 0 MUX16
    Replaced tree at $auto$rtlil.cc:3381:MuxGate$30693: 4 MUX2, 0 MUX4, 0 MUX8, 0 MUX16
    Replaced tree at $auto$rtlil.cc:3381:MuxGate$30697: 4 MUX2, 0 MUX4, 0 MUX8, 0 MUX16
    Replaced tree at $auto$rtlil.cc:3381:MuxGate$33363: 2 MUX2, 0 MUX4, 0 MUX8, 0 MUX16
    Replaced tree at $auto$rtlil.cc:3381:MuxGate$33359: 2 MUX2, 0 MUX4, 0 MUX8, 0 MUX16
    Replaced tree at $auto$rtlil.cc:3381:MuxGate$33355: 2 MUX2, 0 MUX4, 0 MUX8, 0 MUX16
    Replaced tree at $auto$rtlil.cc:3381:MuxGate$33351: 2 MUX2, 0 MUX4, 0 MUX8, 0 MUX16
    Replaced tree at $auto$rtlil.cc:3381:MuxGate$33347: 2 MUX2, 0 MUX4, 0 MUX8, 0 MUX16
    Replaced tree at $auto$rtlil.cc:3381:MuxGate$33343: 2 MUX2, 0 MUX4, 0 MUX8, 0 MUX16
    Replaced tree at $auto$rtlil.cc:3381:MuxGate$33339: 2 MUX2, 0 MUX4, 0 MUX8, 0 MUX16
    Replaced tree at $auto$rtlil.cc:3381:MuxGate$30701: 4 MUX2, 0 MUX4, 0 MUX8, 0 MUX16
    Replaced tree at $auto$rtlil.cc:3381:MuxGate$34225: 2 MUX2, 0 MUX4, 0 MUX8, 0 MUX16
    Replaced tree at $auto$rtlil.cc:3381:MuxGate$31049: 2 MUX2, 0 MUX4, 0 MUX8, 0 MUX16
    Replaced tree at $auto$rtlil.cc:3381:MuxGate$34221: 2 MUX2, 0 MUX4, 0 MUX8, 0 MUX16
    Replaced tree at $auto$rtlil.cc:3381:MuxGate$33927: 3 MUX2, 0 MUX4, 0 MUX8, 0 MUX16
    Replaced tree at $auto$rtlil.cc:3381:MuxGate$34217: 2 MUX2, 0 MUX4, 0 MUX8, 0 MUX16
    Replaced tree at $auto$rtlil.cc:3381:MuxGate$31053: 2 MUX2, 0 MUX4, 0 MUX8, 0 MUX16
    Replaced tree at $auto$rtlil.cc:3381:MuxGate$34213: 2 MUX2, 0 MUX4, 0 MUX8, 0 MUX16
    Replaced tree at $auto$rtlil.cc:3381:MuxGate$33923: 3 MUX2, 0 MUX4, 0 MUX8, 0 MUX16
    Replaced tree at $auto$rtlil.cc:3381:MuxGate$37121: 2 MUX2, 0 MUX4, 0 MUX8, 0 MUX16
    Replaced tree at $auto$rtlil.cc:3381:MuxGate$31057: 4 MUX2, 0 MUX4, 0 MUX8, 0 MUX16
    Replaced tree at $auto$rtlil.cc:3381:MuxGate$35241: 2 MUX2, 0 MUX4, 0 MUX8, 0 MUX16
    Replaced tree at $auto$rtlil.cc:3381:MuxGate$31065: 4 MUX2, 0 MUX4, 0 MUX8, 0 MUX16
    Replaced tree at $auto$rtlil.cc:3381:MuxGate$31069: 4 MUX2, 0 MUX4, 0 MUX8, 0 MUX16
    Replaced tree at $auto$rtlil.cc:3381:MuxGate$31061: 4 MUX2, 0 MUX4, 0 MUX8, 0 MUX16
    Replaced tree at $auto$rtlil.cc:3381:MuxGate$31073: 4 MUX2, 0 MUX4, 0 MUX8, 0 MUX16
    Replaced tree at $auto$rtlil.cc:3381:MuxGate$31077: 4 MUX2, 0 MUX4, 0 MUX8, 0 MUX16
    Replaced tree at $auto$rtlil.cc:3381:MuxGate$36909: 2 MUX2, 0 MUX4, 0 MUX8, 0 MUX16
    Replaced tree at $auto$rtlil.cc:3381:MuxGate$36921: 2 MUX2, 0 MUX4, 0 MUX8, 0 MUX16
    Replaced tree at $auto$rtlil.cc:3381:MuxGate$36917: 2 MUX2, 0 MUX4, 0 MUX8, 0 MUX16
    Replaced tree at $auto$rtlil.cc:3381:MuxGate$36913: 2 MUX2, 0 MUX4, 0 MUX8, 0 MUX16
    Replaced tree at $auto$rtlil.cc:3381:MuxGate$31081: 4 MUX2, 0 MUX4, 0 MUX8, 0 MUX16
    Replaced tree at $auto$rtlil.cc:3381:MuxGate$34205: 2 MUX2, 0 MUX4, 0 MUX8, 0 MUX16
    Replaced tree at $auto$rtlil.cc:3381:MuxGate$35161: 2 MUX2, 0 MUX4, 0 MUX8, 0 MUX16
    Replaced tree at $auto$rtlil.cc:3381:MuxGate$35157: 2 MUX2, 0 MUX4, 0 MUX8, 0 MUX16
    Replaced tree at $auto$rtlil.cc:3381:MuxGate$35153: 2 MUX2, 0 MUX4, 0 MUX8, 0 MUX16
    Replaced tree at $auto$rtlil.cc:3381:MuxGate$36905: 2 MUX2, 0 MUX4, 0 MUX8, 0 MUX16
    Replaced tree at $auto$rtlil.cc:3381:MuxGate$36901: 2 MUX2, 0 MUX4, 0 MUX8, 0 MUX16
    Replaced tree at $auto$rtlil.cc:3381:MuxGate$36897: 2 MUX2, 0 MUX4, 0 MUX8, 0 MUX16
    Replaced tree at $auto$rtlil.cc:3381:MuxGate$36893: 2 MUX2, 0 MUX4, 0 MUX8, 0 MUX16
    Replaced tree at $auto$rtlil.cc:3381:MuxGate$36889: 2 MUX2, 0 MUX4, 0 MUX8, 0 MUX16
    Replaced tree at $auto$rtlil.cc:3381:MuxGate$36885: 2 MUX2, 0 MUX4, 0 MUX8, 0 MUX16
    Replaced tree at $auto$rtlil.cc:3381:MuxGate$36881: 2 MUX2, 0 MUX4, 0 MUX8, 0 MUX16
    Replaced tree at $auto$rtlil.cc:3381:MuxGate$30705: 4 MUX2, 0 MUX4, 0 MUX8, 0 MUX16
    Replaced tree at $auto$rtlil.cc:3381:MuxGate$30709: 4 MUX2, 0 MUX4, 0 MUX8, 0 MUX16
    Replaced tree at $auto$rtlil.cc:3381:MuxGate$30713: 4 MUX2, 0 MUX4, 0 MUX8, 0 MUX16
    Replaced tree at $auto$rtlil.cc:3381:MuxGate$30717: 4 MUX2, 0 MUX4, 0 MUX8, 0 MUX16
    Replaced tree at $auto$rtlil.cc:3381:MuxGate$30721: 4 MUX2, 0 MUX4, 0 MUX8, 0 MUX16
    Replaced tree at $auto$rtlil.cc:3381:MuxGate$30725: 4 MUX2, 0 MUX4, 0 MUX8, 0 MUX16
    Replaced tree at $auto$rtlil.cc:3381:MuxGate$34567: 3 MUX2, 0 MUX4, 0 MUX8, 0 MUX16
    Replaced tree at $auto$rtlil.cc:3381:MuxGate$31813: 2 MUX2, 0 MUX4, 0 MUX8, 0 MUX16
    Replaced tree at $auto$rtlil.cc:3381:MuxGate$31817: 2 MUX2, 0 MUX4, 0 MUX8, 0 MUX16
    Replaced tree at $auto$rtlil.cc:3381:MuxGate$33335: 2 MUX2, 0 MUX4, 0 MUX8, 0 MUX16
    Replaced tree at $auto$rtlil.cc:3381:MuxGate$34883: 2 MUX2, 0 MUX4, 0 MUX8, 0 MUX16
    Replaced tree at $auto$rtlil.cc:3381:MuxGate$34879: 2 MUX2, 0 MUX4, 0 MUX8, 0 MUX16
    Replaced tree at $auto$rtlil.cc:3381:MuxGate$34875: 2 MUX2, 0 MUX4, 0 MUX8, 0 MUX16
    Replaced tree at $auto$rtlil.cc:3381:MuxGate$34871: 2 MUX2, 0 MUX4, 0 MUX8, 0 MUX16
    Replaced tree at $auto$rtlil.cc:3381:MuxGate$34867: 2 MUX2, 0 MUX4, 0 MUX8, 0 MUX16
    Replaced tree at $auto$rtlil.cc:3381:MuxGate$35409: 2 MUX2, 0 MUX4, 0 MUX8, 0 MUX16
    Replaced tree at $auto$rtlil.cc:3381:MuxGate$34863: 2 MUX2, 0 MUX4, 0 MUX8, 0 MUX16
    Replaced tree at $auto$rtlil.cc:3381:MuxGate$34859: 2 MUX2, 0 MUX4, 0 MUX8, 0 MUX16
    Replaced tree at $auto$rtlil.cc:3381:MuxGate$30295: 2 MUX2, 0 MUX4, 0 MUX8, 0 MUX16
    Replaced tree at $auto$rtlil.cc:3381:MuxGate$36877: 2 MUX2, 0 MUX4, 0 MUX8, 0 MUX16
    Replaced tree at $auto$rtlil.cc:3381:MuxGate$36873: 2 MUX2, 0 MUX4, 0 MUX8, 0 MUX16
    Replaced tree at $auto$rtlil.cc:3381:MuxGate$31453: 2 MUX2, 0 MUX4, 0 MUX8, 0 MUX16
    Replaced tree at $auto$rtlil.cc:3381:MuxGate$31457: 2 MUX2, 0 MUX4, 0 MUX8, 0 MUX16
    Replaced tree at $auto$rtlil.cc:3381:MuxGate$31825: 2 MUX2, 0 MUX4, 0 MUX8, 0 MUX16
    Replaced tree at $auto$rtlil.cc:3381:MuxGate$31821: 2 MUX2, 0 MUX4, 0 MUX8, 0 MUX16
    Replaced tree at $auto$rtlil.cc:3381:MuxGate$34855: 2 MUX2, 0 MUX4, 0 MUX8, 0 MUX16
    Replaced tree at $auto$rtlil.cc:3381:MuxGate$31829: 2 MUX2, 0 MUX4, 0 MUX8, 0 MUX16
    Replaced tree at $auto$rtlil.cc:3381:MuxGate$31833: 2 MUX2, 0 MUX4, 0 MUX8, 0 MUX16
    Replaced tree at $auto$rtlil.cc:3381:MuxGate$31837: 2 MUX2, 0 MUX4, 0 MUX8, 0 MUX16
    Replaced tree at $auto$rtlil.cc:3381:MuxGate$34851: 2 MUX2, 0 MUX4, 0 MUX8, 0 MUX16
    Replaced tree at $auto$rtlil.cc:3381:MuxGate$34847: 2 MUX2, 0 MUX4, 0 MUX8, 0 MUX16
    Replaced tree at $auto$rtlil.cc:3381:MuxGate$34843: 2 MUX2, 0 MUX4, 0 MUX8, 0 MUX16
    Replaced tree at $auto$rtlil.cc:3381:MuxGate$34839: 2 MUX2, 0 MUX4, 0 MUX8, 0 MUX16
    Replaced tree at $auto$rtlil.cc:3381:MuxGate$34835: 2 MUX2, 0 MUX4, 0 MUX8, 0 MUX16
    Replaced tree at $auto$rtlil.cc:3381:MuxGate$34831: 2 MUX2, 0 MUX4, 0 MUX8, 0 MUX16
    Replaced tree at $auto$rtlil.cc:3381:MuxGate$39423: 2 MUX2, 0 MUX4, 0 MUX8, 0 MUX16
    Replaced tree at $auto$rtlil.cc:3381:MuxGate$31841: 2 MUX2, 0 MUX4, 0 MUX8, 0 MUX16
    Replaced tree at $auto$rtlil.cc:3381:MuxGate$34823: 2 MUX2, 0 MUX4, 0 MUX8, 0 MUX16
    Replaced tree at $auto$rtlil.cc:3381:MuxGate$35433: 2 MUX2, 0 MUX4, 0 MUX8, 0 MUX16
    Replaced tree at $auto$rtlil.cc:3381:MuxGate$34827: 2 MUX2, 0 MUX4, 0 MUX8, 0 MUX16
    Replaced tree at $auto$rtlil.cc:3381:MuxGate$31845: 2 MUX2, 0 MUX4, 0 MUX8, 0 MUX16
    Replaced tree at $auto$rtlil.cc:3381:MuxGate$31849: 2 MUX2, 0 MUX4, 0 MUX8, 0 MUX16
    Replaced tree at $auto$rtlil.cc:3381:MuxGate$39013: 2 MUX2, 0 MUX4, 0 MUX8, 0 MUX16
    Replaced tree at $auto$rtlil.cc:3381:MuxGate$31461: 2 MUX2, 0 MUX4, 0 MUX8, 0 MUX16
    Replaced tree at $auto$rtlil.cc:3381:MuxGate$39097: 2 MUX2, 0 MUX4, 0 MUX8, 0 MUX16
    Replaced tree at $auto$rtlil.cc:3381:MuxGate$31465: 2 MUX2, 0 MUX4, 0 MUX8, 0 MUX16
    Replaced tree at $auto$rtlil.cc:3381:MuxGate$31469: 2 MUX2, 0 MUX4, 0 MUX8, 0 MUX16
    Replaced tree at $auto$rtlil.cc:3381:MuxGate$31473: 2 MUX2, 0 MUX4, 0 MUX8, 0 MUX16
    Replaced tree at $auto$rtlil.cc:3381:MuxGate$35405: 2 MUX2, 0 MUX4, 0 MUX8, 0 MUX16
    Replaced tree at $auto$rtlil.cc:3381:MuxGate$31477: 2 MUX2, 0 MUX4, 0 MUX8, 0 MUX16
    Replaced tree at $auto$rtlil.cc:3381:MuxGate$31481: 2 MUX2, 0 MUX4, 0 MUX8, 0 MUX16
    Replaced tree at $auto$rtlil.cc:3381:MuxGate$31485: 2 MUX2, 0 MUX4, 0 MUX8, 0 MUX16
    Replaced tree at $auto$rtlil.cc:3381:MuxGate$39037: 2 MUX2, 0 MUX4, 0 MUX8, 0 MUX16
    Replaced tree at $auto$rtlil.cc:3381:MuxGate$39033: 2 MUX2, 0 MUX4, 0 MUX8, 0 MUX16
    Replaced tree at $auto$simplemap.cc:346:simplemap_bmux$18833: 5 MUX2, 11 MUX4, 0 MUX8, 0 MUX16
    Replaced tree at $auto$rtlil.cc:3381:MuxGate$36845: 2 MUX2, 0 MUX4, 0 MUX8, 0 MUX16
    Replaced tree at $auto$rtlil.cc:3381:MuxGate$36853: 2 MUX2, 0 MUX4, 0 MUX8, 0 MUX16
    Replaced tree at $auto$rtlil.cc:3381:MuxGate$36857: 2 MUX2, 0 MUX4, 0 MUX8, 0 MUX16
    Replaced tree at $auto$rtlil.cc:3381:MuxGate$36849: 2 MUX2, 0 MUX4, 0 MUX8, 0 MUX16
    Replaced tree at $auto$rtlil.cc:3381:MuxGate$36841: 2 MUX2, 0 MUX4, 0 MUX8, 0 MUX16
    Replaced tree at $auto$rtlil.cc:3381:MuxGate$35047: 1 MUX2, 0 MUX4, 0 MUX8, 0 MUX16
    Replaced tree at $auto$rtlil.cc:3381:MuxGate$33331: 2 MUX2, 0 MUX4, 0 MUX8, 0 MUX16
    Replaced tree at $auto$rtlil.cc:3381:MuxGate$31489: 2 MUX2, 0 MUX4, 0 MUX8, 0 MUX16
    Replaced tree at $auto$rtlil.cc:3381:MuxGate$31493: 2 MUX2, 0 MUX4, 0 MUX8, 0 MUX16
    Replaced tree at $auto$rtlil.cc:3381:MuxGate$31497: 2 MUX2, 0 MUX4, 0 MUX8, 0 MUX16
    Replaced tree at $auto$rtlil.cc:3381:MuxGate$37129: 2 MUX2, 0 MUX4, 0 MUX8, 0 MUX16
    Replaced tree at $auto$rtlil.cc:3381:MuxGate$30291: 2 MUX2, 0 MUX4, 0 MUX8, 0 MUX16
    Replaced tree at $auto$rtlil.cc:3381:MuxGate$31501: 4 MUX2, 0 MUX4, 0 MUX8, 0 MUX16
    Replaced tree at $auto$rtlil.cc:3381:MuxGate$31505: 3 MUX2, 0 MUX4, 0 MUX8, 0 MUX16
    Replaced tree at $auto$rtlil.cc:3381:MuxGate$35075: 1 MUX2, 0 MUX4, 0 MUX8, 0 MUX16
    Replaced tree at $auto$rtlil.cc:3381:MuxGate$36865: 2 MUX2, 0 MUX4, 0 MUX8, 0 MUX16
    Replaced tree at $auto$rtlil.cc:3381:MuxGate$31853: 2 MUX2, 0 MUX4, 0 MUX8, 0 MUX16
    Replaced tree at $auto$rtlil.cc:3381:MuxGate$31857: 2 MUX2, 0 MUX4, 0 MUX8, 0 MUX16
    Replaced tree at $auto$rtlil.cc:3381:MuxGate$31861: 2 MUX2, 0 MUX4, 0 MUX8, 0 MUX16
    Replaced tree at $auto$rtlil.cc:3381:MuxGate$39299: 2 MUX2, 0 MUX4, 0 MUX8, 0 MUX16
    Replaced tree at $auto$rtlil.cc:3381:MuxGate$39295: 2 MUX2, 0 MUX4, 0 MUX8, 0 MUX16
    Replaced tree at $auto$rtlil.cc:3381:MuxGate$31865: 2 MUX2, 0 MUX4, 0 MUX8, 0 MUX16
    Replaced tree at $auto$rtlil.cc:3381:MuxGate$31513: 6 MUX2, 0 MUX4, 0 MUX8, 0 MUX16
    Replaced tree at $auto$rtlil.cc:3381:MuxGate$31517: 5 MUX2, 0 MUX4, 0 MUX8, 0 MUX16
    Replaced tree at $auto$rtlil.cc:3381:MuxGate$31521: 4 MUX2, 0 MUX4, 0 MUX8, 0 MUX16
    Replaced tree at $auto$rtlil.cc:3381:MuxGate$31525: 4 MUX2, 0 MUX4, 0 MUX8, 0 MUX16
    Replaced tree at $auto$rtlil.cc:3381:MuxGate$31529: 3 MUX2, 0 MUX4, 0 MUX8, 0 MUX16
    Replaced tree at $auto$rtlil.cc:3381:MuxGate$31533: 3 MUX2, 0 MUX4, 0 MUX8, 0 MUX16
    Replaced tree at $auto$rtlil.cc:3381:MuxGate$31537: 4 MUX2, 0 MUX4, 0 MUX8, 0 MUX16
    Replaced tree at $auto$rtlil.cc:3381:MuxGate$31541: 3 MUX2, 0 MUX4, 0 MUX8, 0 MUX16
    Replaced tree at $auto$rtlil.cc:3381:MuxGate$31545: 2 MUX2, 0 MUX4, 0 MUX8, 0 MUX16
    Replaced tree at $auto$rtlil.cc:3381:MuxGate$39173: 2 MUX2, 0 MUX4, 0 MUX8, 0 MUX16
    Replaced tree at $auto$rtlil.cc:3381:MuxGate$39133: 2 MUX2, 0 MUX4, 0 MUX8, 0 MUX16
    Replaced tree at $auto$rtlil.cc:3381:MuxGate$39169: 2 MUX2, 0 MUX4, 0 MUX8, 0 MUX16
    Replaced tree at $auto$rtlil.cc:3381:MuxGate$39129: 2 MUX2, 0 MUX4, 0 MUX8, 0 MUX16
    Replaced tree at $auto$rtlil.cc:3381:MuxGate$39165: 2 MUX2, 0 MUX4, 0 MUX8, 0 MUX16
    Replaced tree at $auto$rtlil.cc:3381:MuxGate$39125: 2 MUX2, 0 MUX4, 0 MUX8, 0 MUX16
    Replaced tree at $auto$rtlil.cc:3381:MuxGate$39161: 2 MUX2, 0 MUX4, 0 MUX8, 0 MUX16
    Replaced tree at $auto$rtlil.cc:3381:MuxGate$39121: 2 MUX2, 0 MUX4, 0 MUX8, 0 MUX16
    Replaced tree at $auto$rtlil.cc:3381:MuxGate$39157: 2 MUX2, 0 MUX4, 0 MUX8, 0 MUX16
    Replaced tree at $auto$rtlil.cc:3381:MuxGate$39117: 2 MUX2, 0 MUX4, 0 MUX8, 0 MUX16
    Replaced tree at $auto$rtlil.cc:3381:MuxGate$39153: 2 MUX2, 0 MUX4, 0 MUX8, 0 MUX16
    Replaced tree at $auto$rtlil.cc:3381:MuxGate$39113: 2 MUX2, 0 MUX4, 0 MUX8, 0 MUX16
    Replaced tree at $auto$rtlil.cc:3381:MuxGate$39149: 2 MUX2, 0 MUX4, 0 MUX8, 0 MUX16
    Replaced tree at $auto$rtlil.cc:3381:MuxGate$39109: 2 MUX2, 0 MUX4, 0 MUX8, 0 MUX16
    Replaced tree at $auto$rtlil.cc:3381:MuxGate$39145: 2 MUX2, 0 MUX4, 0 MUX8, 0 MUX16
    Replaced tree at $auto$rtlil.cc:3381:MuxGate$39105: 2 MUX2, 0 MUX4, 0 MUX8, 0 MUX16
    Replaced tree at $auto$rtlil.cc:3381:MuxGate$39141: 2 MUX2, 0 MUX4, 0 MUX8, 0 MUX16
    Replaced tree at $auto$rtlil.cc:3381:MuxGate$39101: 2 MUX2, 0 MUX4, 0 MUX8, 0 MUX16
    Replaced tree at $auto$rtlil.cc:3381:MuxGate$39137: 2 MUX2, 0 MUX4, 0 MUX8, 0 MUX16
    Replaced tree at $auto$rtlil.cc:3381:MuxGate$35043: 1 MUX2, 0 MUX4, 0 MUX8, 0 MUX16
    Replaced tree at $auto$rtlil.cc:3381:MuxGate$30849: 3 MUX2, 0 MUX4, 0 MUX8, 0 MUX16
    Replaced tree at $auto$rtlil.cc:3381:MuxGate$31869: 2 MUX2, 0 MUX4, 0 MUX8, 0 MUX16
    Replaced tree at $auto$rtlil.cc:3381:MuxGate$34819: 2 MUX2, 0 MUX4, 0 MUX8, 0 MUX16
    Replaced tree at $auto$rtlil.cc:3381:MuxGate$34297: 2 MUX2, 0 MUX4, 0 MUX8, 0 MUX16
    Replaced tree at $auto$rtlil.cc:3381:MuxGate$31873: 2 MUX2, 0 MUX4, 0 MUX8, 0 MUX16
    Replaced tree at $auto$rtlil.cc:3381:MuxGate$31877: 2 MUX2, 0 MUX4, 0 MUX8, 0 MUX16
    Replaced tree at $auto$rtlil.cc:3381:MuxGate$33875: 1 MUX2, 0 MUX4, 0 MUX8, 0 MUX16
    Replaced tree at $auto$rtlil.cc:3381:MuxGate$34107: 2 MUX2, 0 MUX4, 0 MUX8, 0 MUX16
    Replaced tree at $auto$rtlil.cc:3381:MuxGate$34815: 3 MUX2, 0 MUX4, 0 MUX8, 0 MUX16
    Replaced tree at $auto$rtlil.cc:3381:MuxGate$34811: 3 MUX2, 0 MUX4, 0 MUX8, 0 MUX16
    Replaced tree at $auto$rtlil.cc:3381:MuxGate$34807: 3 MUX2, 0 MUX4, 0 MUX8, 0 MUX16
    Replaced tree at $auto$rtlil.cc:3381:MuxGate$34803: 3 MUX2, 0 MUX4, 0 MUX8, 0 MUX16
    Replaced tree at $auto$rtlil.cc:3381:MuxGate$31881: 2 MUX2, 0 MUX4, 0 MUX8, 0 MUX16
    Replaced tree at $auto$rtlil.cc:3381:MuxGate$34799: 3 MUX2, 0 MUX4, 0 MUX8, 0 MUX16
    Replaced tree at $auto$rtlil.cc:3381:MuxGate$34103: 2 MUX2, 0 MUX4, 0 MUX8, 0 MUX16
    Replaced tree at $auto$rtlil.cc:3381:MuxGate$34795: 3 MUX2, 0 MUX4, 0 MUX8, 0 MUX16
    Replaced tree at $auto$rtlil.cc:3381:MuxGate$34791: 3 MUX2, 0 MUX4, 0 MUX8, 0 MUX16
    Replaced tree at $auto$rtlil.cc:3381:MuxGate$34099: 2 MUX2, 0 MUX4, 0 MUX8, 0 MUX16
    Replaced tree at $auto$rtlil.cc:3381:MuxGate$34787: 3 MUX2, 0 MUX4, 0 MUX8, 0 MUX16
    Replaced tree at $auto$rtlil.cc:3381:MuxGate$34783: 3 MUX2, 0 MUX4, 0 MUX8, 0 MUX16
    Replaced tree at $auto$rtlil.cc:3381:MuxGate$31885: 2 MUX2, 0 MUX4, 0 MUX8, 0 MUX16
    Replaced tree at $auto$rtlil.cc:3381:MuxGate$34779: 3 MUX2, 0 MUX4, 0 MUX8, 0 MUX16
    Replaced tree at $auto$rtlil.cc:3381:MuxGate$34095: 2 MUX2, 0 MUX4, 0 MUX8, 0 MUX16
    Replaced tree at $auto$rtlil.cc:3381:MuxGate$34775: 3 MUX2, 0 MUX4, 0 MUX8, 0 MUX16
    Replaced tree at $auto$rtlil.cc:3381:MuxGate$34771: 3 MUX2, 0 MUX4, 0 MUX8, 0 MUX16
    Replaced tree at $auto$rtlil.cc:3381:MuxGate$34091: 2 MUX2, 0 MUX4, 0 MUX8, 0 MUX16
    Replaced tree at $auto$rtlil.cc:3381:MuxGate$34767: 3 MUX2, 0 MUX4, 0 MUX8, 0 MUX16
    Replaced tree at $auto$rtlil.cc:3381:MuxGate$31889: 2 MUX2, 0 MUX4, 0 MUX8, 0 MUX16
    Replaced tree at $auto$rtlil.cc:3381:MuxGate$33873: 1 MUX2, 0 MUX4, 0 MUX8, 0 MUX16
    Replaced tree at $auto$rtlil.cc:3381:MuxGate$34763: 3 MUX2, 0 MUX4, 0 MUX8, 0 MUX16
    Replaced tree at $auto$rtlil.cc:3381:MuxGate$34087: 2 MUX2, 0 MUX4, 0 MUX8, 0 MUX16
    Replaced tree at $auto$rtlil.cc:3381:MuxGate$34759: 3 MUX2, 0 MUX4, 0 MUX8, 0 MUX16
    Replaced tree at $auto$rtlil.cc:3381:MuxGate$34755: 3 MUX2, 0 MUX4, 0 MUX8, 0 MUX16
    Replaced tree at $auto$rtlil.cc:3381:MuxGate$31897: 2 MUX2, 0 MUX4, 0 MUX8, 0 MUX16
    Replaced tree at $auto$rtlil.cc:3381:MuxGate$31905: 2 MUX2, 0 MUX4, 0 MUX8, 0 MUX16
    Replaced tree at $auto$rtlil.cc:3381:MuxGate$34747: 3 MUX2, 0 MUX4, 0 MUX8, 0 MUX16
    Replaced tree at $auto$rtlil.cc:3381:MuxGate$31909: 2 MUX2, 0 MUX4, 0 MUX8, 0 MUX16
    Replaced tree at $auto$rtlil.cc:3381:MuxGate$34743: 3 MUX2, 0 MUX4, 0 MUX8, 0 MUX16
    Replaced tree at $auto$rtlil.cc:3381:MuxGate$31917: 2 MUX2, 0 MUX4, 0 MUX8, 0 MUX16
    Replaced tree at $auto$rtlil.cc:3381:MuxGate$34739: 3 MUX2, 0 MUX4, 0 MUX8, 0 MUX16
    Replaced tree at $auto$rtlil.cc:3381:MuxGate$31921: 2 MUX2, 0 MUX4, 0 MUX8, 0 MUX16
    Replaced tree at $auto$rtlil.cc:3381:MuxGate$30211: 2 MUX2, 0 MUX4, 0 MUX8, 0 MUX16
    Replaced tree at $auto$rtlil.cc:3381:MuxGate$31925: 2 MUX2, 0 MUX4, 0 MUX8, 0 MUX16
    Replaced tree at $auto$rtlil.cc:3381:MuxGate$34735: 3 MUX2, 0 MUX4, 0 MUX8, 0 MUX16
    Replaced tree at $auto$rtlil.cc:3381:MuxGate$30203: 2 MUX2, 0 MUX4, 0 MUX8, 0 MUX16
    Replaced tree at $auto$rtlil.cc:3381:MuxGate$30223: 2 MUX2, 0 MUX4, 0 MUX8, 0 MUX16
    Replaced tree at $auto$rtlil.cc:3381:MuxGate$31933: 2 MUX2, 0 MUX4, 0 MUX8, 0 MUX16
    Replaced tree at $auto$rtlil.cc:3381:MuxGate$31937: 2 MUX2, 0 MUX4, 0 MUX8, 0 MUX16
    Replaced tree at $auto$rtlil.cc:3381:MuxGate$30227: 2 MUX2, 0 MUX4, 0 MUX8, 0 MUX16
    Replaced tree at $auto$rtlil.cc:3381:MuxGate$34083: 2 MUX2, 0 MUX4, 0 MUX8, 0 MUX16
    Replaced tree at $auto$rtlil.cc:3381:MuxGate$34727: 3 MUX2, 0 MUX4, 0 MUX8, 0 MUX16
    Replaced tree at $auto$rtlil.cc:3381:MuxGate$31945: 5 MUX2, 0 MUX4, 0 MUX8, 0 MUX16
    Replaced tree at $auto$rtlil.cc:3381:MuxGate$30191: 2 MUX2, 0 MUX4, 0 MUX8, 0 MUX16
    Replaced tree at $auto$rtlil.cc:3381:MuxGate$33871: 1 MUX2, 0 MUX4, 0 MUX8, 0 MUX16
    Replaced tree at $auto$rtlil.cc:3381:MuxGate$31949: 5 MUX2, 0 MUX4, 0 MUX8, 0 MUX16
    Replaced tree at $auto$rtlil.cc:3381:MuxGate$34723: 3 MUX2, 0 MUX4, 0 MUX8, 0 MUX16
    Replaced tree at $auto$rtlil.cc:3381:MuxGate$36741: 2 MUX2, 0 MUX4, 0 MUX8, 0 MUX16
    Replaced tree at $auto$rtlil.cc:3381:MuxGate$31953: 5 MUX2, 0 MUX4, 0 MUX8, 0 MUX16
    Replaced tree at $auto$rtlil.cc:3381:MuxGate$31957: 5 MUX2, 0 MUX4, 0 MUX8, 0 MUX16
    Replaced tree at $auto$rtlil.cc:3381:MuxGate$30199: 2 MUX2, 0 MUX4, 0 MUX8, 0 MUX16
    Replaced tree at $auto$rtlil.cc:3381:MuxGate$30845: 3 MUX2, 0 MUX4, 0 MUX8, 0 MUX16
    Replaced tree at $auto$rtlil.cc:3381:MuxGate$31961: 2 MUX2, 0 MUX4, 0 MUX8, 0 MUX16
    Replaced tree at $auto$rtlil.cc:3381:MuxGate$33869: 1 MUX2, 0 MUX4, 0 MUX8, 0 MUX16
    Replaced tree at $auto$rtlil.cc:3381:MuxGate$31965: 5 MUX2, 0 MUX4, 0 MUX8, 0 MUX16
    Replaced tree at $auto$rtlil.cc:3381:MuxGate$30195: 2 MUX2, 0 MUX4, 0 MUX8, 0 MUX16
    Replaced tree at $auto$rtlil.cc:3381:MuxGate$36605: 2 MUX2, 0 MUX4, 0 MUX8, 0 MUX16
    Replaced tree at $auto$rtlil.cc:3381:MuxGate$36609: 2 MUX2, 0 MUX4, 0 MUX8, 0 MUX16
    Replaced tree at $auto$rtlil.cc:3381:MuxGate$30833: 3 MUX2, 0 MUX4, 0 MUX8, 0 MUX16
    Replaced tree at $auto$rtlil.cc:3381:MuxGate$31969: 5 MUX2, 0 MUX4, 0 MUX8, 0 MUX16
    Replaced tree at $auto$rtlil.cc:3381:MuxGate$31973: 5 MUX2, 0 MUX4, 0 MUX8, 0 MUX16
    Replaced tree at $auto$rtlil.cc:3381:MuxGate$31977: 5 MUX2, 0 MUX4, 0 MUX8, 0 MUX16
    Replaced tree at $auto$rtlil.cc:3381:MuxGate$34079: 2 MUX2, 0 MUX4, 0 MUX8, 0 MUX16
    Replaced tree at $auto$rtlil.cc:3381:MuxGate$30215: 2 MUX2, 0 MUX4, 0 MUX8, 0 MUX16
    Replaced tree at $auto$rtlil.cc:3381:MuxGate$34711: 3 MUX2, 0 MUX4, 0 MUX8, 0 MUX16
    Replaced tree at $auto$rtlil.cc:3381:MuxGate$33867: 1 MUX2, 0 MUX4, 0 MUX8, 0 MUX16
    Replaced tree at $auto$rtlil.cc:3381:MuxGate$34707: 3 MUX2, 0 MUX4, 0 MUX8, 0 MUX16
    Replaced tree at $auto$rtlil.cc:3381:MuxGate$34075: 2 MUX2, 0 MUX4, 0 MUX8, 0 MUX16
    Replaced tree at $auto$rtlil.cc:3381:MuxGate$34703: 3 MUX2, 0 MUX4, 0 MUX8, 0 MUX16
    Replaced tree at $auto$rtlil.cc:3381:MuxGate$34679: 3 MUX2, 0 MUX4, 0 MUX8, 0 MUX16
    Replaced tree at $auto$rtlil.cc:3381:MuxGate$33865: 1 MUX2, 0 MUX4, 0 MUX8, 0 MUX16
    Replaced tree at $auto$rtlil.cc:3381:MuxGate$34071: 2 MUX2, 0 MUX4, 0 MUX8, 0 MUX16
    Replaced tree at $auto$rtlil.cc:3381:MuxGate$31985: 5 MUX2, 0 MUX4, 0 MUX8, 0 MUX16
    Replaced tree at $auto$rtlil.cc:3381:MuxGate$34699: 3 MUX2, 0 MUX4, 0 MUX8, 0 MUX16
    Replaced tree at $auto$rtlil.cc:3381:MuxGate$33863: 1 MUX2, 0 MUX4, 0 MUX8, 0 MUX16
    Replaced tree at $auto$rtlil.cc:3381:MuxGate$30207: 2 MUX2, 0 MUX4, 0 MUX8, 0 MUX16
    Replaced tree at $auto$rtlil.cc:3381:MuxGate$34695: 3 MUX2, 0 MUX4, 0 MUX8, 0 MUX16
    Replaced tree at $auto$rtlil.cc:3381:MuxGate$31989: 5 MUX2, 0 MUX4, 0 MUX8, 0 MUX16
    Replaced tree at $auto$rtlil.cc:3381:MuxGate$34067: 2 MUX2, 0 MUX4, 0 MUX8, 0 MUX16
    Replaced tree at $auto$rtlil.cc:3381:MuxGate$34691: 3 MUX2, 0 MUX4, 0 MUX8, 0 MUX16
    Replaced tree at $auto$rtlil.cc:3381:MuxGate$34687: 3 MUX2, 0 MUX4, 0 MUX8, 0 MUX16
    Replaced tree at $auto$rtlil.cc:3381:MuxGate$34731: 3 MUX2, 0 MUX4, 0 MUX8, 0 MUX16
    Replaced tree at $auto$rtlil.cc:3381:MuxGate$36749: 2 MUX2, 0 MUX4, 0 MUX8, 0 MUX16
    Replaced tree at $auto$rtlil.cc:3381:MuxGate$34683: 3 MUX2, 0 MUX4, 0 MUX8, 0 MUX16
    Replaced tree at $auto$rtlil.cc:3381:MuxGate$36757: 2 MUX2, 0 MUX4, 0 MUX8, 0 MUX16
    Replaced tree at $auto$rtlil.cc:3381:MuxGate$36753: 2 MUX2, 0 MUX4, 0 MUX8, 0 MUX16
    Replaced tree at $auto$rtlil.cc:3381:MuxGate$33327: 2 MUX2, 0 MUX4, 0 MUX8, 0 MUX16
    Replaced tree at $auto$rtlil.cc:3381:MuxGate$33861: 1 MUX2, 0 MUX4, 0 MUX8, 0 MUX16
    Replaced tree at $auto$rtlil.cc:3381:MuxGate$31993: 2 MUX2, 0 MUX4, 0 MUX8, 0 MUX16
    Replaced tree at $auto$rtlil.cc:3381:MuxGate$31997: 5 MUX2, 0 MUX4, 0 MUX8, 0 MUX16
    Replaced tree at $auto$rtlil.cc:3381:MuxGate$32001: 5 MUX2, 0 MUX4, 0 MUX8, 0 MUX16
    Replaced tree at $auto$rtlil.cc:3381:MuxGate$39311: 2 MUX2, 0 MUX4, 0 MUX8, 0 MUX16
    Replaced tree at $auto$rtlil.cc:3381:MuxGate$39303: 2 MUX2, 0 MUX4, 0 MUX8, 0 MUX16
    Replaced tree at $auto$rtlil.cc:3381:MuxGate$39307: 2 MUX2, 0 MUX4, 0 MUX8, 0 MUX16
    Replaced tree at $auto$rtlil.cc:3381:MuxGate$34063: 2 MUX2, 0 MUX4, 0 MUX8, 0 MUX16
    Replaced tree at $auto$rtlil.cc:3381:MuxGate$34675: 3 MUX2, 0 MUX4, 0 MUX8, 0 MUX16
    Replaced tree at $auto$rtlil.cc:3381:MuxGate$30219: 2 MUX2, 0 MUX4, 0 MUX8, 0 MUX16
    Replaced tree at $auto$rtlil.cc:3381:MuxGate$36641: 2 MUX2, 0 MUX4, 0 MUX8, 0 MUX16
    Replaced tree at $auto$rtlil.cc:3381:MuxGate$30781: 4 MUX2, 0 MUX4, 0 MUX8, 0 MUX16
    Replaced tree at \u_soc.u_cpu.decoder_inst.:7719.B [128]: 1 MUX2, 0 MUX4, 0 MUX8, 0 MUX16
    Replaced tree at \u_soc.u_cpu.decoder_inst.:7719.B [129]: 1 MUX2, 0 MUX4, 0 MUX8, 0 MUX16
    Replaced tree at \u_soc.u_cpu.decoder_inst.:7719.B [130]: 1 MUX2, 0 MUX4, 0 MUX8, 0 MUX16
    Replaced tree at \u_soc.u_cpu.decoder_inst.:7719.B [131]: 1 MUX2, 0 MUX4, 0 MUX8, 0 MUX16
    Replaced tree at \u_soc.u_cpu.decoder_inst.:7719.B [132]: 1 MUX2, 0 MUX4, 0 MUX8, 0 MUX16
    Replaced tree at \u_soc.u_cpu.decoder_inst.:7719.B [133]: 1 MUX2, 0 MUX4, 0 MUX8, 0 MUX16
    Replaced tree at \u_soc.u_cpu.decoder_inst.:7719.B [134]: 1 MUX2, 0 MUX4, 0 MUX8, 0 MUX16
    Replaced tree at \u_soc.u_cpu.decoder_inst.:7719.B [135]: 1 MUX2, 0 MUX4, 0 MUX8, 0 MUX16
    Replaced tree at \u_soc.u_cpu.decoder_inst.:7719.B [136]: 1 MUX2, 0 MUX4, 0 MUX8, 0 MUX16
    Replaced tree at \u_soc.u_cpu.decoder_inst.:7719.B [137]: 1 MUX2, 0 MUX4, 0 MUX8, 0 MUX16
    Replaced tree at \u_soc.u_cpu.decoder_inst.:7719.B [138]: 1 MUX2, 0 MUX4, 0 MUX8, 0 MUX16
    Replaced tree at \u_soc.u_cpu.decoder_inst.:7719.B [159]: 1 MUX2, 0 MUX4, 0 MUX8, 0 MUX16
    Replaced tree at $auto$rtlil.cc:3381:MuxGate$32009: 5 MUX2, 0 MUX4, 0 MUX8, 0 MUX16
    Replaced tree at $auto$rtlil.cc:3381:MuxGate$32013: 5 MUX2, 0 MUX4, 0 MUX8, 0 MUX16
    Replaced tree at $auto$rtlil.cc:3381:MuxGate$32017: 5 MUX2, 0 MUX4, 0 MUX8, 0 MUX16
    Replaced tree at $auto$rtlil.cc:3381:MuxGate$32021: 5 MUX2, 0 MUX4, 0 MUX8, 0 MUX16
    Replaced tree at $auto$rtlil.cc:3381:MuxGate$32025: 2 MUX2, 0 MUX4, 0 MUX8, 0 MUX16
    Replaced tree at $auto$rtlil.cc:3381:MuxGate$32029: 5 MUX2, 0 MUX4, 0 MUX8, 0 MUX16
    Replaced tree at $auto$rtlil.cc:3381:MuxGate$32033: 5 MUX2, 0 MUX4, 0 MUX8, 0 MUX16
    Replaced tree at $auto$rtlil.cc:3381:MuxGate$32037: 5 MUX2, 0 MUX4, 0 MUX8, 0 MUX16
    Replaced tree at $auto$rtlil.cc:3381:MuxGate$32041: 5 MUX2, 0 MUX4, 0 MUX8, 0 MUX16
    Replaced tree at $auto$rtlil.cc:3381:MuxGate$38933: 2 MUX2, 0 MUX4, 0 MUX8, 0 MUX16
    Replaced tree at $auto$rtlil.cc:3381:MuxGate$38997: 2 MUX2, 0 MUX4, 0 MUX8, 0 MUX16
    Replaced tree at $auto$rtlil.cc:3381:MuxGate$38929: 2 MUX2, 0 MUX4, 0 MUX8, 0 MUX16
    Replaced tree at $auto$rtlil.cc:3381:MuxGate$38993: 2 MUX2, 0 MUX4, 0 MUX8, 0 MUX16
    Replaced tree at $auto$rtlil.cc:3381:MuxGate$38925: 2 MUX2, 0 MUX4, 0 MUX8, 0 MUX16
    Replaced tree at $auto$rtlil.cc:3381:MuxGate$38989: 2 MUX2, 0 MUX4, 0 MUX8, 0 MUX16
    Replaced tree at $auto$rtlil.cc:3381:MuxGate$38921: 2 MUX2, 0 MUX4, 0 MUX8, 0 MUX16
    Replaced tree at $auto$rtlil.cc:3381:MuxGate$38985: 2 MUX2, 0 MUX4, 0 MUX8, 0 MUX16
    Replaced tree at $auto$rtlil.cc:3381:MuxGate$38917: 2 MUX2, 0 MUX4, 0 MUX8, 0 MUX16
    Replaced tree at $auto$rtlil.cc:3381:MuxGate$38981: 2 MUX2, 0 MUX4, 0 MUX8, 0 MUX16
    Replaced tree at $auto$rtlil.cc:3381:MuxGate$38913: 2 MUX2, 0 MUX4, 0 MUX8, 0 MUX16
    Replaced tree at $auto$rtlil.cc:3381:MuxGate$38977: 2 MUX2, 0 MUX4, 0 MUX8, 0 MUX16
    Replaced tree at $auto$rtlil.cc:3381:MuxGate$38909: 2 MUX2, 0 MUX4, 0 MUX8, 0 MUX16
    Replaced tree at $auto$rtlil.cc:3381:MuxGate$38973: 2 MUX2, 0 MUX4, 0 MUX8, 0 MUX16
    Replaced tree at $auto$rtlil.cc:3381:MuxGate$38905: 2 MUX2, 0 MUX4, 0 MUX8, 0 MUX16
    Replaced tree at $auto$rtlil.cc:3381:MuxGate$38969: 2 MUX2, 0 MUX4, 0 MUX8, 0 MUX16
    Replaced tree at $auto$rtlil.cc:3381:MuxGate$38901: 2 MUX2, 0 MUX4, 0 MUX8, 0 MUX16
    Replaced tree at $auto$rtlil.cc:3381:MuxGate$38965: 2 MUX2, 0 MUX4, 0 MUX8, 0 MUX16
    Replaced tree at $auto$rtlil.cc:3381:MuxGate$38897: 2 MUX2, 0 MUX4, 0 MUX8, 0 MUX16
    Replaced tree at $auto$rtlil.cc:3381:MuxGate$38961: 2 MUX2, 0 MUX4, 0 MUX8, 0 MUX16
    Replaced tree at $auto$rtlil.cc:3381:MuxGate$30777: 4 MUX2, 0 MUX4, 0 MUX8, 0 MUX16
    Replaced tree at $auto$rtlil.cc:3381:MuxGate$32045: 5 MUX2, 0 MUX4, 0 MUX8, 0 MUX16
    Replaced tree at $auto$rtlil.cc:3381:MuxGate$32049: 5 MUX2, 0 MUX4, 0 MUX8, 0 MUX16
    Replaced tree at $auto$rtlil.cc:3381:MuxGate$39021: 2 MUX2, 0 MUX4, 0 MUX8, 0 MUX16
    Replaced tree at $auto$rtlil.cc:3381:MuxGate$39029: 2 MUX2, 0 MUX4, 0 MUX8, 0 MUX16
    Replaced tree at $auto$rtlil.cc:3381:MuxGate$39017: 2 MUX2, 0 MUX4, 0 MUX8, 0 MUX16
    Replaced tree at $auto$rtlil.cc:3381:MuxGate$39025: 2 MUX2, 0 MUX4, 0 MUX8, 0 MUX16
    Replaced tree at $auto$rtlil.cc:3381:MuxGate$35345: 2 MUX2, 0 MUX4, 0 MUX8, 0 MUX16
    Replaced tree at \u_soc.u_cpu.decoder_inst.:7361.B [3]: 2 MUX2, 0 MUX4, 0 MUX8, 0 MUX16
    Replaced tree at \u_soc.u_cpu.decoder_inst.:7361.B [28]: 1 MUX2, 0 MUX4, 0 MUX8, 0 MUX16
    Replaced tree at \u_soc.u_cpu.decoder_inst.:7361.B [30]: 1 MUX2, 0 MUX4, 0 MUX8, 0 MUX16
    Replaced tree at \u_soc.u_cpu.decoder_inst.:7361.Y [0]: 1 MUX2, 0 MUX4, 0 MUX8, 0 MUX16
    Replaced tree at \u_soc.u_cpu.decoder_inst.:7361.Y [1]: 1 MUX2, 0 MUX4, 0 MUX8, 0 MUX16
    Replaced tree at \u_soc.u_cpu.decoder_inst.:7361.Y [2]: 1 MUX2, 0 MUX4, 0 MUX8, 0 MUX16
    Replaced tree at \u_soc.u_cpu.decoder_inst.:7361.Y [3]: 1 MUX2, 0 MUX4, 0 MUX8, 0 MUX16
    Replaced tree at $auto$rtlil.cc:3381:MuxGate$32053: 5 MUX2, 0 MUX4, 0 MUX8, 0 MUX16
    Replaced tree at $auto$rtlil.cc:3381:MuxGate$32057: 5 MUX2, 0 MUX4, 0 MUX8, 0 MUX16
    Replaced tree at $auto$rtlil.cc:3381:MuxGate$32061: 5 MUX2, 0 MUX4, 0 MUX8, 0 MUX16
    Replaced tree at $auto$rtlil.cc:3381:MuxGate$32065: 5 MUX2, 0 MUX4, 0 MUX8, 0 MUX16
    Replaced tree at $auto$rtlil.cc:3381:MuxGate$39077: 2 MUX2, 0 MUX4, 0 MUX8, 0 MUX16
    Replaced tree at $auto$rtlil.cc:3381:MuxGate$39089: 2 MUX2, 0 MUX4, 0 MUX8, 0 MUX16
    Replaced tree at $auto$rtlil.cc:3381:MuxGate$39073: 2 MUX2, 0 MUX4, 0 MUX8, 0 MUX16
    Replaced tree at $auto$rtlil.cc:3381:MuxGate$39085: 2 MUX2, 0 MUX4, 0 MUX8, 0 MUX16
    Replaced tree at $auto$rtlil.cc:3381:MuxGate$39069: 2 MUX2, 0 MUX4, 0 MUX8, 0 MUX16
    Replaced tree at $auto$rtlil.cc:3381:MuxGate$39081: 2 MUX2, 0 MUX4, 0 MUX8, 0 MUX16
    Replaced tree at $auto$rtlil.cc:3381:MuxGate$36701: 2 MUX2, 0 MUX4, 0 MUX8, 0 MUX16
    Replaced tree at $auto$rtlil.cc:3381:MuxGate$36705: 2 MUX2, 0 MUX4, 0 MUX8, 0 MUX16
    Replaced tree at $auto$rtlil.cc:3381:MuxGate$35349: 2 MUX2, 0 MUX4, 0 MUX8, 0 MUX16
    Replaced tree at $auto$rtlil.cc:3381:MuxGate$30765: 4 MUX2, 0 MUX4, 0 MUX8, 0 MUX16
    Replaced tree at \u_soc.u_cpu.decoder_inst.:7425.Y [0]: 1 MUX2, 0 MUX4, 0 MUX8, 0 MUX16
    Replaced tree at \u_soc.u_cpu.decoder_inst.:7425.Y [1]: 1 MUX2, 0 MUX4, 0 MUX8, 0 MUX16
    Replaced tree at \u_soc.u_cpu.decoder_inst.:7425.Y [2]: 1 MUX2, 0 MUX4, 0 MUX8, 0 MUX16
    Replaced tree at \u_soc.u_cpu.decoder_inst.:7425.Y [3]: 1 MUX2, 0 MUX4, 0 MUX8, 0 MUX16
    Replaced tree at $auto$rtlil.cc:3381:MuxGate$39093: 2 MUX2, 0 MUX4, 0 MUX8, 0 MUX16
    Replaced tree at $auto$rtlil.cc:3381:MuxGate$32069: 3 MUX2, 0 MUX4, 0 MUX8, 0 MUX16
    Replaced tree at $auto$rtlil.cc:3381:MuxGate$32077: 3 MUX2, 0 MUX4, 0 MUX8, 0 MUX16
    Replaced tree at $auto$rtlil.cc:3381:MuxGate$32081: 3 MUX2, 0 MUX4, 0 MUX8, 0 MUX16
    Replaced tree at $auto$rtlil.cc:3381:MuxGate$32089: 3 MUX2, 0 MUX4, 0 MUX8, 0 MUX16
    Replaced tree at \u_soc.u_cpu.decoder_inst.:7363.B [0]: 2 MUX2, 0 MUX4, 0 MUX8, 0 MUX16
    Replaced tree at \u_soc.u_cpu.decoder_inst.:7363.Y: 1 MUX2, 0 MUX4, 0 MUX8, 0 MUX16
    Replaced tree at $auto$rtlil.cc:3381:MuxGate$32093: 3 MUX2, 0 MUX4, 0 MUX8, 0 MUX16
    Replaced tree at \u_soc.u_cpu.decoder_inst.:7428.Y: 1 MUX2, 0 MUX4, 0 MUX8, 0 MUX16
    Replaced tree at $auto$rtlil.cc:3381:MuxGate$32097: 3 MUX2, 0 MUX4, 0 MUX8, 0 MUX16
    Replaced tree at $auto$rtlil.cc:3381:MuxGate$32101: 3 MUX2, 0 MUX4, 0 MUX8, 0 MUX16
    Replaced tree at $auto$rtlil.cc:3381:MuxGate$32105: 3 MUX2, 0 MUX4, 0 MUX8, 0 MUX16
    Replaced tree at $auto$rtlil.cc:3381:MuxGate$32109: 3 MUX2, 0 MUX4, 0 MUX8, 0 MUX16
    Replaced tree at $auto$rtlil.cc:3381:MuxGate$39195: 2 MUX2, 0 MUX4, 0 MUX8, 0 MUX16
    Replaced tree at $auto$rtlil.cc:3381:MuxGate$39193: 2 MUX2, 0 MUX4, 0 MUX8, 0 MUX16
    Replaced tree at $auto$rtlil.cc:3381:MuxGate$39181: 2 MUX2, 0 MUX4, 0 MUX8, 0 MUX16
    Replaced tree at $auto$rtlil.cc:3381:MuxGate$39189: 2 MUX2, 0 MUX4, 0 MUX8, 0 MUX16
    Replaced tree at $auto$rtlil.cc:3381:MuxGate$39177: 2 MUX2, 0 MUX4, 0 MUX8, 0 MUX16
    Replaced tree at \u_soc.u_cpu.decoder_inst.:7366.B [0]: 2 MUX2, 0 MUX4, 0 MUX8, 0 MUX16
    Replaced tree at \u_soc.u_cpu.decoder_inst.:7366.B [2]: 1 MUX2, 0 MUX4, 0 MUX8, 0 MUX16
    Replaced tree at $auto$rtlil.cc:3381:MuxGate$39185: 3 MUX2, 0 MUX4, 0 MUX8, 0 MUX16
    Replaced tree at \u_soc.u_cpu.decoder_inst.:7366.Y: 1 MUX2, 0 MUX4, 0 MUX8, 0 MUX16
    Replaced tree at $auto$rtlil.cc:3381:MuxGate$30741: 4 MUX2, 0 MUX4, 0 MUX8, 0 MUX16
    Replaced tree at $auto$rtlil.cc:3381:MuxGate$32113: 3 MUX2, 0 MUX4, 0 MUX8, 0 MUX16
    Replaced tree at \u_soc.u_cpu.decoder_inst.:7432.Y: 1 MUX2, 0 MUX4, 0 MUX8, 0 MUX16
    Replaced tree at $auto$rtlil.cc:3381:MuxGate$32117: 3 MUX2, 0 MUX4, 0 MUX8, 0 MUX16
    Replaced tree at $auto$rtlil.cc:3381:MuxGate$32121: 3 MUX2, 0 MUX4, 0 MUX8, 0 MUX16
    Replaced tree at $auto$rtlil.cc:3381:MuxGate$38693: 2 MUX2, 0 MUX4, 0 MUX8, 0 MUX16
    Replaced tree at $auto$rtlil.cc:3381:MuxGate$38685: 2 MUX2, 0 MUX4, 0 MUX8, 0 MUX16
    Replaced tree at \u_soc.u_cpu.decoder_inst.:7680.B [0]: 2 MUX2, 0 MUX4, 0 MUX8, 0 MUX16
    Replaced tree at $auto$rtlil.cc:3381:MuxGate$38689: 2 MUX2, 0 MUX4, 0 MUX8, 0 MUX16
    Replaced tree at \u_soc.u_cpu.decoder_inst.:7680.Y: 1 MUX2, 0 MUX4, 0 MUX8, 0 MUX16
    Replaced tree at $auto$rtlil.cc:3381:MuxGate$32125: 3 MUX2, 0 MUX4, 0 MUX8, 0 MUX16
    Replaced tree at $auto$rtlil.cc:3381:MuxGate$39001: 2 MUX2, 0 MUX4, 0 MUX8, 0 MUX16
    Replaced tree at $auto$rtlil.cc:3381:MuxGate$39005: 2 MUX2, 0 MUX4, 0 MUX8, 0 MUX16
    Replaced tree at $auto$rtlil.cc:3381:MuxGate$39009: 2 MUX2, 0 MUX4, 0 MUX8, 0 MUX16
    Replaced tree at $auto$rtlil.cc:3381:MuxGate$34663: 3 MUX2, 0 MUX4, 0 MUX8, 0 MUX16
    Replaced tree at \u_soc.u_cpu.dmem_rdata [0]: 3 MUX2, 1 MUX4, 0 MUX8, 0 MUX16
    Replaced tree at \u_soc.u_cpu.dmem_rdata [1]: 3 MUX2, 1 MUX4, 0 MUX8, 0 MUX16
    Replaced tree at \u_soc.u_cpu.dmem_rdata [2]: 3 MUX2, 1 MUX4, 0 MUX8, 0 MUX16
    Replaced tree at \u_soc.u_cpu.dmem_rdata [3]: 3 MUX2, 1 MUX4, 0 MUX8, 0 MUX16
    Replaced tree at \u_soc.u_cpu.dmem_rdata [4]: 3 MUX2, 1 MUX4, 0 MUX8, 0 MUX16
    Replaced tree at \u_soc.u_cpu.dmem_rdata [5]: 3 MUX2, 1 MUX4, 0 MUX8, 0 MUX16
    Replaced tree at \u_soc.u_cpu.dmem_rdata [6]: 3 MUX2, 1 MUX4, 0 MUX8, 0 MUX16
    Replaced tree at \u_soc.u_cpu.dmem_rdata [7]: 3 MUX2, 1 MUX4, 0 MUX8, 0 MUX16
    Replaced tree at \u_soc.u_cpu.dmem_rdata [8]: 3 MUX2, 1 MUX4, 0 MUX8, 0 MUX16
    Replaced tree at \u_soc.u_cpu.dmem_rdata [9]: 3 MUX2, 1 MUX4, 0 MUX8, 0 MUX16
    Replaced tree at \u_soc.u_cpu.dmem_rdata [10]: 3 MUX2, 1 MUX4, 0 MUX8, 0 MUX16
    Replaced tree at \u_soc.u_cpu.dmem_rdata [11]: 3 MUX2, 1 MUX4, 0 MUX8, 0 MUX16
    Replaced tree at \u_soc.u_cpu.dmem_rdata [12]: 3 MUX2, 1 MUX4, 0 MUX8, 0 MUX16
    Replaced tree at \u_soc.u_cpu.dmem_rdata [13]: 3 MUX2, 1 MUX4, 0 MUX8, 0 MUX16
    Replaced tree at \u_soc.u_cpu.dmem_rdata [14]: 3 MUX2, 1 MUX4, 0 MUX8, 0 MUX16
    Replaced tree at \u_soc.u_cpu.dmem_rdata [15]: 3 MUX2, 1 MUX4, 0 MUX8, 0 MUX16
    Replaced tree at \u_soc.u_cpu.dmem_rdata [16]: 3 MUX2, 1 MUX4, 0 MUX8, 0 MUX16
    Replaced tree at \u_soc.u_cpu.dmem_rdata [17]: 3 MUX2, 1 MUX4, 0 MUX8, 0 MUX16
    Replaced tree at \u_soc.u_cpu.dmem_rdata [18]: 3 MUX2, 1 MUX4, 0 MUX8, 0 MUX16
    Replaced tree at \u_soc.u_cpu.dmem_rdata [19]: 3 MUX2, 1 MUX4, 0 MUX8, 0 MUX16
    Replaced tree at \u_soc.u_cpu.dmem_rdata [20]: 3 MUX2, 1 MUX4, 0 MUX8, 0 MUX16
    Replaced tree at \u_soc.u_cpu.dmem_rdata [21]: 3 MUX2, 1 MUX4, 0 MUX8, 0 MUX16
    Replaced tree at \u_soc.u_cpu.dmem_rdata [22]: 3 MUX2, 1 MUX4, 0 MUX8, 0 MUX16
    Replaced tree at \u_soc.u_cpu.dmem_rdata [23]: 3 MUX2, 1 MUX4, 0 MUX8, 0 MUX16
    Replaced tree at \u_soc.u_cpu.dmem_rdata [24]: 3 MUX2, 1 MUX4, 0 MUX8, 0 MUX16
    Replaced tree at \u_soc.u_cpu.dmem_rdata [25]: 3 MUX2, 1 MUX4, 0 MUX8, 0 MUX16
    Replaced tree at \u_soc.u_cpu.dmem_rdata [26]: 3 MUX2, 1 MUX4, 0 MUX8, 0 MUX16
    Replaced tree at \u_soc.u_cpu.dmem_rdata [27]: 3 MUX2, 1 MUX4, 0 MUX8, 0 MUX16
    Replaced tree at \u_soc.u_cpu.dmem_rdata [28]: 3 MUX2, 1 MUX4, 0 MUX8, 0 MUX16
    Replaced tree at \u_soc.u_cpu.dmem_rdata [29]: 3 MUX2, 1 MUX4, 0 MUX8, 0 MUX16
    Replaced tree at \u_soc.u_cpu.dmem_rdata [30]: 3 MUX2, 1 MUX4, 0 MUX8, 0 MUX16
    Replaced tree at \u_soc.u_cpu.dmem_rdata [31]: 3 MUX2, 1 MUX4, 0 MUX8, 0 MUX16
    Replaced tree at $auto$rtlil.cc:3381:MuxGate$31557: 2 MUX2, 0 MUX4, 0 MUX8, 0 MUX16
    Replaced tree at $auto$rtlil.cc:3381:MuxGate$35019: 2 MUX2, 0 MUX4, 0 MUX8, 0 MUX16
    Replaced tree at $auto$rtlil.cc:3381:MuxGate$35041: 1 MUX2, 0 MUX4, 0 MUX8, 0 MUX16
    Replaced tree at $auto$rtlil.cc:3381:MuxGate$31561: 3 MUX2, 0 MUX4, 0 MUX8, 0 MUX16
    Replaced tree at $auto$rtlil.cc:3381:MuxGate$30259: 2 MUX2, 0 MUX4, 0 MUX8, 0 MUX16
    Replaced tree at $auto$rtlil.cc:3381:MuxGate$35039: 1 MUX2, 0 MUX4, 0 MUX8, 0 MUX16
    Replaced tree at $auto$rtlil.cc:3381:MuxGate$34281: 2 MUX2, 0 MUX4, 0 MUX8, 0 MUX16
    Replaced tree at $auto$rtlil.cc:3381:MuxGate$31565: 3 MUX2, 0 MUX4, 0 MUX8, 0 MUX16
    Replaced tree at $auto$rtlil.cc:3381:MuxGate$35037: 1 MUX2, 0 MUX4, 0 MUX8, 0 MUX16
    Replaced tree at $auto$rtlil.cc:3381:MuxGate$36837: 2 MUX2, 0 MUX4, 0 MUX8, 0 MUX16
    Replaced tree at $auto$rtlil.cc:3381:MuxGate$30263: 2 MUX2, 0 MUX4, 0 MUX8, 0 MUX16
    Replaced tree at $auto$rtlil.cc:3381:MuxGate$31569: 3 MUX2, 0 MUX4, 0 MUX8, 0 MUX16
    Replaced tree at $auto$rtlil.cc:3381:MuxGate$35035: 1 MUX2, 0 MUX4, 0 MUX8, 0 MUX16
    Replaced tree at $auto$rtlil.cc:3381:MuxGate$34177: 2 MUX2, 0 MUX4, 0 MUX8, 0 MUX16
    Replaced tree at $auto$rtlil.cc:3381:MuxGate$35033: 1 MUX2, 0 MUX4, 0 MUX8, 0 MUX16
    Replaced tree at $auto$rtlil.cc:3381:MuxGate$30267: 2 MUX2, 0 MUX4, 0 MUX8, 0 MUX16
    Replaced tree at $auto$rtlil.cc:3381:MuxGate$35031: 1 MUX2, 0 MUX4, 0 MUX8, 0 MUX16
    Replaced tree at $auto$rtlil.cc:3381:MuxGate$35029: 1 MUX2, 0 MUX4, 0 MUX8, 0 MUX16
    Replaced tree at $auto$rtlil.cc:3381:MuxGate$36761: 2 MUX2, 0 MUX4, 0 MUX8, 0 MUX16
    Replaced tree at $auto$rtlil.cc:3381:MuxGate$35027: 1 MUX2, 0 MUX4, 0 MUX8, 0 MUX16
    Replaced tree at $auto$rtlil.cc:3381:MuxGate$34173: 2 MUX2, 0 MUX4, 0 MUX8, 0 MUX16
    Replaced tree at $auto$rtlil.cc:3381:MuxGate$30231: 2 MUX2, 0 MUX4, 0 MUX8, 0 MUX16
    Replaced tree at $auto$rtlil.cc:3381:MuxGate$34171: 2 MUX2, 0 MUX4, 0 MUX8, 0 MUX16
    Replaced tree at $auto$rtlil.cc:3381:MuxGate$35025: 1 MUX2, 0 MUX4, 0 MUX8, 0 MUX16
    Replaced tree at $auto$rtlil.cc:3381:MuxGate$30255: 2 MUX2, 0 MUX4, 0 MUX8, 0 MUX16
    Replaced tree at $auto$rtlil.cc:3381:MuxGate$35023: 2 MUX2, 0 MUX4, 0 MUX8, 0 MUX16
    Replaced tree at $auto$rtlil.cc:3381:MuxGate$31585: 3 MUX2, 0 MUX4, 0 MUX8, 0 MUX16
    Replaced tree at $auto$rtlil.cc:3381:MuxGate$31589: 3 MUX2, 0 MUX4, 0 MUX8, 0 MUX16
    Replaced tree at $auto$rtlil.cc:3381:MuxGate$31593: 3 MUX2, 0 MUX4, 0 MUX8, 0 MUX16
    Replaced tree at $auto$rtlil.cc:3381:MuxGate$31597: 3 MUX2, 0 MUX4, 0 MUX8, 0 MUX16
    Replaced tree at $auto$rtlil.cc:3381:MuxGate$31601: 3 MUX2, 0 MUX4, 0 MUX8, 0 MUX16
    Replaced tree at $auto$rtlil.cc:3381:MuxGate$31605: 3 MUX2, 0 MUX4, 0 MUX8, 0 MUX16
    Replaced tree at $auto$rtlil.cc:3381:MuxGate$31609: 3 MUX2, 0 MUX4, 0 MUX8, 0 MUX16
    Replaced tree at $auto$rtlil.cc:3381:MuxGate$31613: 3 MUX2, 0 MUX4, 0 MUX8, 0 MUX16
    Replaced tree at $auto$rtlil.cc:3381:MuxGate$31617: 3 MUX2, 0 MUX4, 0 MUX8, 0 MUX16
    Replaced tree at $auto$rtlil.cc:3381:MuxGate$31621: 3 MUX2, 0 MUX4, 0 MUX8, 0 MUX16
    Replaced tree at $auto$rtlil.cc:3381:MuxGate$31625: 3 MUX2, 0 MUX4, 0 MUX8, 0 MUX16
    Replaced tree at $auto$rtlil.cc:3381:MuxGate$31629: 3 MUX2, 0 MUX4, 0 MUX8, 0 MUX16
    Replaced tree at $auto$rtlil.cc:3381:MuxGate$31633: 3 MUX2, 0 MUX4, 0 MUX8, 0 MUX16
    Replaced tree at $auto$rtlil.cc:3381:MuxGate$31637: 3 MUX2, 0 MUX4, 0 MUX8, 0 MUX16
    Replaced tree at $techmap\u_soc.u_cpu.alu_inst.:10954.$10\buffer[31:0] [16]: 1 MUX2, 0 MUX4, 0 MUX8, 0 MUX16
    Replaced tree at $techmap\u_soc.u_cpu.alu_inst.:10954.$10\buffer[31:0] [17]: 1 MUX2, 0 MUX4, 0 MUX8, 0 MUX16
    Replaced tree at $techmap\u_soc.u_cpu.alu_inst.:10954.$10\buffer[31:0] [18]: 1 MUX2, 0 MUX4, 0 MUX8, 0 MUX16
    Replaced tree at $techmap\u_soc.u_cpu.alu_inst.:10954.$10\buffer[31:0] [19]: 1 MUX2, 0 MUX4, 0 MUX8, 0 MUX16
    Replaced tree at $techmap\u_soc.u_cpu.alu_inst.:10954.$10\buffer[31:0] [20]: 1 MUX2, 0 MUX4, 0 MUX8, 0 MUX16
    Replaced tree at $techmap\u_soc.u_cpu.alu_inst.:10954.$10\buffer[31:0] [21]: 1 MUX2, 0 MUX4, 0 MUX8, 0 MUX16
    Replaced tree at $techmap\u_soc.u_cpu.alu_inst.:10954.$10\buffer[31:0] [22]: 1 MUX2, 0 MUX4, 0 MUX8, 0 MUX16
    Replaced tree at $techmap\u_soc.u_cpu.alu_inst.:10954.$10\buffer[31:0] [23]: 1 MUX2, 0 MUX4, 0 MUX8, 0 MUX16
    Replaced tree at $techmap\u_soc.u_cpu.alu_inst.:10954.$10\buffer[31:0] [24]: 1 MUX2, 0 MUX4, 0 MUX8, 0 MUX16
    Replaced tree at $techmap\u_soc.u_cpu.alu_inst.:10954.$10\buffer[31:0] [25]: 1 MUX2, 0 MUX4, 0 MUX8, 0 MUX16
    Replaced tree at $techmap\u_soc.u_cpu.alu_inst.:10954.$10\buffer[31:0] [26]: 1 MUX2, 0 MUX4, 0 MUX8, 0 MUX16
    Replaced tree at $techmap\u_soc.u_cpu.alu_inst.:10954.$10\buffer[31:0] [27]: 1 MUX2, 0 MUX4, 0 MUX8, 0 MUX16
    Replaced tree at $techmap\u_soc.u_cpu.alu_inst.:10954.$10\buffer[31:0] [28]: 1 MUX2, 0 MUX4, 0 MUX8, 0 MUX16
    Replaced tree at $techmap\u_soc.u_cpu.alu_inst.:10954.$10\buffer[31:0] [29]: 1 MUX2, 0 MUX4, 0 MUX8, 0 MUX16
    Replaced tree at $techmap\u_soc.u_cpu.alu_inst.:10954.$10\buffer[31:0] [30]: 1 MUX2, 0 MUX4, 0 MUX8, 0 MUX16
    Replaced tree at $techmap\u_soc.u_cpu.alu_inst.:10954.$10\buffer[31:0] [31]: 1 MUX2, 0 MUX4, 0 MUX8, 0 MUX16
    Replaced tree at \u_soc.u_cpu.alu_inst.:10954.Y [0]: 1 MUX2, 0 MUX4, 0 MUX8, 0 MUX16
    Replaced tree at \u_soc.u_cpu.alu_inst.:10954.Y [1]: 1 MUX2, 0 MUX4, 0 MUX8, 0 MUX16
    Replaced tree at \u_soc.u_cpu.alu_inst.:10954.Y [2]: 1 MUX2, 0 MUX4, 0 MUX8, 0 MUX16
    Replaced tree at \u_soc.u_cpu.alu_inst.:10954.Y [3]: 1 MUX2, 0 MUX4, 0 MUX8, 0 MUX16
    Replaced tree at \u_soc.u_cpu.alu_inst.:10954.Y [4]: 1 MUX2, 0 MUX4, 0 MUX8, 0 MUX16
    Replaced tree at \u_soc.u_cpu.alu_inst.:10954.Y [5]: 1 MUX2, 0 MUX4, 0 MUX8, 0 MUX16
    Replaced tree at \u_soc.u_cpu.alu_inst.:10954.Y [6]: 1 MUX2, 0 MUX4, 0 MUX8, 0 MUX16
    Replaced tree at \u_soc.u_cpu.alu_inst.:10954.Y [7]: 1 MUX2, 0 MUX4, 0 MUX8, 0 MUX16
    Replaced tree at \u_soc.u_cpu.alu_inst.:10954.Y [8]: 1 MUX2, 0 MUX4, 0 MUX8, 0 MUX16
    Replaced tree at \u_soc.u_cpu.alu_inst.:10954.Y [9]: 1 MUX2, 0 MUX4, 0 MUX8, 0 MUX16
    Replaced tree at \u_soc.u_cpu.alu_inst.:10954.Y [10]: 1 MUX2, 0 MUX4, 0 MUX8, 0 MUX16
    Replaced tree at \u_soc.u_cpu.alu_inst.:10954.Y [11]: 1 MUX2, 0 MUX4, 0 MUX8, 0 MUX16
    Replaced tree at \u_soc.u_cpu.alu_inst.:10954.Y [12]: 1 MUX2, 0 MUX4, 0 MUX8, 0 MUX16
    Replaced tree at \u_soc.u_cpu.alu_inst.:10954.Y [13]: 1 MUX2, 0 MUX4, 0 MUX8, 0 MUX16
    Replaced tree at \u_soc.u_cpu.alu_inst.:10954.Y [14]: 1 MUX2, 0 MUX4, 0 MUX8, 0 MUX16
    Replaced tree at \u_soc.u_cpu.alu_inst.:10954.Y [15]: 1 MUX2, 0 MUX4, 0 MUX8, 0 MUX16
    Replaced tree at \u_soc.u_cpu.alu_inst.:10954.Y [16]: 2 MUX2, 0 MUX4, 0 MUX8, 0 MUX16
    Replaced tree at \u_soc.u_cpu.alu_inst.:10954.Y [17]: 2 MUX2, 0 MUX4, 0 MUX8, 0 MUX16
    Replaced tree at \u_soc.u_cpu.alu_inst.:10954.Y [18]: 2 MUX2, 0 MUX4, 0 MUX8, 0 MUX16
    Replaced tree at \u_soc.u_cpu.alu_inst.:10954.Y [19]: 2 MUX2, 0 MUX4, 0 MUX8, 0 MUX16
    Replaced tree at \u_soc.u_cpu.alu_inst.:10954.Y [20]: 2 MUX2, 0 MUX4, 0 MUX8, 0 MUX16
    Replaced tree at \u_soc.u_cpu.alu_inst.:10954.Y [21]: 2 MUX2, 0 MUX4, 0 MUX8, 0 MUX16
    Replaced tree at \u_soc.u_cpu.alu_inst.:10954.Y [22]: 2 MUX2, 0 MUX4, 0 MUX8, 0 MUX16
    Replaced tree at \u_soc.u_cpu.alu_inst.:10954.Y [23]: 2 MUX2, 0 MUX4, 0 MUX8, 0 MUX16
    Replaced tree at \u_soc.u_cpu.alu_inst.:10954.Y [24]: 3 MUX2, 0 MUX4, 0 MUX8, 0 MUX16
    Replaced tree at \u_soc.u_cpu.alu_inst.:10954.Y [25]: 3 MUX2, 0 MUX4, 0 MUX8, 0 MUX16
    Replaced tree at \u_soc.u_cpu.alu_inst.:10954.Y [26]: 3 MUX2, 0 MUX4, 0 MUX8, 0 MUX16
    Replaced tree at \u_soc.u_cpu.alu_inst.:10954.Y [27]: 3 MUX2, 0 MUX4, 0 MUX8, 0 MUX16
    Replaced tree at \u_soc.u_cpu.alu_inst.:10954.Y [28]: 4 MUX2, 0 MUX4, 0 MUX8, 0 MUX16
    Replaced tree at \u_soc.u_cpu.alu_inst.:10954.Y [29]: 4 MUX2, 0 MUX4, 0 MUX8, 0 MUX16
    Replaced tree at \u_soc.u_cpu.alu_inst.:10954.Y [30]: 5 MUX2, 0 MUX4, 0 MUX8, 0 MUX16
    Replaced tree at \u_soc.u_cpu.alu_inst.:10954.Y [31]: 5 MUX2, 0 MUX4, 0 MUX8, 0 MUX16
    Replaced tree at $techmap\u_soc.u_cpu.alu_inst.:10954.$5\buffer[31:0] [0]: 1 MUX2, 0 MUX4, 0 MUX8, 0 MUX16
    Replaced tree at $techmap\u_soc.u_cpu.alu_inst.:10954.$5\buffer[31:0] [1]: 1 MUX2, 0 MUX4, 0 MUX8, 0 MUX16
    Replaced tree at $techmap\u_soc.u_cpu.alu_inst.:10954.$5\buffer[31:0] [2]: 1 MUX2, 0 MUX4, 0 MUX8, 0 MUX16
    Replaced tree at $techmap\u_soc.u_cpu.alu_inst.:10954.$5\buffer[31:0] [3]: 1 MUX2, 0 MUX4, 0 MUX8, 0 MUX16
    Replaced tree at $techmap\u_soc.u_cpu.alu_inst.:10954.$5\buffer[31:0] [4]: 1 MUX2, 0 MUX4, 0 MUX8, 0 MUX16
    Replaced tree at $techmap\u_soc.u_cpu.alu_inst.:10954.$5\buffer[31:0] [5]: 1 MUX2, 0 MUX4, 0 MUX8, 0 MUX16
    Replaced tree at $techmap\u_soc.u_cpu.alu_inst.:10954.$5\buffer[31:0] [6]: 1 MUX2, 0 MUX4, 0 MUX8, 0 MUX16
    Replaced tree at $techmap\u_soc.u_cpu.alu_inst.:10954.$5\buffer[31:0] [7]: 1 MUX2, 0 MUX4, 0 MUX8, 0 MUX16
    Replaced tree at $techmap\u_soc.u_cpu.alu_inst.:10954.$5\buffer[31:0] [8]: 1 MUX2, 0 MUX4, 0 MUX8, 0 MUX16
    Replaced tree at $techmap\u_soc.u_cpu.alu_inst.:10954.$5\buffer[31:0] [9]: 1 MUX2, 0 MUX4, 0 MUX8, 0 MUX16
    Replaced tree at $techmap\u_soc.u_cpu.alu_inst.:10954.$5\buffer[31:0] [10]: 1 MUX2, 0 MUX4, 0 MUX8, 0 MUX16
    Replaced tree at $techmap\u_soc.u_cpu.alu_inst.:10954.$5\buffer[31:0] [11]: 1 MUX2, 0 MUX4, 0 MUX8, 0 MUX16
    Replaced tree at $techmap\u_soc.u_cpu.alu_inst.:10954.$5\buffer[31:0] [12]: 1 MUX2, 0 MUX4, 0 MUX8, 0 MUX16
    Replaced tree at $techmap\u_soc.u_cpu.alu_inst.:10954.$5\buffer[31:0] [13]: 1 MUX2, 0 MUX4, 0 MUX8, 0 MUX16
    Replaced tree at $techmap\u_soc.u_cpu.alu_inst.:10954.$5\buffer[31:0] [14]: 1 MUX2, 0 MUX4, 0 MUX8, 0 MUX16
    Replaced tree at $techmap\u_soc.u_cpu.alu_inst.:10954.$5\buffer[31:0] [15]: 1 MUX2, 0 MUX4, 0 MUX8, 0 MUX16
    Replaced tree at $techmap\u_soc.u_cpu.alu_inst.:10954.$5\buffer[31:0] [16]: 1 MUX2, 0 MUX4, 0 MUX8, 0 MUX16
    Replaced tree at $techmap\u_soc.u_cpu.alu_inst.:10954.$5\buffer[31:0] [17]: 1 MUX2, 0 MUX4, 0 MUX8, 0 MUX16
    Replaced tree at $techmap\u_soc.u_cpu.alu_inst.:10954.$5\buffer[31:0] [18]: 1 MUX2, 0 MUX4, 0 MUX8, 0 MUX16
    Replaced tree at $techmap\u_soc.u_cpu.alu_inst.:10954.$5\buffer[31:0] [19]: 1 MUX2, 0 MUX4, 0 MUX8, 0 MUX16
    Replaced tree at $techmap\u_soc.u_cpu.alu_inst.:10954.$5\buffer[31:0] [20]: 1 MUX2, 0 MUX4, 0 MUX8, 0 MUX16
    Replaced tree at $techmap\u_soc.u_cpu.alu_inst.:10954.$5\buffer[31:0] [21]: 1 MUX2, 0 MUX4, 0 MUX8, 0 MUX16
    Replaced tree at $techmap\u_soc.u_cpu.alu_inst.:10954.$5\buffer[31:0] [22]: 1 MUX2, 0 MUX4, 0 MUX8, 0 MUX16
    Replaced tree at $techmap\u_soc.u_cpu.alu_inst.:10954.$5\buffer[31:0] [23]: 1 MUX2, 0 MUX4, 0 MUX8, 0 MUX16
    Replaced tree at $techmap\u_soc.u_cpu.alu_inst.:10954.$3\buffer[31:0] [0]: 1 MUX2, 0 MUX4, 0 MUX8, 0 MUX16
    Replaced tree at $techmap\u_soc.u_cpu.alu_inst.:10954.$3\buffer[31:0] [1]: 1 MUX2, 0 MUX4, 0 MUX8, 0 MUX16
    Replaced tree at $techmap\u_soc.u_cpu.alu_inst.:10954.$3\buffer[31:0] [2]: 1 MUX2, 0 MUX4, 0 MUX8, 0 MUX16
    Replaced tree at $techmap\u_soc.u_cpu.alu_inst.:10954.$3\buffer[31:0] [3]: 1 MUX2, 0 MUX4, 0 MUX8, 0 MUX16
    Replaced tree at $techmap\u_soc.u_cpu.alu_inst.:10954.$3\buffer[31:0] [4]: 1 MUX2, 0 MUX4, 0 MUX8, 0 MUX16
    Replaced tree at $techmap\u_soc.u_cpu.alu_inst.:10954.$3\buffer[31:0] [5]: 1 MUX2, 0 MUX4, 0 MUX8, 0 MUX16
    Replaced tree at $techmap\u_soc.u_cpu.alu_inst.:10954.$3\buffer[31:0] [6]: 1 MUX2, 0 MUX4, 0 MUX8, 0 MUX16
    Replaced tree at $techmap\u_soc.u_cpu.alu_inst.:10954.$3\buffer[31:0] [7]: 1 MUX2, 0 MUX4, 0 MUX8, 0 MUX16
    Replaced tree at $techmap\u_soc.u_cpu.alu_inst.:10954.$3\buffer[31:0] [8]: 1 MUX2, 0 MUX4, 0 MUX8, 0 MUX16
    Replaced tree at $techmap\u_soc.u_cpu.alu_inst.:10954.$3\buffer[31:0] [9]: 1 MUX2, 0 MUX4, 0 MUX8, 0 MUX16
    Replaced tree at $techmap\u_soc.u_cpu.alu_inst.:10954.$3\buffer[31:0] [10]: 1 MUX2, 0 MUX4, 0 MUX8, 0 MUX16
    Replaced tree at $techmap\u_soc.u_cpu.alu_inst.:10954.$3\buffer[31:0] [11]: 1 MUX2, 0 MUX4, 0 MUX8, 0 MUX16
    Replaced tree at $techmap\u_soc.u_cpu.alu_inst.:10954.$3\buffer[31:0] [12]: 1 MUX2, 0 MUX4, 0 MUX8, 0 MUX16
    Replaced tree at $techmap\u_soc.u_cpu.alu_inst.:10954.$3\buffer[31:0] [13]: 1 MUX2, 0 MUX4, 0 MUX8, 0 MUX16
    Replaced tree at $techmap\u_soc.u_cpu.alu_inst.:10954.$3\buffer[31:0] [14]: 1 MUX2, 0 MUX4, 0 MUX8, 0 MUX16
    Replaced tree at $techmap\u_soc.u_cpu.alu_inst.:10954.$3\buffer[31:0] [15]: 1 MUX2, 0 MUX4, 0 MUX8, 0 MUX16
    Replaced tree at $techmap\u_soc.u_cpu.alu_inst.:10954.$3\buffer[31:0] [16]: 1 MUX2, 0 MUX4, 0 MUX8, 0 MUX16
    Replaced tree at $techmap\u_soc.u_cpu.alu_inst.:10954.$3\buffer[31:0] [17]: 1 MUX2, 0 MUX4, 0 MUX8, 0 MUX16
    Replaced tree at $techmap\u_soc.u_cpu.alu_inst.:10954.$3\buffer[31:0] [18]: 1 MUX2, 0 MUX4, 0 MUX8, 0 MUX16
    Replaced tree at $techmap\u_soc.u_cpu.alu_inst.:10954.$3\buffer[31:0] [19]: 1 MUX2, 0 MUX4, 0 MUX8, 0 MUX16
    Replaced tree at $techmap\u_soc.u_cpu.alu_inst.:10954.$3\buffer[31:0] [20]: 1 MUX2, 0 MUX4, 0 MUX8, 0 MUX16
    Replaced tree at $techmap\u_soc.u_cpu.alu_inst.:10954.$3\buffer[31:0] [21]: 1 MUX2, 0 MUX4, 0 MUX8, 0 MUX16
    Replaced tree at $techmap\u_soc.u_cpu.alu_inst.:10954.$3\buffer[31:0] [22]: 1 MUX2, 0 MUX4, 0 MUX8, 0 MUX16
    Replaced tree at $techmap\u_soc.u_cpu.alu_inst.:10954.$3\buffer[31:0] [23]: 1 MUX2, 0 MUX4, 0 MUX8, 0 MUX16
    Replaced tree at $techmap\u_soc.u_cpu.alu_inst.:10954.$3\buffer[31:0] [24]: 1 MUX2, 0 MUX4, 0 MUX8, 0 MUX16
    Replaced tree at $techmap\u_soc.u_cpu.alu_inst.:10954.$3\buffer[31:0] [25]: 1 MUX2, 0 MUX4, 0 MUX8, 0 MUX16
    Replaced tree at $techmap\u_soc.u_cpu.alu_inst.:10954.$3\buffer[31:0] [26]: 1 MUX2, 0 MUX4, 0 MUX8, 0 MUX16
    Replaced tree at $techmap\u_soc.u_cpu.alu_inst.:10954.$3\buffer[31:0] [27]: 1 MUX2, 0 MUX4, 0 MUX8, 0 MUX16
    Replaced tree at $techmap\u_soc.u_cpu.alu_inst.:10954.$1\buffer[31:0] [0]: 1 MUX2, 0 MUX4, 0 MUX8, 0 MUX16
    Replaced tree at $techmap\u_soc.u_cpu.alu_inst.:10954.$1\buffer[31:0] [1]: 1 MUX2, 0 MUX4, 0 MUX8, 0 MUX16
    Replaced tree at $techmap\u_soc.u_cpu.alu_inst.:10954.$1\buffer[31:0] [2]: 1 MUX2, 0 MUX4, 0 MUX8, 0 MUX16
    Replaced tree at $techmap\u_soc.u_cpu.alu_inst.:10954.$1\buffer[31:0] [3]: 1 MUX2, 0 MUX4, 0 MUX8, 0 MUX16
    Replaced tree at $techmap\u_soc.u_cpu.alu_inst.:10954.$1\buffer[31:0] [4]: 1 MUX2, 0 MUX4, 0 MUX8, 0 MUX16
    Replaced tree at $techmap\u_soc.u_cpu.alu_inst.:10954.$1\buffer[31:0] [5]: 1 MUX2, 0 MUX4, 0 MUX8, 0 MUX16
    Replaced tree at $techmap\u_soc.u_cpu.alu_inst.:10954.$1\buffer[31:0] [6]: 1 MUX2, 0 MUX4, 0 MUX8, 0 MUX16
    Replaced tree at $techmap\u_soc.u_cpu.alu_inst.:10954.$1\buffer[31:0] [7]: 1 MUX2, 0 MUX4, 0 MUX8, 0 MUX16
    Replaced tree at $techmap\u_soc.u_cpu.alu_inst.:10954.$1\buffer[31:0] [8]: 1 MUX2, 0 MUX4, 0 MUX8, 0 MUX16
    Replaced tree at $techmap\u_soc.u_cpu.alu_inst.:10954.$1\buffer[31:0] [9]: 1 MUX2, 0 MUX4, 0 MUX8, 0 MUX16
    Replaced tree at $techmap\u_soc.u_cpu.alu_inst.:10954.$1\buffer[31:0] [10]: 1 MUX2, 0 MUX4, 0 MUX8, 0 MUX16
    Replaced tree at $techmap\u_soc.u_cpu.alu_inst.:10954.$1\buffer[31:0] [11]: 1 MUX2, 0 MUX4, 0 MUX8, 0 MUX16
    Replaced tree at $techmap\u_soc.u_cpu.alu_inst.:10954.$1\buffer[31:0] [12]: 1 MUX2, 0 MUX4, 0 MUX8, 0 MUX16
    Replaced tree at $techmap\u_soc.u_cpu.alu_inst.:10954.$1\buffer[31:0] [13]: 1 MUX2, 0 MUX4, 0 MUX8, 0 MUX16
    Replaced tree at $techmap\u_soc.u_cpu.alu_inst.:10954.$1\buffer[31:0] [14]: 1 MUX2, 0 MUX4, 0 MUX8, 0 MUX16
    Replaced tree at $techmap\u_soc.u_cpu.alu_inst.:10954.$1\buffer[31:0] [15]: 1 MUX2, 0 MUX4, 0 MUX8, 0 MUX16
    Replaced tree at $techmap\u_soc.u_cpu.alu_inst.:10954.$1\buffer[31:0] [16]: 1 MUX2, 0 MUX4, 0 MUX8, 0 MUX16
    Replaced tree at $techmap\u_soc.u_cpu.alu_inst.:10954.$1\buffer[31:0] [17]: 1 MUX2, 0 MUX4, 0 MUX8, 0 MUX16
    Replaced tree at $techmap\u_soc.u_cpu.alu_inst.:10954.$1\buffer[31:0] [18]: 1 MUX2, 0 MUX4, 0 MUX8, 0 MUX16
    Replaced tree at $techmap\u_soc.u_cpu.alu_inst.:10954.$1\buffer[31:0] [19]: 1 MUX2, 0 MUX4, 0 MUX8, 0 MUX16
    Replaced tree at $techmap\u_soc.u_cpu.alu_inst.:10954.$1\buffer[31:0] [20]: 1 MUX2, 0 MUX4, 0 MUX8, 0 MUX16
    Replaced tree at $techmap\u_soc.u_cpu.alu_inst.:10954.$1\buffer[31:0] [21]: 1 MUX2, 0 MUX4, 0 MUX8, 0 MUX16
    Replaced tree at $techmap\u_soc.u_cpu.alu_inst.:10954.$1\buffer[31:0] [22]: 1 MUX2, 0 MUX4, 0 MUX8, 0 MUX16
    Replaced tree at $techmap\u_soc.u_cpu.alu_inst.:10954.$1\buffer[31:0] [23]: 1 MUX2, 0 MUX4, 0 MUX8, 0 MUX16
    Replaced tree at $techmap\u_soc.u_cpu.alu_inst.:10954.$1\buffer[31:0] [24]: 1 MUX2, 0 MUX4, 0 MUX8, 0 MUX16
    Replaced tree at $techmap\u_soc.u_cpu.alu_inst.:10954.$1\buffer[31:0] [25]: 1 MUX2, 0 MUX4, 0 MUX8, 0 MUX16
    Replaced tree at $techmap\u_soc.u_cpu.alu_inst.:10954.$1\buffer[31:0] [26]: 1 MUX2, 0 MUX4, 0 MUX8, 0 MUX16
    Replaced tree at $techmap\u_soc.u_cpu.alu_inst.:10954.$1\buffer[31:0] [27]: 1 MUX2, 0 MUX4, 0 MUX8, 0 MUX16
    Replaced tree at $techmap\u_soc.u_cpu.alu_inst.:10954.$1\buffer[31:0] [28]: 1 MUX2, 0 MUX4, 0 MUX8, 0 MUX16
    Replaced tree at $techmap\u_soc.u_cpu.alu_inst.:10954.$1\buffer[31:0] [29]: 1 MUX2, 0 MUX4, 0 MUX8, 0 MUX16
    Replaced tree at $auto$rtlil.cc:3381:MuxGate$38857: 2 MUX2, 0 MUX4, 0 MUX8, 0 MUX16
    Replaced tree at $auto$rtlil.cc:3381:MuxGate$38853: 2 MUX2, 0 MUX4, 0 MUX8, 0 MUX16
    Replaced tree at $auto$rtlil.cc:3381:MuxGate$38849: 2 MUX2, 0 MUX4, 0 MUX8, 0 MUX16
    Replaced tree at $auto$rtlil.cc:3381:MuxGate$38845: 2 MUX2, 0 MUX4, 0 MUX8, 0 MUX16
    Replaced tree at $auto$rtlil.cc:3381:MuxGate$38841: 2 MUX2, 0 MUX4, 0 MUX8, 0 MUX16
    Replaced tree at $auto$rtlil.cc:3381:MuxGate$38837: 2 MUX2, 0 MUX4, 0 MUX8, 0 MUX16
    Replaced tree at $auto$rtlil.cc:3381:MuxGate$38833: 2 MUX2, 0 MUX4, 0 MUX8, 0 MUX16
    Replaced tree at $auto$rtlil.cc:3381:MuxGate$38829: 2 MUX2, 0 MUX4, 0 MUX8, 0 MUX16
    Replaced tree at $auto$rtlil.cc:3381:MuxGate$38825: 2 MUX2, 0 MUX4, 0 MUX8, 0 MUX16
    Replaced tree at $auto$rtlil.cc:3381:MuxGate$38821: 2 MUX2, 0 MUX4, 0 MUX8, 0 MUX16
    Replaced tree at $auto$rtlil.cc:3381:MuxGate$38817: 2 MUX2, 0 MUX4, 0 MUX8, 0 MUX16
    Replaced tree at $auto$rtlil.cc:3381:MuxGate$38813: 2 MUX2, 0 MUX4, 0 MUX8, 0 MUX16
    Replaced tree at $auto$rtlil.cc:3381:MuxGate$38809: 2 MUX2, 0 MUX4, 0 MUX8, 0 MUX16
    Replaced tree at $auto$rtlil.cc:3381:MuxGate$38805: 2 MUX2, 0 MUX4, 0 MUX8, 0 MUX16
    Replaced tree at $auto$rtlil.cc:3381:MuxGate$38801: 2 MUX2, 0 MUX4, 0 MUX8, 0 MUX16
    Replaced tree at $auto$rtlil.cc:3381:MuxGate$38797: 2 MUX2, 0 MUX4, 0 MUX8, 0 MUX16
    Replaced tree at $auto$rtlil.cc:3381:MuxGate$38793: 2 MUX2, 0 MUX4, 0 MUX8, 0 MUX16
    Replaced tree at $auto$rtlil.cc:3381:MuxGate$38789: 2 MUX2, 0 MUX4, 0 MUX8, 0 MUX16
    Replaced tree at $auto$rtlil.cc:3381:MuxGate$38785: 2 MUX2, 0 MUX4, 0 MUX8, 0 MUX16
    Replaced tree at $auto$rtlil.cc:3381:MuxGate$38781: 2 MUX2, 0 MUX4, 0 MUX8, 0 MUX16
    Replaced tree at $auto$rtlil.cc:3381:MuxGate$38777: 2 MUX2, 0 MUX4, 0 MUX8, 0 MUX16
    Replaced tree at $auto$rtlil.cc:3381:MuxGate$38773: 2 MUX2, 0 MUX4, 0 MUX8, 0 MUX16
    Replaced tree at $auto$rtlil.cc:3381:MuxGate$38769: 2 MUX2, 0 MUX4, 0 MUX8, 0 MUX16
    Replaced tree at $auto$rtlil.cc:3381:MuxGate$38765: 2 MUX2, 0 MUX4, 0 MUX8, 0 MUX16
    Replaced tree at $auto$rtlil.cc:3381:MuxGate$38761: 2 MUX2, 0 MUX4, 0 MUX8, 0 MUX16
    Replaced tree at $auto$rtlil.cc:3381:MuxGate$38757: 2 MUX2, 0 MUX4, 0 MUX8, 0 MUX16
    Replaced tree at $auto$rtlil.cc:3381:MuxGate$38753: 2 MUX2, 0 MUX4, 0 MUX8, 0 MUX16
    Replaced tree at $auto$rtlil.cc:3381:MuxGate$38749: 2 MUX2, 0 MUX4, 0 MUX8, 0 MUX16
    Replaced tree at $auto$rtlil.cc:3381:MuxGate$38745: 2 MUX2, 0 MUX4, 0 MUX8, 0 MUX16
    Replaced tree at $auto$rtlil.cc:3381:MuxGate$38741: 2 MUX2, 0 MUX4, 0 MUX8, 0 MUX16
    Replaced tree at $auto$rtlil.cc:3381:MuxGate$38737: 2 MUX2, 0 MUX4, 0 MUX8, 0 MUX16
    Replaced tree at $auto$rtlil.cc:3381:MuxGate$38733: 2 MUX2, 0 MUX4, 0 MUX8, 0 MUX16
    Replaced tree at $auto$rtlil.cc:3381:MuxGate$38729: 2 MUX2, 0 MUX4, 0 MUX8, 0 MUX16
    Replaced tree at $auto$rtlil.cc:3381:MuxGate$38725: 2 MUX2, 0 MUX4, 0 MUX8, 0 MUX16
    Replaced tree at $auto$rtlil.cc:3381:MuxGate$38721: 2 MUX2, 0 MUX4, 0 MUX8, 0 MUX16
    Replaced tree at $auto$rtlil.cc:3381:MuxGate$38701: 2 MUX2, 0 MUX4, 0 MUX8, 0 MUX16
    Replaced tree at $auto$rtlil.cc:3381:MuxGate$38705: 2 MUX2, 0 MUX4, 0 MUX8, 0 MUX16
    Replaced tree at $auto$rtlil.cc:3381:MuxGate$38709: 2 MUX2, 0 MUX4, 0 MUX8, 0 MUX16
    Replaced tree at $auto$rtlil.cc:3381:MuxGate$38713: 2 MUX2, 0 MUX4, 0 MUX8, 0 MUX16
    Replaced tree at $techmap\u_soc.u_cpu.alu_inst.:10960.$10\buffer[31:0] [1]: 4 MUX2, 0 MUX4, 0 MUX8, 0 MUX16
    Replaced tree at $techmap\u_soc.u_cpu.alu_inst.:10960.$10\buffer[31:0] [2]: 3 MUX2, 0 MUX4, 0 MUX8, 0 MUX16
    Replaced tree at $techmap\u_soc.u_cpu.alu_inst.:10960.$10\buffer[31:0] [3]: 3 MUX2, 0 MUX4, 0 MUX8, 0 MUX16
    Replaced tree at $techmap\u_soc.u_cpu.alu_inst.:10960.$10\buffer[31:0] [4]: 2 MUX2, 0 MUX4, 0 MUX8, 0 MUX16
    Replaced tree at $techmap\u_soc.u_cpu.alu_inst.:10960.$10\buffer[31:0] [5]: 2 MUX2, 0 MUX4, 0 MUX8, 0 MUX16
    Replaced tree at $techmap\u_soc.u_cpu.alu_inst.:10960.$10\buffer[31:0] [6]: 2 MUX2, 0 MUX4, 0 MUX8, 0 MUX16
    Replaced tree at $techmap\u_soc.u_cpu.alu_inst.:10960.$10\buffer[31:0] [7]: 2 MUX2, 0 MUX4, 0 MUX8, 0 MUX16
    Replaced tree at $techmap\u_soc.u_cpu.alu_inst.:10960.$10\buffer[31:0] [8]: 1 MUX2, 0 MUX4, 0 MUX8, 0 MUX16
    Replaced tree at $techmap\u_soc.u_cpu.alu_inst.:10960.$10\buffer[31:0] [9]: 1 MUX2, 0 MUX4, 0 MUX8, 0 MUX16
    Replaced tree at $techmap\u_soc.u_cpu.alu_inst.:10960.$10\buffer[31:0] [10]: 1 MUX2, 0 MUX4, 0 MUX8, 0 MUX16
    Replaced tree at $techmap\u_soc.u_cpu.alu_inst.:10960.$10\buffer[31:0] [11]: 1 MUX2, 0 MUX4, 0 MUX8, 0 MUX16
    Replaced tree at $techmap\u_soc.u_cpu.alu_inst.:10960.$10\buffer[31:0] [12]: 1 MUX2, 0 MUX4, 0 MUX8, 0 MUX16
    Replaced tree at $techmap\u_soc.u_cpu.alu_inst.:10960.$10\buffer[31:0] [13]: 1 MUX2, 0 MUX4, 0 MUX8, 0 MUX16
    Replaced tree at $techmap\u_soc.u_cpu.alu_inst.:10960.$10\buffer[31:0] [14]: 1 MUX2, 0 MUX4, 0 MUX8, 0 MUX16
    Replaced tree at $techmap\u_soc.u_cpu.alu_inst.:10960.$10\buffer[31:0] [15]: 1 MUX2, 0 MUX4, 0 MUX8, 0 MUX16
    Replaced tree at $techmap\u_soc.u_cpu.alu_inst.:10960.$10\buffer[31:0] [16]: 1 MUX2, 0 MUX4, 0 MUX8, 0 MUX16
    Replaced tree at $techmap\u_soc.u_cpu.alu_inst.:10960.$10\buffer[31:0] [17]: 1 MUX2, 0 MUX4, 0 MUX8, 0 MUX16
    Replaced tree at $techmap\u_soc.u_cpu.alu_inst.:10960.$10\buffer[31:0] [18]: 1 MUX2, 0 MUX4, 0 MUX8, 0 MUX16
    Replaced tree at $techmap\u_soc.u_cpu.alu_inst.:10960.$10\buffer[31:0] [19]: 1 MUX2, 0 MUX4, 0 MUX8, 0 MUX16
    Replaced tree at $techmap\u_soc.u_cpu.alu_inst.:10960.$10\buffer[31:0] [20]: 1 MUX2, 0 MUX4, 0 MUX8, 0 MUX16
    Replaced tree at $techmap\u_soc.u_cpu.alu_inst.:10960.$10\buffer[31:0] [21]: 1 MUX2, 0 MUX4, 0 MUX8, 0 MUX16
    Replaced tree at $techmap\u_soc.u_cpu.alu_inst.:10960.$10\buffer[31:0] [22]: 1 MUX2, 0 MUX4, 0 MUX8, 0 MUX16
    Replaced tree at $techmap\u_soc.u_cpu.alu_inst.:10960.$10\buffer[31:0] [23]: 1 MUX2, 0 MUX4, 0 MUX8, 0 MUX16
    Replaced tree at $techmap\u_soc.u_cpu.alu_inst.:10960.$10\buffer[31:0] [24]: 1 MUX2, 0 MUX4, 0 MUX8, 0 MUX16
    Replaced tree at $techmap\u_soc.u_cpu.alu_inst.:10960.$10\buffer[31:0] [25]: 1 MUX2, 0 MUX4, 0 MUX8, 0 MUX16
    Replaced tree at $techmap\u_soc.u_cpu.alu_inst.:10960.$10\buffer[31:0] [26]: 1 MUX2, 0 MUX4, 0 MUX8, 0 MUX16
    Replaced tree at $techmap\u_soc.u_cpu.alu_inst.:10960.$10\buffer[31:0] [27]: 1 MUX2, 0 MUX4, 0 MUX8, 0 MUX16
    Replaced tree at $techmap\u_soc.u_cpu.alu_inst.:10960.$10\buffer[31:0] [28]: 1 MUX2, 0 MUX4, 0 MUX8, 0 MUX16
    Replaced tree at $techmap\u_soc.u_cpu.alu_inst.:10960.$10\buffer[31:0] [29]: 1 MUX2, 0 MUX4, 0 MUX8, 0 MUX16
    Replaced tree at $techmap\u_soc.u_cpu.alu_inst.:10960.$10\buffer[31:0] [30]: 1 MUX2, 0 MUX4, 0 MUX8, 0 MUX16
    Replaced tree at $techmap\u_soc.u_cpu.alu_inst.:10960.$10\buffer[31:0] [31]: 1 MUX2, 0 MUX4, 0 MUX8, 0 MUX16
    Replaced tree at \u_soc.u_cpu.alu_inst.:10960.Y [0]: 5 MUX2, 0 MUX4, 0 MUX8, 0 MUX16
    Replaced tree at \u_soc.u_cpu.alu_inst.:10960.Y [1]: 1 MUX2, 0 MUX4, 0 MUX8, 0 MUX16
    Replaced tree at \u_soc.u_cpu.alu_inst.:10960.Y [2]: 1 MUX2, 0 MUX4, 0 MUX8, 0 MUX16
    Replaced tree at \u_soc.u_cpu.alu_inst.:10960.Y [3]: 1 MUX2, 0 MUX4, 0 MUX8, 0 MUX16
    Replaced tree at \u_soc.u_cpu.alu_inst.:10960.Y [4]: 1 MUX2, 0 MUX4, 0 MUX8, 0 MUX16
    Replaced tree at \u_soc.u_cpu.alu_inst.:10960.Y [5]: 1 MUX2, 0 MUX4, 0 MUX8, 0 MUX16
    Replaced tree at \u_soc.u_cpu.alu_inst.:10960.Y [6]: 1 MUX2, 0 MUX4, 0 MUX8, 0 MUX16
    Replaced tree at \u_soc.u_cpu.alu_inst.:10960.Y [7]: 1 MUX2, 0 MUX4, 0 MUX8, 0 MUX16
    Replaced tree at \u_soc.u_cpu.alu_inst.:10960.Y [8]: 1 MUX2, 0 MUX4, 0 MUX8, 0 MUX16
    Replaced tree at \u_soc.u_cpu.alu_inst.:10960.Y [9]: 1 MUX2, 0 MUX4, 0 MUX8, 0 MUX16
    Replaced tree at \u_soc.u_cpu.alu_inst.:10960.Y [10]: 1 MUX2, 0 MUX4, 0 MUX8, 0 MUX16
    Replaced tree at \u_soc.u_cpu.alu_inst.:10960.Y [11]: 1 MUX2, 0 MUX4, 0 MUX8, 0 MUX16
    Replaced tree at \u_soc.u_cpu.alu_inst.:10960.Y [12]: 1 MUX2, 0 MUX4, 0 MUX8, 0 MUX16
    Replaced tree at \u_soc.u_cpu.alu_inst.:10960.Y [13]: 1 MUX2, 0 MUX4, 0 MUX8, 0 MUX16
    Replaced tree at \u_soc.u_cpu.alu_inst.:10960.Y [14]: 1 MUX2, 0 MUX4, 0 MUX8, 0 MUX16
    Replaced tree at \u_soc.u_cpu.alu_inst.:10960.Y [15]: 1 MUX2, 0 MUX4, 0 MUX8, 0 MUX16
    Replaced tree at \u_soc.u_cpu.alu_inst.:10960.Y [16]: 1 MUX2, 0 MUX4, 0 MUX8, 0 MUX16
    Replaced tree at \u_soc.u_cpu.alu_inst.:10960.Y [17]: 1 MUX2, 0 MUX4, 0 MUX8, 0 MUX16
    Replaced tree at \u_soc.u_cpu.alu_inst.:10960.Y [18]: 1 MUX2, 0 MUX4, 0 MUX8, 0 MUX16
    Replaced tree at \u_soc.u_cpu.alu_inst.:10960.Y [19]: 1 MUX2, 0 MUX4, 0 MUX8, 0 MUX16
    Replaced tree at \u_soc.u_cpu.alu_inst.:10960.Y [20]: 1 MUX2, 0 MUX4, 0 MUX8, 0 MUX16
    Replaced tree at \u_soc.u_cpu.alu_inst.:10960.Y [21]: 1 MUX2, 0 MUX4, 0 MUX8, 0 MUX16
    Replaced tree at \u_soc.u_cpu.alu_inst.:10960.Y [22]: 1 MUX2, 0 MUX4, 0 MUX8, 0 MUX16
    Replaced tree at \u_soc.u_cpu.alu_inst.:10960.Y [23]: 1 MUX2, 0 MUX4, 0 MUX8, 0 MUX16
    Replaced tree at \u_soc.u_cpu.alu_inst.:10960.Y [24]: 1 MUX2, 0 MUX4, 0 MUX8, 0 MUX16
    Replaced tree at \u_soc.u_cpu.alu_inst.:10960.Y [25]: 1 MUX2, 0 MUX4, 0 MUX8, 0 MUX16
    Replaced tree at \u_soc.u_cpu.alu_inst.:10960.Y [26]: 1 MUX2, 0 MUX4, 0 MUX8, 0 MUX16
    Replaced tree at \u_soc.u_cpu.alu_inst.:10960.Y [27]: 1 MUX2, 0 MUX4, 0 MUX8, 0 MUX16
    Replaced tree at \u_soc.u_cpu.alu_inst.:10960.Y [28]: 1 MUX2, 0 MUX4, 0 MUX8, 0 MUX16
    Replaced tree at \u_soc.u_cpu.alu_inst.:10960.Y [29]: 1 MUX2, 0 MUX4, 0 MUX8, 0 MUX16
    Replaced tree at \u_soc.u_cpu.alu_inst.:10960.Y [30]: 1 MUX2, 0 MUX4, 0 MUX8, 0 MUX16
    Replaced tree at \u_soc.u_cpu.alu_inst.:10960.Y [31]: 1 MUX2, 0 MUX4, 0 MUX8, 0 MUX16
    Replaced tree at $auto$rtlil.cc:3381:MuxGate$37377: 2 MUX2, 0 MUX4, 0 MUX8, 0 MUX16
    Replaced tree at $techmap\u_soc.u_cpu.alu_inst.:10960.$4\buffer[31:0] [4]: 1 MUX2, 0 MUX4, 0 MUX8, 0 MUX16
    Replaced tree at $techmap\u_soc.u_cpu.alu_inst.:10960.$4\buffer[31:0] [5]: 1 MUX2, 0 MUX4, 0 MUX8, 0 MUX16
    Replaced tree at $techmap\u_soc.u_cpu.alu_inst.:10960.$4\buffer[31:0] [6]: 1 MUX2, 0 MUX4, 0 MUX8, 0 MUX16
    Replaced tree at $techmap\u_soc.u_cpu.alu_inst.:10960.$4\buffer[31:0] [7]: 1 MUX2, 0 MUX4, 0 MUX8, 0 MUX16
    Replaced tree at $techmap\u_soc.u_cpu.alu_inst.:10960.$4\buffer[31:0] [8]: 1 MUX2, 0 MUX4, 0 MUX8, 0 MUX16
    Replaced tree at $techmap\u_soc.u_cpu.alu_inst.:10960.$4\buffer[31:0] [9]: 1 MUX2, 0 MUX4, 0 MUX8, 0 MUX16
    Replaced tree at $techmap\u_soc.u_cpu.alu_inst.:10960.$4\buffer[31:0] [10]: 1 MUX2, 0 MUX4, 0 MUX8, 0 MUX16
    Replaced tree at $techmap\u_soc.u_cpu.alu_inst.:10960.$4\buffer[31:0] [11]: 1 MUX2, 0 MUX4, 0 MUX8, 0 MUX16
    Replaced tree at $techmap\u_soc.u_cpu.alu_inst.:10960.$4\buffer[31:0] [12]: 1 MUX2, 0 MUX4, 0 MUX8, 0 MUX16
    Replaced tree at $techmap\u_soc.u_cpu.alu_inst.:10960.$4\buffer[31:0] [13]: 1 MUX2, 0 MUX4, 0 MUX8, 0 MUX16
    Replaced tree at $techmap\u_soc.u_cpu.alu_inst.:10960.$4\buffer[31:0] [14]: 1 MUX2, 0 MUX4, 0 MUX8, 0 MUX16
    Replaced tree at $techmap\u_soc.u_cpu.alu_inst.:10960.$4\buffer[31:0] [15]: 1 MUX2, 0 MUX4, 0 MUX8, 0 MUX16
    Replaced tree at $techmap\u_soc.u_cpu.alu_inst.:10960.$4\buffer[31:0] [16]: 1 MUX2, 0 MUX4, 0 MUX8, 0 MUX16
    Replaced tree at $techmap\u_soc.u_cpu.alu_inst.:10960.$4\buffer[31:0] [17]: 1 MUX2, 0 MUX4, 0 MUX8, 0 MUX16
    Replaced tree at $techmap\u_soc.u_cpu.alu_inst.:10960.$4\buffer[31:0] [18]: 1 MUX2, 0 MUX4, 0 MUX8, 0 MUX16
    Replaced tree at $techmap\u_soc.u_cpu.alu_inst.:10960.$4\buffer[31:0] [19]: 1 MUX2, 0 MUX4, 0 MUX8, 0 MUX16
    Replaced tree at $techmap\u_soc.u_cpu.alu_inst.:10960.$4\buffer[31:0] [20]: 1 MUX2, 0 MUX4, 0 MUX8, 0 MUX16
    Replaced tree at $techmap\u_soc.u_cpu.alu_inst.:10960.$4\buffer[31:0] [21]: 1 MUX2, 0 MUX4, 0 MUX8, 0 MUX16
    Replaced tree at $techmap\u_soc.u_cpu.alu_inst.:10960.$4\buffer[31:0] [22]: 1 MUX2, 0 MUX4, 0 MUX8, 0 MUX16
    Replaced tree at $techmap\u_soc.u_cpu.alu_inst.:10960.$4\buffer[31:0] [23]: 1 MUX2, 0 MUX4, 0 MUX8, 0 MUX16
    Replaced tree at $techmap\u_soc.u_cpu.alu_inst.:10960.$4\buffer[31:0] [24]: 1 MUX2, 0 MUX4, 0 MUX8, 0 MUX16
    Replaced tree at $techmap\u_soc.u_cpu.alu_inst.:10960.$4\buffer[31:0] [25]: 1 MUX2, 0 MUX4, 0 MUX8, 0 MUX16
    Replaced tree at $techmap\u_soc.u_cpu.alu_inst.:10960.$4\buffer[31:0] [26]: 1 MUX2, 0 MUX4, 0 MUX8, 0 MUX16
    Replaced tree at $techmap\u_soc.u_cpu.alu_inst.:10960.$4\buffer[31:0] [27]: 1 MUX2, 0 MUX4, 0 MUX8, 0 MUX16
    Replaced tree at $techmap\u_soc.u_cpu.alu_inst.:10960.$4\buffer[31:0] [28]: 1 MUX2, 0 MUX4, 0 MUX8, 0 MUX16
    Replaced tree at $techmap\u_soc.u_cpu.alu_inst.:10960.$4\buffer[31:0] [29]: 1 MUX2, 0 MUX4, 0 MUX8, 0 MUX16
    Replaced tree at $techmap\u_soc.u_cpu.alu_inst.:10960.$4\buffer[31:0] [30]: 1 MUX2, 0 MUX4, 0 MUX8, 0 MUX16
    Replaced tree at $techmap\u_soc.u_cpu.alu_inst.:10960.$4\buffer[31:0] [31]: 1 MUX2, 0 MUX4, 0 MUX8, 0 MUX16
    Replaced tree at $techmap\u_soc.u_cpu.alu_inst.:10960.$1\buffer[31:0] [2]: 1 MUX2, 0 MUX4, 0 MUX8, 0 MUX16
    Replaced tree at $techmap\u_soc.u_cpu.alu_inst.:10960.$1\buffer[31:0] [3]: 1 MUX2, 0 MUX4, 0 MUX8, 0 MUX16
    Replaced tree at $techmap\u_soc.u_cpu.alu_inst.:10960.$1\buffer[31:0] [4]: 1 MUX2, 0 MUX4, 0 MUX8, 0 MUX16
    Replaced tree at $techmap\u_soc.u_cpu.alu_inst.:10960.$1\buffer[31:0] [5]: 1 MUX2, 0 MUX4, 0 MUX8, 0 MUX16
    Replaced tree at $techmap\u_soc.u_cpu.alu_inst.:10960.$1\buffer[31:0] [6]: 1 MUX2, 0 MUX4, 0 MUX8, 0 MUX16
    Replaced tree at $techmap\u_soc.u_cpu.alu_inst.:10960.$1\buffer[31:0] [7]: 1 MUX2, 0 MUX4, 0 MUX8, 0 MUX16
    Replaced tree at $techmap\u_soc.u_cpu.alu_inst.:10960.$1\buffer[31:0] [8]: 1 MUX2, 0 MUX4, 0 MUX8, 0 MUX16
    Replaced tree at $techmap\u_soc.u_cpu.alu_inst.:10960.$1\buffer[31:0] [9]: 1 MUX2, 0 MUX4, 0 MUX8, 0 MUX16
    Replaced tree at $techmap\u_soc.u_cpu.alu_inst.:10960.$1\buffer[31:0] [10]: 1 MUX2, 0 MUX4, 0 MUX8, 0 MUX16
    Replaced tree at $techmap\u_soc.u_cpu.alu_inst.:10960.$1\buffer[31:0] [11]: 1 MUX2, 0 MUX4, 0 MUX8, 0 MUX16
    Replaced tree at $techmap\u_soc.u_cpu.alu_inst.:10960.$1\buffer[31:0] [12]: 1 MUX2, 0 MUX4, 0 MUX8, 0 MUX16
    Replaced tree at $techmap\u_soc.u_cpu.alu_inst.:10960.$1\buffer[31:0] [13]: 1 MUX2, 0 MUX4, 0 MUX8, 0 MUX16
    Replaced tree at $techmap\u_soc.u_cpu.alu_inst.:10960.$1\buffer[31:0] [14]: 1 MUX2, 0 MUX4, 0 MUX8, 0 MUX16
    Replaced tree at $techmap\u_soc.u_cpu.alu_inst.:10960.$1\buffer[31:0] [15]: 1 MUX2, 0 MUX4, 0 MUX8, 0 MUX16
    Replaced tree at $techmap\u_soc.u_cpu.alu_inst.:10960.$1\buffer[31:0] [16]: 1 MUX2, 0 MUX4, 0 MUX8, 0 MUX16
    Replaced tree at $techmap\u_soc.u_cpu.alu_inst.:10960.$1\buffer[31:0] [17]: 1 MUX2, 0 MUX4, 0 MUX8, 0 MUX16
    Replaced tree at $techmap\u_soc.u_cpu.alu_inst.:10960.$1\buffer[31:0] [18]: 1 MUX2, 0 MUX4, 0 MUX8, 0 MUX16
    Replaced tree at $techmap\u_soc.u_cpu.alu_inst.:10960.$1\buffer[31:0] [19]: 1 MUX2, 0 MUX4, 0 MUX8, 0 MUX16
    Replaced tree at $techmap\u_soc.u_cpu.alu_inst.:10960.$1\buffer[31:0] [20]: 1 MUX2, 0 MUX4, 0 MUX8, 0 MUX16
    Replaced tree at $techmap\u_soc.u_cpu.alu_inst.:10960.$1\buffer[31:0] [21]: 1 MUX2, 0 MUX4, 0 MUX8, 0 MUX16
    Replaced tree at $techmap\u_soc.u_cpu.alu_inst.:10960.$1\buffer[31:0] [22]: 1 MUX2, 0 MUX4, 0 MUX8, 0 MUX16
    Replaced tree at $techmap\u_soc.u_cpu.alu_inst.:10960.$1\buffer[31:0] [23]: 1 MUX2, 0 MUX4, 0 MUX8, 0 MUX16
    Replaced tree at $techmap\u_soc.u_cpu.alu_inst.:10960.$1\buffer[31:0] [24]: 1 MUX2, 0 MUX4, 0 MUX8, 0 MUX16
    Replaced tree at $techmap\u_soc.u_cpu.alu_inst.:10960.$1\buffer[31:0] [25]: 1 MUX2, 0 MUX4, 0 MUX8, 0 MUX16
    Replaced tree at $techmap\u_soc.u_cpu.alu_inst.:10960.$1\buffer[31:0] [26]: 1 MUX2, 0 MUX4, 0 MUX8, 0 MUX16
    Replaced tree at $techmap\u_soc.u_cpu.alu_inst.:10960.$1\buffer[31:0] [27]: 1 MUX2, 0 MUX4, 0 MUX8, 0 MUX16
    Replaced tree at $techmap\u_soc.u_cpu.alu_inst.:10960.$1\buffer[31:0] [28]: 1 MUX2, 0 MUX4, 0 MUX8, 0 MUX16
    Replaced tree at $techmap\u_soc.u_cpu.alu_inst.:10960.$1\buffer[31:0] [29]: 1 MUX2, 0 MUX4, 0 MUX8, 0 MUX16
    Replaced tree at $techmap\u_soc.u_cpu.alu_inst.:10960.$1\buffer[31:0] [30]: 1 MUX2, 0 MUX4, 0 MUX8, 0 MUX16
    Replaced tree at $techmap\u_soc.u_cpu.alu_inst.:10960.$1\buffer[31:0] [31]: 1 MUX2, 0 MUX4, 0 MUX8, 0 MUX16
    Replaced tree at $techmap\u_soc.u_cpu.alu_inst.:10960.$11\buffer[31:0] [0]: 1 MUX2, 0 MUX4, 0 MUX8, 0 MUX16
    Replaced tree at $techmap\u_soc.u_cpu.alu_inst.:10960.$11\buffer[31:0] [1]: 1 MUX2, 0 MUX4, 0 MUX8, 0 MUX16
    Replaced tree at $techmap\u_soc.u_cpu.alu_inst.:10960.$11\buffer[31:0] [2]: 1 MUX2, 0 MUX4, 0 MUX8, 0 MUX16
    Replaced tree at $techmap\u_soc.u_cpu.alu_inst.:10960.$11\buffer[31:0] [3]: 1 MUX2, 0 MUX4, 0 MUX8, 0 MUX16
    Replaced tree at $techmap\u_soc.u_cpu.alu_inst.:10960.$11\buffer[31:0] [4]: 1 MUX2, 0 MUX4, 0 MUX8, 0 MUX16
    Replaced tree at $techmap\u_soc.u_cpu.alu_inst.:10960.$11\buffer[31:0] [5]: 1 MUX2, 0 MUX4, 0 MUX8, 0 MUX16
    Replaced tree at $techmap\u_soc.u_cpu.alu_inst.:10960.$11\buffer[31:0] [6]: 1 MUX2, 0 MUX4, 0 MUX8, 0 MUX16
    Replaced tree at $techmap\u_soc.u_cpu.alu_inst.:10960.$11\buffer[31:0] [7]: 1 MUX2, 0 MUX4, 0 MUX8, 0 MUX16
    Replaced tree at $techmap\u_soc.u_cpu.alu_inst.:10960.$11\buffer[31:0] [8]: 1 MUX2, 0 MUX4, 0 MUX8, 0 MUX16
    Replaced tree at $techmap\u_soc.u_cpu.alu_inst.:10960.$11\buffer[31:0] [9]: 1 MUX2, 0 MUX4, 0 MUX8, 0 MUX16
    Replaced tree at $techmap\u_soc.u_cpu.alu_inst.:10960.$11\buffer[31:0] [10]: 1 MUX2, 0 MUX4, 0 MUX8, 0 MUX16
    Replaced tree at $techmap\u_soc.u_cpu.alu_inst.:10960.$11\buffer[31:0] [11]: 1 MUX2, 0 MUX4, 0 MUX8, 0 MUX16
    Replaced tree at $techmap\u_soc.u_cpu.alu_inst.:10960.$11\buffer[31:0] [12]: 1 MUX2, 0 MUX4, 0 MUX8, 0 MUX16
    Replaced tree at $techmap\u_soc.u_cpu.alu_inst.:10960.$11\buffer[31:0] [13]: 1 MUX2, 0 MUX4, 0 MUX8, 0 MUX16
    Replaced tree at $techmap\u_soc.u_cpu.alu_inst.:10960.$11\buffer[31:0] [14]: 1 MUX2, 0 MUX4, 0 MUX8, 0 MUX16
    Replaced tree at $techmap\u_soc.u_cpu.alu_inst.:10960.$11\buffer[31:0] [15]: 1 MUX2, 0 MUX4, 0 MUX8, 0 MUX16
    Replaced tree at $techmap\u_soc.u_cpu.alu_inst.:10960.$11\buffer[31:0] [16]: 1 MUX2, 0 MUX4, 0 MUX8, 0 MUX16
    Replaced tree at $techmap\u_soc.u_cpu.alu_inst.:10960.$11\buffer[31:0] [17]: 1 MUX2, 0 MUX4, 0 MUX8, 0 MUX16
    Replaced tree at $techmap\u_soc.u_cpu.alu_inst.:10960.$11\buffer[31:0] [18]: 1 MUX2, 0 MUX4, 0 MUX8, 0 MUX16
    Replaced tree at $techmap\u_soc.u_cpu.alu_inst.:10960.$11\buffer[31:0] [19]: 1 MUX2, 0 MUX4, 0 MUX8, 0 MUX16
    Replaced tree at $techmap\u_soc.u_cpu.alu_inst.:10960.$11\buffer[31:0] [20]: 1 MUX2, 0 MUX4, 0 MUX8, 0 MUX16
    Replaced tree at $techmap\u_soc.u_cpu.alu_inst.:10960.$11\buffer[31:0] [21]: 1 MUX2, 0 MUX4, 0 MUX8, 0 MUX16
    Replaced tree at $techmap\u_soc.u_cpu.alu_inst.:10960.$11\buffer[31:0] [22]: 1 MUX2, 0 MUX4, 0 MUX8, 0 MUX16
    Replaced tree at $techmap\u_soc.u_cpu.alu_inst.:10960.$11\buffer[31:0] [23]: 1 MUX2, 0 MUX4, 0 MUX8, 0 MUX16
    Replaced tree at $auto$rtlil.cc:3381:MuxGate$38117: 2 MUX2, 0 MUX4, 0 MUX8, 0 MUX16
    Replaced tree at $auto$rtlil.cc:3381:MuxGate$38113: 2 MUX2, 0 MUX4, 0 MUX8, 0 MUX16
    Replaced tree at $auto$rtlil.cc:3381:MuxGate$38109: 2 MUX2, 0 MUX4, 0 MUX8, 0 MUX16
    Replaced tree at $auto$rtlil.cc:3381:MuxGate$38105: 2 MUX2, 0 MUX4, 0 MUX8, 0 MUX16
    Replaced tree at $auto$rtlil.cc:3381:MuxGate$38101: 2 MUX2, 0 MUX4, 0 MUX8, 0 MUX16
    Replaced tree at $auto$rtlil.cc:3381:MuxGate$38097: 2 MUX2, 0 MUX4, 0 MUX8, 0 MUX16
    Replaced tree at $auto$rtlil.cc:3381:MuxGate$38093: 2 MUX2, 0 MUX4, 0 MUX8, 0 MUX16
    Replaced tree at $auto$rtlil.cc:3381:MuxGate$38089: 2 MUX2, 0 MUX4, 0 MUX8, 0 MUX16
    Replaced tree at $auto$rtlil.cc:3381:MuxGate$38085: 2 MUX2, 0 MUX4, 0 MUX8, 0 MUX16
    Replaced tree at $auto$rtlil.cc:3381:MuxGate$38081: 2 MUX2, 0 MUX4, 0 MUX8, 0 MUX16
    Replaced tree at $auto$rtlil.cc:3381:MuxGate$38077: 2 MUX2, 0 MUX4, 0 MUX8, 0 MUX16
    Replaced tree at $auto$rtlil.cc:3381:MuxGate$38073: 2 MUX2, 0 MUX4, 0 MUX8, 0 MUX16
    Replaced tree at $auto$rtlil.cc:3381:MuxGate$38069: 2 MUX2, 0 MUX4, 0 MUX8, 0 MUX16
    Replaced tree at $auto$rtlil.cc:3381:MuxGate$38065: 2 MUX2, 0 MUX4, 0 MUX8, 0 MUX16
    Replaced tree at $auto$rtlil.cc:3381:MuxGate$38061: 2 MUX2, 0 MUX4, 0 MUX8, 0 MUX16
    Replaced tree at $auto$rtlil.cc:3381:MuxGate$38057: 2 MUX2, 0 MUX4, 0 MUX8, 0 MUX16
    Replaced tree at $auto$rtlil.cc:3381:MuxGate$38053: 2 MUX2, 0 MUX4, 0 MUX8, 0 MUX16
    Replaced tree at $auto$rtlil.cc:3381:MuxGate$38049: 2 MUX2, 0 MUX4, 0 MUX8, 0 MUX16
    Replaced tree at $auto$rtlil.cc:3381:MuxGate$38045: 2 MUX2, 0 MUX4, 0 MUX8, 0 MUX16
    Replaced tree at $auto$rtlil.cc:3381:MuxGate$38041: 2 MUX2, 0 MUX4, 0 MUX8, 0 MUX16
    Replaced tree at $auto$rtlil.cc:3381:MuxGate$38037: 2 MUX2, 0 MUX4, 0 MUX8, 0 MUX16
    Replaced tree at $auto$rtlil.cc:3381:MuxGate$38033: 2 MUX2, 0 MUX4, 0 MUX8, 0 MUX16
    Replaced tree at $auto$rtlil.cc:3381:MuxGate$38029: 2 MUX2, 0 MUX4, 0 MUX8, 0 MUX16
    Replaced tree at $auto$rtlil.cc:3381:MuxGate$38025: 2 MUX2, 0 MUX4, 0 MUX8, 0 MUX16
    Replaced tree at $auto$rtlil.cc:3381:MuxGate$38021: 2 MUX2, 0 MUX4, 0 MUX8, 0 MUX16
    Replaced tree at $auto$rtlil.cc:3381:MuxGate$38017: 2 MUX2, 0 MUX4, 0 MUX8, 0 MUX16
    Replaced tree at $auto$rtlil.cc:3381:MuxGate$38013: 2 MUX2, 0 MUX4, 0 MUX8, 0 MUX16
    Replaced tree at $auto$rtlil.cc:3381:MuxGate$38009: 2 MUX2, 0 MUX4, 0 MUX8, 0 MUX16
    Replaced tree at $auto$rtlil.cc:3381:MuxGate$38005: 2 MUX2, 0 MUX4, 0 MUX8, 0 MUX16
    Replaced tree at $auto$rtlil.cc:3381:MuxGate$38001: 2 MUX2, 0 MUX4, 0 MUX8, 0 MUX16
    Replaced tree at $auto$rtlil.cc:3381:MuxGate$37997: 2 MUX2, 0 MUX4, 0 MUX8, 0 MUX16
    Replaced tree at $auto$rtlil.cc:3381:MuxGate$37993: 2 MUX2, 0 MUX4, 0 MUX8, 0 MUX16
    Replaced tree at $auto$rtlil.cc:3381:MuxGate$37989: 2 MUX2, 0 MUX4, 0 MUX8, 0 MUX16
    Replaced tree at $auto$rtlil.cc:3381:MuxGate$37985: 2 MUX2, 0 MUX4, 0 MUX8, 0 MUX16
    Replaced tree at $auto$rtlil.cc:3381:MuxGate$37981: 2 MUX2, 0 MUX4, 0 MUX8, 0 MUX16
    Replaced tree at $auto$rtlil.cc:3381:MuxGate$37977: 2 MUX2, 0 MUX4, 0 MUX8, 0 MUX16
    Replaced tree at $auto$rtlil.cc:3381:MuxGate$37973: 2 MUX2, 0 MUX4, 0 MUX8, 0 MUX16
    Replaced tree at $auto$rtlil.cc:3381:MuxGate$37969: 2 MUX2, 0 MUX4, 0 MUX8, 0 MUX16
    Replaced tree at $auto$rtlil.cc:3381:MuxGate$37965: 2 MUX2, 0 MUX4, 0 MUX8, 0 MUX16
    Replaced tree at $auto$rtlil.cc:3381:MuxGate$37961: 2 MUX2, 0 MUX4, 0 MUX8, 0 MUX16
    Replaced tree at $auto$rtlil.cc:3381:MuxGate$37957: 2 MUX2, 0 MUX4, 0 MUX8, 0 MUX16
    Replaced tree at $auto$rtlil.cc:3381:MuxGate$37953: 2 MUX2, 0 MUX4, 0 MUX8, 0 MUX16
    Replaced tree at $auto$rtlil.cc:3381:MuxGate$37949: 2 MUX2, 0 MUX4, 0 MUX8, 0 MUX16
    Replaced tree at $auto$rtlil.cc:3381:MuxGate$37945: 2 MUX2, 0 MUX4, 0 MUX8, 0 MUX16
    Replaced tree at $auto$rtlil.cc:3381:MuxGate$37941: 2 MUX2, 0 MUX4, 0 MUX8, 0 MUX16
    Replaced tree at $auto$rtlil.cc:3381:MuxGate$37937: 2 MUX2, 0 MUX4, 0 MUX8, 0 MUX16
    Replaced tree at $auto$rtlil.cc:3381:MuxGate$37933: 2 MUX2, 0 MUX4, 0 MUX8, 0 MUX16
    Replaced tree at $auto$rtlil.cc:3381:MuxGate$37929: 2 MUX2, 0 MUX4, 0 MUX8, 0 MUX16
    Replaced tree at $auto$rtlil.cc:3381:MuxGate$37925: 2 MUX2, 0 MUX4, 0 MUX8, 0 MUX16
    Replaced tree at $auto$rtlil.cc:3381:MuxGate$37921: 2 MUX2, 0 MUX4, 0 MUX8, 0 MUX16
    Replaced tree at $auto$rtlil.cc:3381:MuxGate$37917: 2 MUX2, 0 MUX4, 0 MUX8, 0 MUX16
    Replaced tree at $auto$rtlil.cc:3381:MuxGate$37913: 2 MUX2, 0 MUX4, 0 MUX8, 0 MUX16
    Replaced tree at $auto$rtlil.cc:3381:MuxGate$37909: 2 MUX2, 0 MUX4, 0 MUX8, 0 MUX16
    Replaced tree at $auto$rtlil.cc:3381:MuxGate$37905: 2 MUX2, 0 MUX4, 0 MUX8, 0 MUX16
    Replaced tree at $auto$rtlil.cc:3381:MuxGate$37901: 2 MUX2, 0 MUX4, 0 MUX8, 0 MUX16
    Replaced tree at $auto$rtlil.cc:3381:MuxGate$37897: 2 MUX2, 0 MUX4, 0 MUX8, 0 MUX16
    Replaced tree at $auto$rtlil.cc:3381:MuxGate$37893: 2 MUX2, 0 MUX4, 0 MUX8, 0 MUX16
    Replaced tree at $auto$rtlil.cc:3381:MuxGate$37889: 2 MUX2, 0 MUX4, 0 MUX8, 0 MUX16
    Replaced tree at $auto$rtlil.cc:3381:MuxGate$37885: 2 MUX2, 0 MUX4, 0 MUX8, 0 MUX16
    Replaced tree at $auto$rtlil.cc:3381:MuxGate$37881: 2 MUX2, 0 MUX4, 0 MUX8, 0 MUX16
    Replaced tree at $auto$rtlil.cc:3381:MuxGate$37877: 2 MUX2, 0 MUX4, 0 MUX8, 0 MUX16
    Replaced tree at $auto$rtlil.cc:3381:MuxGate$37873: 2 MUX2, 0 MUX4, 0 MUX8, 0 MUX16
    Replaced tree at $auto$rtlil.cc:3381:MuxGate$37869: 2 MUX2, 0 MUX4, 0 MUX8, 0 MUX16
    Replaced tree at $auto$rtlil.cc:3381:MuxGate$37865: 2 MUX2, 0 MUX4, 0 MUX8, 0 MUX16
    Replaced tree at $auto$rtlil.cc:3381:MuxGate$37861: 2 MUX2, 0 MUX4, 0 MUX8, 0 MUX16
    Replaced tree at $auto$rtlil.cc:3381:MuxGate$37857: 2 MUX2, 0 MUX4, 0 MUX8, 0 MUX16
    Replaced tree at $auto$rtlil.cc:3381:MuxGate$37853: 2 MUX2, 0 MUX4, 0 MUX8, 0 MUX16
    Replaced tree at $auto$rtlil.cc:3381:MuxGate$37849: 2 MUX2, 0 MUX4, 0 MUX8, 0 MUX16
    Replaced tree at $auto$rtlil.cc:3381:MuxGate$37845: 2 MUX2, 0 MUX4, 0 MUX8, 0 MUX16
    Replaced tree at $auto$rtlil.cc:3381:MuxGate$37841: 2 MUX2, 0 MUX4, 0 MUX8, 0 MUX16
    Replaced tree at $auto$rtlil.cc:3381:MuxGate$37837: 2 MUX2, 0 MUX4, 0 MUX8, 0 MUX16
    Replaced tree at $auto$rtlil.cc:3381:MuxGate$37833: 2 MUX2, 0 MUX4, 0 MUX8, 0 MUX16
    Replaced tree at $auto$rtlil.cc:3381:MuxGate$37829: 2 MUX2, 0 MUX4, 0 MUX8, 0 MUX16
    Replaced tree at $auto$rtlil.cc:3381:MuxGate$37825: 2 MUX2, 0 MUX4, 0 MUX8, 0 MUX16
    Replaced tree at $auto$rtlil.cc:3381:MuxGate$37821: 2 MUX2, 0 MUX4, 0 MUX8, 0 MUX16
    Replaced tree at $auto$rtlil.cc:3381:MuxGate$37817: 2 MUX2, 0 MUX4, 0 MUX8, 0 MUX16
    Replaced tree at $auto$rtlil.cc:3381:MuxGate$37813: 2 MUX2, 0 MUX4, 0 MUX8, 0 MUX16
    Replaced tree at $auto$rtlil.cc:3381:MuxGate$37809: 2 MUX2, 0 MUX4, 0 MUX8, 0 MUX16
    Replaced tree at $auto$rtlil.cc:3381:MuxGate$37805: 2 MUX2, 0 MUX4, 0 MUX8, 0 MUX16
    Replaced tree at $auto$rtlil.cc:3381:MuxGate$37801: 2 MUX2, 0 MUX4, 0 MUX8, 0 MUX16
    Replaced tree at $auto$rtlil.cc:3381:MuxGate$37797: 2 MUX2, 0 MUX4, 0 MUX8, 0 MUX16
    Replaced tree at $auto$rtlil.cc:3381:MuxGate$37793: 2 MUX2, 0 MUX4, 0 MUX8, 0 MUX16
    Replaced tree at $auto$rtlil.cc:3381:MuxGate$37789: 2 MUX2, 0 MUX4, 0 MUX8, 0 MUX16
    Replaced tree at $auto$rtlil.cc:3381:MuxGate$37785: 2 MUX2, 0 MUX4, 0 MUX8, 0 MUX16
    Replaced tree at $auto$rtlil.cc:3381:MuxGate$37781: 2 MUX2, 0 MUX4, 0 MUX8, 0 MUX16
    Replaced tree at $auto$rtlil.cc:3381:MuxGate$37777: 2 MUX2, 0 MUX4, 0 MUX8, 0 MUX16
    Replaced tree at $auto$rtlil.cc:3381:MuxGate$37773: 2 MUX2, 0 MUX4, 0 MUX8, 0 MUX16
    Replaced tree at $auto$rtlil.cc:3381:MuxGate$37769: 2 MUX2, 0 MUX4, 0 MUX8, 0 MUX16
    Replaced tree at $auto$rtlil.cc:3381:MuxGate$37765: 2 MUX2, 0 MUX4, 0 MUX8, 0 MUX16
    Replaced tree at $auto$rtlil.cc:3381:MuxGate$37761: 2 MUX2, 0 MUX4, 0 MUX8, 0 MUX16
    Replaced tree at $auto$rtlil.cc:3381:MuxGate$37757: 2 MUX2, 0 MUX4, 0 MUX8, 0 MUX16
    Replaced tree at $auto$rtlil.cc:3381:MuxGate$37753: 2 MUX2, 0 MUX4, 0 MUX8, 0 MUX16
    Replaced tree at $auto$rtlil.cc:3381:MuxGate$37749: 2 MUX2, 0 MUX4, 0 MUX8, 0 MUX16
    Replaced tree at $auto$rtlil.cc:3381:MuxGate$37745: 2 MUX2, 0 MUX4, 0 MUX8, 0 MUX16
    Replaced tree at $auto$rtlil.cc:3381:MuxGate$37741: 2 MUX2, 0 MUX4, 0 MUX8, 0 MUX16
    Replaced tree at $auto$rtlil.cc:3381:MuxGate$37737: 2 MUX2, 0 MUX4, 0 MUX8, 0 MUX16
    Replaced tree at $auto$rtlil.cc:3381:MuxGate$37733: 2 MUX2, 0 MUX4, 0 MUX8, 0 MUX16
    Replaced tree at $auto$rtlil.cc:3381:MuxGate$37729: 2 MUX2, 0 MUX4, 0 MUX8, 0 MUX16
    Replaced tree at $auto$rtlil.cc:3381:MuxGate$37725: 2 MUX2, 0 MUX4, 0 MUX8, 0 MUX16
    Replaced tree at $auto$rtlil.cc:3381:MuxGate$37721: 2 MUX2, 0 MUX4, 0 MUX8, 0 MUX16
    Replaced tree at $auto$rtlil.cc:3381:MuxGate$37717: 2 MUX2, 0 MUX4, 0 MUX8, 0 MUX16
    Replaced tree at $auto$rtlil.cc:3381:MuxGate$37713: 2 MUX2, 0 MUX4, 0 MUX8, 0 MUX16
    Replaced tree at $auto$rtlil.cc:3381:MuxGate$37709: 2 MUX2, 0 MUX4, 0 MUX8, 0 MUX16
    Replaced tree at $auto$rtlil.cc:3381:MuxGate$37705: 2 MUX2, 0 MUX4, 0 MUX8, 0 MUX16
    Replaced tree at $auto$rtlil.cc:3381:MuxGate$37701: 2 MUX2, 0 MUX4, 0 MUX8, 0 MUX16
    Replaced tree at $auto$rtlil.cc:3381:MuxGate$37697: 2 MUX2, 0 MUX4, 0 MUX8, 0 MUX16
    Replaced tree at $auto$rtlil.cc:3381:MuxGate$37693: 2 MUX2, 0 MUX4, 0 MUX8, 0 MUX16
    Replaced tree at $auto$rtlil.cc:3381:MuxGate$37689: 2 MUX2, 0 MUX4, 0 MUX8, 0 MUX16
    Replaced tree at $auto$rtlil.cc:3381:MuxGate$37685: 2 MUX2, 0 MUX4, 0 MUX8, 0 MUX16
    Replaced tree at $auto$rtlil.cc:3381:MuxGate$37681: 2 MUX2, 0 MUX4, 0 MUX8, 0 MUX16
    Replaced tree at $auto$rtlil.cc:3381:MuxGate$37677: 2 MUX2, 0 MUX4, 0 MUX8, 0 MUX16
    Replaced tree at $auto$rtlil.cc:3381:MuxGate$37673: 2 MUX2, 0 MUX4, 0 MUX8, 0 MUX16
    Replaced tree at $auto$rtlil.cc:3381:MuxGate$37641: 2 MUX2, 0 MUX4, 0 MUX8, 0 MUX16
    Replaced tree at $auto$rtlil.cc:3381:MuxGate$37645: 2 MUX2, 0 MUX4, 0 MUX8, 0 MUX16
    Replaced tree at $auto$rtlil.cc:3381:MuxGate$37649: 2 MUX2, 0 MUX4, 0 MUX8, 0 MUX16
    Replaced tree at $auto$rtlil.cc:3381:MuxGate$37653: 2 MUX2, 0 MUX4, 0 MUX8, 0 MUX16
    Replaced tree at $auto$rtlil.cc:3381:MuxGate$37657: 2 MUX2, 0 MUX4, 0 MUX8, 0 MUX16
    Replaced tree at $auto$rtlil.cc:3381:MuxGate$37661: 2 MUX2, 0 MUX4, 0 MUX8, 0 MUX16
    Replaced tree at $auto$rtlil.cc:3381:MuxGate$37665: 2 MUX2, 0 MUX4, 0 MUX8, 0 MUX16
    Replaced tree at $auto$rtlil.cc:3381:MuxGate$33837: 1 MUX2, 0 MUX4, 0 MUX8, 0 MUX16
    Replaced tree at $auto$rtlil.cc:3381:MuxGate$33835: 1 MUX2, 0 MUX4, 0 MUX8, 0 MUX16
    Replaced tree at $auto$rtlil.cc:3381:MuxGate$33833: 1 MUX2, 0 MUX4, 0 MUX8, 0 MUX16
    Replaced tree at $auto$rtlil.cc:3381:MuxGate$33831: 1 MUX2, 0 MUX4, 0 MUX8, 0 MUX16
    Replaced tree at $auto$rtlil.cc:3381:MuxGate$33829: 1 MUX2, 0 MUX4, 0 MUX8, 0 MUX16
    Replaced tree at $auto$rtlil.cc:3381:MuxGate$33827: 1 MUX2, 0 MUX4, 0 MUX8, 0 MUX16
    Replaced tree at $auto$rtlil.cc:3381:MuxGate$33825: 1 MUX2, 0 MUX4, 0 MUX8, 0 MUX16
    Replaced tree at $auto$rtlil.cc:3381:MuxGate$33823: 1 MUX2, 0 MUX4, 0 MUX8, 0 MUX16
    Replaced tree at $auto$rtlil.cc:3381:MuxGate$33821: 1 MUX2, 0 MUX4, 0 MUX8, 0 MUX16
    Replaced tree at $auto$rtlil.cc:3381:MuxGate$33915: 3 MUX2, 0 MUX4, 0 MUX8, 0 MUX16
    Replaced tree at $auto$rtlil.cc:3381:MuxGate$33911: 3 MUX2, 0 MUX4, 0 MUX8, 0 MUX16
    Replaced tree at $auto$rtlil.cc:3381:MuxGate$33907: 3 MUX2, 0 MUX4, 0 MUX8, 0 MUX16
    Replaced tree at $auto$rtlil.cc:3381:MuxGate$33903: 3 MUX2, 0 MUX4, 0 MUX8, 0 MUX16
    Replaced tree at $auto$rtlil.cc:3381:MuxGate$33899: 3 MUX2, 0 MUX4, 0 MUX8, 0 MUX16
    Replaced tree at $auto$rtlil.cc:3381:MuxGate$33895: 3 MUX2, 0 MUX4, 0 MUX8, 0 MUX16
    Replaced tree at $auto$rtlil.cc:3381:MuxGate$34167: 2 MUX2, 0 MUX4, 0 MUX8, 0 MUX16
    Replaced tree at $auto$rtlil.cc:3381:MuxGate$34163: 2 MUX2, 0 MUX4, 0 MUX8, 0 MUX16
    Replaced tree at $auto$rtlil.cc:3381:MuxGate$34159: 2 MUX2, 0 MUX4, 0 MUX8, 0 MUX16
    Replaced tree at $auto$rtlil.cc:3381:MuxGate$34155: 2 MUX2, 0 MUX4, 0 MUX8, 0 MUX16
    Replaced tree at $auto$rtlil.cc:3381:MuxGate$34151: 2 MUX2, 0 MUX4, 0 MUX8, 0 MUX16
    Replaced tree at $auto$rtlil.cc:3381:MuxGate$34147: 2 MUX2, 0 MUX4, 0 MUX8, 0 MUX16
    Replaced tree at $auto$rtlil.cc:3381:MuxGate$34143: 2 MUX2, 0 MUX4, 0 MUX8, 0 MUX16
    Replaced tree at $auto$rtlil.cc:3381:MuxGate$35015: 2 MUX2, 0 MUX4, 0 MUX8, 0 MUX16
    Replaced tree at $auto$rtlil.cc:3381:MuxGate$35011: 2 MUX2, 0 MUX4, 0 MUX8, 0 MUX16
    Replaced tree at $auto$rtlil.cc:3381:MuxGate$35007: 2 MUX2, 0 MUX4, 0 MUX8, 0 MUX16
    Replaced tree at $auto$rtlil.cc:3381:MuxGate$35003: 2 MUX2, 0 MUX4, 0 MUX8, 0 MUX16
    Replaced tree at $auto$rtlil.cc:3381:MuxGate$34999: 2 MUX2, 0 MUX4, 0 MUX8, 0 MUX16
    Replaced tree at $auto$rtlil.cc:3381:MuxGate$34995: 2 MUX2, 0 MUX4, 0 MUX8, 0 MUX16
    Replaced tree at $auto$rtlil.cc:3381:MuxGate$34991: 3 MUX2, 0 MUX4, 0 MUX8, 0 MUX16
    Replaced tree at $techmap\u_soc.u_cpu.alu_inst.:10965.$10\buffer[31:0] [17]: 1 MUX2, 0 MUX4, 0 MUX8, 0 MUX16
    Replaced tree at $techmap\u_soc.u_cpu.alu_inst.:10965.$10\buffer[31:0] [18]: 1 MUX2, 0 MUX4, 0 MUX8, 0 MUX16
    Replaced tree at $techmap\u_soc.u_cpu.alu_inst.:10965.$10\buffer[31:0] [19]: 1 MUX2, 0 MUX4, 0 MUX8, 0 MUX16
    Replaced tree at $techmap\u_soc.u_cpu.alu_inst.:10965.$10\buffer[31:0] [20]: 1 MUX2, 0 MUX4, 0 MUX8, 0 MUX16
    Replaced tree at $techmap\u_soc.u_cpu.alu_inst.:10965.$10\buffer[31:0] [21]: 1 MUX2, 0 MUX4, 0 MUX8, 0 MUX16
    Replaced tree at $techmap\u_soc.u_cpu.alu_inst.:10965.$10\buffer[31:0] [22]: 1 MUX2, 0 MUX4, 0 MUX8, 0 MUX16
    Replaced tree at $techmap\u_soc.u_cpu.alu_inst.:10965.$10\buffer[31:0] [23]: 1 MUX2, 0 MUX4, 0 MUX8, 0 MUX16
    Replaced tree at $techmap\u_soc.u_cpu.alu_inst.:10965.$10\buffer[31:0] [24]: 1 MUX2, 0 MUX4, 0 MUX8, 0 MUX16
    Replaced tree at $techmap\u_soc.u_cpu.alu_inst.:10965.$10\buffer[31:0] [25]: 1 MUX2, 0 MUX4, 0 MUX8, 0 MUX16
    Replaced tree at $techmap\u_soc.u_cpu.alu_inst.:10965.$10\buffer[31:0] [26]: 1 MUX2, 0 MUX4, 0 MUX8, 0 MUX16
    Replaced tree at $techmap\u_soc.u_cpu.alu_inst.:10965.$10\buffer[31:0] [27]: 1 MUX2, 0 MUX4, 0 MUX8, 0 MUX16
    Replaced tree at $techmap\u_soc.u_cpu.alu_inst.:10965.$10\buffer[31:0] [28]: 1 MUX2, 0 MUX4, 0 MUX8, 0 MUX16
    Replaced tree at $techmap\u_soc.u_cpu.alu_inst.:10965.$10\buffer[31:0] [29]: 1 MUX2, 0 MUX4, 0 MUX8, 0 MUX16
    Replaced tree at $techmap\u_soc.u_cpu.alu_inst.:10965.$10\buffer[31:0] [30]: 1 MUX2, 0 MUX4, 0 MUX8, 0 MUX16
    Replaced tree at \u_soc.u_cpu.alu_inst.:10965.Y [1]: 1 MUX2, 0 MUX4, 0 MUX8, 0 MUX16
    Replaced tree at \u_soc.u_cpu.alu_inst.:10965.Y [2]: 1 MUX2, 0 MUX4, 0 MUX8, 0 MUX16
    Replaced tree at \u_soc.u_cpu.alu_inst.:10965.Y [3]: 1 MUX2, 0 MUX4, 0 MUX8, 0 MUX16
    Replaced tree at \u_soc.u_cpu.alu_inst.:10965.Y [4]: 1 MUX2, 0 MUX4, 0 MUX8, 0 MUX16
    Replaced tree at \u_soc.u_cpu.alu_inst.:10965.Y [5]: 1 MUX2, 0 MUX4, 0 MUX8, 0 MUX16
    Replaced tree at \u_soc.u_cpu.alu_inst.:10965.Y [6]: 1 MUX2, 0 MUX4, 0 MUX8, 0 MUX16
    Replaced tree at \u_soc.u_cpu.alu_inst.:10965.Y [7]: 1 MUX2, 0 MUX4, 0 MUX8, 0 MUX16
    Replaced tree at \u_soc.u_cpu.alu_inst.:10965.Y [8]: 1 MUX2, 0 MUX4, 0 MUX8, 0 MUX16
    Replaced tree at \u_soc.u_cpu.alu_inst.:10965.Y [9]: 1 MUX2, 0 MUX4, 0 MUX8, 0 MUX16
    Replaced tree at \u_soc.u_cpu.alu_inst.:10965.Y [10]: 1 MUX2, 0 MUX4, 0 MUX8, 0 MUX16
    Replaced tree at \u_soc.u_cpu.alu_inst.:10965.Y [11]: 1 MUX2, 0 MUX4, 0 MUX8, 0 MUX16
    Replaced tree at \u_soc.u_cpu.alu_inst.:10965.Y [12]: 1 MUX2, 0 MUX4, 0 MUX8, 0 MUX16
    Replaced tree at \u_soc.u_cpu.alu_inst.:10965.Y [13]: 1 MUX2, 0 MUX4, 0 MUX8, 0 MUX16
    Replaced tree at \u_soc.u_cpu.alu_inst.:10965.Y [14]: 1 MUX2, 0 MUX4, 0 MUX8, 0 MUX16
    Replaced tree at \u_soc.u_cpu.alu_inst.:10965.Y [15]: 1 MUX2, 0 MUX4, 0 MUX8, 0 MUX16
    Replaced tree at \u_soc.u_cpu.alu_inst.:10965.Y [16]: 1 MUX2, 0 MUX4, 0 MUX8, 0 MUX16
    Replaced tree at \u_soc.u_cpu.alu_inst.:10965.Y [17]: 1 MUX2, 0 MUX4, 0 MUX8, 0 MUX16
    Replaced tree at \u_soc.u_cpu.alu_inst.:10965.Y [18]: 1 MUX2, 0 MUX4, 0 MUX8, 0 MUX16
    Replaced tree at \u_soc.u_cpu.alu_inst.:10965.Y [19]: 1 MUX2, 0 MUX4, 0 MUX8, 0 MUX16
    Replaced tree at \u_soc.u_cpu.alu_inst.:10965.Y [20]: 1 MUX2, 0 MUX4, 0 MUX8, 0 MUX16
    Replaced tree at \u_soc.u_cpu.alu_inst.:10965.Y [21]: 1 MUX2, 0 MUX4, 0 MUX8, 0 MUX16
    Replaced tree at \u_soc.u_cpu.alu_inst.:10965.Y [22]: 1 MUX2, 0 MUX4, 0 MUX8, 0 MUX16
    Replaced tree at \u_soc.u_cpu.alu_inst.:10965.Y [23]: 1 MUX2, 0 MUX4, 0 MUX8, 0 MUX16
    Replaced tree at \u_soc.u_cpu.alu_inst.:10965.Y [24]: 1 MUX2, 0 MUX4, 0 MUX8, 0 MUX16
    Replaced tree at \u_soc.u_cpu.alu_inst.:10965.Y [25]: 1 MUX2, 0 MUX4, 0 MUX8, 0 MUX16
    Replaced tree at \u_soc.u_cpu.alu_inst.:10965.Y [26]: 1 MUX2, 0 MUX4, 0 MUX8, 0 MUX16
    Replaced tree at \u_soc.u_cpu.alu_inst.:10965.Y [27]: 1 MUX2, 0 MUX4, 0 MUX8, 0 MUX16
    Replaced tree at \u_soc.u_cpu.alu_inst.:10965.Y [28]: 1 MUX2, 0 MUX4, 0 MUX8, 0 MUX16
    Replaced tree at \u_soc.u_cpu.alu_inst.:10965.Y [29]: 1 MUX2, 0 MUX4, 0 MUX8, 0 MUX16
    Replaced tree at \u_soc.u_cpu.alu_inst.:10965.Y [30]: 1 MUX2, 0 MUX4, 0 MUX8, 0 MUX16
    Replaced tree at $techmap\u_soc.u_cpu.alu_inst.:10965.$4\buffer[31:0] [29]: 1 MUX2, 0 MUX4, 0 MUX8, 0 MUX16
    Replaced tree at $techmap\u_soc.u_cpu.alu_inst.:10965.$4\buffer[31:0] [30]: 1 MUX2, 0 MUX4, 0 MUX8, 0 MUX16
    Replaced tree at $auto$rtlil.cc:3381:MuxGate$31641: 3 MUX2, 0 MUX4, 0 MUX8, 0 MUX16
    Replaced tree at $techmap\u_soc.u_cpu.alu_inst.:10965.$11\buffer[31:0] [17]: 1 MUX2, 0 MUX4, 0 MUX8, 0 MUX16
    Replaced tree at $techmap\u_soc.u_cpu.alu_inst.:10965.$11\buffer[31:0] [18]: 1 MUX2, 0 MUX4, 0 MUX8, 0 MUX16
    Replaced tree at $techmap\u_soc.u_cpu.alu_inst.:10965.$11\buffer[31:0] [19]: 1 MUX2, 0 MUX4, 0 MUX8, 0 MUX16
    Replaced tree at $techmap\u_soc.u_cpu.alu_inst.:10965.$11\buffer[31:0] [20]: 1 MUX2, 0 MUX4, 0 MUX8, 0 MUX16
    Replaced tree at $techmap\u_soc.u_cpu.alu_inst.:10965.$11\buffer[31:0] [21]: 1 MUX2, 0 MUX4, 0 MUX8, 0 MUX16
    Replaced tree at $techmap\u_soc.u_cpu.alu_inst.:10965.$11\buffer[31:0] [22]: 1 MUX2, 0 MUX4, 0 MUX8, 0 MUX16
    Replaced tree at $auto$rtlil.cc:3381:MuxGate$38697: 2 MUX2, 0 MUX4, 0 MUX8, 0 MUX16
    Replaced tree at $auto$rtlil.cc:3381:MuxGate$38681: 2 MUX2, 0 MUX4, 0 MUX8, 0 MUX16
    Replaced tree at $auto$rtlil.cc:3381:MuxGate$38677: 2 MUX2, 0 MUX4, 0 MUX8, 0 MUX16
    Replaced tree at $auto$rtlil.cc:3381:MuxGate$38673: 2 MUX2, 0 MUX4, 0 MUX8, 0 MUX16
    Replaced tree at $auto$rtlil.cc:3381:MuxGate$38669: 2 MUX2, 0 MUX4, 0 MUX8, 0 MUX16
    Replaced tree at $auto$rtlil.cc:3381:MuxGate$38665: 2 MUX2, 0 MUX4, 0 MUX8, 0 MUX16
    Replaced tree at $auto$rtlil.cc:3381:MuxGate$38661: 2 MUX2, 0 MUX4, 0 MUX8, 0 MUX16
    Replaced tree at $auto$rtlil.cc:3381:MuxGate$38657: 2 MUX2, 0 MUX4, 0 MUX8, 0 MUX16
    Replaced tree at $auto$rtlil.cc:3381:MuxGate$38649: 2 MUX2, 0 MUX4, 0 MUX8, 0 MUX16
    Replaced tree at $auto$rtlil.cc:3381:MuxGate$38645: 2 MUX2, 0 MUX4, 0 MUX8, 0 MUX16
    Replaced tree at $auto$rtlil.cc:3381:MuxGate$38641: 2 MUX2, 0 MUX4, 0 MUX8, 0 MUX16
    Replaced tree at $auto$rtlil.cc:3381:MuxGate$38637: 2 MUX2, 0 MUX4, 0 MUX8, 0 MUX16
    Replaced tree at $auto$rtlil.cc:3381:MuxGate$38633: 2 MUX2, 0 MUX4, 0 MUX8, 0 MUX16
    Replaced tree at $auto$rtlil.cc:3381:MuxGate$38629: 2 MUX2, 0 MUX4, 0 MUX8, 0 MUX16
    Replaced tree at $auto$rtlil.cc:3381:MuxGate$38625: 2 MUX2, 0 MUX4, 0 MUX8, 0 MUX16
    Replaced tree at $auto$rtlil.cc:3381:MuxGate$38617: 2 MUX2, 0 MUX4, 0 MUX8, 0 MUX16
    Replaced tree at $auto$rtlil.cc:3381:MuxGate$38613: 2 MUX2, 0 MUX4, 0 MUX8, 0 MUX16
    Replaced tree at $auto$rtlil.cc:3381:MuxGate$38609: 2 MUX2, 0 MUX4, 0 MUX8, 0 MUX16
    Replaced tree at $auto$rtlil.cc:3381:MuxGate$38605: 2 MUX2, 0 MUX4, 0 MUX8, 0 MUX16
    Replaced tree at $auto$rtlil.cc:3381:MuxGate$38601: 2 MUX2, 0 MUX4, 0 MUX8, 0 MUX16
    Replaced tree at $auto$rtlil.cc:3381:MuxGate$38597: 2 MUX2, 0 MUX4, 0 MUX8, 0 MUX16
    Replaced tree at $auto$rtlil.cc:3381:MuxGate$38593: 2 MUX2, 0 MUX4, 0 MUX8, 0 MUX16
    Replaced tree at $auto$rtlil.cc:3381:MuxGate$38585: 2 MUX2, 0 MUX4, 0 MUX8, 0 MUX16
    Replaced tree at $auto$rtlil.cc:3381:MuxGate$38581: 2 MUX2, 0 MUX4, 0 MUX8, 0 MUX16
    Replaced tree at $auto$rtlil.cc:3381:MuxGate$38577: 2 MUX2, 0 MUX4, 0 MUX8, 0 MUX16
    Replaced tree at $auto$rtlil.cc:3381:MuxGate$38573: 2 MUX2, 0 MUX4, 0 MUX8, 0 MUX16
    Replaced tree at $auto$rtlil.cc:3381:MuxGate$38569: 2 MUX2, 0 MUX4, 0 MUX8, 0 MUX16
    Replaced tree at $auto$rtlil.cc:3381:MuxGate$38565: 2 MUX2, 0 MUX4, 0 MUX8, 0 MUX16
    Replaced tree at $auto$rtlil.cc:3381:MuxGate$38561: 2 MUX2, 0 MUX4, 0 MUX8, 0 MUX16
    Replaced tree at $auto$rtlil.cc:3381:MuxGate$38553: 2 MUX2, 0 MUX4, 0 MUX8, 0 MUX16
    Replaced tree at $auto$rtlil.cc:3381:MuxGate$38549: 2 MUX2, 0 MUX4, 0 MUX8, 0 MUX16
    Replaced tree at $auto$rtlil.cc:3381:MuxGate$38545: 2 MUX2, 0 MUX4, 0 MUX8, 0 MUX16
    Replaced tree at $auto$rtlil.cc:3381:MuxGate$38541: 2 MUX2, 0 MUX4, 0 MUX8, 0 MUX16
    Replaced tree at $auto$rtlil.cc:3381:MuxGate$38537: 2 MUX2, 0 MUX4, 0 MUX8, 0 MUX16
    Replaced tree at $auto$rtlil.cc:3381:MuxGate$38533: 2 MUX2, 0 MUX4, 0 MUX8, 0 MUX16
    Replaced tree at $auto$rtlil.cc:3381:MuxGate$38529: 2 MUX2, 0 MUX4, 0 MUX8, 0 MUX16
    Replaced tree at $auto$rtlil.cc:3381:MuxGate$38521: 2 MUX2, 0 MUX4, 0 MUX8, 0 MUX16
    Replaced tree at $auto$rtlil.cc:3381:MuxGate$38517: 2 MUX2, 0 MUX4, 0 MUX8, 0 MUX16
    Replaced tree at $auto$rtlil.cc:3381:MuxGate$38513: 2 MUX2, 0 MUX4, 0 MUX8, 0 MUX16
    Replaced tree at $auto$rtlil.cc:3381:MuxGate$38509: 2 MUX2, 0 MUX4, 0 MUX8, 0 MUX16
    Replaced tree at $auto$rtlil.cc:3381:MuxGate$38505: 2 MUX2, 0 MUX4, 0 MUX8, 0 MUX16
    Replaced tree at $auto$rtlil.cc:3381:MuxGate$38501: 2 MUX2, 0 MUX4, 0 MUX8, 0 MUX16
    Replaced tree at $auto$rtlil.cc:3381:MuxGate$38497: 2 MUX2, 0 MUX4, 0 MUX8, 0 MUX16
    Replaced tree at $auto$rtlil.cc:3381:MuxGate$38489: 2 MUX2, 0 MUX4, 0 MUX8, 0 MUX16
    Replaced tree at $auto$rtlil.cc:3381:MuxGate$38485: 2 MUX2, 0 MUX4, 0 MUX8, 0 MUX16
    Replaced tree at $auto$rtlil.cc:3381:MuxGate$38481: 2 MUX2, 0 MUX4, 0 MUX8, 0 MUX16
    Replaced tree at $auto$rtlil.cc:3381:MuxGate$38477: 2 MUX2, 0 MUX4, 0 MUX8, 0 MUX16
    Replaced tree at $auto$rtlil.cc:3381:MuxGate$38473: 2 MUX2, 0 MUX4, 0 MUX8, 0 MUX16
    Replaced tree at $auto$rtlil.cc:3381:MuxGate$38469: 2 MUX2, 0 MUX4, 0 MUX8, 0 MUX16
    Replaced tree at $auto$rtlil.cc:3381:MuxGate$38465: 2 MUX2, 0 MUX4, 0 MUX8, 0 MUX16
    Replaced tree at $auto$rtlil.cc:3381:MuxGate$38457: 2 MUX2, 0 MUX4, 0 MUX8, 0 MUX16
    Replaced tree at $auto$rtlil.cc:3381:MuxGate$38453: 2 MUX2, 0 MUX4, 0 MUX8, 0 MUX16
    Replaced tree at $auto$rtlil.cc:3381:MuxGate$38449: 2 MUX2, 0 MUX4, 0 MUX8, 0 MUX16
    Replaced tree at $auto$rtlil.cc:3381:MuxGate$38445: 2 MUX2, 0 MUX4, 0 MUX8, 0 MUX16
    Replaced tree at $auto$rtlil.cc:3381:MuxGate$38441: 2 MUX2, 0 MUX4, 0 MUX8, 0 MUX16
    Replaced tree at $auto$rtlil.cc:3381:MuxGate$38437: 2 MUX2, 0 MUX4, 0 MUX8, 0 MUX16
    Replaced tree at $auto$rtlil.cc:3381:MuxGate$38433: 2 MUX2, 0 MUX4, 0 MUX8, 0 MUX16
    Replaced tree at $auto$rtlil.cc:3381:MuxGate$38425: 2 MUX2, 0 MUX4, 0 MUX8, 0 MUX16
    Replaced tree at $auto$rtlil.cc:3381:MuxGate$38421: 2 MUX2, 0 MUX4, 0 MUX8, 0 MUX16
    Replaced tree at $auto$rtlil.cc:3381:MuxGate$38417: 2 MUX2, 0 MUX4, 0 MUX8, 0 MUX16
    Replaced tree at $auto$rtlil.cc:3381:MuxGate$38413: 2 MUX2, 0 MUX4, 0 MUX8, 0 MUX16
    Replaced tree at $auto$rtlil.cc:3381:MuxGate$38409: 2 MUX2, 0 MUX4, 0 MUX8, 0 MUX16
    Replaced tree at $auto$rtlil.cc:3381:MuxGate$38405: 2 MUX2, 0 MUX4, 0 MUX8, 0 MUX16
    Replaced tree at $auto$rtlil.cc:3381:MuxGate$38401: 2 MUX2, 0 MUX4, 0 MUX8, 0 MUX16
    Replaced tree at $auto$rtlil.cc:3381:MuxGate$38393: 2 MUX2, 0 MUX4, 0 MUX8, 0 MUX16
    Replaced tree at $auto$rtlil.cc:3381:MuxGate$38389: 2 MUX2, 0 MUX4, 0 MUX8, 0 MUX16
    Replaced tree at $auto$rtlil.cc:3381:MuxGate$38385: 2 MUX2, 0 MUX4, 0 MUX8, 0 MUX16
    Replaced tree at $auto$rtlil.cc:3381:MuxGate$38381: 2 MUX2, 0 MUX4, 0 MUX8, 0 MUX16
    Replaced tree at $auto$rtlil.cc:3381:MuxGate$38377: 2 MUX2, 0 MUX4, 0 MUX8, 0 MUX16
    Replaced tree at $auto$rtlil.cc:3381:MuxGate$38373: 2 MUX2, 0 MUX4, 0 MUX8, 0 MUX16
    Replaced tree at $auto$rtlil.cc:3381:MuxGate$38369: 2 MUX2, 0 MUX4, 0 MUX8, 0 MUX16
    Replaced tree at $auto$rtlil.cc:3381:MuxGate$38361: 2 MUX2, 0 MUX4, 0 MUX8, 0 MUX16
    Replaced tree at $auto$rtlil.cc:3381:MuxGate$38357: 2 MUX2, 0 MUX4, 0 MUX8, 0 MUX16
    Replaced tree at $auto$rtlil.cc:3381:MuxGate$38353: 2 MUX2, 0 MUX4, 0 MUX8, 0 MUX16
    Replaced tree at $auto$rtlil.cc:3381:MuxGate$38349: 2 MUX2, 0 MUX4, 0 MUX8, 0 MUX16
    Replaced tree at $auto$rtlil.cc:3381:MuxGate$38345: 2 MUX2, 0 MUX4, 0 MUX8, 0 MUX16
    Replaced tree at $auto$rtlil.cc:3381:MuxGate$38341: 2 MUX2, 0 MUX4, 0 MUX8, 0 MUX16
    Replaced tree at $auto$rtlil.cc:3381:MuxGate$38337: 2 MUX2, 0 MUX4, 0 MUX8, 0 MUX16
    Replaced tree at $auto$rtlil.cc:3381:MuxGate$38329: 2 MUX2, 0 MUX4, 0 MUX8, 0 MUX16
    Replaced tree at $auto$rtlil.cc:3381:MuxGate$38325: 2 MUX2, 0 MUX4, 0 MUX8, 0 MUX16
    Replaced tree at $auto$rtlil.cc:3381:MuxGate$38321: 2 MUX2, 0 MUX4, 0 MUX8, 0 MUX16
    Replaced tree at $auto$rtlil.cc:3381:MuxGate$38317: 2 MUX2, 0 MUX4, 0 MUX8, 0 MUX16
    Replaced tree at $auto$rtlil.cc:3381:MuxGate$38313: 2 MUX2, 0 MUX4, 0 MUX8, 0 MUX16
    Replaced tree at $auto$rtlil.cc:3381:MuxGate$38309: 2 MUX2, 0 MUX4, 0 MUX8, 0 MUX16
    Replaced tree at $auto$rtlil.cc:3381:MuxGate$38305: 2 MUX2, 0 MUX4, 0 MUX8, 0 MUX16
    Replaced tree at $auto$rtlil.cc:3381:MuxGate$38297: 2 MUX2, 0 MUX4, 0 MUX8, 0 MUX16
    Replaced tree at $auto$rtlil.cc:3381:MuxGate$38293: 2 MUX2, 0 MUX4, 0 MUX8, 0 MUX16
    Replaced tree at $auto$rtlil.cc:3381:MuxGate$38289: 2 MUX2, 0 MUX4, 0 MUX8, 0 MUX16
    Replaced tree at $auto$rtlil.cc:3381:MuxGate$38285: 2 MUX2, 0 MUX4, 0 MUX8, 0 MUX16
    Replaced tree at $auto$rtlil.cc:3381:MuxGate$38281: 2 MUX2, 0 MUX4, 0 MUX8, 0 MUX16
    Replaced tree at $auto$rtlil.cc:3381:MuxGate$38277: 2 MUX2, 0 MUX4, 0 MUX8, 0 MUX16
    Replaced tree at $auto$rtlil.cc:3381:MuxGate$38273: 2 MUX2, 0 MUX4, 0 MUX8, 0 MUX16
    Replaced tree at $auto$rtlil.cc:3381:MuxGate$38265: 2 MUX2, 0 MUX4, 0 MUX8, 0 MUX16
    Replaced tree at $auto$rtlil.cc:3381:MuxGate$38261: 2 MUX2, 0 MUX4, 0 MUX8, 0 MUX16
    Replaced tree at $auto$rtlil.cc:3381:MuxGate$38257: 2 MUX2, 0 MUX4, 0 MUX8, 0 MUX16
    Replaced tree at $auto$rtlil.cc:3381:MuxGate$38253: 2 MUX2, 0 MUX4, 0 MUX8, 0 MUX16
    Replaced tree at $auto$rtlil.cc:3381:MuxGate$38249: 2 MUX2, 0 MUX4, 0 MUX8, 0 MUX16
    Replaced tree at $auto$rtlil.cc:3381:MuxGate$38245: 2 MUX2, 0 MUX4, 0 MUX8, 0 MUX16
    Replaced tree at $auto$rtlil.cc:3381:MuxGate$38241: 2 MUX2, 0 MUX4, 0 MUX8, 0 MUX16
    Replaced tree at $auto$rtlil.cc:3381:MuxGate$38237: 2 MUX2, 0 MUX4, 0 MUX8, 0 MUX16
    Replaced tree at $auto$rtlil.cc:3381:MuxGate$38205: 2 MUX2, 0 MUX4, 0 MUX8, 0 MUX16
    Replaced tree at $auto$rtlil.cc:3381:MuxGate$38269: 2 MUX2, 0 MUX4, 0 MUX8, 0 MUX16
    Replaced tree at $auto$rtlil.cc:3381:MuxGate$38301: 2 MUX2, 0 MUX4, 0 MUX8, 0 MUX16
    Replaced tree at $auto$rtlil.cc:3381:MuxGate$38209: 2 MUX2, 0 MUX4, 0 MUX8, 0 MUX16
    Replaced tree at $auto$rtlil.cc:3381:MuxGate$38333: 2 MUX2, 0 MUX4, 0 MUX8, 0 MUX16
    Replaced tree at $auto$rtlil.cc:3381:MuxGate$38365: 2 MUX2, 0 MUX4, 0 MUX8, 0 MUX16
    Replaced tree at $auto$rtlil.cc:3381:MuxGate$38213: 2 MUX2, 0 MUX4, 0 MUX8, 0 MUX16
    Replaced tree at $auto$rtlil.cc:3381:MuxGate$38397: 2 MUX2, 0 MUX4, 0 MUX8, 0 MUX16
    Replaced tree at $auto$rtlil.cc:3381:MuxGate$38429: 2 MUX2, 0 MUX4, 0 MUX8, 0 MUX16
    Replaced tree at $auto$rtlil.cc:3381:MuxGate$38217: 2 MUX2, 0 MUX4, 0 MUX8, 0 MUX16
    Replaced tree at $auto$rtlil.cc:3381:MuxGate$38461: 2 MUX2, 0 MUX4, 0 MUX8, 0 MUX16
    Replaced tree at $auto$rtlil.cc:3381:MuxGate$38493: 2 MUX2, 0 MUX4, 0 MUX8, 0 MUX16
    Replaced tree at $auto$rtlil.cc:3381:MuxGate$38221: 2 MUX2, 0 MUX4, 0 MUX8, 0 MUX16
    Replaced tree at $auto$rtlil.cc:3381:MuxGate$38525: 2 MUX2, 0 MUX4, 0 MUX8, 0 MUX16
    Replaced tree at $auto$rtlil.cc:3381:MuxGate$38557: 2 MUX2, 0 MUX4, 0 MUX8, 0 MUX16
    Replaced tree at $auto$rtlil.cc:3381:MuxGate$38225: 2 MUX2, 0 MUX4, 0 MUX8, 0 MUX16
    Replaced tree at $auto$rtlil.cc:3381:MuxGate$38589: 2 MUX2, 0 MUX4, 0 MUX8, 0 MUX16
    Replaced tree at $auto$rtlil.cc:3381:MuxGate$38621: 2 MUX2, 0 MUX4, 0 MUX8, 0 MUX16
    Replaced tree at $auto$rtlil.cc:3381:MuxGate$38229: 2 MUX2, 0 MUX4, 0 MUX8, 0 MUX16
    Replaced tree at $auto$rtlil.cc:3381:MuxGate$38653: 2 MUX2, 0 MUX4, 0 MUX8, 0 MUX16
    Replaced tree at $auto$rtlil.cc:3381:MuxGate$37409: 2 MUX2, 0 MUX4, 0 MUX8, 0 MUX16
    Replaced tree at $auto$rtlil.cc:3381:MuxGate$38233: 2 MUX2, 0 MUX4, 0 MUX8, 0 MUX16
    Replaced tree at $auto$rtlil.cc:3381:MuxGate$37625: 2 MUX2, 0 MUX4, 0 MUX8, 0 MUX16
    Replaced tree at $auto$rtlil.cc:3381:MuxGate$37637: 2 MUX2, 0 MUX4, 0 MUX8, 0 MUX16
    Replaced tree at $auto$rtlil.cc:3381:MuxGate$34345: 2 MUX2, 0 MUX4, 0 MUX8, 0 MUX16
    Replaced tree at $auto$rtlil.cc:3381:MuxGate$31645: 3 MUX2, 0 MUX4, 0 MUX8, 0 MUX16
    Replaced tree at $auto$rtlil.cc:3381:MuxGate$37629: 2 MUX2, 0 MUX4, 0 MUX8, 0 MUX16
    Replaced tree at $auto$rtlil.cc:3381:MuxGate$31649: 3 MUX2, 0 MUX4, 0 MUX8, 0 MUX16
    Replaced tree at $auto$rtlil.cc:3381:MuxGate$31653: 3 MUX2, 0 MUX4, 0 MUX8, 0 MUX16
    Replaced tree at $auto$rtlil.cc:3381:MuxGate$31657: 3 MUX2, 0 MUX4, 0 MUX8, 0 MUX16
    Replaced tree at $auto$rtlil.cc:3381:MuxGate$37325: 2 MUX2, 0 MUX4, 0 MUX8, 0 MUX16
    Replaced tree at $auto$rtlil.cc:3381:MuxGate$37321: 2 MUX2, 0 MUX4, 0 MUX8, 0 MUX16
    Replaced tree at $auto$rtlil.cc:3381:MuxGate$30399: 2 MUX2, 0 MUX4, 0 MUX8, 0 MUX16
    Replaced tree at $auto$rtlil.cc:3381:MuxGate$31661: 3 MUX2, 0 MUX4, 0 MUX8, 0 MUX16
    Replaced tree at $auto$rtlil.cc:3381:MuxGate$34987: 3 MUX2, 0 MUX4, 0 MUX8, 0 MUX16
    Replaced tree at $auto$rtlil.cc:3381:MuxGate$34139: 2 MUX2, 0 MUX4, 0 MUX8, 0 MUX16
    Replaced tree at $auto$rtlil.cc:3381:MuxGate$34983: 3 MUX2, 0 MUX4, 0 MUX8, 0 MUX16
    Replaced tree at $auto$rtlil.cc:3381:MuxGate$37329: 2 MUX2, 0 MUX4, 0 MUX8, 0 MUX16
    Replaced tree at $auto$rtlil.cc:3381:MuxGate$30403: 2 MUX2, 0 MUX4, 0 MUX8, 0 MUX16
    Replaced tree at $auto$rtlil.cc:3381:MuxGate$34975: 2 MUX2, 0 MUX4, 0 MUX8, 0 MUX16
    Replaced tree at $auto$rtlil.cc:3381:MuxGate$34971: 2 MUX2, 0 MUX4, 0 MUX8, 0 MUX16
    Replaced tree at $auto$rtlil.cc:3381:MuxGate$37333: 2 MUX2, 0 MUX4, 0 MUX8, 0 MUX16
    Replaced tree at $auto$rtlil.cc:3381:MuxGate$33891: 3 MUX2, 0 MUX4, 0 MUX8, 0 MUX16
    Replaced tree at $auto$rtlil.cc:3381:MuxGate$34135: 2 MUX2, 0 MUX4, 0 MUX8, 0 MUX16
    Replaced tree at $auto$rtlil.cc:3381:MuxGate$34959: 2 MUX2, 0 MUX4, 0 MUX8, 0 MUX16
    Replaced tree at $auto$rtlil.cc:3381:MuxGate$37337: 2 MUX2, 0 MUX4, 0 MUX8, 0 MUX16
    Replaced tree at $auto$rtlil.cc:3381:MuxGate$34955: 2 MUX2, 0 MUX4, 0 MUX8, 0 MUX16
    Replaced tree at $auto$rtlil.cc:3381:MuxGate$37309: 2 MUX2, 0 MUX4, 0 MUX8, 0 MUX16
    Replaced tree at $auto$rtlil.cc:3381:MuxGate$34947: 2 MUX2, 0 MUX4, 0 MUX8, 0 MUX16
    Replaced tree at $auto$rtlil.cc:3381:MuxGate$37313: 2 MUX2, 0 MUX4, 0 MUX8, 0 MUX16
    Replaced tree at $auto$rtlil.cc:3381:MuxGate$33887: 1 MUX2, 0 MUX4, 0 MUX8, 0 MUX16
    Replaced tree at $auto$rtlil.cc:3381:MuxGate$34131: 2 MUX2, 0 MUX4, 0 MUX8, 0 MUX16
    Replaced tree at $auto$rtlil.cc:3381:MuxGate$34939: 2 MUX2, 0 MUX4, 0 MUX8, 0 MUX16
    Replaced tree at $auto$rtlil.cc:3381:MuxGate$34935: 2 MUX2, 0 MUX4, 0 MUX8, 0 MUX16
    Replaced tree at $auto$rtlil.cc:3381:MuxGate$37317: 2 MUX2, 0 MUX4, 0 MUX8, 0 MUX16
    Replaced tree at $auto$rtlil.cc:3381:MuxGate$30395: 2 MUX2, 0 MUX4, 0 MUX8, 0 MUX16
    Replaced tree at $auto$rtlil.cc:3381:MuxGate$31681: 3 MUX2, 0 MUX4, 0 MUX8, 0 MUX16
    Replaced tree at $auto$rtlil.cc:3381:MuxGate$31685: 3 MUX2, 0 MUX4, 0 MUX8, 0 MUX16
    Replaced tree at $auto$rtlil.cc:3381:MuxGate$31689: 3 MUX2, 0 MUX4, 0 MUX8, 0 MUX16
    Replaced tree at $auto$rtlil.cc:3381:MuxGate$31693: 3 MUX2, 0 MUX4, 0 MUX8, 0 MUX16
    Replaced tree at $auto$rtlil.cc:3381:MuxGate$31697: 3 MUX2, 0 MUX4, 0 MUX8, 0 MUX16
    Replaced tree at $auto$rtlil.cc:3381:MuxGate$31701: 3 MUX2, 0 MUX4, 0 MUX8, 0 MUX16
    Replaced tree at $auto$rtlil.cc:3381:MuxGate$31705: 3 MUX2, 0 MUX4, 0 MUX8, 0 MUX16
    Replaced tree at $auto$rtlil.cc:3381:MuxGate$31709: 3 MUX2, 0 MUX4, 0 MUX8, 0 MUX16
    Replaced tree at $auto$rtlil.cc:3381:MuxGate$31713: 3 MUX2, 0 MUX4, 0 MUX8, 0 MUX16
    Replaced tree at $auto$rtlil.cc:3381:MuxGate$30645: 2 MUX2, 0 MUX4, 0 MUX8, 0 MUX16
    Replaced tree at $auto$rtlil.cc:3381:MuxGate$30633: 2 MUX2, 0 MUX4, 0 MUX8, 0 MUX16
    Replaced tree at $auto$rtlil.cc:3381:MuxGate$30621: 2 MUX2, 0 MUX4, 0 MUX8, 0 MUX16
    Replaced tree at $auto$rtlil.cc:3381:MuxGate$30609: 2 MUX2, 0 MUX4, 0 MUX8, 0 MUX16
    Replaced tree at $auto$rtlil.cc:3381:MuxGate$31717: 3 MUX2, 0 MUX4, 0 MUX8, 0 MUX16
    Replaced tree at $auto$rtlil.cc:3381:MuxGate$31721: 3 MUX2, 0 MUX4, 0 MUX8, 0 MUX16
    Replaced tree at $auto$rtlil.cc:3381:MuxGate$31725: 3 MUX2, 0 MUX4, 0 MUX8, 0 MUX16
    Replaced tree at $auto$rtlil.cc:3381:MuxGate$31729: 3 MUX2, 0 MUX4, 0 MUX8, 0 MUX16
    Replaced tree at $auto$rtlil.cc:3381:MuxGate$31733: 2 MUX2, 0 MUX4, 0 MUX8, 0 MUX16
    Replaced tree at $auto$rtlil.cc:3381:MuxGate$31737: 2 MUX2, 0 MUX4, 0 MUX8, 0 MUX16
    Replaced tree at $auto$rtlil.cc:3381:MuxGate$31741: 2 MUX2, 0 MUX4, 0 MUX8, 0 MUX16
    Replaced tree at $auto$rtlil.cc:3381:MuxGate$31745: 2 MUX2, 0 MUX4, 0 MUX8, 0 MUX16
    Replaced tree at $auto$rtlil.cc:3381:MuxGate$31749: 2 MUX2, 0 MUX4, 0 MUX8, 0 MUX16
    Replaced tree at $auto$rtlil.cc:3381:MuxGate$34927: 2 MUX2, 0 MUX4, 0 MUX8, 0 MUX16
    Replaced tree at $auto$rtlil.cc:3381:MuxGate$31753: 3 MUX2, 0 MUX4, 0 MUX8, 0 MUX16
    Replaced tree at $auto$rtlil.cc:3381:MuxGate$34923: 2 MUX2, 0 MUX4, 0 MUX8, 0 MUX16
    Replaced tree at $auto$rtlil.cc:3381:MuxGate$30383: 2 MUX2, 0 MUX4, 0 MUX8, 0 MUX16
    Replaced tree at $auto$rtlil.cc:3381:MuxGate$31757: 3 MUX2, 0 MUX4, 0 MUX8, 0 MUX16
    Replaced tree at $auto$rtlil.cc:3381:MuxGate$33885: 1 MUX2, 0 MUX4, 0 MUX8, 0 MUX16
    Replaced tree at $auto$rtlil.cc:3381:MuxGate$33883: 1 MUX2, 0 MUX4, 0 MUX8, 0 MUX16
    Replaced tree at $auto$rtlil.cc:3381:MuxGate$34127: 2 MUX2, 0 MUX4, 0 MUX8, 0 MUX16
    Replaced tree at $auto$rtlil.cc:3381:MuxGate$34919: 2 MUX2, 0 MUX4, 0 MUX8, 0 MUX16
    Replaced tree at $auto$rtlil.cc:3381:MuxGate$30387: 2 MUX2, 0 MUX4, 0 MUX8, 0 MUX16
    Replaced tree at $auto$rtlil.cc:3381:MuxGate$34123: 2 MUX2, 0 MUX4, 0 MUX8, 0 MUX16
    Replaced tree at $auto$rtlil.cc:3381:MuxGate$34911: 2 MUX2, 0 MUX4, 0 MUX8, 0 MUX16
    Replaced tree at $auto$rtlil.cc:3381:MuxGate$30371: 2 MUX2, 0 MUX4, 0 MUX8, 0 MUX16
    Replaced tree at $auto$rtlil.cc:3381:MuxGate$37297: 2 MUX2, 0 MUX4, 0 MUX8, 0 MUX16
    Replaced tree at $auto$rtlil.cc:3381:MuxGate$33881: 1 MUX2, 0 MUX4, 0 MUX8, 0 MUX16
    Replaced tree at $auto$rtlil.cc:3381:MuxGate$33879: 1 MUX2, 0 MUX4, 0 MUX8, 0 MUX16
    Replaced tree at $auto$rtlil.cc:3381:MuxGate$34119: 2 MUX2, 0 MUX4, 0 MUX8, 0 MUX16
    Replaced tree at $auto$rtlil.cc:3381:MuxGate$34115: 2 MUX2, 0 MUX4, 0 MUX8, 0 MUX16
    Replaced tree at $auto$rtlil.cc:3381:MuxGate$34903: 2 MUX2, 0 MUX4, 0 MUX8, 0 MUX16
    Replaced tree at $auto$rtlil.cc:3381:MuxGate$34907: 2 MUX2, 0 MUX4, 0 MUX8, 0 MUX16
    Replaced tree at $auto$rtlil.cc:3381:MuxGate$34899: 2 MUX2, 0 MUX4, 0 MUX8, 0 MUX16
    Replaced tree at $auto$rtlil.cc:3381:MuxGate$30375: 2 MUX2, 0 MUX4, 0 MUX8, 0 MUX16
    Replaced tree at $auto$rtlil.cc:3381:MuxGate$33877: 1 MUX2, 0 MUX4, 0 MUX8, 0 MUX16
    Replaced tree at $auto$rtlil.cc:3381:MuxGate$34111: 2 MUX2, 0 MUX4, 0 MUX8, 0 MUX16
    Replaced tree at $auto$rtlil.cc:3381:MuxGate$34895: 2 MUX2, 0 MUX4, 0 MUX8, 0 MUX16
    Replaced tree at $auto$rtlil.cc:3381:MuxGate$34891: 2 MUX2, 0 MUX4, 0 MUX8, 0 MUX16
    Replaced tree at $auto$rtlil.cc:3381:MuxGate$30363: 2 MUX2, 0 MUX4, 0 MUX8, 0 MUX16
    Replaced tree at $auto$rtlil.cc:3381:MuxGate$30083: 2 MUX2, 0 MUX4, 0 MUX8, 0 MUX16
    Replaced tree at \u_soc.u_cpu.br_take: 2 MUX2, 0 MUX4, 0 MUX8, 0 MUX16
    Replaced tree at \u_soc.u_cpu.dmem_rdata_eff [0]: 2 MUX2, 0 MUX4, 0 MUX8, 0 MUX16
    Replaced tree at \u_soc.u_cpu.dmem_rdata_eff [1]: 2 MUX2, 0 MUX4, 0 MUX8, 0 MUX16
    Replaced tree at \u_soc.u_cpu.dmem_rdata_eff [2]: 2 MUX2, 0 MUX4, 0 MUX8, 0 MUX16
    Replaced tree at \u_soc.u_cpu.dmem_rdata_eff [3]: 2 MUX2, 0 MUX4, 0 MUX8, 0 MUX16
    Replaced tree at \u_soc.u_cpu.dmem_rdata_eff [4]: 2 MUX2, 0 MUX4, 0 MUX8, 0 MUX16
    Replaced tree at \u_soc.u_cpu.dmem_rdata_eff [5]: 2 MUX2, 0 MUX4, 0 MUX8, 0 MUX16
    Replaced tree at \u_soc.u_cpu.dmem_rdata_eff [6]: 2 MUX2, 0 MUX4, 0 MUX8, 0 MUX16
    Replaced tree at \u_soc.u_cpu.dmem_rdata_eff [7]: 2 MUX2, 0 MUX4, 0 MUX8, 0 MUX16
    Replaced tree at \u_soc.u_cpu.dmem_rdata_eff [8]: 2 MUX2, 0 MUX4, 0 MUX8, 0 MUX16
    Replaced tree at \u_soc.u_cpu.dmem_rdata_eff [9]: 2 MUX2, 0 MUX4, 0 MUX8, 0 MUX16
    Replaced tree at \u_soc.u_cpu.dmem_rdata_eff [10]: 2 MUX2, 0 MUX4, 0 MUX8, 0 MUX16
    Replaced tree at \u_soc.u_cpu.dmem_rdata_eff [11]: 2 MUX2, 0 MUX4, 0 MUX8, 0 MUX16
    Replaced tree at \u_soc.u_cpu.dmem_rdata_eff [12]: 2 MUX2, 0 MUX4, 0 MUX8, 0 MUX16
    Replaced tree at \u_soc.u_cpu.dmem_rdata_eff [13]: 2 MUX2, 0 MUX4, 0 MUX8, 0 MUX16
    Replaced tree at \u_soc.u_cpu.dmem_rdata_eff [14]: 2 MUX2, 0 MUX4, 0 MUX8, 0 MUX16
    Replaced tree at \u_soc.u_cpu.dmem_rdata_eff [15]: 2 MUX2, 0 MUX4, 0 MUX8, 0 MUX16
    Replaced tree at \u_soc.u_cpu.dmem_rdata_eff [16]: 2 MUX2, 0 MUX4, 0 MUX8, 0 MUX16
    Replaced tree at \u_soc.u_cpu.dmem_rdata_eff [17]: 2 MUX2, 0 MUX4, 0 MUX8, 0 MUX16
    Replaced tree at \u_soc.u_cpu.dmem_rdata_eff [18]: 2 MUX2, 0 MUX4, 0 MUX8, 0 MUX16
    Replaced tree at \u_soc.u_cpu.dmem_rdata_eff [19]: 2 MUX2, 0 MUX4, 0 MUX8, 0 MUX16
    Replaced tree at \u_soc.u_cpu.dmem_rdata_eff [20]: 2 MUX2, 0 MUX4, 0 MUX8, 0 MUX16
    Replaced tree at \u_soc.u_cpu.dmem_rdata_eff [21]: 2 MUX2, 0 MUX4, 0 MUX8, 0 MUX16
    Replaced tree at \u_soc.u_cpu.dmem_rdata_eff [22]: 2 MUX2, 0 MUX4, 0 MUX8, 0 MUX16
    Replaced tree at \u_soc.u_cpu.dmem_rdata_eff [23]: 2 MUX2, 0 MUX4, 0 MUX8, 0 MUX16
    Replaced tree at \u_soc.u_cpu.dmem_rdata_eff [24]: 2 MUX2, 0 MUX4, 0 MUX8, 0 MUX16
    Replaced tree at \u_soc.u_cpu.dmem_rdata_eff [25]: 2 MUX2, 0 MUX4, 0 MUX8, 0 MUX16
    Replaced tree at \u_soc.u_cpu.dmem_rdata_eff [26]: 2 MUX2, 0 MUX4, 0 MUX8, 0 MUX16
    Replaced tree at \u_soc.u_cpu.dmem_rdata_eff [27]: 2 MUX2, 0 MUX4, 0 MUX8, 0 MUX16
    Replaced tree at \u_soc.u_cpu.dmem_rdata_eff [28]: 2 MUX2, 0 MUX4, 0 MUX8, 0 MUX16
    Replaced tree at \u_soc.u_cpu.dmem_rdata_eff [29]: 2 MUX2, 0 MUX4, 0 MUX8, 0 MUX16
    Replaced tree at \u_soc.u_cpu.dmem_rdata_eff [30]: 2 MUX2, 0 MUX4, 0 MUX8, 0 MUX16
    Replaced tree at \u_soc.u_cpu.dmem_rdata_eff [31]: 2 MUX2, 0 MUX4, 0 MUX8, 0 MUX16
    Replaced tree at $auto$rtlil.cc:3381:MuxGate$33003: 3 MUX2, 0 MUX4, 0 MUX8, 0 MUX16
    Replaced tree at $auto$rtlil.cc:3381:MuxGate$33007: 3 MUX2, 0 MUX4, 0 MUX8, 0 MUX16
    Replaced tree at $auto$rtlil.cc:3381:MuxGate$33011: 3 MUX2, 0 MUX4, 0 MUX8, 0 MUX16
    Replaced tree at $auto$rtlil.cc:3381:MuxGate$33015: 3 MUX2, 0 MUX4, 0 MUX8, 0 MUX16
    Replaced tree at $auto$rtlil.cc:3381:MuxGate$34421: 2 MUX2, 0 MUX4, 0 MUX8, 0 MUX16
    Replaced tree at $auto$rtlil.cc:3381:MuxGate$32857: 2 MUX2, 0 MUX4, 0 MUX8, 0 MUX16
    Replaced tree at $auto$rtlil.cc:3381:MuxGate$33019: 3 MUX2, 0 MUX4, 0 MUX8, 0 MUX16
    Replaced tree at $auto$rtlil.cc:3381:MuxGate$33023: 3 MUX2, 0 MUX4, 0 MUX8, 0 MUX16
    Replaced tree at $auto$rtlil.cc:3381:MuxGate$33027: 3 MUX2, 0 MUX4, 0 MUX8, 0 MUX16
    Replaced tree at $auto$rtlil.cc:3381:MuxGate$33031: 3 MUX2, 0 MUX4, 0 MUX8, 0 MUX16
    Replaced tree at $auto$rtlil.cc:3381:MuxGate$34499: 3 MUX2, 0 MUX4, 0 MUX8, 0 MUX16
    Replaced tree at $auto$rtlil.cc:3381:MuxGate$37349: 2 MUX2, 0 MUX4, 0 MUX8, 0 MUX16
    Replaced tree at $auto$rtlil.cc:3381:MuxGate$37569: 2 MUX2, 0 MUX4, 0 MUX8, 0 MUX16
    Replaced tree at $auto$rtlil.cc:3381:MuxGate$32549: 4 MUX2, 0 MUX4, 0 MUX8, 0 MUX16
    Replaced tree at $auto$rtlil.cc:3381:MuxGate$37605: 2 MUX2, 0 MUX4, 0 MUX8, 0 MUX16
    Replaced tree at $auto$rtlil.cc:3381:MuxGate$37577: 2 MUX2, 0 MUX4, 0 MUX8, 0 MUX16
    Replaced tree at $auto$rtlil.cc:3381:MuxGate$37593: 2 MUX2, 0 MUX4, 0 MUX8, 0 MUX16
    Replaced tree at $auto$rtlil.cc:3381:MuxGate$37565: 2 MUX2, 0 MUX4, 0 MUX8, 0 MUX16
    Replaced tree at $auto$rtlil.cc:3381:MuxGate$32957: 2 MUX2, 0 MUX4, 0 MUX8, 0 MUX16
    Replaced tree at $auto$rtlil.cc:3381:MuxGate$30315: 2 MUX2, 0 MUX4, 0 MUX8, 0 MUX16
    Replaced tree at $auto$rtlil.cc:3381:MuxGate$32905: 2 MUX2, 0 MUX4, 0 MUX8, 0 MUX16
    Replaced tree at $auto$rtlil.cc:3381:MuxGate$34013: 2 MUX2, 0 MUX4, 0 MUX8, 0 MUX16
    Replaced tree at $auto$rtlil.cc:3381:MuxGate$32881: 2 MUX2, 0 MUX4, 0 MUX8, 0 MUX16
    Replaced tree at $auto$rtlil.cc:3381:MuxGate$32909: 2 MUX2, 0 MUX4, 0 MUX8, 0 MUX16
    Replaced tree at $auto$rtlil.cc:3381:MuxGate$34507: 3 MUX2, 0 MUX4, 0 MUX8, 0 MUX16
    Replaced tree at $auto$rtlil.cc:3381:MuxGate$39579: 2 MUX2, 0 MUX4, 0 MUX8, 0 MUX16
    Replaced tree at $auto$rtlil.cc:3381:MuxGate$32949: 2 MUX2, 0 MUX4, 0 MUX8, 0 MUX16
    Replaced tree at $auto$rtlil.cc:3381:MuxGate$32913: 2 MUX2, 0 MUX4, 0 MUX8, 0 MUX16
    Replaced tree at $auto$rtlil.cc:3381:MuxGate$34511: 3 MUX2, 0 MUX4, 0 MUX8, 0 MUX16
    Replaced tree at $auto$rtlil.cc:3381:MuxGate$37573: 2 MUX2, 0 MUX4, 0 MUX8, 0 MUX16
    Replaced tree at $auto$rtlil.cc:3381:MuxGate$32541: 4 MUX2, 0 MUX4, 0 MUX8, 0 MUX16
    Replaced tree at $auto$rtlil.cc:3381:MuxGate$32889: 2 MUX2, 0 MUX4, 0 MUX8, 0 MUX16
    Replaced tree at $auto$rtlil.cc:3381:MuxGate$34017: 2 MUX2, 0 MUX4, 0 MUX8, 0 MUX16
    Replaced tree at $auto$rtlil.cc:3381:MuxGate$39575: 2 MUX2, 0 MUX4, 0 MUX8, 0 MUX16
    Replaced tree at $auto$rtlil.cc:3381:MuxGate$30319: 2 MUX2, 0 MUX4, 0 MUX8, 0 MUX16
    Replaced tree at $auto$rtlil.cc:3381:MuxGate$32917: 2 MUX2, 0 MUX4, 0 MUX8, 0 MUX16
    Replaced tree at $auto$rtlil.cc:3381:MuxGate$32849: 2 MUX2, 0 MUX4, 0 MUX8, 0 MUX16
    Replaced tree at $auto$rtlil.cc:3381:MuxGate$37073: 2 MUX2, 0 MUX4, 0 MUX8, 0 MUX16
    Replaced tree at $auto$rtlil.cc:3381:MuxGate$32893: 2 MUX2, 0 MUX4, 0 MUX8, 0 MUX16
    Replaced tree at $auto$rtlil.cc:3381:MuxGate$37049: 2 MUX2, 0 MUX4, 0 MUX8, 0 MUX16
    Replaced tree at $auto$rtlil.cc:3381:MuxGate$32921: 2 MUX2, 0 MUX4, 0 MUX8, 0 MUX16
    Replaced tree at $auto$rtlil.cc:3381:MuxGate$39571: 2 MUX2, 0 MUX4, 0 MUX8, 0 MUX16
    Replaced tree at $auto$rtlil.cc:3381:MuxGate$34519: 3 MUX2, 0 MUX4, 0 MUX8, 0 MUX16
    Replaced tree at $auto$rtlil.cc:3381:MuxGate$32533: 4 MUX2, 0 MUX4, 0 MUX8, 0 MUX16
    Replaced tree at $auto$rtlil.cc:3381:MuxGate$32757: 2 MUX2, 0 MUX4, 0 MUX8, 0 MUX16
    Replaced tree at $auto$rtlil.cc:3381:MuxGate$35437: 2 MUX2, 0 MUX4, 0 MUX8, 0 MUX16
    Replaced tree at $auto$rtlil.cc:3381:MuxGate$35441: 2 MUX2, 0 MUX4, 0 MUX8, 0 MUX16
    Replaced tree at $auto$rtlil.cc:3381:MuxGate$32529: 4 MUX2, 0 MUX4, 0 MUX8, 0 MUX16
    Replaced tree at $auto$rtlil.cc:3381:MuxGate$30079: 2 MUX2, 0 MUX4, 0 MUX8, 0 MUX16
    Replaced tree at $auto$rtlil.cc:3381:MuxGate$32753: 2 MUX2, 0 MUX4, 0 MUX8, 0 MUX16
    Replaced tree at $auto$rtlil.cc:3381:MuxGate$32525: 4 MUX2, 0 MUX4, 0 MUX8, 0 MUX16
    Replaced tree at $auto$rtlil.cc:3381:MuxGate$30071: 2 MUX2, 0 MUX4, 0 MUX8, 0 MUX16
    Replaced tree at $auto$rtlil.cc:3381:MuxGate$32521: 4 MUX2, 0 MUX4, 0 MUX8, 0 MUX16
    Replaced tree at $auto$rtlil.cc:3381:MuxGate$32749: 2 MUX2, 0 MUX4, 0 MUX8, 0 MUX16
    Replaced tree at $auto$rtlil.cc:3381:MuxGate$30581: 2 MUX2, 0 MUX4, 0 MUX8, 0 MUX16
    Replaced tree at $auto$rtlil.cc:3381:MuxGate$32517: 4 MUX2, 0 MUX4, 0 MUX8, 0 MUX16
    Replaced tree at $auto$rtlil.cc:3381:MuxGate$32513: 4 MUX2, 0 MUX4, 0 MUX8, 0 MUX16
    Replaced tree at $auto$rtlil.cc:3381:MuxGate$37385: 2 MUX2, 0 MUX4, 0 MUX8, 0 MUX16
    Replaced tree at \u_soc.u_cpu.:6908.B [12]: 5 MUX2, 0 MUX4, 0 MUX8, 0 MUX16
    Replaced tree at \u_soc.u_cpu.:6908.B [13]: 4 MUX2, 0 MUX4, 0 MUX8, 0 MUX16
    Replaced tree at \u_soc.u_cpu.:6908.B [14]: 6 MUX2, 0 MUX4, 0 MUX8, 0 MUX16
    Replaced tree at \u_soc.u_cpu.:6908.B [15]: 6 MUX2, 0 MUX4, 0 MUX8, 0 MUX16
    Replaced tree at $auto$rtlil.cc:3381:MuxGate$32509: 4 MUX2, 0 MUX4, 0 MUX8, 0 MUX16
    Replaced tree at $auto$rtlil.cc:3381:MuxGate$30075: 2 MUX2, 0 MUX4, 0 MUX8, 0 MUX16
    Replaced tree at $auto$rtlil.cc:3381:MuxGate$32745: 2 MUX2, 0 MUX4, 0 MUX8, 0 MUX16
    Replaced tree at \u_soc.u_cpu.:4331.Y [0]: 1 MUX2, 0 MUX4, 0 MUX8, 0 MUX16
    Replaced tree at \u_soc.u_cpu.:4331.Y [1]: 1 MUX2, 0 MUX4, 0 MUX8, 0 MUX16
    Replaced tree at \u_soc.u_cpu.:4331.Y [2]: 1 MUX2, 0 MUX4, 0 MUX8, 0 MUX16
    Replaced tree at \u_soc.u_cpu.:4331.Y [3]: 1 MUX2, 0 MUX4, 0 MUX8, 0 MUX16
    Replaced tree at $auto$rtlil.cc:3381:MuxGate$36941: 2 MUX2, 0 MUX4, 0 MUX8, 0 MUX16
    Replaced tree at $auto$rtlil.cc:3381:MuxGate$36937: 2 MUX2, 0 MUX4, 0 MUX8, 0 MUX16
    Replaced tree at $auto$rtlil.cc:3381:MuxGate$36933: 2 MUX2, 0 MUX4, 0 MUX8, 0 MUX16
    Replaced tree at $auto$rtlil.cc:3381:MuxGate$32165: 3 MUX2, 0 MUX4, 0 MUX8, 0 MUX16
    Replaced tree at $auto$rtlil.cc:3381:MuxGate$36925: 2 MUX2, 0 MUX4, 0 MUX8, 0 MUX16
    Replaced tree at $auto$rtlil.cc:3381:MuxGate$30299: 2 MUX2, 0 MUX4, 0 MUX8, 0 MUX16
    Replaced tree at $auto$rtlil.cc:3381:MuxGate$32169: 3 MUX2, 0 MUX4, 0 MUX8, 0 MUX16
    Replaced tree at $auto$rtlil.cc:3381:MuxGate$32173: 3 MUX2, 0 MUX4, 0 MUX8, 0 MUX16
    Replaced tree at $auto$rtlil.cc:3381:MuxGate$34389: 2 MUX2, 0 MUX4, 0 MUX8, 0 MUX16
    Replaced tree at $auto$rtlil.cc:3381:MuxGate$38153: 2 MUX2, 0 MUX4, 0 MUX8, 0 MUX16
    Replaced tree at $auto$rtlil.cc:3381:MuxGate$32177: 3 MUX2, 0 MUX4, 0 MUX8, 0 MUX16
    Replaced tree at $auto$rtlil.cc:3381:MuxGate$38165: 2 MUX2, 0 MUX4, 0 MUX8, 0 MUX16
    Replaced tree at $auto$rtlil.cc:3381:MuxGate$32737: 2 MUX2, 0 MUX4, 0 MUX8, 0 MUX16
    Replaced tree at $auto$rtlil.cc:3381:MuxGate$34393: 2 MUX2, 0 MUX4, 0 MUX8, 0 MUX16
    Replaced tree at $auto$rtlil.cc:3381:MuxGate$38169: 2 MUX2, 0 MUX4, 0 MUX8, 0 MUX16
    Replaced tree at $auto$rtlil.cc:3381:MuxGate$38173: 2 MUX2, 0 MUX4, 0 MUX8, 0 MUX16
    Replaced tree at $auto$rtlil.cc:3381:MuxGate$32505: 4 MUX2, 0 MUX4, 0 MUX8, 0 MUX16
    Replaced tree at $auto$rtlil.cc:3381:MuxGate$32501: 4 MUX2, 0 MUX4, 0 MUX8, 0 MUX16
    Replaced tree at $auto$rtlil.cc:3381:MuxGate$32489: 4 MUX2, 0 MUX4, 0 MUX8, 0 MUX16
    Replaced tree at $auto$rtlil.cc:3381:MuxGate$33035: 3 MUX2, 0 MUX4, 0 MUX8, 0 MUX16
    Replaced tree at $auto$rtlil.cc:3381:MuxGate$33039: 3 MUX2, 0 MUX4, 0 MUX8, 0 MUX16
    Replaced tree at $auto$rtlil.cc:3381:MuxGate$33043: 3 MUX2, 0 MUX4, 0 MUX8, 0 MUX16
    Replaced tree at $auto$rtlil.cc:3381:MuxGate$33047: 3 MUX2, 0 MUX4, 0 MUX8, 0 MUX16
    Replaced tree at $auto$rtlil.cc:3381:MuxGate$33051: 3 MUX2, 0 MUX4, 0 MUX8, 0 MUX16
    Replaced tree at $auto$rtlil.cc:3381:MuxGate$33055: 3 MUX2, 0 MUX4, 0 MUX8, 0 MUX16
    Replaced tree at $auto$rtlil.cc:3381:MuxGate$33059: 3 MUX2, 0 MUX4, 0 MUX8, 0 MUX16
    Replaced tree at $auto$rtlil.cc:3381:MuxGate$33063: 3 MUX2, 0 MUX4, 0 MUX8, 0 MUX16
    Replaced tree at $auto$rtlil.cc:3381:MuxGate$33067: 3 MUX2, 0 MUX4, 0 MUX8, 0 MUX16
    Replaced tree at $auto$rtlil.cc:3381:MuxGate$33071: 3 MUX2, 0 MUX4, 0 MUX8, 0 MUX16
    Replaced tree at $auto$rtlil.cc:3381:MuxGate$33075: 3 MUX2, 0 MUX4, 0 MUX8, 0 MUX16
    Replaced tree at $auto$rtlil.cc:3381:MuxGate$32845: 2 MUX2, 0 MUX4, 0 MUX8, 0 MUX16
    Replaced tree at $auto$rtlil.cc:3381:MuxGate$33079: 3 MUX2, 0 MUX4, 0 MUX8, 0 MUX16
    Replaced tree at $auto$rtlil.cc:3381:MuxGate$32837: 2 MUX2, 0 MUX4, 0 MUX8, 0 MUX16
    Replaced tree at $auto$rtlil.cc:3381:MuxGate$32275: 2 MUX2, 0 MUX4, 0 MUX8, 0 MUX16
    Replaced tree at $auto$rtlil.cc:3381:MuxGate$32271: 2 MUX2, 0 MUX4, 0 MUX8, 0 MUX16
    Replaced tree at $auto$rtlil.cc:3381:MuxGate$33083: 3 MUX2, 0 MUX4, 0 MUX8, 0 MUX16
    Replaced tree at $auto$rtlil.cc:3381:MuxGate$35401: 2 MUX2, 0 MUX4, 0 MUX8, 0 MUX16
    Replaced tree at \u_soc.u_cpu.:6596.Y [0]: 1 MUX2, 0 MUX4, 0 MUX8, 0 MUX16
    Replaced tree at \u_soc.u_cpu.:6596.Y [1]: 1 MUX2, 0 MUX4, 0 MUX8, 0 MUX16
    Replaced tree at \u_soc.u_cpu.:6596.Y [2]: 1 MUX2, 0 MUX4, 0 MUX8, 0 MUX16
    Replaced tree at \u_soc.u_cpu.:6596.Y [3]: 1 MUX2, 0 MUX4, 0 MUX8, 0 MUX16
    Replaced tree at \u_soc.u_cpu.:6596.Y [4]: 1 MUX2, 0 MUX4, 0 MUX8, 0 MUX16
    Replaced tree at \u_soc.u_cpu.:6596.Y [5]: 1 MUX2, 0 MUX4, 0 MUX8, 0 MUX16
    Replaced tree at \u_soc.u_cpu.:6596.Y [6]: 1 MUX2, 0 MUX4, 0 MUX8, 0 MUX16
    Replaced tree at \u_soc.u_cpu.:6596.Y [7]: 1 MUX2, 0 MUX4, 0 MUX8, 0 MUX16
    Replaced tree at $auto$rtlil.cc:3381:MuxGate$30067: 2 MUX2, 0 MUX4, 0 MUX8, 0 MUX16
    Replaced tree at $auto$rtlil.cc:3381:MuxGate$32865: 2 MUX2, 0 MUX4, 0 MUX8, 0 MUX16
    Replaced tree at $auto$rtlil.cc:3381:MuxGate$30151: 2 MUX2, 0 MUX4, 0 MUX8, 0 MUX16
    Replaced tree at $auto$rtlil.cc:3381:MuxGate$32181: 3 MUX2, 0 MUX4, 0 MUX8, 0 MUX16
    Replaced tree at $auto$rtlil.cc:3381:MuxGate$34659: 3 MUX2, 0 MUX4, 0 MUX8, 0 MUX16
    Replaced tree at $auto$rtlil.cc:3381:MuxGate$36589: 2 MUX2, 0 MUX4, 0 MUX8, 0 MUX16
    Replaced tree at $auto$rtlil.cc:3381:MuxGate$38957: 2 MUX2, 0 MUX4, 0 MUX8, 0 MUX16
    Replaced tree at $auto$rtlil.cc:3381:MuxGate$39351: 2 MUX2, 0 MUX4, 0 MUX8, 0 MUX16
    Replaced tree at $auto$rtlil.cc:3381:MuxGate$39315: 2 MUX2, 0 MUX4, 0 MUX8, 0 MUX16
    Replaced tree at $auto$rtlil.cc:3381:MuxGate$39355: 2 MUX2, 0 MUX4, 0 MUX8, 0 MUX16
    Replaced tree at $auto$rtlil.cc:3381:MuxGate$32185: 3 MUX2, 0 MUX4, 0 MUX8, 0 MUX16
    Replaced tree at $auto$rtlil.cc:3381:MuxGate$34655: 3 MUX2, 0 MUX4, 0 MUX8, 0 MUX16
    Replaced tree at $auto$rtlil.cc:3381:MuxGate$30183: 2 MUX2, 0 MUX4, 0 MUX8, 0 MUX16
    Replaced tree at $auto$rtlil.cc:3381:MuxGate$34055: 2 MUX2, 0 MUX4, 0 MUX8, 0 MUX16
    Replaced tree at $auto$rtlil.cc:3381:MuxGate$32189: 3 MUX2, 0 MUX4, 0 MUX8, 0 MUX16
    Replaced tree at $auto$rtlil.cc:3381:MuxGate$30103: 2 MUX2, 0 MUX4, 0 MUX8, 0 MUX16
    Replaced tree at $auto$rtlil.cc:3381:MuxGate$30099: 2 MUX2, 0 MUX4, 0 MUX8, 0 MUX16
    Replaced tree at $auto$rtlil.cc:3381:MuxGate$34051: 2 MUX2, 0 MUX4, 0 MUX8, 0 MUX16
    Replaced tree at $auto$rtlil.cc:3381:MuxGate$32195: 2 MUX2, 0 MUX4, 0 MUX8, 0 MUX16
    Replaced tree at $auto$rtlil.cc:3381:MuxGate$30187: 2 MUX2, 0 MUX4, 0 MUX8, 0 MUX16
    Replaced tree at $auto$rtlil.cc:3381:MuxGate$34647: 3 MUX2, 0 MUX4, 0 MUX8, 0 MUX16
    Replaced tree at $auto$rtlil.cc:3381:MuxGate$33175: 3 MUX2, 0 MUX4, 0 MUX8, 0 MUX16
    Replaced tree at $auto$rtlil.cc:3381:MuxGate$33171: 3 MUX2, 0 MUX4, 0 MUX8, 0 MUX16
    Replaced tree at $auto$rtlil.cc:3381:MuxGate$33167: 3 MUX2, 0 MUX4, 0 MUX8, 0 MUX16
    Replaced tree at $auto$rtlil.cc:3381:MuxGate$33163: 3 MUX2, 0 MUX4, 0 MUX8, 0 MUX16
    Replaced tree at $auto$rtlil.cc:3381:MuxGate$33159: 3 MUX2, 0 MUX4, 0 MUX8, 0 MUX16
    Replaced tree at $auto$rtlil.cc:3381:MuxGate$32825: 2 MUX2, 0 MUX4, 0 MUX8, 0 MUX16
    Replaced tree at $auto$rtlil.cc:3381:MuxGate$33155: 3 MUX2, 0 MUX4, 0 MUX8, 0 MUX16
    Replaced tree at $auto$rtlil.cc:3381:MuxGate$32661: 2 MUX2, 0 MUX4, 0 MUX8, 0 MUX16
    Replaced tree at $auto$rtlil.cc:3381:MuxGate$33151: 3 MUX2, 0 MUX4, 0 MUX8, 0 MUX16
    Replaced tree at $auto$rtlil.cc:3381:MuxGate$33147: 3 MUX2, 0 MUX4, 0 MUX8, 0 MUX16
    Replaced tree at $auto$rtlil.cc:3381:MuxGate$32861: 2 MUX2, 0 MUX4, 0 MUX8, 0 MUX16
    Replaced tree at $auto$rtlil.cc:3381:MuxGate$33143: 3 MUX2, 0 MUX4, 0 MUX8, 0 MUX16
    Replaced tree at $auto$rtlil.cc:3381:MuxGate$37361: 2 MUX2, 0 MUX4, 0 MUX8, 0 MUX16
    Replaced tree at $auto$rtlil.cc:3381:MuxGate$33139: 3 MUX2, 0 MUX4, 0 MUX8, 0 MUX16
    Replaced tree at $auto$rtlil.cc:3381:MuxGate$33135: 3 MUX2, 0 MUX4, 0 MUX8, 0 MUX16
    Replaced tree at $auto$rtlil.cc:3381:MuxGate$33131: 3 MUX2, 0 MUX4, 0 MUX8, 0 MUX16
    Replaced tree at $auto$rtlil.cc:3381:MuxGate$36425: 2 MUX2, 0 MUX4, 0 MUX8, 0 MUX16
    Replaced tree at $auto$rtlil.cc:3381:MuxGate$36421: 2 MUX2, 0 MUX4, 0 MUX8, 0 MUX16
    Replaced tree at $auto$rtlil.cc:3381:MuxGate$36433: 2 MUX2, 0 MUX4, 0 MUX8, 0 MUX16
    Replaced tree at $auto$rtlil.cc:3381:MuxGate$36429: 2 MUX2, 0 MUX4, 0 MUX8, 0 MUX16
    Replaced tree at $auto$rtlil.cc:3381:MuxGate$32641: 2 MUX2, 0 MUX4, 0 MUX8, 0 MUX16
    Replaced tree at $auto$rtlil.cc:3381:MuxGate$32287: 2 MUX2, 0 MUX4, 0 MUX8, 0 MUX16
    Replaced tree at $auto$rtlil.cc:3381:MuxGate$35389: 2 MUX2, 0 MUX4, 0 MUX8, 0 MUX16
    Replaced tree at $auto$rtlil.cc:3381:MuxGate$34579: 3 MUX2, 0 MUX4, 0 MUX8, 0 MUX16
    Replaced tree at $auto$rtlil.cc:3381:MuxGate$32577: 4 MUX2, 0 MUX4, 0 MUX8, 0 MUX16
    Replaced tree at $auto$rtlil.cc:3381:MuxGate$36537: 2 MUX2, 0 MUX4, 0 MUX8, 0 MUX16
    Replaced tree at $auto$rtlil.cc:3381:MuxGate$35385: 2 MUX2, 0 MUX4, 0 MUX8, 0 MUX16
    Replaced tree at $auto$rtlil.cc:3381:MuxGate$32581: 4 MUX2, 0 MUX4, 0 MUX8, 0 MUX16
    Replaced tree at $auto$rtlil.cc:3381:MuxGate$36533: 2 MUX2, 0 MUX4, 0 MUX8, 0 MUX16
    Replaced tree at $auto$rtlil.cc:3381:MuxGate$32649: 2 MUX2, 0 MUX4, 0 MUX8, 0 MUX16
    Replaced tree at $auto$rtlil.cc:3381:MuxGate$32585: 4 MUX2, 0 MUX4, 0 MUX8, 0 MUX16
    Replaced tree at $auto$rtlil.cc:3381:MuxGate$33323: 2 MUX2, 0 MUX4, 0 MUX8, 0 MUX16
    Replaced tree at $auto$rtlil.cc:3381:MuxGate$35429: 2 MUX2, 0 MUX4, 0 MUX8, 0 MUX16
    Replaced tree at $auto$rtlil.cc:3381:MuxGate$32653: 2 MUX2, 0 MUX4, 0 MUX8, 0 MUX16
    Replaced tree at $auto$rtlil.cc:3381:MuxGate$32657: 2 MUX2, 0 MUX4, 0 MUX8, 0 MUX16
    Replaced tree at $auto$rtlil.cc:3381:MuxGate$32809: 2 MUX2, 0 MUX4, 0 MUX8, 0 MUX16
    Replaced tree at $auto$rtlil.cc:3381:MuxGate$32805: 2 MUX2, 0 MUX4, 0 MUX8, 0 MUX16
    Replaced tree at $auto$rtlil.cc:3381:MuxGate$32469: 4 MUX2, 0 MUX4, 0 MUX8, 0 MUX16
    Replaced tree at $auto$rtlil.cc:3381:MuxGate$32473: 4 MUX2, 0 MUX4, 0 MUX8, 0 MUX16
    Replaced tree at $auto$rtlil.cc:3381:MuxGate$38161: 2 MUX2, 0 MUX4, 0 MUX8, 0 MUX16
    Replaced tree at $auto$rtlil.cc:3381:MuxGate$32793: 2 MUX2, 0 MUX4, 0 MUX8, 0 MUX16
    Replaced tree at $auto$rtlil.cc:3381:MuxGate$37453: 2 MUX2, 0 MUX4, 0 MUX8, 0 MUX16
    Replaced tree at $auto$rtlil.cc:3381:MuxGate$38157: 2 MUX2, 0 MUX4, 0 MUX8, 0 MUX16
    Replaced tree at $auto$rtlil.cc:3381:MuxGate$37469: 2 MUX2, 0 MUX4, 0 MUX8, 0 MUX16
    Replaced tree at $auto$rtlil.cc:3381:MuxGate$37465: 2 MUX2, 0 MUX4, 0 MUX8, 0 MUX16
    Replaced tree at $auto$rtlil.cc:3381:MuxGate$32873: 2 MUX2, 0 MUX4, 0 MUX8, 0 MUX16
    Replaced tree at $auto$rtlil.cc:3381:MuxGate$32813: 2 MUX2, 0 MUX4, 0 MUX8, 0 MUX16
    Replaced tree at $auto$rtlil.cc:3381:MuxGate$35425: 2 MUX2, 0 MUX4, 0 MUX8, 0 MUX16
    Replaced tree at $auto$rtlil.cc:3381:MuxGate$37341: 2 MUX2, 0 MUX4, 0 MUX8, 0 MUX16
    Replaced tree at $auto$rtlil.cc:3381:MuxGate$37457: 2 MUX2, 0 MUX4, 0 MUX8, 0 MUX16
    Replaced tree at $auto$rtlil.cc:3381:MuxGate$37601: 2 MUX2, 0 MUX4, 0 MUX8, 0 MUX16
    Replaced tree at $auto$rtlil.cc:3381:MuxGate$36593: 2 MUX2, 0 MUX4, 0 MUX8, 0 MUX16
    Replaced tree at $auto$rtlil.cc:3381:MuxGate$32199: 2 MUX2, 0 MUX4, 0 MUX8, 0 MUX16
    Replaced tree at $auto$rtlil.cc:3381:MuxGate$34639: 3 MUX2, 0 MUX4, 0 MUX8, 0 MUX16
    Replaced tree at $auto$rtlil.cc:3381:MuxGate$32203: 2 MUX2, 0 MUX4, 0 MUX8, 0 MUX16
    Replaced tree at $auto$rtlil.cc:3381:MuxGate$35473: 2 MUX2, 0 MUX4, 0 MUX8, 0 MUX16
    Replaced tree at $auto$rtlil.cc:3381:MuxGate$34043: 2 MUX2, 0 MUX4, 0 MUX8, 0 MUX16
    Replaced tree at $auto$rtlil.cc:3381:MuxGate$34595: 3 MUX2, 0 MUX4, 0 MUX8, 0 MUX16
    Replaced tree at $auto$rtlil.cc:3381:MuxGate$32589: 4 MUX2, 0 MUX4, 0 MUX8, 0 MUX16
    Replaced tree at $auto$rtlil.cc:3381:MuxGate$33853: 1 MUX2, 0 MUX4, 0 MUX8, 0 MUX16
    Replaced tree at $auto$rtlil.cc:3381:MuxGate$32355: 2 MUX2, 0 MUX4, 0 MUX8, 0 MUX16
    Replaced tree at $auto$rtlil.cc:3381:MuxGate$39543: 2 MUX2, 0 MUX4, 0 MUX8, 0 MUX16
    Replaced tree at $auto$rtlil.cc:3381:MuxGate$30171: 2 MUX2, 0 MUX4, 0 MUX8, 0 MUX16
    Replaced tree at $auto$rtlil.cc:3381:MuxGate$39563: 2 MUX2, 0 MUX4, 0 MUX8, 0 MUX16
    Replaced tree at $auto$rtlil.cc:3381:MuxGate$30051: 2 MUX2, 0 MUX4, 0 MUX8, 0 MUX16
    Replaced tree at $auto$rtlil.cc:3381:MuxGate$32773: 2 MUX2, 0 MUX4, 0 MUX8, 0 MUX16
    Replaced tree at $auto$rtlil.cc:3381:MuxGate$32769: 2 MUX2, 0 MUX4, 0 MUX8, 0 MUX16
    Replaced tree at $auto$rtlil.cc:3381:MuxGate$32761: 2 MUX2, 0 MUX4, 0 MUX8, 0 MUX16
    Replaced tree at $auto$rtlil.cc:3381:MuxGate$32207: 2 MUX2, 0 MUX4, 0 MUX8, 0 MUX16
    Replaced tree at $auto$rtlil.cc:3381:MuxGate$39439: 2 MUX2, 0 MUX4, 0 MUX8, 0 MUX16
    Replaced tree at $auto$rtlil.cc:3381:MuxGate$39539: 2 MUX2, 0 MUX4, 0 MUX8, 0 MUX16
    Replaced tree at $auto$rtlil.cc:3381:MuxGate$32363: 2 MUX2, 0 MUX4, 0 MUX8, 0 MUX16
    Replaced tree at $auto$rtlil.cc:3381:MuxGate$36517: 2 MUX2, 0 MUX4, 0 MUX8, 0 MUX16
    Replaced tree at $auto$rtlil.cc:3381:MuxGate$39559: 2 MUX2, 0 MUX4, 0 MUX8, 0 MUX16
    Replaced tree at $auto$rtlil.cc:3381:MuxGate$34599: 3 MUX2, 0 MUX4, 0 MUX8, 0 MUX16
    Replaced tree at $auto$rtlil.cc:3381:MuxGate$34031: 3 MUX2, 0 MUX4, 0 MUX8, 0 MUX16
    Replaced tree at $auto$rtlil.cc:3381:MuxGate$39535: 2 MUX2, 0 MUX4, 0 MUX8, 0 MUX16
    Replaced tree at $auto$rtlil.cc:3381:MuxGate$39555: 2 MUX2, 0 MUX4, 0 MUX8, 0 MUX16
    Replaced tree at $auto$rtlil.cc:3381:MuxGate$32351: 2 MUX2, 0 MUX4, 0 MUX8, 0 MUX16
    Replaced tree at $auto$rtlil.cc:3381:MuxGate$34483: 3 MUX2, 0 MUX4, 0 MUX8, 0 MUX16
    Replaced tree at $auto$rtlil.cc:3381:MuxGate$39531: 2 MUX2, 0 MUX4, 0 MUX8, 0 MUX16
    Replaced tree at $auto$rtlil.cc:3381:MuxGate$32477: 4 MUX2, 0 MUX4, 0 MUX8, 0 MUX16
    Replaced tree at $auto$rtlil.cc:3381:MuxGate$33319: 2 MUX2, 0 MUX4, 0 MUX8, 0 MUX16
    Replaced tree at $auto$rtlil.cc:3381:MuxGate$38185: 2 MUX2, 0 MUX4, 0 MUX8, 0 MUX16
    Replaced tree at $auto$rtlil.cc:3381:MuxGate$32741: 2 MUX2, 0 MUX4, 0 MUX8, 0 MUX16
    Replaced tree at $auto$rtlil.cc:3381:MuxGate$38181: 2 MUX2, 0 MUX4, 0 MUX8, 0 MUX16
    Replaced tree at $auto$rtlil.cc:3381:MuxGate$32729: 2 MUX2, 0 MUX4, 0 MUX8, 0 MUX16
    Replaced tree at $auto$rtlil.cc:3381:MuxGate$37461: 2 MUX2, 0 MUX4, 0 MUX8, 0 MUX16
    Replaced tree at $auto$rtlil.cc:3381:MuxGate$32481: 4 MUX2, 0 MUX4, 0 MUX8, 0 MUX16
    Replaced tree at $auto$rtlil.cc:3381:MuxGate$37381: 2 MUX2, 0 MUX4, 0 MUX8, 0 MUX16
    Replaced tree at $auto$rtlil.cc:3381:MuxGate$32485: 4 MUX2, 0 MUX4, 0 MUX8, 0 MUX16
    Replaced tree at $auto$rtlil.cc:3381:MuxGate$33315: 2 MUX2, 0 MUX4, 0 MUX8, 0 MUX16
    Replaced tree at $auto$rtlil.cc:3381:MuxGate$30059: 2 MUX2, 0 MUX4, 0 MUX8, 0 MUX16
    Replaced tree at $auto$rtlil.cc:3381:MuxGate$38177: 2 MUX2, 0 MUX4, 0 MUX8, 0 MUX16
    Replaced tree at $auto$rtlil.cc:3381:MuxGate$32717: 2 MUX2, 0 MUX4, 0 MUX8, 0 MUX16
    Replaced tree at $auto$rtlil.cc:3381:MuxGate$37497: 2 MUX2, 0 MUX4, 0 MUX8, 0 MUX16
    Replaced tree at $auto$rtlil.cc:3381:MuxGate$37557: 2 MUX2, 0 MUX4, 0 MUX8, 0 MUX16
    Replaced tree at $auto$rtlil.cc:3381:MuxGate$37489: 2 MUX2, 0 MUX4, 0 MUX8, 0 MUX16
    Replaced tree at $auto$rtlil.cc:3381:MuxGate$32945: 2 MUX2, 0 MUX4, 0 MUX8, 0 MUX16
    Replaced tree at $auto$rtlil.cc:3381:MuxGate$32709: 2 MUX2, 0 MUX4, 0 MUX8, 0 MUX16
    Replaced tree at $auto$rtlil.cc:3381:MuxGate$32853: 2 MUX2, 0 MUX4, 0 MUX8, 0 MUX16
    Replaced tree at $auto$rtlil.cc:3381:MuxGate$33207: 3 MUX2, 0 MUX4, 0 MUX8, 0 MUX16
    Replaced tree at $auto$rtlil.cc:3381:MuxGate$33203: 3 MUX2, 0 MUX4, 0 MUX8, 0 MUX16
    Replaced tree at $auto$rtlil.cc:3381:MuxGate$33199: 3 MUX2, 0 MUX4, 0 MUX8, 0 MUX16
    Replaced tree at $auto$rtlil.cc:3381:MuxGate$33195: 3 MUX2, 0 MUX4, 0 MUX8, 0 MUX16
    Replaced tree at $auto$rtlil.cc:3381:MuxGate$33191: 3 MUX2, 0 MUX4, 0 MUX8, 0 MUX16
    Replaced tree at $auto$rtlil.cc:3381:MuxGate$33187: 3 MUX2, 0 MUX4, 0 MUX8, 0 MUX16
    Replaced tree at $auto$rtlil.cc:3381:MuxGate$33183: 3 MUX2, 0 MUX4, 0 MUX8, 0 MUX16
    Replaced tree at $auto$rtlil.cc:3381:MuxGate$33179: 3 MUX2, 0 MUX4, 0 MUX8, 0 MUX16
    Replaced tree at $auto$rtlil.cc:3381:MuxGate$34365: 2 MUX2, 0 MUX4, 0 MUX8, 0 MUX16
    Replaced tree at $auto$rtlil.cc:3381:MuxGate$32897: 2 MUX2, 0 MUX4, 0 MUX8, 0 MUX16
    Replaced tree at $auto$rtlil.cc:3381:MuxGate$37585: 2 MUX2, 0 MUX4, 0 MUX8, 0 MUX16
    Replaced tree at $auto$rtlil.cc:3381:MuxGate$32697: 2 MUX2, 0 MUX4, 0 MUX8, 0 MUX16
    Replaced tree at $auto$rtlil.cc:3381:MuxGate$39551: 2 MUX2, 0 MUX4, 0 MUX8, 0 MUX16
    Replaced tree at $auto$rtlil.cc:3381:MuxGate$32693: 2 MUX2, 0 MUX4, 0 MUX8, 0 MUX16
    Replaced tree at $auto$rtlil.cc:3381:MuxGate$30531: 4 MUX2, 0 MUX4, 0 MUX8, 0 MUX16
    Replaced tree at $auto$rtlil.cc:3381:MuxGate$34349: 2 MUX2, 0 MUX4, 0 MUX8, 0 MUX16
    Replaced tree at $auto$rtlil.cc:3381:MuxGate$32367: 2 MUX2, 0 MUX4, 0 MUX8, 0 MUX16
    Replaced tree at $auto$rtlil.cc:3381:MuxGate$32557: 4 MUX2, 0 MUX4, 0 MUX8, 0 MUX16
    Replaced tree at $auto$rtlil.cc:3381:MuxGate$32817: 2 MUX2, 0 MUX4, 0 MUX8, 0 MUX16
    Replaced tree at $auto$rtlil.cc:3381:MuxGate$39427: 2 MUX2, 0 MUX4, 0 MUX8, 0 MUX16
    Replaced tree at $auto$rtlil.cc:3381:MuxGate$30055: 2 MUX2, 0 MUX4, 0 MUX8, 0 MUX16
    Replaced tree at $auto$rtlil.cc:3381:MuxGate$32821: 2 MUX2, 0 MUX4, 0 MUX8, 0 MUX16
    Replaced tree at $auto$rtlil.cc:3381:MuxGate$36513: 2 MUX2, 0 MUX4, 0 MUX8, 0 MUX16
    Replaced tree at $auto$rtlil.cc:3381:MuxGate$39527: 2 MUX2, 0 MUX4, 0 MUX8, 0 MUX16
    Replaced tree at $auto$rtlil.cc:3381:MuxGate$32789: 2 MUX2, 0 MUX4, 0 MUX8, 0 MUX16
    Replaced tree at $auto$rtlil.cc:3381:MuxGate$30087: 2 MUX2, 0 MUX4, 0 MUX8, 0 MUX16
    Replaced tree at $auto$rtlil.cc:3381:MuxGate$34005: 2 MUX2, 0 MUX4, 0 MUX8, 0 MUX16
    Replaced tree at $auto$rtlil.cc:3381:MuxGate$39547: 2 MUX2, 0 MUX4, 0 MUX8, 0 MUX16
    Replaced tree at $auto$rtlil.cc:3381:MuxGate$30529: 4 MUX2, 0 MUX4, 0 MUX8, 0 MUX16
    Replaced tree at $auto$rtlil.cc:3381:MuxGate$32243: 2 MUX2, 0 MUX4, 0 MUX8, 0 MUX16
    Replaced tree at $auto$rtlil.cc:3381:MuxGate$32247: 2 MUX2, 0 MUX4, 0 MUX8, 0 MUX16
    Replaced tree at $auto$rtlil.cc:3381:MuxGate$32251: 2 MUX2, 0 MUX4, 0 MUX8, 0 MUX16
    Replaced tree at $auto$rtlil.cc:3381:MuxGate$32255: 2 MUX2, 0 MUX4, 0 MUX8, 0 MUX16
    Replaced tree at $auto$rtlil.cc:3381:MuxGate$32259: 2 MUX2, 0 MUX4, 0 MUX8, 0 MUX16
    Replaced tree at $auto$rtlil.cc:3381:MuxGate$32263: 2 MUX2, 0 MUX4, 0 MUX8, 0 MUX16
    Replaced tree at $auto$rtlil.cc:3381:MuxGate$32267: 2 MUX2, 0 MUX4, 0 MUX8, 0 MUX16
    Replaced tree at $auto$rtlil.cc:3381:MuxGate$39347: 2 MUX2, 0 MUX4, 0 MUX8, 0 MUX16
    Replaced tree at $auto$rtlil.cc:3381:MuxGate$33127: 3 MUX2, 0 MUX4, 0 MUX8, 0 MUX16
    Replaced tree at $auto$rtlil.cc:3381:MuxGate$39383: 2 MUX2, 0 MUX4, 0 MUX8, 0 MUX16
    Replaced tree at $flatten\u_soc.\u_cpu.\csr_inst.$auto$ghdl.cc:827:import_module$4316: 5 MUX2, 0 MUX4, 0 MUX8, 0 MUX16
    Replaced tree at $auto$rtlil.cc:3381:MuxGate$39343: 2 MUX2, 0 MUX4, 0 MUX8, 0 MUX16
    Replaced tree at $auto$rtlil.cc:3381:MuxGate$39379: 2 MUX2, 0 MUX4, 0 MUX8, 0 MUX16
    Replaced tree at $auto$rtlil.cc:3381:MuxGate$39339: 2 MUX2, 0 MUX4, 0 MUX8, 0 MUX16
    Replaced tree at $auto$rtlil.cc:3381:MuxGate$39375: 2 MUX2, 0 MUX4, 0 MUX8, 0 MUX16
    Replaced tree at $auto$rtlil.cc:3381:MuxGate$39335: 2 MUX2, 0 MUX4, 0 MUX8, 0 MUX16
    Replaced tree at $auto$rtlil.cc:3381:MuxGate$39371: 2 MUX2, 0 MUX4, 0 MUX8, 0 MUX16
    Replaced tree at $auto$rtlil.cc:3381:MuxGate$39331: 2 MUX2, 0 MUX4, 0 MUX8, 0 MUX16
    Replaced tree at $auto$rtlil.cc:3381:MuxGate$39367: 2 MUX2, 0 MUX4, 0 MUX8, 0 MUX16
    Replaced tree at $auto$rtlil.cc:3381:MuxGate$39327: 2 MUX2, 0 MUX4, 0 MUX8, 0 MUX16
    Replaced tree at $auto$rtlil.cc:3381:MuxGate$39363: 2 MUX2, 0 MUX4, 0 MUX8, 0 MUX16
    Replaced tree at $auto$rtlil.cc:3381:MuxGate$39323: 2 MUX2, 0 MUX4, 0 MUX8, 0 MUX16
    Replaced tree at $auto$rtlil.cc:3381:MuxGate$39359: 2 MUX2, 0 MUX4, 0 MUX8, 0 MUX16
    Replaced tree at $auto$rtlil.cc:3381:MuxGate$39319: 2 MUX2, 0 MUX4, 0 MUX8, 0 MUX16
    Replaced tree at $auto$rtlil.cc:3381:MuxGate$33123: 3 MUX2, 0 MUX4, 0 MUX8, 0 MUX16
    Replaced tree at $auto$rtlil.cc:3381:MuxGate$32673: 2 MUX2, 0 MUX4, 0 MUX8, 0 MUX16
    Replaced tree at $auto$rtlil.cc:3381:MuxGate$33119: 3 MUX2, 0 MUX4, 0 MUX8, 0 MUX16
    Replaced tree at $auto$rtlil.cc:3381:MuxGate$33115: 3 MUX2, 0 MUX4, 0 MUX8, 0 MUX16
    Replaced tree at $auto$rtlil.cc:3381:MuxGate$33111: 3 MUX2, 0 MUX4, 0 MUX8, 0 MUX16
    Replaced tree at $auto$rtlil.cc:3381:MuxGate$32733: 2 MUX2, 0 MUX4, 0 MUX8, 0 MUX16
    Replaced tree at $auto$rtlil.cc:3381:MuxGate$35381: 2 MUX2, 0 MUX4, 0 MUX8, 0 MUX16
    Replaced tree at $auto$rtlil.cc:3381:MuxGate$32493: 4 MUX2, 0 MUX4, 0 MUX8, 0 MUX16
    Replaced tree at $auto$rtlil.cc:3381:MuxGate$32497: 4 MUX2, 0 MUX4, 0 MUX8, 0 MUX16
    Replaced tree at \u_soc.u_cpu.csr_inst.write_value [0]: 1 MUX2, 0 MUX4, 0 MUX8, 0 MUX16
    Replaced tree at \u_soc.u_cpu.csr_inst.write_value [1]: 1 MUX2, 0 MUX4, 0 MUX8, 0 MUX16
    Replaced tree at \u_soc.u_cpu.csr_inst.write_value [2]: 1 MUX2, 0 MUX4, 0 MUX8, 0 MUX16
    Replaced tree at \u_soc.u_cpu.csr_inst.write_value [3]: 1 MUX2, 0 MUX4, 0 MUX8, 0 MUX16
    Replaced tree at \u_soc.u_cpu.csr_inst.write_value [4]: 1 MUX2, 0 MUX4, 0 MUX8, 0 MUX16
    Replaced tree at \u_soc.u_cpu.csr_inst.write_value [5]: 1 MUX2, 0 MUX4, 0 MUX8, 0 MUX16
    Replaced tree at \u_soc.u_cpu.csr_inst.write_value [6]: 1 MUX2, 0 MUX4, 0 MUX8, 0 MUX16
    Replaced tree at \u_soc.u_cpu.csr_inst.write_value [7]: 1 MUX2, 0 MUX4, 0 MUX8, 0 MUX16
    Replaced tree at \u_soc.u_cpu.csr_inst.write_value [8]: 1 MUX2, 0 MUX4, 0 MUX8, 0 MUX16
    Replaced tree at \u_soc.u_cpu.csr_inst.write_value [9]: 1 MUX2, 0 MUX4, 0 MUX8, 0 MUX16
    Replaced tree at \u_soc.u_cpu.csr_inst.write_value [10]: 1 MUX2, 0 MUX4, 0 MUX8, 0 MUX16
    Replaced tree at \u_soc.u_cpu.csr_inst.write_value [11]: 1 MUX2, 0 MUX4, 0 MUX8, 0 MUX16
    Replaced tree at \u_soc.u_cpu.csr_inst.write_value [12]: 1 MUX2, 0 MUX4, 0 MUX8, 0 MUX16
    Replaced tree at \u_soc.u_cpu.csr_inst.write_value [13]: 1 MUX2, 0 MUX4, 0 MUX8, 0 MUX16
    Replaced tree at \u_soc.u_cpu.csr_inst.write_value [14]: 1 MUX2, 0 MUX4, 0 MUX8, 0 MUX16
    Replaced tree at \u_soc.u_cpu.csr_inst.write_value [15]: 1 MUX2, 0 MUX4, 0 MUX8, 0 MUX16
    Replaced tree at \u_soc.u_cpu.csr_inst.write_value [16]: 1 MUX2, 0 MUX4, 0 MUX8, 0 MUX16
    Replaced tree at \u_soc.u_cpu.csr_inst.write_value [17]: 1 MUX2, 0 MUX4, 0 MUX8, 0 MUX16
    Replaced tree at \u_soc.u_cpu.csr_inst.write_value [18]: 1 MUX2, 0 MUX4, 0 MUX8, 0 MUX16
    Replaced tree at \u_soc.u_cpu.csr_inst.write_value [19]: 1 MUX2, 0 MUX4, 0 MUX8, 0 MUX16
    Replaced tree at \u_soc.u_cpu.csr_inst.write_value [20]: 1 MUX2, 0 MUX4, 0 MUX8, 0 MUX16
    Replaced tree at \u_soc.u_cpu.csr_inst.write_value [21]: 1 MUX2, 0 MUX4, 0 MUX8, 0 MUX16
    Replaced tree at \u_soc.u_cpu.csr_inst.write_value [22]: 1 MUX2, 0 MUX4, 0 MUX8, 0 MUX16
    Replaced tree at \u_soc.u_cpu.csr_inst.write_value [23]: 1 MUX2, 0 MUX4, 0 MUX8, 0 MUX16
    Replaced tree at \u_soc.u_cpu.csr_inst.write_value [24]: 1 MUX2, 0 MUX4, 0 MUX8, 0 MUX16
    Replaced tree at \u_soc.u_cpu.csr_inst.write_value [25]: 1 MUX2, 0 MUX4, 0 MUX8, 0 MUX16
    Replaced tree at \u_soc.u_cpu.csr_inst.write_value [26]: 1 MUX2, 0 MUX4, 0 MUX8, 0 MUX16
    Replaced tree at \u_soc.u_cpu.csr_inst.write_value [27]: 1 MUX2, 0 MUX4, 0 MUX8, 0 MUX16
    Replaced tree at \u_soc.u_cpu.csr_inst.write_value [28]: 1 MUX2, 0 MUX4, 0 MUX8, 0 MUX16
    Replaced tree at \u_soc.u_cpu.csr_inst.write_value [29]: 1 MUX2, 0 MUX4, 0 MUX8, 0 MUX16
    Replaced tree at \u_soc.u_cpu.csr_inst.write_value [30]: 1 MUX2, 0 MUX4, 0 MUX8, 0 MUX16
    Replaced tree at \u_soc.u_cpu.csr_inst.write_value [31]: 1 MUX2, 0 MUX4, 0 MUX8, 0 MUX16
    Replaced tree at \u_soc.u_cpu.csr_inst.csr_current [0]: 1 MUX2, 0 MUX4, 0 MUX8, 0 MUX16
    Replaced tree at \u_soc.u_cpu.csr_inst.csr_current [1]: 1 MUX2, 0 MUX4, 0 MUX8, 0 MUX16
    Replaced tree at \u_soc.u_cpu.csr_inst.csr_current [2]: 1 MUX2, 0 MUX4, 0 MUX8, 0 MUX16
    Replaced tree at \u_soc.u_cpu.csr_inst.csr_current [3]: 1 MUX2, 0 MUX4, 0 MUX8, 0 MUX16
    Replaced tree at \u_soc.u_cpu.csr_inst.csr_current [4]: 1 MUX2, 0 MUX4, 0 MUX8, 0 MUX16
    Replaced tree at \u_soc.u_cpu.csr_inst.csr_current [5]: 1 MUX2, 0 MUX4, 0 MUX8, 0 MUX16
    Replaced tree at \u_soc.u_cpu.csr_inst.csr_current [6]: 1 MUX2, 0 MUX4, 0 MUX8, 0 MUX16
    Replaced tree at \u_soc.u_cpu.csr_inst.csr_current [7]: 1 MUX2, 0 MUX4, 0 MUX8, 0 MUX16
    Replaced tree at \u_soc.u_cpu.csr_inst.csr_current [8]: 1 MUX2, 0 MUX4, 0 MUX8, 0 MUX16
    Replaced tree at \u_soc.u_cpu.csr_inst.csr_current [9]: 1 MUX2, 0 MUX4, 0 MUX8, 0 MUX16
    Replaced tree at \u_soc.u_cpu.csr_inst.csr_current [10]: 1 MUX2, 0 MUX4, 0 MUX8, 0 MUX16
    Replaced tree at \u_soc.u_cpu.csr_inst.csr_current [11]: 1 MUX2, 0 MUX4, 0 MUX8, 0 MUX16
    Replaced tree at \u_soc.u_cpu.csr_inst.csr_current [12]: 1 MUX2, 0 MUX4, 0 MUX8, 0 MUX16
    Replaced tree at \u_soc.u_cpu.csr_inst.csr_current [13]: 1 MUX2, 0 MUX4, 0 MUX8, 0 MUX16
    Replaced tree at \u_soc.u_cpu.csr_inst.csr_current [14]: 1 MUX2, 0 MUX4, 0 MUX8, 0 MUX16
    Replaced tree at \u_soc.u_cpu.csr_inst.csr_current [15]: 1 MUX2, 0 MUX4, 0 MUX8, 0 MUX16
    Replaced tree at \u_soc.u_cpu.csr_inst.csr_current [16]: 1 MUX2, 0 MUX4, 0 MUX8, 0 MUX16
    Replaced tree at \u_soc.u_cpu.csr_inst.csr_current [17]: 1 MUX2, 0 MUX4, 0 MUX8, 0 MUX16
    Replaced tree at \u_soc.u_cpu.csr_inst.csr_current [18]: 1 MUX2, 0 MUX4, 0 MUX8, 0 MUX16
    Replaced tree at \u_soc.u_cpu.csr_inst.csr_current [19]: 1 MUX2, 0 MUX4, 0 MUX8, 0 MUX16
    Replaced tree at \u_soc.u_cpu.csr_inst.csr_current [20]: 1 MUX2, 0 MUX4, 0 MUX8, 0 MUX16
    Replaced tree at \u_soc.u_cpu.csr_inst.csr_current [21]: 1 MUX2, 0 MUX4, 0 MUX8, 0 MUX16
    Replaced tree at \u_soc.u_cpu.csr_inst.csr_current [22]: 1 MUX2, 0 MUX4, 0 MUX8, 0 MUX16
    Replaced tree at \u_soc.u_cpu.csr_inst.csr_current [23]: 1 MUX2, 0 MUX4, 0 MUX8, 0 MUX16
    Replaced tree at \u_soc.u_cpu.csr_inst.csr_current [24]: 1 MUX2, 0 MUX4, 0 MUX8, 0 MUX16
    Replaced tree at \u_soc.u_cpu.csr_inst.csr_current [25]: 1 MUX2, 0 MUX4, 0 MUX8, 0 MUX16
    Replaced tree at \u_soc.u_cpu.csr_inst.csr_current [26]: 1 MUX2, 0 MUX4, 0 MUX8, 0 MUX16
    Replaced tree at \u_soc.u_cpu.csr_inst.csr_current [27]: 1 MUX2, 0 MUX4, 0 MUX8, 0 MUX16
    Replaced tree at \u_soc.u_cpu.csr_inst.csr_current [28]: 1 MUX2, 0 MUX4, 0 MUX8, 0 MUX16
    Replaced tree at \u_soc.u_cpu.csr_inst.csr_current [29]: 1 MUX2, 0 MUX4, 0 MUX8, 0 MUX16
    Replaced tree at \u_soc.u_cpu.csr_inst.csr_current [30]: 1 MUX2, 0 MUX4, 0 MUX8, 0 MUX16
    Replaced tree at \u_soc.u_cpu.csr_inst.csr_current [31]: 1 MUX2, 0 MUX4, 0 MUX8, 0 MUX16
    Replaced tree at \u_soc.u_cpu.csr_inst.csr_wdata [0]: 1 MUX2, 0 MUX4, 0 MUX8, 0 MUX16
    Replaced tree at \u_soc.u_cpu.csr_inst.csr_wdata [1]: 1 MUX2, 0 MUX4, 0 MUX8, 0 MUX16
    Replaced tree at \u_soc.u_cpu.csr_inst.csr_wdata [2]: 1 MUX2, 0 MUX4, 0 MUX8, 0 MUX16
    Replaced tree at \u_soc.u_cpu.csr_inst.csr_wdata [3]: 1 MUX2, 0 MUX4, 0 MUX8, 0 MUX16
    Replaced tree at \u_soc.u_cpu.csr_inst.csr_wdata [4]: 1 MUX2, 0 MUX4, 0 MUX8, 0 MUX16
    Replaced tree at \u_soc.u_cpu.csr_inst.csr_wdata [5]: 1 MUX2, 0 MUX4, 0 MUX8, 0 MUX16
    Replaced tree at \u_soc.u_cpu.csr_inst.csr_wdata [6]: 1 MUX2, 0 MUX4, 0 MUX8, 0 MUX16
    Replaced tree at \u_soc.u_cpu.csr_inst.csr_wdata [7]: 1 MUX2, 0 MUX4, 0 MUX8, 0 MUX16
    Replaced tree at \u_soc.u_cpu.csr_inst.csr_wdata [8]: 1 MUX2, 0 MUX4, 0 MUX8, 0 MUX16
    Replaced tree at \u_soc.u_cpu.csr_inst.csr_wdata [9]: 1 MUX2, 0 MUX4, 0 MUX8, 0 MUX16
    Replaced tree at \u_soc.u_cpu.csr_inst.csr_wdata [10]: 1 MUX2, 0 MUX4, 0 MUX8, 0 MUX16
    Replaced tree at \u_soc.u_cpu.csr_inst.csr_wdata [11]: 1 MUX2, 0 MUX4, 0 MUX8, 0 MUX16
    Replaced tree at \u_soc.u_cpu.csr_inst.csr_wdata [12]: 1 MUX2, 0 MUX4, 0 MUX8, 0 MUX16
    Replaced tree at \u_soc.u_cpu.csr_inst.csr_wdata [13]: 1 MUX2, 0 MUX4, 0 MUX8, 0 MUX16
    Replaced tree at \u_soc.u_cpu.csr_inst.csr_wdata [14]: 1 MUX2, 0 MUX4, 0 MUX8, 0 MUX16
    Replaced tree at \u_soc.u_cpu.csr_inst.csr_wdata [15]: 1 MUX2, 0 MUX4, 0 MUX8, 0 MUX16
    Replaced tree at \u_soc.u_cpu.csr_inst.csr_wdata [16]: 1 MUX2, 0 MUX4, 0 MUX8, 0 MUX16
    Replaced tree at \u_soc.u_cpu.csr_inst.csr_wdata [17]: 1 MUX2, 0 MUX4, 0 MUX8, 0 MUX16
    Replaced tree at \u_soc.u_cpu.csr_inst.csr_wdata [18]: 1 MUX2, 0 MUX4, 0 MUX8, 0 MUX16
    Replaced tree at \u_soc.u_cpu.csr_inst.csr_wdata [19]: 1 MUX2, 0 MUX4, 0 MUX8, 0 MUX16
    Replaced tree at \u_soc.u_cpu.csr_inst.csr_wdata [20]: 1 MUX2, 0 MUX4, 0 MUX8, 0 MUX16
    Replaced tree at \u_soc.u_cpu.csr_inst.csr_wdata [21]: 1 MUX2, 0 MUX4, 0 MUX8, 0 MUX16
    Replaced tree at \u_soc.u_cpu.csr_inst.csr_wdata [22]: 1 MUX2, 0 MUX4, 0 MUX8, 0 MUX16
    Replaced tree at \u_soc.u_cpu.csr_inst.csr_wdata [23]: 1 MUX2, 0 MUX4, 0 MUX8, 0 MUX16
    Replaced tree at \u_soc.u_cpu.csr_inst.csr_wdata [24]: 1 MUX2, 0 MUX4, 0 MUX8, 0 MUX16
    Replaced tree at \u_soc.u_cpu.csr_inst.csr_wdata [25]: 1 MUX2, 0 MUX4, 0 MUX8, 0 MUX16
    Replaced tree at \u_soc.u_cpu.csr_inst.csr_wdata [26]: 1 MUX2, 0 MUX4, 0 MUX8, 0 MUX16
    Replaced tree at \u_soc.u_cpu.csr_inst.csr_wdata [27]: 1 MUX2, 0 MUX4, 0 MUX8, 0 MUX16
    Replaced tree at \u_soc.u_cpu.csr_inst.csr_wdata [28]: 1 MUX2, 0 MUX4, 0 MUX8, 0 MUX16
    Replaced tree at \u_soc.u_cpu.csr_inst.csr_wdata [29]: 1 MUX2, 0 MUX4, 0 MUX8, 0 MUX16
    Replaced tree at \u_soc.u_cpu.csr_inst.csr_wdata [30]: 1 MUX2, 0 MUX4, 0 MUX8, 0 MUX16
    Replaced tree at \u_soc.u_cpu.csr_inst.csr_wdata [31]: 1 MUX2, 0 MUX4, 0 MUX8, 0 MUX16
    Replaced tree at $auto$rtlil.cc:3381:MuxGate$33107: 3 MUX2, 0 MUX4, 0 MUX8, 0 MUX16
    Replaced tree at $auto$rtlil.cc:3381:MuxGate$33103: 3 MUX2, 0 MUX4, 0 MUX8, 0 MUX16
    Replaced tree at $auto$rtlil.cc:3381:MuxGate$33099: 3 MUX2, 0 MUX4, 0 MUX8, 0 MUX16
    Replaced tree at $auto$rtlil.cc:3381:MuxGate$33095: 3 MUX2, 0 MUX4, 0 MUX8, 0 MUX16
    Replaced tree at $auto$rtlil.cc:3381:MuxGate$33091: 3 MUX2, 0 MUX4, 0 MUX8, 0 MUX16
    Replaced tree at $auto$rtlil.cc:3381:MuxGate$33087: 3 MUX2, 0 MUX4, 0 MUX8, 0 MUX16
    Replaced tree at \u_soc.u_cpu.alu_inst.b [0]: 1 MUX2, 0 MUX4, 0 MUX8, 0 MUX16
    Replaced tree at \u_soc.u_cpu.alu_inst.b [1]: 1 MUX2, 0 MUX4, 0 MUX8, 0 MUX16
    Replaced tree at \u_soc.u_cpu.alu_inst.b [2]: 1 MUX2, 0 MUX4, 0 MUX8, 0 MUX16
    Replaced tree at \u_soc.u_cpu.alu_inst.b [3]: 1 MUX2, 0 MUX4, 0 MUX8, 0 MUX16
    Replaced tree at \u_soc.u_cpu.alu_inst.b [4]: 1 MUX2, 0 MUX4, 0 MUX8, 0 MUX16
    Replaced tree at \u_soc.u_cpu.alu_inst.b [5]: 1 MUX2, 0 MUX4, 0 MUX8, 0 MUX16
    Replaced tree at \u_soc.u_cpu.alu_inst.b [6]: 1 MUX2, 0 MUX4, 0 MUX8, 0 MUX16
    Replaced tree at \u_soc.u_cpu.alu_inst.b [7]: 1 MUX2, 0 MUX4, 0 MUX8, 0 MUX16
    Replaced tree at \u_soc.u_cpu.alu_inst.b [8]: 1 MUX2, 0 MUX4, 0 MUX8, 0 MUX16
    Replaced tree at \u_soc.u_cpu.alu_inst.b [9]: 1 MUX2, 0 MUX4, 0 MUX8, 0 MUX16
    Replaced tree at \u_soc.u_cpu.alu_inst.b [10]: 1 MUX2, 0 MUX4, 0 MUX8, 0 MUX16
    Replaced tree at \u_soc.u_cpu.alu_inst.b [11]: 1 MUX2, 0 MUX4, 0 MUX8, 0 MUX16
    Replaced tree at \u_soc.u_cpu.alu_inst.b [12]: 1 MUX2, 0 MUX4, 0 MUX8, 0 MUX16
    Replaced tree at \u_soc.u_cpu.alu_inst.b [13]: 1 MUX2, 0 MUX4, 0 MUX8, 0 MUX16
    Replaced tree at \u_soc.u_cpu.alu_inst.b [14]: 1 MUX2, 0 MUX4, 0 MUX8, 0 MUX16
    Replaced tree at \u_soc.u_cpu.alu_inst.b [15]: 1 MUX2, 0 MUX4, 0 MUX8, 0 MUX16
    Replaced tree at \u_soc.u_cpu.alu_inst.b [16]: 1 MUX2, 0 MUX4, 0 MUX8, 0 MUX16
    Replaced tree at \u_soc.u_cpu.alu_inst.b [17]: 1 MUX2, 0 MUX4, 0 MUX8, 0 MUX16
    Replaced tree at \u_soc.u_cpu.alu_inst.b [18]: 1 MUX2, 0 MUX4, 0 MUX8, 0 MUX16
    Replaced tree at \u_soc.u_cpu.alu_inst.b [19]: 1 MUX2, 0 MUX4, 0 MUX8, 0 MUX16
    Replaced tree at \u_soc.u_cpu.alu_inst.b [20]: 1 MUX2, 0 MUX4, 0 MUX8, 0 MUX16
    Replaced tree at \u_soc.u_cpu.alu_inst.b [21]: 1 MUX2, 0 MUX4, 0 MUX8, 0 MUX16
    Replaced tree at \u_soc.u_cpu.alu_inst.b [22]: 1 MUX2, 0 MUX4, 0 MUX8, 0 MUX16
    Replaced tree at \u_soc.u_cpu.alu_inst.b [23]: 1 MUX2, 0 MUX4, 0 MUX8, 0 MUX16
    Replaced tree at \u_soc.u_cpu.alu_inst.b [24]: 1 MUX2, 0 MUX4, 0 MUX8, 0 MUX16
    Replaced tree at \u_soc.u_cpu.alu_inst.b [25]: 1 MUX2, 0 MUX4, 0 MUX8, 0 MUX16
    Replaced tree at \u_soc.u_cpu.alu_inst.b [26]: 1 MUX2, 0 MUX4, 0 MUX8, 0 MUX16
    Replaced tree at \u_soc.u_cpu.alu_inst.b [27]: 1 MUX2, 0 MUX4, 0 MUX8, 0 MUX16
    Replaced tree at \u_soc.u_cpu.alu_inst.b [28]: 1 MUX2, 0 MUX4, 0 MUX8, 0 MUX16
    Replaced tree at \u_soc.u_cpu.alu_inst.b [29]: 1 MUX2, 0 MUX4, 0 MUX8, 0 MUX16
    Replaced tree at \u_soc.u_cpu.alu_inst.b [30]: 1 MUX2, 0 MUX4, 0 MUX8, 0 MUX16
    Replaced tree at \u_soc.u_cpu.alu_inst.b [31]: 1 MUX2, 0 MUX4, 0 MUX8, 0 MUX16
    Replaced tree at \u_soc.u_cpu.alu_inst.a [0]: 1 MUX2, 0 MUX4, 0 MUX8, 0 MUX16
    Replaced tree at \u_soc.u_cpu.alu_inst.a [1]: 1 MUX2, 0 MUX4, 0 MUX8, 0 MUX16
    Replaced tree at \u_soc.u_cpu.alu_inst.a [2]: 1 MUX2, 0 MUX4, 0 MUX8, 0 MUX16
    Replaced tree at \u_soc.u_cpu.alu_inst.a [3]: 1 MUX2, 0 MUX4, 0 MUX8, 0 MUX16
    Replaced tree at \u_soc.u_cpu.alu_inst.a [4]: 1 MUX2, 0 MUX4, 0 MUX8, 0 MUX16
    Replaced tree at \u_soc.u_cpu.alu_inst.a [5]: 1 MUX2, 0 MUX4, 0 MUX8, 0 MUX16
    Replaced tree at \u_soc.u_cpu.alu_inst.a [6]: 1 MUX2, 0 MUX4, 0 MUX8, 0 MUX16
    Replaced tree at \u_soc.u_cpu.alu_inst.a [7]: 1 MUX2, 0 MUX4, 0 MUX8, 0 MUX16
    Replaced tree at \u_soc.u_cpu.alu_inst.a [8]: 1 MUX2, 0 MUX4, 0 MUX8, 0 MUX16
    Replaced tree at \u_soc.u_cpu.alu_inst.a [9]: 1 MUX2, 0 MUX4, 0 MUX8, 0 MUX16
    Replaced tree at \u_soc.u_cpu.alu_inst.a [10]: 1 MUX2, 0 MUX4, 0 MUX8, 0 MUX16
    Replaced tree at \u_soc.u_cpu.alu_inst.a [11]: 1 MUX2, 0 MUX4, 0 MUX8, 0 MUX16
    Replaced tree at \u_soc.u_cpu.alu_inst.a [12]: 1 MUX2, 0 MUX4, 0 MUX8, 0 MUX16
    Replaced tree at \u_soc.u_cpu.alu_inst.a [13]: 1 MUX2, 0 MUX4, 0 MUX8, 0 MUX16
    Replaced tree at \u_soc.u_cpu.alu_inst.a [14]: 1 MUX2, 0 MUX4, 0 MUX8, 0 MUX16
    Replaced tree at \u_soc.u_cpu.alu_inst.a [15]: 1 MUX2, 0 MUX4, 0 MUX8, 0 MUX16
    Replaced tree at \u_soc.u_cpu.alu_inst.a [16]: 1 MUX2, 0 MUX4, 0 MUX8, 0 MUX16
    Replaced tree at \u_soc.u_cpu.alu_inst.a [17]: 1 MUX2, 0 MUX4, 0 MUX8, 0 MUX16
    Replaced tree at \u_soc.u_cpu.alu_inst.a [18]: 1 MUX2, 0 MUX4, 0 MUX8, 0 MUX16
    Replaced tree at \u_soc.u_cpu.alu_inst.a [19]: 1 MUX2, 0 MUX4, 0 MUX8, 0 MUX16
    Replaced tree at \u_soc.u_cpu.alu_inst.a [20]: 1 MUX2, 0 MUX4, 0 MUX8, 0 MUX16
    Replaced tree at \u_soc.u_cpu.alu_inst.a [21]: 1 MUX2, 0 MUX4, 0 MUX8, 0 MUX16
    Replaced tree at \u_soc.u_cpu.alu_inst.a [22]: 1 MUX2, 0 MUX4, 0 MUX8, 0 MUX16
    Replaced tree at \u_soc.u_cpu.alu_inst.a [23]: 1 MUX2, 0 MUX4, 0 MUX8, 0 MUX16
    Replaced tree at \u_soc.u_cpu.alu_inst.a [24]: 1 MUX2, 0 MUX4, 0 MUX8, 0 MUX16
    Replaced tree at \u_soc.u_cpu.alu_inst.a [25]: 1 MUX2, 0 MUX4, 0 MUX8, 0 MUX16
    Replaced tree at \u_soc.u_cpu.alu_inst.a [26]: 1 MUX2, 0 MUX4, 0 MUX8, 0 MUX16
    Replaced tree at \u_soc.u_cpu.alu_inst.a [27]: 1 MUX2, 0 MUX4, 0 MUX8, 0 MUX16
    Replaced tree at \u_soc.u_cpu.alu_inst.a [28]: 1 MUX2, 0 MUX4, 0 MUX8, 0 MUX16
    Replaced tree at \u_soc.u_cpu.alu_inst.a [29]: 1 MUX2, 0 MUX4, 0 MUX8, 0 MUX16
    Replaced tree at \u_soc.u_cpu.alu_inst.a [30]: 1 MUX2, 0 MUX4, 0 MUX8, 0 MUX16
    Replaced tree at \u_soc.u_cpu.alu_inst.a [31]: 1 MUX2, 0 MUX4, 0 MUX8, 0 MUX16
    Replaced tree at $auto$rtlil.cc:3381:MuxGate$32291: 2 MUX2, 0 MUX4, 0 MUX8, 0 MUX16
    Replaced tree at $auto$rtlil.cc:3381:MuxGate$33263: 2 MUX2, 0 MUX4, 0 MUX8, 0 MUX16
    Replaced tree at \u_soc.u_dmem.rd_word_reg [0]: 2 MUX2, 0 MUX4, 0 MUX8, 0 MUX16
    Replaced tree at \u_soc.u_dmem.rd_word_reg [1]: 2 MUX2, 0 MUX4, 0 MUX8, 0 MUX16
    Replaced tree at \u_soc.u_dmem.rd_word_reg [2]: 2 MUX2, 0 MUX4, 0 MUX8, 0 MUX16
    Replaced tree at \u_soc.u_dmem.rd_word_reg [3]: 2 MUX2, 0 MUX4, 0 MUX8, 0 MUX16
    Replaced tree at \u_soc.u_dmem.rd_word_reg [4]: 2 MUX2, 0 MUX4, 0 MUX8, 0 MUX16
    Replaced tree at \u_soc.u_dmem.rd_word_reg [5]: 2 MUX2, 0 MUX4, 0 MUX8, 0 MUX16
    Replaced tree at \u_soc.u_dmem.rd_word_reg [6]: 2 MUX2, 0 MUX4, 0 MUX8, 0 MUX16
    Replaced tree at \u_soc.u_dmem.rd_word_reg [7]: 2 MUX2, 0 MUX4, 0 MUX8, 0 MUX16
    Replaced tree at \u_soc.u_dmem.rd_word_reg [8]: 2 MUX2, 0 MUX4, 0 MUX8, 0 MUX16
    Replaced tree at \u_soc.u_dmem.rd_word_reg [9]: 2 MUX2, 0 MUX4, 0 MUX8, 0 MUX16
    Replaced tree at \u_soc.u_dmem.rd_word_reg [10]: 2 MUX2, 0 MUX4, 0 MUX8, 0 MUX16
    Replaced tree at \u_soc.u_dmem.rd_word_reg [11]: 2 MUX2, 0 MUX4, 0 MUX8, 0 MUX16
    Replaced tree at \u_soc.u_dmem.rd_word_reg [12]: 2 MUX2, 0 MUX4, 0 MUX8, 0 MUX16
    Replaced tree at \u_soc.u_dmem.rd_word_reg [13]: 2 MUX2, 0 MUX4, 0 MUX8, 0 MUX16
    Replaced tree at \u_soc.u_dmem.rd_word_reg [14]: 2 MUX2, 0 MUX4, 0 MUX8, 0 MUX16
    Replaced tree at \u_soc.u_dmem.rd_word_reg [15]: 2 MUX2, 0 MUX4, 0 MUX8, 0 MUX16
    Replaced tree at \u_soc.u_dmem.rd_word_reg [16]: 2 MUX2, 0 MUX4, 0 MUX8, 0 MUX16
    Replaced tree at \u_soc.u_dmem.rd_word_reg [17]: 2 MUX2, 0 MUX4, 0 MUX8, 0 MUX16
    Replaced tree at \u_soc.u_dmem.rd_word_reg [18]: 2 MUX2, 0 MUX4, 0 MUX8, 0 MUX16
    Replaced tree at \u_soc.u_dmem.rd_word_reg [19]: 2 MUX2, 0 MUX4, 0 MUX8, 0 MUX16
    Replaced tree at \u_soc.u_dmem.rd_word_reg [20]: 2 MUX2, 0 MUX4, 0 MUX8, 0 MUX16
    Replaced tree at \u_soc.u_dmem.rd_word_reg [21]: 2 MUX2, 0 MUX4, 0 MUX8, 0 MUX16
    Replaced tree at \u_soc.u_dmem.rd_word_reg [22]: 2 MUX2, 0 MUX4, 0 MUX8, 0 MUX16
    Replaced tree at \u_soc.u_dmem.rd_word_reg [23]: 2 MUX2, 0 MUX4, 0 MUX8, 0 MUX16
    Replaced tree at \u_soc.u_dmem.rd_word_reg [24]: 2 MUX2, 0 MUX4, 0 MUX8, 0 MUX16
    Replaced tree at \u_soc.u_dmem.rd_word_reg [25]: 2 MUX2, 0 MUX4, 0 MUX8, 0 MUX16
    Replaced tree at \u_soc.u_dmem.rd_word_reg [26]: 2 MUX2, 0 MUX4, 0 MUX8, 0 MUX16
    Replaced tree at \u_soc.u_dmem.rd_word_reg [27]: 2 MUX2, 0 MUX4, 0 MUX8, 0 MUX16
    Replaced tree at \u_soc.u_dmem.rd_word_reg [28]: 2 MUX2, 0 MUX4, 0 MUX8, 0 MUX16
    Replaced tree at \u_soc.u_dmem.rd_word_reg [29]: 2 MUX2, 0 MUX4, 0 MUX8, 0 MUX16
    Replaced tree at \u_soc.u_dmem.rd_word_reg [30]: 2 MUX2, 0 MUX4, 0 MUX8, 0 MUX16
    Replaced tree at \u_soc.u_dmem.rd_word_reg [31]: 2 MUX2, 0 MUX4, 0 MUX8, 0 MUX16
    Replaced tree at \u_soc.u_dmem.rd_word_reg [32]: 2 MUX2, 0 MUX4, 0 MUX8, 0 MUX16
    Replaced tree at \u_soc.u_dmem.rd_word_reg [33]: 2 MUX2, 0 MUX4, 0 MUX8, 0 MUX16
    Replaced tree at \u_soc.u_dmem.rd_word_reg [34]: 2 MUX2, 0 MUX4, 0 MUX8, 0 MUX16
    Replaced tree at \u_soc.u_dmem.rd_word_reg [35]: 2 MUX2, 0 MUX4, 0 MUX8, 0 MUX16
    Replaced tree at \u_soc.u_dmem.rd_word_reg [36]: 2 MUX2, 0 MUX4, 0 MUX8, 0 MUX16
    Replaced tree at \u_soc.u_dmem.rd_word_reg [37]: 2 MUX2, 0 MUX4, 0 MUX8, 0 MUX16
    Replaced tree at \u_soc.u_dmem.rd_word_reg [38]: 2 MUX2, 0 MUX4, 0 MUX8, 0 MUX16
    Replaced tree at \u_soc.u_dmem.wr_addr_mux [2]: 1 MUX2, 0 MUX4, 0 MUX8, 0 MUX16
    Replaced tree at \u_soc.u_dmem.wr_addr_mux [3]: 1 MUX2, 0 MUX4, 0 MUX8, 0 MUX16
    Replaced tree at \u_soc.u_dmem.wr_addr_mux [4]: 1 MUX2, 0 MUX4, 0 MUX8, 0 MUX16
    Replaced tree at \u_soc.u_dmem.wr_addr_mux [5]: 1 MUX2, 0 MUX4, 0 MUX8, 0 MUX16
    Replaced tree at \u_soc.u_dmem.wr_addr_mux [6]: 1 MUX2, 0 MUX4, 0 MUX8, 0 MUX16
    Replaced tree at \u_soc.u_dmem.wr_addr_mux [7]: 1 MUX2, 0 MUX4, 0 MUX8, 0 MUX16
    Replaced tree at \u_soc.u_dmem.wr_addr_mux [8]: 1 MUX2, 0 MUX4, 0 MUX8, 0 MUX16
    Replaced tree at \u_soc.u_dmem.wr_addr_mux [9]: 1 MUX2, 0 MUX4, 0 MUX8, 0 MUX16
    Replaced tree at \u_soc.u_dmem.wr_addr_mux [10]: 1 MUX2, 0 MUX4, 0 MUX8, 0 MUX16
    Replaced tree at \u_soc.u_dmem.wr_addr_mux [11]: 1 MUX2, 0 MUX4, 0 MUX8, 0 MUX16
    Replaced tree at \u_soc.u_dmem.wr_data_mux [0]: 1 MUX2, 0 MUX4, 0 MUX8, 0 MUX16
    Replaced tree at \u_soc.u_dmem.wr_data_mux [1]: 1 MUX2, 0 MUX4, 0 MUX8, 0 MUX16
    Replaced tree at \u_soc.u_dmem.wr_data_mux [2]: 1 MUX2, 0 MUX4, 0 MUX8, 0 MUX16
    Replaced tree at \u_soc.u_dmem.wr_data_mux [3]: 1 MUX2, 0 MUX4, 0 MUX8, 0 MUX16
    Replaced tree at \u_soc.u_dmem.wr_data_mux [4]: 1 MUX2, 0 MUX4, 0 MUX8, 0 MUX16
    Replaced tree at \u_soc.u_dmem.wr_data_mux [5]: 1 MUX2, 0 MUX4, 0 MUX8, 0 MUX16
    Replaced tree at \u_soc.u_dmem.wr_data_mux [6]: 1 MUX2, 0 MUX4, 0 MUX8, 0 MUX16
    Replaced tree at \u_soc.u_dmem.wr_data_mux [7]: 1 MUX2, 0 MUX4, 0 MUX8, 0 MUX16
    Replaced tree at \u_soc.u_dmem.wr_data_mux [8]: 1 MUX2, 0 MUX4, 0 MUX8, 0 MUX16
    Replaced tree at \u_soc.u_dmem.wr_data_mux [9]: 1 MUX2, 0 MUX4, 0 MUX8, 0 MUX16
    Replaced tree at \u_soc.u_dmem.wr_data_mux [10]: 1 MUX2, 0 MUX4, 0 MUX8, 0 MUX16
    Replaced tree at \u_soc.u_dmem.wr_data_mux [11]: 1 MUX2, 0 MUX4, 0 MUX8, 0 MUX16
    Replaced tree at \u_soc.u_dmem.wr_data_mux [12]: 1 MUX2, 0 MUX4, 0 MUX8, 0 MUX16
    Replaced tree at \u_soc.u_dmem.wr_data_mux [13]: 1 MUX2, 0 MUX4, 0 MUX8, 0 MUX16
    Replaced tree at \u_soc.u_dmem.wr_data_mux [14]: 1 MUX2, 0 MUX4, 0 MUX8, 0 MUX16
    Replaced tree at \u_soc.u_dmem.wr_data_mux [15]: 1 MUX2, 0 MUX4, 0 MUX8, 0 MUX16
    Replaced tree at \u_soc.u_dmem.wr_data_mux [16]: 1 MUX2, 0 MUX4, 0 MUX8, 0 MUX16
    Replaced tree at \u_soc.u_dmem.wr_data_mux [17]: 1 MUX2, 0 MUX4, 0 MUX8, 0 MUX16
    Replaced tree at \u_soc.u_dmem.wr_data_mux [18]: 1 MUX2, 0 MUX4, 0 MUX8, 0 MUX16
    Replaced tree at \u_soc.u_dmem.wr_data_mux [19]: 1 MUX2, 0 MUX4, 0 MUX8, 0 MUX16
    Replaced tree at \u_soc.u_dmem.wr_data_mux [20]: 1 MUX2, 0 MUX4, 0 MUX8, 0 MUX16
    Replaced tree at \u_soc.u_dmem.wr_data_mux [21]: 1 MUX2, 0 MUX4, 0 MUX8, 0 MUX16
    Replaced tree at \u_soc.u_dmem.wr_data_mux [22]: 1 MUX2, 0 MUX4, 0 MUX8, 0 MUX16
    Replaced tree at \u_soc.u_dmem.wr_data_mux [23]: 1 MUX2, 0 MUX4, 0 MUX8, 0 MUX16
    Replaced tree at \u_soc.u_dmem.wr_data_mux [24]: 1 MUX2, 0 MUX4, 0 MUX8, 0 MUX16
    Replaced tree at \u_soc.u_dmem.wr_data_mux [25]: 1 MUX2, 0 MUX4, 0 MUX8, 0 MUX16
    Replaced tree at \u_soc.u_dmem.wr_data_mux [26]: 1 MUX2, 0 MUX4, 0 MUX8, 0 MUX16
    Replaced tree at \u_soc.u_dmem.wr_data_mux [27]: 1 MUX2, 0 MUX4, 0 MUX8, 0 MUX16
    Replaced tree at \u_soc.u_dmem.wr_data_mux [28]: 1 MUX2, 0 MUX4, 0 MUX8, 0 MUX16
    Replaced tree at \u_soc.u_dmem.wr_data_mux [29]: 1 MUX2, 0 MUX4, 0 MUX8, 0 MUX16
    Replaced tree at \u_soc.u_dmem.wr_data_mux [30]: 1 MUX2, 0 MUX4, 0 MUX8, 0 MUX16
    Replaced tree at \u_soc.u_dmem.wr_data_mux [31]: 1 MUX2, 0 MUX4, 0 MUX8, 0 MUX16
    Replaced tree at $auto$rtlil.cc:3381:MuxGate$34491: 3 MUX2, 0 MUX4, 0 MUX8, 0 MUX16
    Replaced tree at $auto$rtlil.cc:3381:MuxGate$32665: 2 MUX2, 0 MUX4, 0 MUX8, 0 MUX16
    Replaced tree at $auto$rtlil.cc:3381:MuxGate$30307: 2 MUX2, 0 MUX4, 0 MUX8, 0 MUX16
    Replaced tree at $auto$rtlil.cc:3381:MuxGate$34479: 3 MUX2, 0 MUX4, 0 MUX8, 0 MUX16
    Replaced tree at $auto$rtlil.cc:3381:MuxGate$36541: 2 MUX2, 0 MUX4, 0 MUX8, 0 MUX16
    Replaced tree at $auto$rtlil.cc:3381:MuxGate$33211: 3 MUX2, 0 MUX4, 0 MUX8, 0 MUX16
    Replaced tree at $auto$rtlil.cc:3381:MuxGate$33215: 3 MUX2, 0 MUX4, 0 MUX8, 0 MUX16
    Replaced tree at $auto$rtlil.cc:3381:MuxGate$33219: 3 MUX2, 0 MUX4, 0 MUX8, 0 MUX16
    Replaced tree at \u_soc.u_imem.rd_word_reg [0]: 3 MUX2, 0 MUX4, 0 MUX8, 0 MUX16
    Replaced tree at \u_soc.u_imem.rd_word_reg [1]: 3 MUX2, 0 MUX4, 0 MUX8, 0 MUX16
    Replaced tree at \u_soc.u_imem.rd_word_reg [2]: 3 MUX2, 0 MUX4, 0 MUX8, 0 MUX16
    Replaced tree at \u_soc.u_imem.rd_word_reg [3]: 3 MUX2, 0 MUX4, 0 MUX8, 0 MUX16
    Replaced tree at \u_soc.u_imem.rd_word_reg [4]: 3 MUX2, 0 MUX4, 0 MUX8, 0 MUX16
    Replaced tree at \u_soc.u_imem.rd_word_reg [5]: 3 MUX2, 0 MUX4, 0 MUX8, 0 MUX16
    Replaced tree at \u_soc.u_imem.rd_word_reg [6]: 3 MUX2, 0 MUX4, 0 MUX8, 0 MUX16
    Replaced tree at \u_soc.u_imem.rd_word_reg [7]: 3 MUX2, 0 MUX4, 0 MUX8, 0 MUX16
    Replaced tree at \u_soc.u_imem.rd_word_reg [8]: 3 MUX2, 0 MUX4, 0 MUX8, 0 MUX16
    Replaced tree at \u_soc.u_imem.rd_word_reg [9]: 3 MUX2, 0 MUX4, 0 MUX8, 0 MUX16
    Replaced tree at \u_soc.u_imem.rd_word_reg [10]: 3 MUX2, 0 MUX4, 0 MUX8, 0 MUX16
    Replaced tree at \u_soc.u_imem.rd_word_reg [11]: 3 MUX2, 0 MUX4, 0 MUX8, 0 MUX16
    Replaced tree at \u_soc.u_imem.rd_word_reg [12]: 3 MUX2, 0 MUX4, 0 MUX8, 0 MUX16
    Replaced tree at \u_soc.u_imem.rd_word_reg [13]: 3 MUX2, 0 MUX4, 0 MUX8, 0 MUX16
    Replaced tree at \u_soc.u_imem.rd_word_reg [14]: 3 MUX2, 0 MUX4, 0 MUX8, 0 MUX16
    Replaced tree at \u_soc.u_imem.rd_word_reg [15]: 3 MUX2, 0 MUX4, 0 MUX8, 0 MUX16
    Replaced tree at \u_soc.u_imem.rd_word_reg [16]: 3 MUX2, 0 MUX4, 0 MUX8, 0 MUX16
    Replaced tree at \u_soc.u_imem.rd_word_reg [17]: 3 MUX2, 0 MUX4, 0 MUX8, 0 MUX16
    Replaced tree at \u_soc.u_imem.rd_word_reg [18]: 3 MUX2, 0 MUX4, 0 MUX8, 0 MUX16
    Replaced tree at \u_soc.u_imem.rd_word_reg [19]: 3 MUX2, 0 MUX4, 0 MUX8, 0 MUX16
    Replaced tree at \u_soc.u_imem.rd_word_reg [20]: 3 MUX2, 0 MUX4, 0 MUX8, 0 MUX16
    Replaced tree at \u_soc.u_imem.rd_word_reg [21]: 3 MUX2, 0 MUX4, 0 MUX8, 0 MUX16
    Replaced tree at \u_soc.u_imem.rd_word_reg [22]: 3 MUX2, 0 MUX4, 0 MUX8, 0 MUX16
    Replaced tree at \u_soc.u_imem.rd_word_reg [23]: 3 MUX2, 0 MUX4, 0 MUX8, 0 MUX16
    Replaced tree at \u_soc.u_imem.rd_word_reg [24]: 3 MUX2, 0 MUX4, 0 MUX8, 0 MUX16
    Replaced tree at \u_soc.u_imem.rd_word_reg [25]: 3 MUX2, 0 MUX4, 0 MUX8, 0 MUX16
    Replaced tree at \u_soc.u_imem.rd_word_reg [26]: 3 MUX2, 0 MUX4, 0 MUX8, 0 MUX16
    Replaced tree at \u_soc.u_imem.rd_word_reg [27]: 3 MUX2, 0 MUX4, 0 MUX8, 0 MUX16
    Replaced tree at \u_soc.u_imem.rd_word_reg [28]: 3 MUX2, 0 MUX4, 0 MUX8, 0 MUX16
    Replaced tree at \u_soc.u_imem.rd_word_reg [29]: 3 MUX2, 0 MUX4, 0 MUX8, 0 MUX16
    Replaced tree at \u_soc.u_imem.rd_word_reg [30]: 3 MUX2, 0 MUX4, 0 MUX8, 0 MUX16
    Replaced tree at \u_soc.u_imem.rd_word_reg [31]: 3 MUX2, 0 MUX4, 0 MUX8, 0 MUX16
    Replaced tree at \u_soc.u_imem.rd_word_reg [32]: 3 MUX2, 0 MUX4, 0 MUX8, 0 MUX16
    Replaced tree at \u_soc.u_imem.rd_word_reg [33]: 3 MUX2, 0 MUX4, 0 MUX8, 0 MUX16
    Replaced tree at \u_soc.u_imem.rd_word_reg [34]: 3 MUX2, 0 MUX4, 0 MUX8, 0 MUX16
    Replaced tree at \u_soc.u_imem.rd_word_reg [35]: 3 MUX2, 0 MUX4, 0 MUX8, 0 MUX16
    Replaced tree at \u_soc.u_imem.rd_word_reg [36]: 3 MUX2, 0 MUX4, 0 MUX8, 0 MUX16
    Replaced tree at \u_soc.u_imem.rd_word_reg [37]: 3 MUX2, 0 MUX4, 0 MUX8, 0 MUX16
    Replaced tree at \u_soc.u_imem.rd_word_reg [38]: 3 MUX2, 0 MUX4, 0 MUX8, 0 MUX16
    Replaced tree at $auto$rtlil.cc:3381:MuxGate$36521: 2 MUX2, 0 MUX4, 0 MUX8, 0 MUX16
    Replaced tree at $auto$rtlil.cc:3381:MuxGate$37009: 2 MUX2, 0 MUX4, 0 MUX8, 0 MUX16
    Replaced tree at $auto$rtlil.cc:3381:MuxGate$34591: 3 MUX2, 0 MUX4, 0 MUX8, 0 MUX16
    Replaced tree at $auto$rtlil.cc:3381:MuxGate$37013: 2 MUX2, 0 MUX4, 0 MUX8, 0 MUX16
    Replaced tree at $auto$rtlil.cc:3381:MuxGate$33223: 3 MUX2, 0 MUX4, 0 MUX8, 0 MUX16
    Replaced tree at $auto$rtlil.cc:3381:MuxGate$33227: 3 MUX2, 0 MUX4, 0 MUX8, 0 MUX16
    Replaced tree at $auto$rtlil.cc:3381:MuxGate$33231: 3 MUX2, 0 MUX4, 0 MUX8, 0 MUX16
    Replaced tree at $auto$rtlil.cc:3381:MuxGate$33235: 3 MUX2, 0 MUX4, 0 MUX8, 0 MUX16
    Replaced tree at $auto$rtlil.cc:3381:MuxGate$30303: 2 MUX2, 0 MUX4, 0 MUX8, 0 MUX16
    Replaced tree at $auto$rtlil.cc:3381:MuxGate$32841: 2 MUX2, 0 MUX4, 0 MUX8, 0 MUX16
    Replaced tree at $auto$rtlil.cc:3381:MuxGate$33267: 2 MUX2, 0 MUX4, 0 MUX8, 0 MUX16
    Replaced tree at $auto$rtlil.cc:3381:MuxGate$30063: 2 MUX2, 0 MUX4, 0 MUX8, 0 MUX16
    Replaced tree at $auto$rtlil.cc:3381:MuxGate$35377: 2 MUX2, 0 MUX4, 0 MUX8, 0 MUX16
    Replaced tree at $auto$rtlil.cc:3381:MuxGate$32359: 2 MUX2, 0 MUX4, 0 MUX8, 0 MUX16
    Replaced tree at $auto$rtlil.cc:3381:MuxGate$33271: 2 MUX2, 0 MUX4, 0 MUX8, 0 MUX16
    Replaced tree at $auto$rtlil.cc:3381:MuxGate$39567: 2 MUX2, 0 MUX4, 0 MUX8, 0 MUX16
    Replaced tree at $auto$rtlil.cc:3381:MuxGate$33239: 2 MUX2, 0 MUX4, 0 MUX8, 0 MUX16
    Replaced tree at $auto$rtlil.cc:3381:MuxGate$33243: 2 MUX2, 0 MUX4, 0 MUX8, 0 MUX16
    Replaced tree at $auto$rtlil.cc:3381:MuxGate$32573: 4 MUX2, 0 MUX4, 0 MUX8, 0 MUX16
    Replaced tree at $auto$rtlil.cc:3381:MuxGate$30047: 2 MUX2, 0 MUX4, 0 MUX8, 0 MUX16
    Replaced tree at $auto$rtlil.cc:3381:MuxGate$33247: 2 MUX2, 0 MUX4, 0 MUX8, 0 MUX16
    Replaced tree at $auto$rtlil.cc:3381:MuxGate$32239: 2 MUX2, 0 MUX4, 0 MUX8, 0 MUX16
    Replaced tree at $auto$rtlil.cc:3381:MuxGate$32235: 2 MUX2, 0 MUX4, 0 MUX8, 0 MUX16
    Replaced tree at \u_soc.u_cpu.:6518.B [0]: 1 MUX2, 0 MUX4, 0 MUX8, 0 MUX16
    Replaced tree at \u_soc.u_cpu.:6518.B [1]: 1 MUX2, 0 MUX4, 0 MUX8, 0 MUX16
    Replaced tree at \u_soc.u_cpu.:6518.B [2]: 1 MUX2, 0 MUX4, 0 MUX8, 0 MUX16
    Replaced tree at \u_soc.u_cpu.:6518.B [3]: 1 MUX2, 0 MUX4, 0 MUX8, 0 MUX16
    Replaced tree at \u_soc.u_cpu.:6518.B [4]: 1 MUX2, 0 MUX4, 0 MUX8, 0 MUX16
    Replaced tree at \u_soc.u_cpu.:6518.B [5]: 1 MUX2, 0 MUX4, 0 MUX8, 0 MUX16
    Replaced tree at \u_soc.u_cpu.:6518.B [6]: 1 MUX2, 0 MUX4, 0 MUX8, 0 MUX16
    Replaced tree at \u_soc.u_cpu.:6518.B [7]: 1 MUX2, 0 MUX4, 0 MUX8, 0 MUX16
    Replaced tree at \u_soc.u_cpu.:6518.B [8]: 1 MUX2, 0 MUX4, 0 MUX8, 0 MUX16
    Replaced tree at \u_soc.u_cpu.:6518.B [9]: 1 MUX2, 0 MUX4, 0 MUX8, 0 MUX16
    Replaced tree at \u_soc.u_cpu.:6518.B [10]: 1 MUX2, 0 MUX4, 0 MUX8, 0 MUX16
    Replaced tree at \u_soc.u_cpu.:6518.B [11]: 1 MUX2, 0 MUX4, 0 MUX8, 0 MUX16
    Replaced tree at \u_soc.u_cpu.:6518.B [12]: 1 MUX2, 0 MUX4, 0 MUX8, 0 MUX16
    Replaced tree at \u_soc.u_cpu.:6518.B [13]: 1 MUX2, 0 MUX4, 0 MUX8, 0 MUX16
    Replaced tree at \u_soc.u_cpu.:6518.B [14]: 1 MUX2, 0 MUX4, 0 MUX8, 0 MUX16
    Replaced tree at \u_soc.u_cpu.:6518.B [15]: 1 MUX2, 0 MUX4, 0 MUX8, 0 MUX16
    Replaced tree at $auto$rtlil.cc:3381:MuxGate$32347: 2 MUX2, 0 MUX4, 0 MUX8, 0 MUX16
    Replaced tree at $auto$rtlil.cc:3381:MuxGate$38133: 2 MUX2, 0 MUX4, 0 MUX8, 0 MUX16
    Replaced tree at $auto$rtlil.cc:3381:MuxGate$33251: 2 MUX2, 0 MUX4, 0 MUX8, 0 MUX16
    Replaced tree at $auto$rtlil.cc:3381:MuxGate$33255: 2 MUX2, 0 MUX4, 0 MUX8, 0 MUX16
    Replaced tree at $auto$rtlil.cc:3381:MuxGate$33259: 2 MUX2, 0 MUX4, 0 MUX8, 0 MUX16
    Replaced tree at $auto$rtlil.cc:3381:MuxGate$32343: 2 MUX2, 0 MUX4, 0 MUX8, 0 MUX16
    Replaced tree at $auto$rtlil.cc:3381:MuxGate$32339: 2 MUX2, 0 MUX4, 0 MUX8, 0 MUX16
    Replaced tree at $auto$rtlil.cc:3381:MuxGate$39435: 2 MUX2, 0 MUX4, 0 MUX8, 0 MUX16
    Replaced tree at $auto$rtlil.cc:3381:MuxGate$39447: 2 MUX2, 0 MUX4, 0 MUX8, 0 MUX16
    Replaced tree at $auto$rtlil.cc:3381:MuxGate$39431: 2 MUX2, 0 MUX4, 0 MUX8, 0 MUX16
    Replaced tree at $auto$rtlil.cc:3381:MuxGate$39443: 2 MUX2, 0 MUX4, 0 MUX8, 0 MUX16
    Replaced tree at $auto$rtlil.cc:3381:MuxGate$37481: 2 MUX2, 0 MUX4, 0 MUX8, 0 MUX16
    Replaced tree at $auto$rtlil.cc:3381:MuxGate$32645: 2 MUX2, 0 MUX4, 0 MUX8, 0 MUX16
    Replaced tree at $auto$rtlil.cc:3381:MuxGate$37485: 2 MUX2, 0 MUX4, 0 MUX8, 0 MUX16
    Replaced tree at $auto$rtlil.cc:3381:MuxGate$32983: 3 MUX2, 0 MUX4, 0 MUX8, 0 MUX16
    Replaced tree at $auto$rtlil.cc:3381:MuxGate$37445: 2 MUX2, 0 MUX4, 0 MUX8, 0 MUX16
    Replaced tree at $auto$rtlil.cc:3381:MuxGate$37437: 2 MUX2, 0 MUX4, 0 MUX8, 0 MUX16
    Replaced tree at $auto$rtlil.cc:3381:MuxGate$32979: 1 MUX2, 0 MUX4, 0 MUX8, 0 MUX16
    Replaced tree at $auto$rtlil.cc:3381:MuxGate$37441: 2 MUX2, 0 MUX4, 0 MUX8, 0 MUX16
    Replaced tree at $auto$rtlil.cc:3381:MuxGate$32977: 2 MUX2, 0 MUX4, 0 MUX8, 0 MUX16
    Replaced tree at $auto$rtlil.cc:3381:MuxGate$37345: 2 MUX2, 0 MUX4, 0 MUX8, 0 MUX16
    Replaced tree at $auto$rtlil.cc:3381:MuxGate$37365: 2 MUX2, 0 MUX4, 0 MUX8, 0 MUX16
    Replaced tree at $auto$rtlil.cc:3381:MuxGate$32869: 2 MUX2, 0 MUX4, 0 MUX8, 0 MUX16
    Replaced tree at $auto$rtlil.cc:3381:MuxGate$32973: 2 MUX2, 0 MUX4, 0 MUX8, 0 MUX16
    Replaced tree at $auto$rtlil.cc:3381:MuxGate$32969: 2 MUX2, 0 MUX4, 0 MUX8, 0 MUX16
    Replaced tree at $auto$rtlil.cc:3381:MuxGate$32965: 2 MUX2, 0 MUX4, 0 MUX8, 0 MUX16
    Replaced tree at $auto$rtlil.cc:3381:MuxGate$32961: 2 MUX2, 0 MUX4, 0 MUX8, 0 MUX16
    Replaced tree at $flatten\u_soc.$auto$ghdl.cc:827:import_module$112 [0]: 1 MUX2, 0 MUX4, 0 MUX8, 0 MUX16
    Replaced tree at $flatten\u_soc.$auto$ghdl.cc:827:import_module$112 [1]: 1 MUX2, 0 MUX4, 0 MUX8, 0 MUX16
    Replaced tree at $flatten\u_soc.$auto$ghdl.cc:827:import_module$112 [2]: 1 MUX2, 0 MUX4, 0 MUX8, 0 MUX16
    Replaced tree at $flatten\u_soc.$auto$ghdl.cc:827:import_module$112 [3]: 1 MUX2, 0 MUX4, 0 MUX8, 0 MUX16
    Replaced tree at $flatten\u_soc.$auto$ghdl.cc:827:import_module$112 [4]: 1 MUX2, 0 MUX4, 0 MUX8, 0 MUX16
    Replaced tree at $flatten\u_soc.$auto$ghdl.cc:827:import_module$112 [5]: 1 MUX2, 0 MUX4, 0 MUX8, 0 MUX16
    Replaced tree at $flatten\u_soc.$auto$ghdl.cc:827:import_module$112 [6]: 1 MUX2, 0 MUX4, 0 MUX8, 0 MUX16
    Replaced tree at $flatten\u_soc.$auto$ghdl.cc:827:import_module$112 [7]: 1 MUX2, 0 MUX4, 0 MUX8, 0 MUX16
    Replaced tree at $flatten\u_soc.$auto$ghdl.cc:827:import_module$111 [0]: 1 MUX2, 0 MUX4, 0 MUX8, 0 MUX16
    Replaced tree at $flatten\u_soc.$auto$ghdl.cc:827:import_module$111 [1]: 1 MUX2, 0 MUX4, 0 MUX8, 0 MUX16
    Replaced tree at $flatten\u_soc.$auto$ghdl.cc:827:import_module$111 [2]: 1 MUX2, 0 MUX4, 0 MUX8, 0 MUX16
    Replaced tree at $flatten\u_soc.$auto$ghdl.cc:827:import_module$111 [3]: 1 MUX2, 0 MUX4, 0 MUX8, 0 MUX16
    Replaced tree at $flatten\u_soc.$auto$ghdl.cc:827:import_module$111 [4]: 1 MUX2, 0 MUX4, 0 MUX8, 0 MUX16
    Replaced tree at $flatten\u_soc.$auto$ghdl.cc:827:import_module$111 [5]: 1 MUX2, 0 MUX4, 0 MUX8, 0 MUX16
    Replaced tree at $flatten\u_soc.$auto$ghdl.cc:827:import_module$111 [6]: 1 MUX2, 0 MUX4, 0 MUX8, 0 MUX16
    Replaced tree at $flatten\u_soc.$auto$ghdl.cc:827:import_module$111 [7]: 1 MUX2, 0 MUX4, 0 MUX8, 0 MUX16
    Replaced tree at $flatten\u_soc.$auto$ghdl.cc:827:import_module$110 [0]: 1 MUX2, 0 MUX4, 0 MUX8, 0 MUX16
    Replaced tree at $flatten\u_soc.$auto$ghdl.cc:827:import_module$110 [1]: 1 MUX2, 0 MUX4, 0 MUX8, 0 MUX16
    Replaced tree at $flatten\u_soc.$auto$ghdl.cc:827:import_module$110 [2]: 1 MUX2, 0 MUX4, 0 MUX8, 0 MUX16
    Replaced tree at $flatten\u_soc.$auto$ghdl.cc:827:import_module$110 [3]: 1 MUX2, 0 MUX4, 0 MUX8, 0 MUX16
    Replaced tree at $flatten\u_soc.$auto$ghdl.cc:827:import_module$110 [4]: 1 MUX2, 0 MUX4, 0 MUX8, 0 MUX16
    Replaced tree at $flatten\u_soc.$auto$ghdl.cc:827:import_module$110 [5]: 1 MUX2, 0 MUX4, 0 MUX8, 0 MUX16
    Replaced tree at $flatten\u_soc.$auto$ghdl.cc:827:import_module$110 [6]: 1 MUX2, 0 MUX4, 0 MUX8, 0 MUX16
    Replaced tree at $flatten\u_soc.$auto$ghdl.cc:827:import_module$110 [7]: 1 MUX2, 0 MUX4, 0 MUX8, 0 MUX16
    Replaced tree at $flatten\u_soc.$auto$ghdl.cc:827:import_module$109 [0]: 1 MUX2, 0 MUX4, 0 MUX8, 0 MUX16
    Replaced tree at $flatten\u_soc.$auto$ghdl.cc:827:import_module$109 [1]: 1 MUX2, 0 MUX4, 0 MUX8, 0 MUX16
    Replaced tree at $flatten\u_soc.$auto$ghdl.cc:827:import_module$109 [2]: 1 MUX2, 0 MUX4, 0 MUX8, 0 MUX16
    Replaced tree at $flatten\u_soc.$auto$ghdl.cc:827:import_module$109 [3]: 1 MUX2, 0 MUX4, 0 MUX8, 0 MUX16
    Replaced tree at $flatten\u_soc.$auto$ghdl.cc:827:import_module$109 [4]: 1 MUX2, 0 MUX4, 0 MUX8, 0 MUX16
    Replaced tree at $flatten\u_soc.$auto$ghdl.cc:827:import_module$109 [5]: 1 MUX2, 0 MUX4, 0 MUX8, 0 MUX16
    Replaced tree at $flatten\u_soc.$auto$ghdl.cc:827:import_module$109 [6]: 1 MUX2, 0 MUX4, 0 MUX8, 0 MUX16
    Replaced tree at $flatten\u_soc.$auto$ghdl.cc:827:import_module$109 [7]: 1 MUX2, 0 MUX4, 0 MUX8, 0 MUX16
    Replaced tree at $auto$rtlil.cc:3381:MuxGate$37561: 2 MUX2, 0 MUX4, 0 MUX8, 0 MUX16
    Replaced tree at $auto$rtlil.cc:3381:MuxGate$37589: 2 MUX2, 0 MUX4, 0 MUX8, 0 MUX16
    Replaced tree at $auto$rtlil.cc:3381:MuxGate$32999: 3 MUX2, 0 MUX4, 0 MUX8, 0 MUX16
    Replaced tree at $auto$rtlil.cc:3381:MuxGate$32995: 3 MUX2, 0 MUX4, 0 MUX8, 0 MUX16
    Replaced tree at $auto$rtlil.cc:3381:MuxGate$34009: 2 MUX2, 0 MUX4, 0 MUX8, 0 MUX16
    Replaced tree at $auto$rtlil.cc:3381:MuxGate$37509: 2 MUX2, 0 MUX4, 0 MUX8, 0 MUX16
    Replaced tree at $auto$rtlil.cc:3381:MuxGate$32991: 3 MUX2, 0 MUX4, 0 MUX8, 0 MUX16
    Replaced tree at $auto$rtlil.cc:3381:MuxGate$32279: 2 MUX2, 0 MUX4, 0 MUX8, 0 MUX16
    Replaced tree at $auto$rtlil.cc:3381:MuxGate$37369: 2 MUX2, 0 MUX4, 0 MUX8, 0 MUX16
    Replaced tree at $auto$rtlil.cc:3381:MuxGate$32283: 2 MUX2, 0 MUX4, 0 MUX8, 0 MUX16
    Replaced tree at $auto$rtlil.cc:3381:MuxGate$32987: 3 MUX2, 0 MUX4, 0 MUX8, 0 MUX16
    Replaced tree at $auto$rtlil.cc:3381:MuxGate$34305: 2 MUX2, 0 MUX4, 0 MUX8, 0 MUX16
    Replaced tree at \u_soc.dmem_ecc_double_error: 1 MUX2, 0 MUX4, 0 MUX8, 0 MUX16
    Replaced tree at \u_soc.dmem_wdata [0]: 1 MUX2, 0 MUX4, 0 MUX8, 0 MUX16
    Replaced tree at \u_soc.dmem_wdata [1]: 1 MUX2, 0 MUX4, 0 MUX8, 0 MUX16
    Replaced tree at \u_soc.dmem_wdata [2]: 1 MUX2, 0 MUX4, 0 MUX8, 0 MUX16
    Replaced tree at \u_soc.dmem_wdata [3]: 1 MUX2, 0 MUX4, 0 MUX8, 0 MUX16
    Replaced tree at \u_soc.dmem_wdata [4]: 1 MUX2, 0 MUX4, 0 MUX8, 0 MUX16
    Replaced tree at \u_soc.dmem_wdata [5]: 1 MUX2, 0 MUX4, 0 MUX8, 0 MUX16
    Replaced tree at \u_soc.dmem_wdata [6]: 1 MUX2, 0 MUX4, 0 MUX8, 0 MUX16
    Replaced tree at \u_soc.dmem_wdata [7]: 1 MUX2, 0 MUX4, 0 MUX8, 0 MUX16
    Replaced tree at \u_soc.dmem_wdata [8]: 1 MUX2, 0 MUX4, 0 MUX8, 0 MUX16
    Replaced tree at \u_soc.dmem_wdata [9]: 1 MUX2, 0 MUX4, 0 MUX8, 0 MUX16
    Replaced tree at \u_soc.dmem_wdata [10]: 1 MUX2, 0 MUX4, 0 MUX8, 0 MUX16
    Replaced tree at \u_soc.dmem_wdata [11]: 1 MUX2, 0 MUX4, 0 MUX8, 0 MUX16
    Replaced tree at \u_soc.dmem_wdata [12]: 1 MUX2, 0 MUX4, 0 MUX8, 0 MUX16
    Replaced tree at \u_soc.dmem_wdata [13]: 1 MUX2, 0 MUX4, 0 MUX8, 0 MUX16
    Replaced tree at \u_soc.dmem_wdata [14]: 1 MUX2, 0 MUX4, 0 MUX8, 0 MUX16
    Replaced tree at \u_soc.dmem_wdata [15]: 1 MUX2, 0 MUX4, 0 MUX8, 0 MUX16
    Replaced tree at \u_soc.dmem_wdata [16]: 1 MUX2, 0 MUX4, 0 MUX8, 0 MUX16
    Replaced tree at \u_soc.dmem_wdata [17]: 1 MUX2, 0 MUX4, 0 MUX8, 0 MUX16
    Replaced tree at \u_soc.dmem_wdata [18]: 1 MUX2, 0 MUX4, 0 MUX8, 0 MUX16
    Replaced tree at \u_soc.dmem_wdata [19]: 1 MUX2, 0 MUX4, 0 MUX8, 0 MUX16
    Replaced tree at \u_soc.dmem_wdata [20]: 1 MUX2, 0 MUX4, 0 MUX8, 0 MUX16
    Replaced tree at \u_soc.dmem_wdata [21]: 1 MUX2, 0 MUX4, 0 MUX8, 0 MUX16
    Replaced tree at \u_soc.dmem_wdata [22]: 1 MUX2, 0 MUX4, 0 MUX8, 0 MUX16
    Replaced tree at \u_soc.dmem_wdata [23]: 1 MUX2, 0 MUX4, 0 MUX8, 0 MUX16
    Replaced tree at \u_soc.dmem_wdata [24]: 1 MUX2, 0 MUX4, 0 MUX8, 0 MUX16
    Replaced tree at \u_soc.dmem_wdata [25]: 1 MUX2, 0 MUX4, 0 MUX8, 0 MUX16
    Replaced tree at \u_soc.dmem_wdata [26]: 1 MUX2, 0 MUX4, 0 MUX8, 0 MUX16
    Replaced tree at \u_soc.dmem_wdata [27]: 1 MUX2, 0 MUX4, 0 MUX8, 0 MUX16
    Replaced tree at \u_soc.dmem_wdata [28]: 1 MUX2, 0 MUX4, 0 MUX8, 0 MUX16
    Replaced tree at \u_soc.dmem_wdata [29]: 1 MUX2, 0 MUX4, 0 MUX8, 0 MUX16
    Replaced tree at \u_soc.dmem_wdata [30]: 1 MUX2, 0 MUX4, 0 MUX8, 0 MUX16
    Replaced tree at \u_soc.dmem_wdata [31]: 1 MUX2, 0 MUX4, 0 MUX8, 0 MUX16
    Replaced tree at \u_soc.dmem_addr [0]: 1 MUX2, 0 MUX4, 0 MUX8, 0 MUX16
    Replaced tree at \u_soc.dmem_addr [1]: 1 MUX2, 0 MUX4, 0 MUX8, 0 MUX16
    Replaced tree at \u_soc.dmem_addr [2]: 1 MUX2, 0 MUX4, 0 MUX8, 0 MUX16
    Replaced tree at \u_soc.dmem_addr [3]: 1 MUX2, 0 MUX4, 0 MUX8, 0 MUX16
    Replaced tree at \u_soc.dmem_addr [4]: 1 MUX2, 0 MUX4, 0 MUX8, 0 MUX16
    Replaced tree at \u_soc.dmem_addr [5]: 1 MUX2, 0 MUX4, 0 MUX8, 0 MUX16
    Replaced tree at \u_soc.dmem_addr [6]: 1 MUX2, 0 MUX4, 0 MUX8, 0 MUX16
    Replaced tree at \u_soc.dmem_addr [7]: 1 MUX2, 0 MUX4, 0 MUX8, 0 MUX16
    Replaced tree at \u_soc.dmem_addr [8]: 1 MUX2, 0 MUX4, 0 MUX8, 0 MUX16
    Replaced tree at \u_soc.dmem_addr [9]: 1 MUX2, 0 MUX4, 0 MUX8, 0 MUX16
    Replaced tree at \u_soc.dmem_addr [10]: 1 MUX2, 0 MUX4, 0 MUX8, 0 MUX16
    Replaced tree at \u_soc.dmem_addr [11]: 1 MUX2, 0 MUX4, 0 MUX8, 0 MUX16
    Replaced tree at \u_soc.dmem_addr [12]: 1 MUX2, 0 MUX4, 0 MUX8, 0 MUX16
    Replaced tree at \u_soc.dmem_addr [13]: 1 MUX2, 0 MUX4, 0 MUX8, 0 MUX16
    Replaced tree at \u_soc.dmem_addr [14]: 1 MUX2, 0 MUX4, 0 MUX8, 0 MUX16
    Replaced tree at \u_soc.dmem_addr [15]: 1 MUX2, 0 MUX4, 0 MUX8, 0 MUX16
    Replaced tree at \u_soc.dmem_addr [16]: 1 MUX2, 0 MUX4, 0 MUX8, 0 MUX16
    Replaced tree at \u_soc.dmem_addr [17]: 1 MUX2, 0 MUX4, 0 MUX8, 0 MUX16
    Replaced tree at \u_soc.dmem_addr [18]: 1 MUX2, 0 MUX4, 0 MUX8, 0 MUX16
    Replaced tree at \u_soc.dmem_addr [19]: 1 MUX2, 0 MUX4, 0 MUX8, 0 MUX16
    Replaced tree at \u_soc.dmem_addr [20]: 1 MUX2, 0 MUX4, 0 MUX8, 0 MUX16
    Replaced tree at \u_soc.dmem_addr [21]: 1 MUX2, 0 MUX4, 0 MUX8, 0 MUX16
    Replaced tree at \u_soc.dmem_addr [22]: 1 MUX2, 0 MUX4, 0 MUX8, 0 MUX16
    Replaced tree at \u_soc.dmem_addr [23]: 1 MUX2, 0 MUX4, 0 MUX8, 0 MUX16
    Replaced tree at \u_soc.dmem_addr [24]: 1 MUX2, 0 MUX4, 0 MUX8, 0 MUX16
    Replaced tree at \u_soc.dmem_addr [25]: 1 MUX2, 0 MUX4, 0 MUX8, 0 MUX16
    Replaced tree at \u_soc.dmem_addr [26]: 1 MUX2, 0 MUX4, 0 MUX8, 0 MUX16
    Replaced tree at \u_soc.dmem_addr [27]: 1 MUX2, 0 MUX4, 0 MUX8, 0 MUX16
    Replaced tree at \u_soc.dmem_addr [28]: 1 MUX2, 0 MUX4, 0 MUX8, 0 MUX16
    Replaced tree at \u_soc.dmem_addr [29]: 1 MUX2, 0 MUX4, 0 MUX8, 0 MUX16
    Replaced tree at \u_soc.dmem_addr [30]: 1 MUX2, 0 MUX4, 0 MUX8, 0 MUX16
    Replaced tree at \u_soc.dmem_addr [31]: 1 MUX2, 0 MUX4, 0 MUX8, 0 MUX16
    Replaced tree at \u_soc.imem_instr [0]: 3 MUX2, 0 MUX4, 0 MUX8, 0 MUX16
    Replaced tree at \u_soc.imem_instr [5]: 3 MUX2, 0 MUX4, 0 MUX8, 0 MUX16
    Replaced tree at \u_soc.imem_instr [13]: 3 MUX2, 0 MUX4, 0 MUX8, 0 MUX16
    Replaced tree at \u_soc.imem_instr [21]: 3 MUX2, 0 MUX4, 0 MUX8, 0 MUX16
    Replaced tree at $auto$rtlil.cc:3381:MuxGate$32129: 3 MUX2, 0 MUX4, 0 MUX8, 0 MUX16
    Replaced tree at $auto$rtlil.cc:3381:MuxGate$32625: 2 MUX2, 0 MUX4, 0 MUX8, 0 MUX16
    Replaced tree at $auto$rtlil.cc:3381:MuxGate$32621: 2 MUX2, 0 MUX4, 0 MUX8, 0 MUX16
    Replaced tree at $auto$rtlil.cc:3381:MuxGate$32617: 2 MUX2, 0 MUX4, 0 MUX8, 0 MUX16
    Replaced tree at $auto$rtlil.cc:3381:MuxGate$32597: 2 MUX2, 0 MUX4, 0 MUX8, 0 MUX16
    Replaced tree at $auto$rtlil.cc:3381:MuxGate$32307: 2 MUX2, 0 MUX4, 0 MUX8, 0 MUX16
    Replaced tree at $auto$rtlil.cc:3381:MuxGate$32633: 2 MUX2, 0 MUX4, 0 MUX8, 0 MUX16
    Replaced tree at $auto$rtlil.cc:3381:MuxGate$32303: 2 MUX2, 0 MUX4, 0 MUX8, 0 MUX16
    Replaced tree at $auto$rtlil.cc:3381:MuxGate$32299: 2 MUX2, 0 MUX4, 0 MUX8, 0 MUX16
    Replaced tree at $auto$rtlil.cc:3381:MuxGate$32565: 4 MUX2, 0 MUX4, 0 MUX8, 0 MUX16
    Replaced tree at $auto$rtlil.cc:3381:MuxGate$32561: 4 MUX2, 0 MUX4, 0 MUX8, 0 MUX16
    Replaced tree at $auto$rtlil.cc:3381:MuxGate$32553: 4 MUX2, 0 MUX4, 0 MUX8, 0 MUX16
    Replaced tree at $auto$rtlil.cc:3381:MuxGate$32545: 4 MUX2, 0 MUX4, 0 MUX8, 0 MUX16
    Replaced tree at $auto$rtlil.cc:3381:MuxGate$32537: 4 MUX2, 0 MUX4, 0 MUX8, 0 MUX16
    Replaced tree at \u_soc.u_cpu.:6515.B [0]: 1 MUX2, 0 MUX4, 0 MUX8, 0 MUX16
    Replaced tree at \u_soc.u_cpu.:6515.B [1]: 1 MUX2, 0 MUX4, 0 MUX8, 0 MUX16
    Replaced tree at \u_soc.u_cpu.:6515.B [2]: 1 MUX2, 0 MUX4, 0 MUX8, 0 MUX16
    Replaced tree at \u_soc.u_cpu.:6515.B [3]: 1 MUX2, 0 MUX4, 0 MUX8, 0 MUX16
    Replaced tree at \u_soc.u_cpu.:6515.B [4]: 1 MUX2, 0 MUX4, 0 MUX8, 0 MUX16
    Replaced tree at \u_soc.u_cpu.:6515.B [5]: 1 MUX2, 0 MUX4, 0 MUX8, 0 MUX16
    Replaced tree at \u_soc.u_cpu.:6515.B [6]: 1 MUX2, 0 MUX4, 0 MUX8, 0 MUX16
    Replaced tree at \u_soc.u_cpu.:6515.B [7]: 1 MUX2, 0 MUX4, 0 MUX8, 0 MUX16
    Replaced tree at \u_soc.u_cpu.:6515.B [8]: 1 MUX2, 0 MUX4, 0 MUX8, 0 MUX16
    Replaced tree at \u_soc.u_cpu.:6515.B [9]: 1 MUX2, 0 MUX4, 0 MUX8, 0 MUX16
    Replaced tree at \u_soc.u_cpu.:6515.B [10]: 1 MUX2, 0 MUX4, 0 MUX8, 0 MUX16
    Replaced tree at \u_soc.u_cpu.:6515.B [11]: 1 MUX2, 0 MUX4, 0 MUX8, 0 MUX16
    Replaced tree at \u_soc.u_cpu.:6515.B [12]: 1 MUX2, 0 MUX4, 0 MUX8, 0 MUX16
    Replaced tree at \u_soc.u_cpu.:6515.B [13]: 1 MUX2, 0 MUX4, 0 MUX8, 0 MUX16
    Replaced tree at \u_soc.u_cpu.:6515.B [14]: 1 MUX2, 0 MUX4, 0 MUX8, 0 MUX16
    Replaced tree at \u_soc.u_cpu.:6515.B [15]: 1 MUX2, 0 MUX4, 0 MUX8, 0 MUX16
    Replaced tree at $auto$rtlil.cc:3381:MuxGate$32371: 2 MUX2, 0 MUX4, 0 MUX8, 0 MUX16
    Replaced tree at $auto$rtlil.cc:3381:MuxGate$35373: 2 MUX2, 0 MUX4, 0 MUX8, 0 MUX16
    Replaced tree at $auto$rtlil.cc:3381:MuxGate$30043: 2 MUX2, 0 MUX4, 0 MUX8, 0 MUX16
    Replaced tree at $auto$rtlil.cc:3381:MuxGate$32375: 2 MUX2, 0 MUX4, 0 MUX8, 0 MUX16
    Replaced tree at $auto$rtlil.cc:3381:MuxGate$32705: 2 MUX2, 0 MUX4, 0 MUX8, 0 MUX16
    Replaced tree at $auto$rtlil.cc:3381:MuxGate$35393: 2 MUX2, 0 MUX4, 0 MUX8, 0 MUX16
    Replaced tree at $auto$rtlil.cc:3381:MuxGate$32379: 2 MUX2, 0 MUX4, 0 MUX8, 0 MUX16
    Replaced tree at $auto$rtlil.cc:3381:MuxGate$35397: 2 MUX2, 0 MUX4, 0 MUX8, 0 MUX16
    Replaced tree at $auto$rtlil.cc:3381:MuxGate$30527: 4 MUX2, 0 MUX4, 0 MUX8, 0 MUX16
    Replaced tree at $auto$rtlil.cc:3381:MuxGate$30525: 4 MUX2, 0 MUX4, 0 MUX8, 0 MUX16
    Replaced tree at $auto$rtlil.cc:3381:MuxGate$30523: 4 MUX2, 0 MUX4, 0 MUX8, 0 MUX16
    Replaced tree at $auto$rtlil.cc:3381:MuxGate$30521: 4 MUX2, 0 MUX4, 0 MUX8, 0 MUX16
    Replaced tree at $auto$rtlil.cc:3381:MuxGate$32713: 2 MUX2, 0 MUX4, 0 MUX8, 0 MUX16
    Replaced tree at $auto$rtlil.cc:3381:MuxGate$34417: 2 MUX2, 0 MUX4, 0 MUX8, 0 MUX16
    Replaced tree at \u_soc.u_cpu.:6512.B [0]: 1 MUX2, 0 MUX4, 0 MUX8, 0 MUX16
    Replaced tree at \u_soc.u_cpu.:6512.B [1]: 1 MUX2, 0 MUX4, 0 MUX8, 0 MUX16
    Replaced tree at \u_soc.u_cpu.:6512.B [2]: 1 MUX2, 0 MUX4, 0 MUX8, 0 MUX16
    Replaced tree at \u_soc.u_cpu.:6512.B [3]: 1 MUX2, 0 MUX4, 0 MUX8, 0 MUX16
    Replaced tree at \u_soc.u_cpu.:6512.B [4]: 1 MUX2, 0 MUX4, 0 MUX8, 0 MUX16
    Replaced tree at \u_soc.u_cpu.:6512.B [5]: 1 MUX2, 0 MUX4, 0 MUX8, 0 MUX16
    Replaced tree at \u_soc.u_cpu.:6512.B [6]: 1 MUX2, 0 MUX4, 0 MUX8, 0 MUX16
    Replaced tree at \u_soc.u_cpu.:6512.B [7]: 1 MUX2, 0 MUX4, 0 MUX8, 0 MUX16
    Replaced tree at \u_soc.u_cpu.:6512.B [8]: 1 MUX2, 0 MUX4, 0 MUX8, 0 MUX16
    Replaced tree at \u_soc.u_cpu.:6512.B [9]: 1 MUX2, 0 MUX4, 0 MUX8, 0 MUX16
    Replaced tree at \u_soc.u_cpu.:6512.B [10]: 1 MUX2, 0 MUX4, 0 MUX8, 0 MUX16
    Replaced tree at \u_soc.u_cpu.:6512.B [11]: 1 MUX2, 0 MUX4, 0 MUX8, 0 MUX16
    Replaced tree at \u_soc.u_cpu.:6512.B [12]: 1 MUX2, 0 MUX4, 0 MUX8, 0 MUX16
    Replaced tree at \u_soc.u_cpu.:6512.B [13]: 1 MUX2, 0 MUX4, 0 MUX8, 0 MUX16
    Replaced tree at \u_soc.u_cpu.:6512.B [14]: 1 MUX2, 0 MUX4, 0 MUX8, 0 MUX16
    Replaced tree at \u_soc.u_cpu.:6512.B [15]: 1 MUX2, 0 MUX4, 0 MUX8, 0 MUX16
    Replaced tree at $auto$rtlil.cc:3381:MuxGate$32701: 2 MUX2, 0 MUX4, 0 MUX8, 0 MUX16
    Replaced tree at $auto$rtlil.cc:3381:MuxGate$34409: 2 MUX2, 0 MUX4, 0 MUX8, 0 MUX16
    Replaced tree at $auto$rtlil.cc:3381:MuxGate$32383: 2 MUX2, 0 MUX4, 0 MUX8, 0 MUX16
    Replaced tree at $auto$rtlil.cc:3381:MuxGate$32387: 2 MUX2, 0 MUX4, 0 MUX8, 0 MUX16
    Replaced tree at $auto$rtlil.cc:3381:MuxGate$30039: 2 MUX2, 0 MUX4, 0 MUX8, 0 MUX16
    Replaced tree at $auto$rtlil.cc:3381:MuxGate$32391: 2 MUX2, 0 MUX4, 0 MUX8, 0 MUX16
    Replaced tree at $auto$rtlil.cc:3381:MuxGate$30519: 4 MUX2, 0 MUX4, 0 MUX8, 0 MUX16
    Replaced tree at $auto$rtlil.cc:3381:MuxGate$30517: 4 MUX2, 0 MUX4, 0 MUX8, 0 MUX16
    Replaced tree at $auto$rtlil.cc:3381:MuxGate$30515: 4 MUX2, 0 MUX4, 0 MUX8, 0 MUX16
    Replaced tree at $auto$rtlil.cc:3381:MuxGate$30513: 4 MUX2, 0 MUX4, 0 MUX8, 0 MUX16
    Replaced tree at \u_soc.u_cpu.:6509.B [0]: 1 MUX2, 0 MUX4, 0 MUX8, 0 MUX16
    Replaced tree at \u_soc.u_cpu.:6509.B [1]: 1 MUX2, 0 MUX4, 0 MUX8, 0 MUX16
    Replaced tree at \u_soc.u_cpu.:6509.B [2]: 1 MUX2, 0 MUX4, 0 MUX8, 0 MUX16
    Replaced tree at \u_soc.u_cpu.:6509.B [3]: 1 MUX2, 0 MUX4, 0 MUX8, 0 MUX16
    Replaced tree at \u_soc.u_cpu.:6509.B [4]: 1 MUX2, 0 MUX4, 0 MUX8, 0 MUX16
    Replaced tree at \u_soc.u_cpu.:6509.B [5]: 1 MUX2, 0 MUX4, 0 MUX8, 0 MUX16
    Replaced tree at \u_soc.u_cpu.:6509.B [6]: 1 MUX2, 0 MUX4, 0 MUX8, 0 MUX16
    Replaced tree at \u_soc.u_cpu.:6509.B [7]: 1 MUX2, 0 MUX4, 0 MUX8, 0 MUX16
    Replaced tree at \u_soc.u_cpu.:6509.B [8]: 1 MUX2, 0 MUX4, 0 MUX8, 0 MUX16
    Replaced tree at \u_soc.u_cpu.:6509.B [9]: 1 MUX2, 0 MUX4, 0 MUX8, 0 MUX16
    Replaced tree at \u_soc.u_cpu.:6509.B [10]: 1 MUX2, 0 MUX4, 0 MUX8, 0 MUX16
    Replaced tree at \u_soc.u_cpu.:6509.B [11]: 1 MUX2, 0 MUX4, 0 MUX8, 0 MUX16
    Replaced tree at \u_soc.u_cpu.:6509.B [12]: 1 MUX2, 0 MUX4, 0 MUX8, 0 MUX16
    Replaced tree at \u_soc.u_cpu.:6509.B [13]: 1 MUX2, 0 MUX4, 0 MUX8, 0 MUX16
    Replaced tree at \u_soc.u_cpu.:6509.B [14]: 1 MUX2, 0 MUX4, 0 MUX8, 0 MUX16
    Replaced tree at \u_soc.u_cpu.:6509.B [15]: 1 MUX2, 0 MUX4, 0 MUX8, 0 MUX16
    Replaced tree at $auto$rtlil.cc:3381:MuxGate$32395: 2 MUX2, 0 MUX4, 0 MUX8, 0 MUX16
    Replaced tree at $auto$rtlil.cc:3381:MuxGate$32399: 2 MUX2, 0 MUX4, 0 MUX8, 0 MUX16
    Replaced tree at $auto$rtlil.cc:3381:MuxGate$32403: 2 MUX2, 0 MUX4, 0 MUX8, 0 MUX16
    Replaced tree at $auto$rtlil.cc:3381:MuxGate$32407: 2 MUX2, 0 MUX4, 0 MUX8, 0 MUX16
    Replaced tree at $auto$rtlil.cc:3381:MuxGate$38145: 2 MUX2, 0 MUX4, 0 MUX8, 0 MUX16
    Replaced tree at $auto$rtlil.cc:3381:MuxGate$38125: 2 MUX2, 0 MUX4, 0 MUX8, 0 MUX16
    Replaced tree at $auto$rtlil.cc:3381:MuxGate$38141: 2 MUX2, 0 MUX4, 0 MUX8, 0 MUX16
    Replaced tree at $auto$rtlil.cc:3381:MuxGate$38121: 2 MUX2, 0 MUX4, 0 MUX8, 0 MUX16
    Replaced tree at $auto$rtlil.cc:3381:MuxGate$38149: 2 MUX2, 0 MUX4, 0 MUX8, 0 MUX16
    Replaced tree at $auto$rtlil.cc:3381:MuxGate$38129: 2 MUX2, 0 MUX4, 0 MUX8, 0 MUX16
    Replaced tree at $auto$rtlil.cc:3381:MuxGate$32721: 2 MUX2, 0 MUX4, 0 MUX8, 0 MUX16
    Replaced tree at $auto$rtlil.cc:3381:MuxGate$34401: 2 MUX2, 0 MUX4, 0 MUX8, 0 MUX16
    Replaced tree at $auto$rtlil.cc:3381:MuxGate$38137: 2 MUX2, 0 MUX4, 0 MUX8, 0 MUX16
    Replaced tree at $auto$rtlil.cc:3381:MuxGate$30035: 2 MUX2, 0 MUX4, 0 MUX8, 0 MUX16
    Replaced tree at $auto$rtlil.cc:3381:MuxGate$32725: 2 MUX2, 0 MUX4, 0 MUX8, 0 MUX16
    Replaced tree at $auto$rtlil.cc:3381:MuxGate$34397: 2 MUX2, 0 MUX4, 0 MUX8, 0 MUX16
    Replaced tree at $auto$rtlil.cc:3381:MuxGate$32137: 3 MUX2, 0 MUX4, 0 MUX8, 0 MUX16
    Replaced tree at $auto$rtlil.cc:3381:MuxGate$36797: 2 MUX2, 0 MUX4, 0 MUX8, 0 MUX16
    Replaced tree at $auto$rtlil.cc:3381:MuxGate$34337: 2 MUX2, 0 MUX4, 0 MUX8, 0 MUX16
    Replaced tree at $auto$rtlil.cc:3381:MuxGate$32677: 2 MUX2, 0 MUX4, 0 MUX8, 0 MUX16
    Replaced tree at $auto$rtlil.cc:3381:MuxGate$32681: 2 MUX2, 0 MUX4, 0 MUX8, 0 MUX16
    Replaced tree at $auto$rtlil.cc:3381:MuxGate$30509: 4 MUX2, 0 MUX4, 0 MUX8, 0 MUX16
    Replaced tree at $auto$rtlil.cc:3381:MuxGate$32685: 2 MUX2, 0 MUX4, 0 MUX8, 0 MUX16
    Replaced tree at $auto$rtlil.cc:3381:MuxGate$32689: 2 MUX2, 0 MUX4, 0 MUX8, 0 MUX16
    Replaced tree at $auto$rtlil.cc:3381:MuxGate$34301: 2 MUX2, 0 MUX4, 0 MUX8, 0 MUX16
    Replaced tree at $auto$rtlil.cc:3381:MuxGate$32419: 2 MUX2, 0 MUX4, 0 MUX8, 0 MUX16
    Replaced tree at $auto$rtlil.cc:3381:MuxGate$32423: 2 MUX2, 0 MUX4, 0 MUX8, 0 MUX16
    Replaced tree at $auto$rtlil.cc:3381:MuxGate$38193: 2 MUX2, 0 MUX4, 0 MUX8, 0 MUX16
    Replaced tree at $auto$rtlil.cc:3381:MuxGate$38201: 2 MUX2, 0 MUX4, 0 MUX8, 0 MUX16
    Replaced tree at $auto$rtlil.cc:3381:MuxGate$32465: 4 MUX2, 0 MUX4, 0 MUX8, 0 MUX16
    Replaced tree at $auto$rtlil.cc:3381:MuxGate$37401: 2 MUX2, 0 MUX4, 0 MUX8, 0 MUX16
    Replaced tree at $auto$rtlil.cc:3381:MuxGate$34025: 2 MUX2, 0 MUX4, 0 MUX8, 0 MUX16
    Replaced tree at $auto$rtlil.cc:3381:MuxGate$32435: 2 MUX2, 0 MUX4, 0 MUX8, 0 MUX16
    Replaced tree at $auto$rtlil.cc:3381:MuxGate$32431: 2 MUX2, 0 MUX4, 0 MUX8, 0 MUX16
    Replaced tree at $auto$rtlil.cc:3381:MuxGate$32427: 2 MUX2, 0 MUX4, 0 MUX8, 0 MUX16
    Replaced tree at $auto$rtlil.cc:3381:MuxGate$32901: 2 MUX2, 0 MUX4, 0 MUX8, 0 MUX16
    Replaced tree at $auto$rtlil.cc:3381:MuxGate$37413: 2 MUX2, 0 MUX4, 0 MUX8, 0 MUX16
    Replaced tree at $auto$rtlil.cc:3381:MuxGate$32415: 2 MUX2, 0 MUX4, 0 MUX8, 0 MUX16
    Replaced tree at $auto$rtlil.cc:3381:MuxGate$32411: 2 MUX2, 0 MUX4, 0 MUX8, 0 MUX16
    Replaced tree at $auto$rtlil.cc:3381:MuxGate$38937: 2 MUX2, 0 MUX4, 0 MUX8, 0 MUX16
    Replaced tree at $auto$rtlil.cc:3381:MuxGate$32593: 2 MUX2, 0 MUX4, 0 MUX8, 0 MUX16
    Replaced tree at $auto$rtlil.cc:3381:MuxGate$32141: 3 MUX2, 0 MUX4, 0 MUX8, 0 MUX16
    Replaced tree at $auto$rtlil.cc:3381:MuxGate$32231: 2 MUX2, 0 MUX4, 0 MUX8, 0 MUX16
    Replaced tree at $auto$rtlil.cc:3381:MuxGate$32227: 2 MUX2, 0 MUX4, 0 MUX8, 0 MUX16
    Replaced tree at $auto$rtlil.cc:3381:MuxGate$39519: 2 MUX2, 0 MUX4, 0 MUX8, 0 MUX16
    Replaced tree at $auto$rtlil.cc:3381:MuxGate$34435: 3 MUX2, 0 MUX4, 0 MUX8, 0 MUX16
    Replaced tree at $auto$rtlil.cc:3381:MuxGate$39483: 2 MUX2, 0 MUX4, 0 MUX8, 0 MUX16
    Replaced tree at $auto$rtlil.cc:3381:MuxGate$32193: 3 MUX2, 0 MUX4, 0 MUX8, 0 MUX16
    Replaced tree at $auto$rtlil.cc:3381:MuxGate$30507: 4 MUX2, 0 MUX4, 0 MUX8, 0 MUX16
    Replaced tree at $auto$rtlil.cc:3381:MuxGate$32211: 2 MUX2, 0 MUX4, 0 MUX8, 0 MUX16
    Replaced tree at $auto$rtlil.cc:3381:MuxGate$34635: 3 MUX2, 0 MUX4, 0 MUX8, 0 MUX16
    Replaced tree at $auto$rtlil.cc:3381:MuxGate$30095: 2 MUX2, 0 MUX4, 0 MUX8, 0 MUX16
    Replaced tree at $auto$rtlil.cc:3381:MuxGate$32215: 2 MUX2, 0 MUX4, 0 MUX8, 0 MUX16
    Replaced tree at $auto$rtlil.cc:3381:MuxGate$32219: 2 MUX2, 0 MUX4, 0 MUX8, 0 MUX16
    Replaced tree at $auto$rtlil.cc:3381:MuxGate$38189: 2 MUX2, 0 MUX4, 0 MUX8, 0 MUX16
    Replaced tree at $auto$rtlil.cc:3381:MuxGate$32223: 2 MUX2, 0 MUX4, 0 MUX8, 0 MUX16
    Replaced tree at $auto$rtlil.cc:3381:MuxGate$34039: 3 MUX2, 0 MUX4, 0 MUX8, 0 MUX16
    Replaced tree at $auto$rtlil.cc:3381:MuxGate$34631: 3 MUX2, 0 MUX4, 0 MUX8, 0 MUX16
    Replaced tree at $auto$rtlil.cc:3381:MuxGate$39451: 2 MUX2, 0 MUX4, 0 MUX8, 0 MUX16
    Replaced tree at $auto$rtlil.cc:3381:MuxGate$37405: 2 MUX2, 0 MUX4, 0 MUX8, 0 MUX16
    Replaced tree at $auto$rtlil.cc:3381:MuxGate$32073: 3 MUX2, 0 MUX4, 0 MUX8, 0 MUX16
    Replaced tree at $auto$rtlil.cc:3381:MuxGate$32005: 5 MUX2, 0 MUX4, 0 MUX8, 0 MUX16
    Replaced tree at $auto$rtlil.cc:3381:MuxGate$32327: 2 MUX2, 0 MUX4, 0 MUX8, 0 MUX16
    Replaced tree at $auto$rtlil.cc:3381:MuxGate$31981: 5 MUX2, 0 MUX4, 0 MUX8, 0 MUX16
    Replaced tree at $auto$rtlil.cc:3381:MuxGate$34715: 3 MUX2, 0 MUX4, 0 MUX8, 0 MUX16
    Replaced tree at $auto$rtlil.cc:3381:MuxGate$34719: 3 MUX2, 0 MUX4, 0 MUX8, 0 MUX16
    Replaced tree at $auto$rtlil.cc:3381:MuxGate$30505: 4 MUX2, 0 MUX4, 0 MUX8, 0 MUX16
    Replaced tree at $auto$rtlil.cc:3381:MuxGate$34467: 3 MUX2, 0 MUX4, 0 MUX8, 0 MUX16
    Replaced tree at $auto$rtlil.cc:3381:MuxGate$32331: 2 MUX2, 0 MUX4, 0 MUX8, 0 MUX16
    Replaced tree at $auto$rtlil.cc:3381:MuxGate$32315: 2 MUX2, 0 MUX4, 0 MUX8, 0 MUX16
    Replaced tree at $auto$rtlil.cc:3381:MuxGate$32085: 3 MUX2, 0 MUX4, 0 MUX8, 0 MUX16
    Replaced tree at $auto$rtlil.cc:3381:MuxGate$34273: 2 MUX2, 0 MUX4, 0 MUX8, 0 MUX16
    Replaced tree at $auto$rtlil.cc:3381:MuxGate$35413: 2 MUX2, 0 MUX4, 0 MUX8, 0 MUX16
    Replaced tree at $auto$rtlil.cc:3381:MuxGate$31941: 2 MUX2, 0 MUX4, 0 MUX8, 0 MUX16
    Replaced tree at $auto$rtlil.cc:3381:MuxGate$30501: 4 MUX2, 0 MUX4, 0 MUX8, 0 MUX16
    Replaced tree at $auto$rtlil.cc:3381:MuxGate$32319: 2 MUX2, 0 MUX4, 0 MUX8, 0 MUX16
    Replaced tree at $auto$rtlil.cc:3381:MuxGate$32629: 2 MUX2, 0 MUX4, 0 MUX8, 0 MUX16
    Replaced tree at $auto$rtlil.cc:3381:MuxGate$37429: 2 MUX2, 0 MUX4, 0 MUX8, 0 MUX16
    Replaced tree at $auto$rtlil.cc:3381:MuxGate$31929: 2 MUX2, 0 MUX4, 0 MUX8, 0 MUX16
    Replaced tree at $auto$rtlil.cc:3381:MuxGate$39523: 2 MUX2, 0 MUX4, 0 MUX8, 0 MUX16
    Replaced tree at $auto$rtlil.cc:3381:MuxGate$34277: 2 MUX2, 0 MUX4, 0 MUX8, 0 MUX16
    Replaced tree at $auto$rtlil.cc:3381:MuxGate$32443: 2 MUX2, 0 MUX4, 0 MUX8, 0 MUX16
    Replaced tree at $auto$rtlil.cc:3381:MuxGate$32439: 2 MUX2, 0 MUX4, 0 MUX8, 0 MUX16
    Replaced tree at $auto$rtlil.cc:3381:MuxGate$35421: 2 MUX2, 0 MUX4, 0 MUX8, 0 MUX16
    Replaced tree at $auto$rtlil.cc:3381:MuxGate$30327: 2 MUX2, 0 MUX4, 0 MUX8, 0 MUX16
    Replaced tree at $auto$rtlil.cc:3381:MuxGate$32925: 2 MUX2, 0 MUX4, 0 MUX8, 0 MUX16
    Replaced tree at $auto$rtlil.cc:3381:MuxGate$31913: 2 MUX2, 0 MUX4, 0 MUX8, 0 MUX16
    Replaced tree at $auto$rtlil.cc:3381:MuxGate$32929: 2 MUX2, 0 MUX4, 0 MUX8, 0 MUX16
    Replaced tree at $auto$rtlil.cc:3381:MuxGate$37077: 2 MUX2, 0 MUX4, 0 MUX8, 0 MUX16
    Replaced tree at $auto$rtlil.cc:3381:MuxGate$39479: 2 MUX2, 0 MUX4, 0 MUX8, 0 MUX16
    Replaced tree at $auto$rtlil.cc:3381:MuxGate$31901: 2 MUX2, 0 MUX4, 0 MUX8, 0 MUX16
    Replaced tree at $auto$rtlil.cc:3381:MuxGate$32933: 2 MUX2, 0 MUX4, 0 MUX8, 0 MUX16
    Replaced tree at $auto$rtlil.cc:3381:MuxGate$30179: 2 MUX2, 0 MUX4, 0 MUX8, 0 MUX16
    Replaced tree at $auto$rtlil.cc:3381:MuxGate$31893: 2 MUX2, 0 MUX4, 0 MUX8, 0 MUX16
    Replaced tree at $auto$rtlil.cc:3381:MuxGate$39515: 2 MUX2, 0 MUX4, 0 MUX8, 0 MUX16
    Replaced tree at \u_soc.u_cpu.:4133.Y [0]: 1 MUX2, 0 MUX4, 0 MUX8, 0 MUX16
    Replaced tree at \u_soc.u_cpu.:4133.Y [1]: 1 MUX2, 0 MUX4, 0 MUX8, 0 MUX16
    Replaced tree at \u_soc.u_cpu.:4133.Y [2]: 1 MUX2, 0 MUX4, 0 MUX8, 0 MUX16
    Replaced tree at \u_soc.u_cpu.:4133.Y [3]: 1 MUX2, 0 MUX4, 0 MUX8, 0 MUX16
    Replaced tree at $auto$rtlil.cc:3381:MuxGate$32669: 2 MUX2, 0 MUX4, 0 MUX8, 0 MUX16
    Replaced tree at $auto$rtlil.cc:3381:MuxGate$33985: 4 MUX2, 0 MUX4, 0 MUX8, 0 MUX16
    Replaced tree at $auto$rtlil.cc:3381:MuxGate$34471: 3 MUX2, 0 MUX4, 0 MUX8, 0 MUX16
    Replaced tree at $auto$rtlil.cc:3381:MuxGate$37597: 2 MUX2, 0 MUX4, 0 MUX8, 0 MUX16
    Replaced tree at $auto$rtlil.cc:3381:MuxGate$32877: 2 MUX2, 0 MUX4, 0 MUX8, 0 MUX16
    Replaced tree at $auto$rtlil.cc:3381:MuxGate$37425: 2 MUX2, 0 MUX4, 0 MUX8, 0 MUX16
    Replaced tree at $auto$rtlil.cc:3381:MuxGate$37421: 2 MUX2, 0 MUX4, 0 MUX8, 0 MUX16
    Replaced tree at $auto$rtlil.cc:3381:MuxGate$39471: 2 MUX2, 0 MUX4, 0 MUX8, 0 MUX16
    Replaced tree at $auto$rtlil.cc:3381:MuxGate$34439: 3 MUX2, 0 MUX4, 0 MUX8, 0 MUX16
    Replaced tree at $auto$rtlil.cc:3381:MuxGate$39507: 2 MUX2, 0 MUX4, 0 MUX8, 0 MUX16
    Replaced tree at $auto$rtlil.cc:3381:MuxGate$32569: 4 MUX2, 0 MUX4, 0 MUX8, 0 MUX16
    Replaced tree at $auto$rtlil.cc:3381:MuxGate$39467: 2 MUX2, 0 MUX4, 0 MUX8, 0 MUX16
    Replaced tree at $auto$rtlil.cc:3381:MuxGate$39503: 2 MUX2, 0 MUX4, 0 MUX8, 0 MUX16
    Replaced tree at $auto$rtlil.cc:3381:MuxGate$39463: 2 MUX2, 0 MUX4, 0 MUX8, 0 MUX16
    Replaced tree at $auto$rtlil.cc:3381:MuxGate$34443: 3 MUX2, 0 MUX4, 0 MUX8, 0 MUX16
    Replaced tree at $auto$rtlil.cc:3381:MuxGate$37085: 2 MUX2, 0 MUX4, 0 MUX8, 0 MUX16
    Replaced tree at $auto$rtlil.cc:3381:MuxGate$30331: 2 MUX2, 0 MUX4, 0 MUX8, 0 MUX16
    Replaced tree at $auto$rtlil.cc:3381:MuxGate$39499: 2 MUX2, 0 MUX4, 0 MUX8, 0 MUX16
    Replaced tree at $auto$rtlil.cc:3381:MuxGate$37553: 2 MUX2, 0 MUX4, 0 MUX8, 0 MUX16
    Replaced tree at $auto$rtlil.cc:3381:MuxGate$39459: 2 MUX2, 0 MUX4, 0 MUX8, 0 MUX16
    Replaced tree at $auto$rtlil.cc:3381:MuxGate$39495: 2 MUX2, 0 MUX4, 0 MUX8, 0 MUX16
    Replaced tree at $auto$rtlil.cc:3381:MuxGate$34027: 1 MUX2, 0 MUX4, 0 MUX8, 0 MUX16
    Replaced tree at $auto$rtlil.cc:3381:MuxGate$34447: 3 MUX2, 0 MUX4, 0 MUX8, 0 MUX16
    Replaced tree at $auto$rtlil.cc:3381:MuxGate$30351: 2 MUX2, 0 MUX4, 0 MUX8, 0 MUX16
    Replaced tree at $auto$rtlil.cc:3381:MuxGate$33851: 1 MUX2, 0 MUX4, 0 MUX8, 0 MUX16
    Replaced tree at $auto$rtlil.cc:3381:MuxGate$32777: 2 MUX2, 0 MUX4, 0 MUX8, 0 MUX16
    Replaced tree at $auto$rtlil.cc:3381:MuxGate$39455: 2 MUX2, 0 MUX4, 0 MUX8, 0 MUX16
    Replaced tree at $auto$rtlil.cc:3381:MuxGate$33989: 4 MUX2, 0 MUX4, 0 MUX8, 0 MUX16
    Replaced tree at $auto$rtlil.cc:3381:MuxGate$39491: 2 MUX2, 0 MUX4, 0 MUX8, 0 MUX16
    Replaced tree at $auto$rtlil.cc:3381:MuxGate$37089: 2 MUX2, 0 MUX4, 0 MUX8, 0 MUX16
    Replaced tree at $auto$rtlil.cc:3381:MuxGate$39487: 2 MUX2, 0 MUX4, 0 MUX8, 0 MUX16
    Replaced tree at $auto$rtlil.cc:3381:MuxGate$32613: 2 MUX2, 0 MUX4, 0 MUX8, 0 MUX16
    Replaced tree at $auto$rtlil.cc:3381:MuxGate$37581: 2 MUX2, 0 MUX4, 0 MUX8, 0 MUX16
    Replaced tree at $auto$rtlil.cc:3381:MuxGate$37505: 2 MUX2, 0 MUX4, 0 MUX8, 0 MUX16
    Replaced tree at $auto$rtlil.cc:3381:MuxGate$37501: 2 MUX2, 0 MUX4, 0 MUX8, 0 MUX16
    Replaced tree at $auto$rtlil.cc:3381:MuxGate$37517: 2 MUX2, 0 MUX4, 0 MUX8, 0 MUX16
    Replaced tree at $auto$rtlil.cc:3381:MuxGate$37357: 2 MUX2, 0 MUX4, 0 MUX8, 0 MUX16
    Replaced tree at $auto$rtlil.cc:3381:MuxGate$37513: 2 MUX2, 0 MUX4, 0 MUX8, 0 MUX16
    Replaced tree at $auto$rtlil.cc:3381:MuxGate$37493: 2 MUX2, 0 MUX4, 0 MUX8, 0 MUX16
    Replaced tree at $auto$rtlil.cc:3381:MuxGate$37521: 2 MUX2, 0 MUX4, 0 MUX8, 0 MUX16
    Replaced tree at $auto$rtlil.cc:3381:MuxGate$37537: 2 MUX2, 0 MUX4, 0 MUX8, 0 MUX16
    Replaced tree at $auto$rtlil.cc:3381:MuxGate$37545: 2 MUX2, 0 MUX4, 0 MUX8, 0 MUX16
    Replaced tree at $auto$rtlil.cc:3381:MuxGate$37525: 2 MUX2, 0 MUX4, 0 MUX8, 0 MUX16
    Replaced tree at $auto$rtlil.cc:3381:MuxGate$37549: 2 MUX2, 0 MUX4, 0 MUX8, 0 MUX16
    Replaced tree at $auto$rtlil.cc:3381:MuxGate$37541: 2 MUX2, 0 MUX4, 0 MUX8, 0 MUX16
    Replaced tree at $auto$rtlil.cc:3381:MuxGate$37529: 2 MUX2, 0 MUX4, 0 MUX8, 0 MUX16
    Replaced tree at $auto$rtlil.cc:3381:MuxGate$37533: 2 MUX2, 0 MUX4, 0 MUX8, 0 MUX16
    Replaced tree at $auto$rtlil.cc:3381:MuxGate$36325: 2 MUX2, 0 MUX4, 0 MUX8, 0 MUX16
    Replaced tree at \u_soc.u_cpu.:6944.B [32]: 1 MUX2, 0 MUX4, 0 MUX8, 0 MUX16
    Replaced tree at \u_soc.u_cpu.:6944.B [33]: 1 MUX2, 0 MUX4, 0 MUX8, 0 MUX16
    Replaced tree at \u_soc.u_cpu.:6944.B [34]: 1 MUX2, 0 MUX4, 0 MUX8, 0 MUX16
    Replaced tree at \u_soc.u_cpu.:6944.B [35]: 1 MUX2, 0 MUX4, 0 MUX8, 0 MUX16
    Replaced tree at \u_soc.u_cpu.:6944.B [36]: 1 MUX2, 0 MUX4, 0 MUX8, 0 MUX16
    Replaced tree at \u_soc.u_cpu.:6944.B [37]: 1 MUX2, 0 MUX4, 0 MUX8, 0 MUX16
    Replaced tree at \u_soc.u_cpu.:6944.B [38]: 1 MUX2, 0 MUX4, 0 MUX8, 0 MUX16
    Replaced tree at \u_soc.u_cpu.:6944.B [39]: 1 MUX2, 0 MUX4, 0 MUX8, 0 MUX16
    Replaced tree at \u_soc.u_cpu.:6944.B [40]: 1 MUX2, 0 MUX4, 0 MUX8, 0 MUX16
    Replaced tree at \u_soc.u_cpu.:6944.B [41]: 1 MUX2, 0 MUX4, 0 MUX8, 0 MUX16
    Replaced tree at \u_soc.u_cpu.:6944.B [42]: 1 MUX2, 0 MUX4, 0 MUX8, 0 MUX16
    Replaced tree at \u_soc.u_cpu.:6944.B [43]: 1 MUX2, 0 MUX4, 0 MUX8, 0 MUX16
    Replaced tree at \u_soc.u_cpu.:6944.B [44]: 1 MUX2, 0 MUX4, 0 MUX8, 0 MUX16
    Replaced tree at \u_soc.u_cpu.:6944.B [45]: 1 MUX2, 0 MUX4, 0 MUX8, 0 MUX16
    Replaced tree at \u_soc.u_cpu.:6944.B [46]: 1 MUX2, 0 MUX4, 0 MUX8, 0 MUX16
    Replaced tree at \u_soc.u_cpu.:6944.B [47]: 1 MUX2, 0 MUX4, 0 MUX8, 0 MUX16
    Replaced tree at \u_soc.u_cpu.:6944.B [48]: 1 MUX2, 0 MUX4, 0 MUX8, 0 MUX16
    Replaced tree at \u_soc.u_cpu.:6944.B [49]: 1 MUX2, 0 MUX4, 0 MUX8, 0 MUX16
    Replaced tree at \u_soc.u_cpu.:6944.B [50]: 1 MUX2, 0 MUX4, 0 MUX8, 0 MUX16
    Replaced tree at \u_soc.u_cpu.:6944.B [51]: 1 MUX2, 0 MUX4, 0 MUX8, 0 MUX16
    Replaced tree at \u_soc.u_cpu.:6944.B [52]: 1 MUX2, 0 MUX4, 0 MUX8, 0 MUX16
    Replaced tree at \u_soc.u_cpu.:6944.B [53]: 1 MUX2, 0 MUX4, 0 MUX8, 0 MUX16
    Replaced tree at \u_soc.u_cpu.:6944.B [54]: 1 MUX2, 0 MUX4, 0 MUX8, 0 MUX16
    Replaced tree at \u_soc.u_cpu.:6944.B [55]: 1 MUX2, 0 MUX4, 0 MUX8, 0 MUX16
    Replaced tree at \u_soc.u_cpu.:6944.B [56]: 1 MUX2, 0 MUX4, 0 MUX8, 0 MUX16
    Replaced tree at \u_soc.u_cpu.:6944.B [57]: 1 MUX2, 0 MUX4, 0 MUX8, 0 MUX16
    Replaced tree at \u_soc.u_cpu.:6944.B [58]: 1 MUX2, 0 MUX4, 0 MUX8, 0 MUX16
    Replaced tree at \u_soc.u_cpu.:6944.B [59]: 1 MUX2, 0 MUX4, 0 MUX8, 0 MUX16
    Replaced tree at \u_soc.u_cpu.:6944.B [60]: 1 MUX2, 0 MUX4, 0 MUX8, 0 MUX16
    Replaced tree at \u_soc.u_cpu.:6944.B [61]: 1 MUX2, 0 MUX4, 0 MUX8, 0 MUX16
    Replaced tree at \u_soc.u_cpu.:6944.B [62]: 1 MUX2, 0 MUX4, 0 MUX8, 0 MUX16
    Replaced tree at \u_soc.u_cpu.:6944.B [63]: 1 MUX2, 0 MUX4, 0 MUX8, 0 MUX16
    Replaced tree at \u_soc.u_cpu.:6944.B [64]: 1 MUX2, 0 MUX4, 0 MUX8, 0 MUX16
    Replaced tree at \u_soc.u_cpu.:6944.B [65]: 1 MUX2, 0 MUX4, 0 MUX8, 0 MUX16
    Replaced tree at \u_soc.u_cpu.:6944.B [66]: 1 MUX2, 0 MUX4, 0 MUX8, 0 MUX16
    Replaced tree at \u_soc.u_cpu.:6944.B [67]: 1 MUX2, 0 MUX4, 0 MUX8, 0 MUX16
    Replaced tree at \u_soc.u_cpu.:6944.B [68]: 1 MUX2, 0 MUX4, 0 MUX8, 0 MUX16
    Replaced tree at \u_soc.u_cpu.:6944.B [69]: 1 MUX2, 0 MUX4, 0 MUX8, 0 MUX16
    Replaced tree at \u_soc.u_cpu.:6944.B [70]: 1 MUX2, 0 MUX4, 0 MUX8, 0 MUX16
    Replaced tree at \u_soc.u_cpu.:6944.B [71]: 1 MUX2, 0 MUX4, 0 MUX8, 0 MUX16
    Replaced tree at \u_soc.u_cpu.:6944.B [72]: 1 MUX2, 0 MUX4, 0 MUX8, 0 MUX16
    Replaced tree at \u_soc.u_cpu.:6944.B [73]: 1 MUX2, 0 MUX4, 0 MUX8, 0 MUX16
    Replaced tree at \u_soc.u_cpu.:6944.B [74]: 1 MUX2, 0 MUX4, 0 MUX8, 0 MUX16
    Replaced tree at \u_soc.u_cpu.:6944.B [75]: 1 MUX2, 0 MUX4, 0 MUX8, 0 MUX16
    Replaced tree at \u_soc.u_cpu.:6944.B [76]: 1 MUX2, 0 MUX4, 0 MUX8, 0 MUX16
    Replaced tree at \u_soc.u_cpu.:6944.B [77]: 1 MUX2, 0 MUX4, 0 MUX8, 0 MUX16
    Replaced tree at \u_soc.u_cpu.:6944.B [78]: 1 MUX2, 0 MUX4, 0 MUX8, 0 MUX16
    Replaced tree at \u_soc.u_cpu.:6944.B [79]: 1 MUX2, 0 MUX4, 0 MUX8, 0 MUX16
    Replaced tree at \u_soc.u_cpu.:6944.B [80]: 1 MUX2, 0 MUX4, 0 MUX8, 0 MUX16
    Replaced tree at \u_soc.u_cpu.:6944.B [81]: 1 MUX2, 0 MUX4, 0 MUX8, 0 MUX16
    Replaced tree at \u_soc.u_cpu.:6944.B [82]: 1 MUX2, 0 MUX4, 0 MUX8, 0 MUX16
    Replaced tree at \u_soc.u_cpu.:6944.B [83]: 1 MUX2, 0 MUX4, 0 MUX8, 0 MUX16
    Replaced tree at \u_soc.u_cpu.:6944.B [84]: 1 MUX2, 0 MUX4, 0 MUX8, 0 MUX16
    Replaced tree at \u_soc.u_cpu.:6944.B [85]: 1 MUX2, 0 MUX4, 0 MUX8, 0 MUX16
    Replaced tree at \u_soc.u_cpu.:6944.B [86]: 1 MUX2, 0 MUX4, 0 MUX8, 0 MUX16
    Replaced tree at \u_soc.u_cpu.:6944.B [87]: 1 MUX2, 0 MUX4, 0 MUX8, 0 MUX16
    Replaced tree at \u_soc.u_cpu.:6944.B [88]: 1 MUX2, 0 MUX4, 0 MUX8, 0 MUX16
    Replaced tree at \u_soc.u_cpu.:6944.B [89]: 1 MUX2, 0 MUX4, 0 MUX8, 0 MUX16
    Replaced tree at \u_soc.u_cpu.:6944.B [90]: 1 MUX2, 0 MUX4, 0 MUX8, 0 MUX16
    Replaced tree at \u_soc.u_cpu.:6944.B [91]: 1 MUX2, 0 MUX4, 0 MUX8, 0 MUX16
    Replaced tree at \u_soc.u_cpu.:6944.B [92]: 1 MUX2, 0 MUX4, 0 MUX8, 0 MUX16
    Replaced tree at \u_soc.u_cpu.:6944.B [93]: 1 MUX2, 0 MUX4, 0 MUX8, 0 MUX16
    Replaced tree at \u_soc.u_cpu.:6944.B [94]: 1 MUX2, 0 MUX4, 0 MUX8, 0 MUX16
    Replaced tree at \u_soc.u_cpu.:6944.B [95]: 1 MUX2, 0 MUX4, 0 MUX8, 0 MUX16
    Replaced tree at $auto$rtlil.cc:3381:MuxGate$30343: 2 MUX2, 0 MUX4, 0 MUX8, 0 MUX16
    Replaced tree at $auto$rtlil.cc:3381:MuxGate$32461: 3 MUX2, 0 MUX4, 0 MUX8, 0 MUX16
    Replaced tree at $auto$rtlil.cc:3381:MuxGate$32459: 1 MUX2, 0 MUX4, 0 MUX8, 0 MUX16
    Replaced tree at $auto$rtlil.cc:3381:MuxGate$32457: 1 MUX2, 0 MUX4, 0 MUX8, 0 MUX16
    Replaced tree at $auto$rtlil.cc:3381:MuxGate$39041: 2 MUX2, 0 MUX4, 0 MUX8, 0 MUX16
    Replaced tree at $auto$rtlil.cc:3381:MuxGate$32455: 1 MUX2, 0 MUX4, 0 MUX8, 0 MUX16
    Replaced tree at $auto$rtlil.cc:3381:MuxGate$32453: 1 MUX2, 0 MUX4, 0 MUX8, 0 MUX16
    Replaced tree at $auto$rtlil.cc:3381:MuxGate$32451: 2 MUX2, 0 MUX4, 0 MUX8, 0 MUX16
    Replaced tree at $auto$rtlil.cc:3381:MuxGate$34563: 3 MUX2, 0 MUX4, 0 MUX8, 0 MUX16
    Replaced tree at $auto$rtlil.cc:3381:MuxGate$38953: 2 MUX2, 0 MUX4, 0 MUX8, 0 MUX16
    Replaced tree at $auto$rtlil.cc:3381:MuxGate$38949: 2 MUX2, 0 MUX4, 0 MUX8, 0 MUX16
    Replaced tree at $auto$rtlil.cc:3381:MuxGate$38945: 2 MUX2, 0 MUX4, 0 MUX8, 0 MUX16
    Replaced tree at $auto$rtlil.cc:3381:MuxGate$33993: 2 MUX2, 0 MUX4, 0 MUX8, 0 MUX16
    Replaced tree at $auto$rtlil.cc:3381:MuxGate$32609: 2 MUX2, 0 MUX4, 0 MUX8, 0 MUX16
    Replaced tree at $auto$rtlil.cc:3381:MuxGate$38941: 2 MUX2, 0 MUX4, 0 MUX8, 0 MUX16
    Replaced tree at $auto$rtlil.cc:3381:MuxGate$30459: 1 MUX2, 0 MUX4, 0 MUX8, 0 MUX16
    Replaced tree at $auto$rtlil.cc:3381:MuxGate$34455: 3 MUX2, 0 MUX4, 0 MUX8, 0 MUX16
    Replaced tree at $auto$rtlil.cc:3381:MuxGate$30339: 2 MUX2, 0 MUX4, 0 MUX8, 0 MUX16
    Replaced tree at $auto$rtlil.cc:3381:MuxGate$30335: 2 MUX2, 0 MUX4, 0 MUX8, 0 MUX16
    Replaced tree at $auto$rtlil.cc:3381:MuxGate$36525: 2 MUX2, 0 MUX4, 0 MUX8, 0 MUX16
    Replaced tree at $auto$rtlil.cc:3381:MuxGate$32781: 2 MUX2, 0 MUX4, 0 MUX8, 0 MUX16
    Replaced tree at $auto$rtlil.cc:3381:MuxGate$35369: 2 MUX2, 0 MUX4, 0 MUX8, 0 MUX16
    Replaced tree at $auto$rtlil.cc:3381:MuxGate$37093: 2 MUX2, 0 MUX4, 0 MUX8, 0 MUX16
    Replaced tree at $auto$rtlil.cc:3381:MuxGate$32605: 2 MUX2, 0 MUX4, 0 MUX8, 0 MUX16
    Replaced tree at $auto$rtlil.cc:3381:MuxGate$32323: 2 MUX2, 0 MUX4, 0 MUX8, 0 MUX16
    Replaced tree at $auto$rtlil.cc:3381:MuxGate$30455: 1 MUX2, 0 MUX4, 0 MUX8, 0 MUX16
    Replaced tree at $auto$rtlil.cc:3381:MuxGate$33997: 2 MUX2, 0 MUX4, 0 MUX8, 0 MUX16
    Replaced tree at $auto$rtlil.cc:3381:MuxGate$32601: 2 MUX2, 0 MUX4, 0 MUX8, 0 MUX16
    Replaced tree at $auto$rtlil.cc:3381:MuxGate$37473: 2 MUX2, 0 MUX4, 0 MUX8, 0 MUX16
    Replaced tree at $auto$rtlil.cc:3381:MuxGate$33311: 2 MUX2, 0 MUX4, 0 MUX8, 0 MUX16
    Replaced tree at $auto$rtlil.cc:3381:MuxGate$32941: 2 MUX2, 0 MUX4, 0 MUX8, 0 MUX16
    Replaced tree at $auto$rtlil.cc:3381:MuxGate$37393: 2 MUX2, 0 MUX4, 0 MUX8, 0 MUX16
    Replaced tree at $auto$rtlil.cc:3381:MuxGate$34353: 2 MUX2, 0 MUX4, 0 MUX8, 0 MUX16
    Replaced tree at $auto$rtlil.cc:3381:MuxGate$32765: 2 MUX2, 0 MUX4, 0 MUX8, 0 MUX16
    Replaced tree at $auto$rtlil.cc:3381:MuxGate$32447: 2 MUX2, 0 MUX4, 0 MUX8, 0 MUX16
    Replaced tree at $auto$rtlil.cc:3381:MuxGate$32145: 3 MUX2, 0 MUX4, 0 MUX8, 0 MUX16
    Replaced tree at $auto$rtlil.cc:3381:MuxGate$32133: 3 MUX2, 0 MUX4, 0 MUX8, 0 MUX16
    Replaced tree at $auto$rtlil.cc:3381:MuxGate$32953: 2 MUX2, 0 MUX4, 0 MUX8, 0 MUX16
    Replaced tree at $auto$rtlil.cc:3381:MuxGate$34463: 3 MUX2, 0 MUX4, 0 MUX8, 0 MUX16
    Replaced tree at $auto$rtlil.cc:3381:MuxGate$32785: 2 MUX2, 0 MUX4, 0 MUX8, 0 MUX16
    Replaced tree at $auto$rtlil.cc:3381:MuxGate$30031: 2 MUX2, 0 MUX4, 0 MUX8, 0 MUX16
    Replaced tree at $auto$rtlil.cc:3381:MuxGate$34361: 2 MUX2, 0 MUX4, 0 MUX8, 0 MUX16
    Replaced tree at $auto$rtlil.cc:3381:MuxGate$32797: 2 MUX2, 0 MUX4, 0 MUX8, 0 MUX16
    Replaced tree at $auto$rtlil.cc:3381:MuxGate$34357: 2 MUX2, 0 MUX4, 0 MUX8, 0 MUX16
    Replaced tree at $auto$rtlil.cc:3381:MuxGate$32801: 2 MUX2, 0 MUX4, 0 MUX8, 0 MUX16
    Replaced tree at $auto$rtlil.cc:3381:MuxGate$30449: 1 MUX2, 0 MUX4, 0 MUX8, 0 MUX16
    Replaced tree at $auto$rtlil.cc:3381:MuxGate$37389: 2 MUX2, 0 MUX4, 0 MUX8, 0 MUX16
    Replaced tree at $auto$rtlil.cc:3381:MuxGate$32937: 2 MUX2, 0 MUX4, 0 MUX8, 0 MUX16
    Replaced tree at $auto$rtlil.cc:3381:MuxGate$34309: 2 MUX2, 0 MUX4, 0 MUX8, 0 MUX16
    Replaced tree at $auto$rtlil.cc:3381:MuxGate$34035: 3 MUX2, 0 MUX4, 0 MUX8, 0 MUX16
    Replaced tree at $auto$rtlil.cc:3381:MuxGate$34623: 3 MUX2, 0 MUX4, 0 MUX8, 0 MUX16
    Replaced tree at $auto$rtlil.cc:3381:MuxGate$35045: 1 MUX2, 0 MUX4, 0 MUX8, 0 MUX16
    Replaced tree at $auto$rtlil.cc:3381:MuxGate$37477: 2 MUX2, 0 MUX4, 0 MUX8, 0 MUX16
    Replaced tree at $auto$rtlil.cc:3381:MuxGate$30447: 1 MUX2, 0 MUX4, 0 MUX8, 0 MUX16
    Replaced tree at $auto$rtlil.cc:3381:MuxGate$30445: 1 MUX2, 0 MUX4, 0 MUX8, 0 MUX16
    Replaced tree at $auto$rtlil.cc:3381:MuxGate$30443: 1 MUX2, 0 MUX4, 0 MUX8, 0 MUX16
    Replaced tree at $auto$rtlil.cc:3381:MuxGate$33307: 2 MUX2, 0 MUX4, 0 MUX8, 0 MUX16
    Replaced tree at $auto$rtlil.cc:3381:MuxGate$30441: 1 MUX2, 0 MUX4, 0 MUX8, 0 MUX16
    Replaced tree at $auto$rtlil.cc:3381:MuxGate$30439: 1 MUX2, 0 MUX4, 0 MUX8, 0 MUX16
    Replaced tree at $auto$rtlil.cc:3381:MuxGate$30437: 1 MUX2, 0 MUX4, 0 MUX8, 0 MUX16
    Replaced tree at $auto$rtlil.cc:3381:MuxGate$30435: 1 MUX2, 0 MUX4, 0 MUX8, 0 MUX16
    Replaced tree at $auto$rtlil.cc:3381:MuxGate$38197: 2 MUX2, 0 MUX4, 0 MUX8, 0 MUX16
    Replaced tree at $auto$rtlil.cc:3381:MuxGate$30433: 1 MUX2, 0 MUX4, 0 MUX8, 0 MUX16
    Replaced tree at $auto$rtlil.cc:3381:MuxGate$30431: 1 MUX2, 0 MUX4, 0 MUX8, 0 MUX16
    Replaced tree at $auto$rtlil.cc:3381:MuxGate$30429: 1 MUX2, 0 MUX4, 0 MUX8, 0 MUX16
    Replaced tree at $auto$rtlil.cc:3381:MuxGate$31761: 3 MUX2, 0 MUX4, 0 MUX8, 0 MUX16
    Replaced tree at $auto$rtlil.cc:3381:MuxGate$37097: 2 MUX2, 0 MUX4, 0 MUX8, 0 MUX16
    Replaced tree at $auto$rtlil.cc:3381:MuxGate$31677: 3 MUX2, 0 MUX4, 0 MUX8, 0 MUX16
    Replaced tree at $auto$rtlil.cc:3381:MuxGate$31673: 3 MUX2, 0 MUX4, 0 MUX8, 0 MUX16
    Replaced tree at $auto$rtlil.cc:3381:MuxGate$31669: 3 MUX2, 0 MUX4, 0 MUX8, 0 MUX16
    Replaced tree at $auto$rtlil.cc:3381:MuxGate$31665: 3 MUX2, 0 MUX4, 0 MUX8, 0 MUX16
    Replaced tree at $auto$rtlil.cc:3381:MuxGate$36437: 2 MUX2, 0 MUX4, 0 MUX8, 0 MUX16
    Replaced tree at $auto$rtlil.cc:3381:MuxGate$34341: 2 MUX2, 0 MUX4, 0 MUX8, 0 MUX16
    Replaced tree at $auto$rtlil.cc:3381:MuxGate$32149: 3 MUX2, 0 MUX4, 0 MUX8, 0 MUX16
    Replaced tree at $auto$rtlil.cc:3381:MuxGate$31581: 4 MUX2, 0 MUX4, 0 MUX8, 0 MUX16
    Replaced tree at $auto$rtlil.cc:3381:MuxGate$31577: 4 MUX2, 0 MUX4, 0 MUX8, 0 MUX16
    Replaced tree at $auto$rtlil.cc:3381:MuxGate$37633: 2 MUX2, 0 MUX4, 0 MUX8, 0 MUX16
    Replaced tree at $auto$rtlil.cc:3381:MuxGate$32885: 2 MUX2, 0 MUX4, 0 MUX8, 0 MUX16
    Replaced tree at $auto$rtlil.cc:3381:MuxGate$31573: 4 MUX2, 0 MUX4, 0 MUX8, 0 MUX16
    Replaced tree at $auto$rtlil.cc:3381:MuxGate$37669: 2 MUX2, 0 MUX4, 0 MUX8, 0 MUX16
    Replaced tree at $auto$rtlil.cc:3381:MuxGate$38717: 2 MUX2, 0 MUX4, 0 MUX8, 0 MUX16
    Replaced tree at $auto$rtlil.cc:3381:MuxGate$31553: 3 MUX2, 0 MUX4, 0 MUX8, 0 MUX16
    Replaced tree at $auto$rtlil.cc:3381:MuxGate$30425: 1 MUX2, 0 MUX4, 0 MUX8, 0 MUX16
    Replaced tree at $auto$rtlil.cc:3381:MuxGate$30423: 1 MUX2, 0 MUX4, 0 MUX8, 0 MUX16
    Replaced tree at $auto$rtlil.cc:3381:MuxGate$30421: 1 MUX2, 0 MUX4, 0 MUX8, 0 MUX16
    Replaced tree at $auto$rtlil.cc:3381:MuxGate$31549: 3 MUX2, 0 MUX4, 0 MUX8, 0 MUX16
    Replaced tree at $auto$rtlil.cc:3381:MuxGate$37397: 2 MUX2, 0 MUX4, 0 MUX8, 0 MUX16
    Replaced tree at $auto$rtlil.cc:3381:MuxGate$31509: 3 MUX2, 0 MUX4, 0 MUX8, 0 MUX16
    Replaced tree at $auto$rtlil.cc:3381:MuxGate$33303: 2 MUX2, 0 MUX4, 0 MUX8, 0 MUX16
    Replaced tree at $auto$rtlil.cc:3381:MuxGate$37449: 2 MUX2, 0 MUX4, 0 MUX8, 0 MUX16
    Replaced tree at $auto$rtlil.cc:3381:MuxGate$33299: 2 MUX2, 0 MUX4, 0 MUX8, 0 MUX16
    Replaced tree at $auto$rtlil.cc:3381:MuxGate$33295: 2 MUX2, 0 MUX4, 0 MUX8, 0 MUX16
    Replaced tree at $auto$rtlil.cc:3381:MuxGate$33291: 2 MUX2, 0 MUX4, 0 MUX8, 0 MUX16
    Replaced tree at $auto$rtlil.cc:3381:MuxGate$30419: 1 MUX2, 0 MUX4, 0 MUX8, 0 MUX16
    Replaced tree at $auto$rtlil.cc:3381:MuxGate$36529: 2 MUX2, 0 MUX4, 0 MUX8, 0 MUX16
    Replaced tree at $auto$rtlil.cc:3381:MuxGate$33287: 2 MUX2, 0 MUX4, 0 MUX8, 0 MUX16
    Replaced tree at $auto$rtlil.cc:3381:MuxGate$31449: 3 MUX2, 0 MUX4, 0 MUX8, 0 MUX16
    Replaced tree at $auto$rtlil.cc:3381:MuxGate$33283: 2 MUX2, 0 MUX4, 0 MUX8, 0 MUX16
    Replaced tree at $auto$rtlil.cc:3381:MuxGate$33279: 2 MUX2, 0 MUX4, 0 MUX8, 0 MUX16
    Replaced tree at $auto$rtlil.cc:3381:MuxGate$33275: 2 MUX2, 0 MUX4, 0 MUX8, 0 MUX16
    Replaced tree at $auto$rtlil.cc:3381:MuxGate$35417: 2 MUX2, 0 MUX4, 0 MUX8, 0 MUX16
    Replaced tree at $auto$rtlil.cc:3381:MuxGate$39475: 2 MUX2, 0 MUX4, 0 MUX8, 0 MUX16
    Replaced tree at $auto$rtlil.cc:3381:MuxGate$32295: 2 MUX2, 0 MUX4, 0 MUX8, 0 MUX16
    Replaced tree at $auto$rtlil.cc:3381:MuxGate$31425: 4 MUX2, 10 MUX4, 0 MUX8, 0 MUX16
    Replaced tree at $auto$rtlil.cc:3381:MuxGate$34405: 2 MUX2, 0 MUX4, 0 MUX8, 0 MUX16
    Replaced tree at $auto$rtlil.cc:3381:MuxGate$30417: 1 MUX2, 0 MUX4, 0 MUX8, 0 MUX16
    Replaced tree at $auto$rtlil.cc:3381:MuxGate$30415: 1 MUX2, 0 MUX4, 0 MUX8, 0 MUX16
    Replaced tree at $auto$rtlil.cc:3381:MuxGate$31393: 4 MUX2, 10 MUX4, 0 MUX8, 0 MUX16
    Replaced tree at $auto$rtlil.cc:3381:MuxGate$31373: 4 MUX2, 10 MUX4, 0 MUX8, 0 MUX16
    Replaced tree at $auto$rtlil.cc:3381:MuxGate$39511: 2 MUX2, 0 MUX4, 0 MUX8, 0 MUX16
    Replaced tree at $auto$rtlil.cc:3381:MuxGate$37081: 2 MUX2, 0 MUX4, 0 MUX8, 0 MUX16
    Replaced tree at $auto$rtlil.cc:3381:MuxGate$32637: 2 MUX2, 0 MUX4, 0 MUX8, 0 MUX16
    Replaced tree at \u_soc.u_cpu.:6621.B [32]: 1 MUX2, 0 MUX4, 0 MUX8, 0 MUX16
    Replaced tree at \u_soc.u_cpu.:6621.B [33]: 1 MUX2, 0 MUX4, 0 MUX8, 0 MUX16
    Replaced tree at \u_soc.u_cpu.:6621.B [34]: 1 MUX2, 0 MUX4, 0 MUX8, 0 MUX16
    Replaced tree at \u_soc.u_cpu.:6621.B [35]: 1 MUX2, 0 MUX4, 0 MUX8, 0 MUX16
    Replaced tree at \u_soc.u_cpu.:6621.B [36]: 1 MUX2, 0 MUX4, 0 MUX8, 0 MUX16
    Replaced tree at \u_soc.u_cpu.:6621.B [37]: 1 MUX2, 0 MUX4, 0 MUX8, 0 MUX16
    Replaced tree at \u_soc.u_cpu.:6621.B [38]: 1 MUX2, 0 MUX4, 0 MUX8, 0 MUX16
    Replaced tree at \u_soc.u_cpu.:6621.B [39]: 1 MUX2, 0 MUX4, 0 MUX8, 0 MUX16
    Replaced tree at \u_soc.u_cpu.:6621.B [40]: 1 MUX2, 0 MUX4, 0 MUX8, 0 MUX16
    Replaced tree at \u_soc.u_cpu.:6621.B [41]: 1 MUX2, 0 MUX4, 0 MUX8, 0 MUX16
    Replaced tree at \u_soc.u_cpu.:6621.B [42]: 1 MUX2, 0 MUX4, 0 MUX8, 0 MUX16
    Replaced tree at \u_soc.u_cpu.:6621.B [43]: 1 MUX2, 0 MUX4, 0 MUX8, 0 MUX16
    Replaced tree at \u_soc.u_cpu.:6621.B [44]: 1 MUX2, 0 MUX4, 0 MUX8, 0 MUX16
    Replaced tree at \u_soc.u_cpu.:6621.B [45]: 1 MUX2, 0 MUX4, 0 MUX8, 0 MUX16
    Replaced tree at \u_soc.u_cpu.:6621.B [46]: 1 MUX2, 0 MUX4, 0 MUX8, 0 MUX16
    Replaced tree at \u_soc.u_cpu.:6621.B [47]: 1 MUX2, 0 MUX4, 0 MUX8, 0 MUX16
    Replaced tree at $auto$rtlil.cc:3381:MuxGate$34265: 2 MUX2, 0 MUX4, 0 MUX8, 0 MUX16
    Replaced tree at $auto$rtlil.cc:3381:MuxGate$32829: 2 MUX2, 0 MUX4, 0 MUX8, 0 MUX16
    Replaced tree at $auto$rtlil.cc:3381:MuxGate$37353: 2 MUX2, 0 MUX4, 0 MUX8, 0 MUX16
    Replaced tree at $auto$rtlil.cc:3381:MuxGate$35365: 2 MUX2, 0 MUX4, 0 MUX8, 0 MUX16
    Replaced tree at $auto$rtlil.cc:3381:MuxGate$31277: 4 MUX2, 10 MUX4, 0 MUX8, 0 MUX16
    Replaced tree at $auto$rtlil.cc:3381:MuxGate$32833: 2 MUX2, 0 MUX4, 0 MUX8, 0 MUX16
    Replaced tree at $auto$rtlil.cc:3381:MuxGate$32335: 2 MUX2, 0 MUX4, 0 MUX8, 0 MUX16
    Replaced tree at $auto$rtlil.cc:3381:MuxGate$30347: 2 MUX2, 0 MUX4, 0 MUX8, 0 MUX16
    Replaced tree at $auto$rtlil.cc:3381:MuxGate$34575: 3 MUX2, 0 MUX4, 0 MUX8, 0 MUX16
    Replaced tree at $auto$rtlil.cc:3381:MuxGate$34001: 2 MUX2, 0 MUX4, 0 MUX8, 0 MUX16
    Replaced tree at $auto$rtlil.cc:3381:MuxGate$30413: 1 MUX2, 0 MUX4, 0 MUX8, 0 MUX16
    Replaced tree at $auto$rtlil.cc:3381:MuxGate$32311: 2 MUX2, 0 MUX4, 0 MUX8, 0 MUX16
    Replaced tree at $auto$rtlil.cc:3381:MuxGate$37373: 2 MUX2, 0 MUX4, 0 MUX8, 0 MUX16
    Replaced tree at $auto$rtlil.cc:3381:MuxGate$31125: 4 MUX2, 0 MUX4, 0 MUX8, 0 MUX16
    Replaced tree at $auto$rtlil.cc:3381:MuxGate$30411: 2 MUX2, 0 MUX4, 0 MUX8, 0 MUX16
    Replaced tree at $auto$rtlil.cc:3381:MuxGate$30407: 2 MUX2, 0 MUX4, 0 MUX8, 0 MUX16
    Replaced tree at $auto$rtlil.cc:3381:MuxGate$31101: 4 MUX2, 0 MUX4, 0 MUX8, 0 MUX16
    Replaced tree at $auto$rtlil.cc:3381:MuxGate$36029: 2 MUX2, 0 MUX4, 0 MUX8, 0 MUX16
    Replaced tree at $auto$rtlil.cc:3381:MuxGate$37433: 2 MUX2, 0 MUX4, 0 MUX8, 0 MUX16
    Replaced tree at $auto$rtlil.cc:3381:MuxGate$31097: 4 MUX2, 0 MUX4, 0 MUX8, 0 MUX16
    Replaced tree at $auto$rtlil.cc:3381:MuxGate$31093: 4 MUX2, 0 MUX4, 0 MUX8, 0 MUX16
    Replaced tree at $auto$rtlil.cc:3381:MuxGate$31089: 4 MUX2, 0 MUX4, 0 MUX8, 0 MUX16
    Replaced tree at $auto$rtlil.cc:3381:MuxGate$31085: 4 MUX2, 0 MUX4, 0 MUX8, 0 MUX16
    Replaced tree at $auto$rtlil.cc:3381:MuxGate$30091: 2 MUX2, 0 MUX4, 0 MUX8, 0 MUX16
    Replaced tree at $auto$rtlil.cc:3381:MuxGate$32153: 3 MUX2, 0 MUX4, 0 MUX8, 0 MUX16
  Added a total of 1 decoder MUXes.
<suppressed ~160164 debug messages>

2.42. Executing OPT pass (performing simple optimizations).

2.42.1. Executing OPT_EXPR pass (perform const folding).
Optimizing module riscv_soc_gatemate.
<suppressed ~1096 debug messages>

2.42.2. Executing OPT_MERGE pass (detect identical cells).
Finding identical cells in module `\riscv_soc_gatemate'.
<suppressed ~96 debug messages>
Removed a total of 32 cells.

2.42.3. Executing OPT_MUXTREE pass (detect dead branches in mux trees).
Running muxtree optimizer on module \riscv_soc_gatemate..
  Creating internal representation of mux trees.
  No muxes found in this module.
Removed 0 multiplexer ports.

2.42.4. Executing OPT_REDUCE pass (consolidate $*mux and $reduce_* inputs).
  Optimizing cells in module \riscv_soc_gatemate.
Performed a total of 0 changes.

2.42.5. Executing OPT_MERGE pass (detect identical cells).
Finding identical cells in module `\riscv_soc_gatemate'.
Removed a total of 0 cells.

2.42.6. Executing OPT_SHARE pass.

2.42.7. Executing OPT_DFF pass (perform DFF optimizations).

2.42.8. Executing OPT_CLEAN pass (remove unused cells and wires).
Finding unused cells or wires in module \riscv_soc_gatemate..
Removed 0 unused cells and 39 unused wires.
<suppressed ~1 debug messages>

2.42.9. Executing OPT_EXPR pass (perform const folding).
Optimizing module riscv_soc_gatemate.

2.42.10. Rerunning OPT passes. (Maybe there is more to do..)

2.42.11. Executing OPT_MUXTREE pass (detect dead branches in mux trees).
Running muxtree optimizer on module \riscv_soc_gatemate..
  Creating internal representation of mux trees.
  No muxes found in this module.
Removed 0 multiplexer ports.

2.42.12. Executing OPT_REDUCE pass (consolidate $*mux and $reduce_* inputs).
  Optimizing cells in module \riscv_soc_gatemate.
Performed a total of 0 changes.

2.42.13. Executing OPT_MERGE pass (detect identical cells).
Finding identical cells in module `\riscv_soc_gatemate'.
Removed a total of 0 cells.

2.42.14. Executing OPT_SHARE pass.

2.42.15. Executing OPT_DFF pass (perform DFF optimizations).

2.42.16. Executing OPT_CLEAN pass (remove unused cells and wires).
Finding unused cells or wires in module \riscv_soc_gatemate..

2.42.17. Executing OPT_EXPR pass (perform const folding).
Optimizing module riscv_soc_gatemate.

2.42.18. Finished fast OPT passes. (There is nothing left to do.)

2.43. Executing SIMPLEMAP pass (map simple cells to gate primitives).

2.44. Executing TECHMAP pass (map to technology primitives).

2.44.1. Executing Verilog-2005 frontend: /home/krischan-ledwig/Downloads/oss-cad-suite-linux-x64-20251104/oss-cad-suite/lib/../share/yosys/gatemate/mux_map.v
Parsing Verilog input from `/home/krischan-ledwig/Downloads/oss-cad-suite-linux-x64-20251104/oss-cad-suite/lib/../share/yosys/gatemate/mux_map.v' to AST representation.
verilog frontend filename /home/krischan-ledwig/Downloads/oss-cad-suite-linux-x64-20251104/oss-cad-suite/lib/../share/yosys/gatemate/mux_map.v
Generating RTLIL representation for module `\$_MUX8_'.
Generating RTLIL representation for module `\$_MUX4_'.
Successfully finished Verilog frontend.

2.44.2. Continuing TECHMAP pass.
Using template \$_MUX4_ for cells of type $_MUX4_.
No more expansions possible.
<suppressed ~698 debug messages>

2.45. Executing ABC pass (technology mapping using ABC).

2.45.1. Extracting gate netlist of module `\riscv_soc_gatemate' to `<abc-temp-dir>/input.blif'..

2.45.1.1. Executed ABC.
Extracted 12835 gates and 16190 wires to a netlist network with 3353 inputs and 2833 outputs.
Running ABC script: <abc-temp-dir>/abc.script
ABC: UC Berkeley, ABC 1.01 (compiled Nov  4 2025 02:35:02)
ABC: abc 01> empty
ABC: abc 01> source <abc-temp-dir>/abc.script
ABC: + read_blif <abc-temp-dir>/input.blif 
ABC: + read_library <yosys-exe-dir>/../share/yosys/gatemate/lut_tree_cells.genlib 
ABC: + strash 
ABC: + &get -n 
ABC: + &fraig -x 
ABC: + &put 
ABC: + scorr 
ABC: Warning: The network is combinational (run "fraig" or "fraig_sweep").
ABC: + dc2 
ABC: + dretime 
ABC: + strash 
ABC: + &get -n 
ABC: + &dch -f 
ABC: + &nf 
ABC: + &put 
ABC: + write_blif <abc-temp-dir>/output.blif 

2.45.1.2. Re-integrating ABC results.
ABC RESULTS:          $__CC2_A cells:     2024
ABC RESULTS:          $__CC2_O cells:      124
ABC RESULTS:          $__CC2_X cells:       11
ABC RESULTS:         $__CC3_AA cells:      168
ABC RESULTS:         $__CC3_AO cells:      178
ABC RESULTS:         $__CC3_AX cells:        3
ABC RESULTS:         $__CC3_OA cells:      395
ABC RESULTS:         $__CC3_OO cells:      129
ABC RESULTS:        $__CC3_O_X cells:        3
ABC RESULTS:         $__CC3_XA cells:       30
ABC RESULTS:         $__CC3_XX cells:       36
ABC RESULTS:        $__CC3_X_O cells:        2
ABC RESULTS:        $__CC4_AAA cells:      220
ABC RESULTS:        $__CC4_AAO cells:      339
ABC RESULTS:        $__CC4_AAX cells:       23
ABC RESULTS:       $__CC4_AA_O cells:       42
ABC RESULTS:        $__CC4_AOA cells:      370
ABC RESULTS:        $__CC4_AOX cells:       10
ABC RESULTS:       $__CC4_AO_A cells:      108
ABC RESULTS:       $__CC4_AO_O cells:       48
ABC RESULTS:       $__CC4_AO_X cells:        1
ABC RESULTS:       $__CC4_AX_A cells:        1
ABC RESULTS:       $__CC4_AX_O cells:        1
ABC RESULTS:       $__CC4_OA_O cells:       83
ABC RESULTS:       $__CC4_OO_A cells:       15
ABC RESULTS:        $__CC4_XAX cells:       26
ABC RESULTS:       $__CC4_XA_O cells:        1
ABC RESULTS:        $__CC4_XXX cells:       81
ABC RESULTS:       $__CC4_XX_O cells:        2
ABC RESULTS:      $__CC5_AAA_A cells:       47
ABC RESULTS:      $__CC5_AAA_O cells:       23
ABC RESULTS:      $__CC5_AAO_A cells:       27
ABC RESULTS:      $__CC5_AAO_O cells:       42
ABC RESULTS:      $__CC5_AAX_A cells:        8
ABC RESULTS:      $__CC5_AAX_O cells:        2
ABC RESULTS:      $__CC5_AAX_X cells:        1
ABC RESULTS:      $__CC5_AOA_A cells:      141
ABC RESULTS:      $__CC5_AOA_O cells:      172
ABC RESULTS:      $__CC5_AOX_O cells:        7
ABC RESULTS:      $__CC5_XAX_A cells:       13
ABC RESULTS:      $__CC5_XXX_O cells:        1
ABC RESULTS:      $__CC5_XXX_X cells:       16
ABC RESULTS:         $__CC_MUX cells:     2542
ABC RESULTS:         $__CC_NOT cells:     1593
ABC RESULTS:        internal signals:    10004
ABC RESULTS:           input signals:     3353
ABC RESULTS:          output signals:     2833
Removing temp directory.
Removing global temp directory.

2.46. Executing TECHMAP pass (map to technology primitives).

2.46.1. Executing Verilog-2005 frontend: /home/krischan-ledwig/Downloads/oss-cad-suite-linux-x64-20251104/oss-cad-suite/lib/../share/yosys/gatemate/lut_tree_map.v
Parsing Verilog input from `/home/krischan-ledwig/Downloads/oss-cad-suite-linux-x64-20251104/oss-cad-suite/lib/../share/yosys/gatemate/lut_tree_map.v' to AST representation.
verilog frontend filename /home/krischan-ledwig/Downloads/oss-cad-suite-linux-x64-20251104/oss-cad-suite/lib/../share/yosys/gatemate/lut_tree_map.v
Generating RTLIL representation for module `\$__ZERO'.
Generating RTLIL representation for module `\$__ONE'.
Generating RTLIL representation for module `\$__CC_BUF'.
Generating RTLIL representation for module `\$__CC_MUX'.
Generating RTLIL representation for module `\$__CC2_A'.
Generating RTLIL representation for module `\$__CC3_A_O'.
Generating RTLIL representation for module `\$__CC3_A_X'.
Generating RTLIL representation for module `\$__CC2_O'.
Generating RTLIL representation for module `\$__CC3_O_A'.
Generating RTLIL representation for module `\$__CC3_O_X'.
Generating RTLIL representation for module `\$__CC2_X'.
Generating RTLIL representation for module `\$__CC3_X_A'.
Generating RTLIL representation for module `\$__CC3_X_O'.
Generating RTLIL representation for module `\$__CC3_AA'.
Generating RTLIL representation for module `\$__CC4_AA_O'.
Generating RTLIL representation for module `\$__CC4_AA_X'.
Generating RTLIL representation for module `\$__CC3_OO'.
Generating RTLIL representation for module `\$__CC4_OO_A'.
Generating RTLIL representation for module `\$__CC4_OO_X'.
Generating RTLIL representation for module `\$__CC3_XX'.
Generating RTLIL representation for module `\$__CC4_XX_A'.
Generating RTLIL representation for module `\$__CC4_XX_O'.
Generating RTLIL representation for module `\$__CC3_AO'.
Generating RTLIL representation for module `\$__CC4_AO_A'.
Generating RTLIL representation for module `\$__CC4_AO_O'.
Generating RTLIL representation for module `\$__CC4_AO_X'.
Generating RTLIL representation for module `\$__CC3_OA'.
Generating RTLIL representation for module `\$__CC4_OA_A'.
Generating RTLIL representation for module `\$__CC4_OA_O'.
Generating RTLIL representation for module `\$__CC4_OA_X'.
Generating RTLIL representation for module `\$__CC3_AX'.
Generating RTLIL representation for module `\$__CC4_AX_A'.
Generating RTLIL representation for module `\$__CC4_AX_O'.
Generating RTLIL representation for module `\$__CC4_AX_X'.
Generating RTLIL representation for module `\$__CC3_XA'.
Generating RTLIL representation for module `\$__CC4_XA_A'.
Generating RTLIL representation for module `\$__CC4_XA_O'.
Generating RTLIL representation for module `\$__CC4_XA_X'.
Generating RTLIL representation for module `\$__CC4_AAA'.
Generating RTLIL representation for module `\$__CC5_AAA_A'.
Generating RTLIL representation for module `\$__CC5_AAA_O'.
Generating RTLIL representation for module `\$__CC5_AAA_X'.
Generating RTLIL representation for module `\$__CC4_AXA'.
Generating RTLIL representation for module `\$__CC5_AXA_A'.
Generating RTLIL representation for module `\$__CC5_AXA_O'.
Generating RTLIL representation for module `\$__CC5_AXA_X'.
Generating RTLIL representation for module `\$__CC4_XAX'.
Generating RTLIL representation for module `\$__CC5_XAX_A'.
Generating RTLIL representation for module `\$__CC5_XAX_O'.
Generating RTLIL representation for module `\$__CC5_XAX_X'.
Generating RTLIL representation for module `\$__CC4_AAX'.
Generating RTLIL representation for module `\$__CC5_AAX_A'.
Generating RTLIL representation for module `\$__CC5_AAX_O'.
Generating RTLIL representation for module `\$__CC5_AAX_X'.
Generating RTLIL representation for module `\$__CC4_AXX'.
Generating RTLIL representation for module `\$__CC5_AXX_A'.
Generating RTLIL representation for module `\$__CC5_AXX_O'.
Generating RTLIL representation for module `\$__CC5_AXX_X'.
Generating RTLIL representation for module `\$__CC4_XXX'.
Generating RTLIL representation for module `\$__CC5_XXX_A'.
Generating RTLIL representation for module `\$__CC5_XXX_O'.
Generating RTLIL representation for module `\$__CC5_XXX_X'.
Generating RTLIL representation for module `\$__CC4_AAO'.
Generating RTLIL representation for module `\$__CC5_AAO_A'.
Generating RTLIL representation for module `\$__CC5_AAO_O'.
Generating RTLIL representation for module `\$__CC5_AAO_X'.
Generating RTLIL representation for module `\$__CC4_AOA'.
Generating RTLIL representation for module `\$__CC5_AOA_A'.
Generating RTLIL representation for module `\$__CC5_AOA_O'.
Generating RTLIL representation for module `\$__CC5_AOA_X'.
Generating RTLIL representation for module `\$__CC4_AOX'.
Generating RTLIL representation for module `\$__CC5_AOX_A'.
Generating RTLIL representation for module `\$__CC5_AOX_O'.
Generating RTLIL representation for module `\$__CC5_AOX_X'.
Successfully finished Verilog frontend.

2.46.2. Continuing TECHMAP pass.
Using template \$__CC5_AAA_A for cells of type $__CC5_AAA_A.
Using template \$__CC4_AAA for cells of type $__CC4_AAA.
Using template \$__CC2_A for cells of type $__CC2_A.
Using template \$__CC3_AA for cells of type $__CC3_AA.
Using template \$__CC_MUX for cells of type $__CC_MUX.
Using template \$__CC4_AOA for cells of type $__CC4_AOA.
Using template \$__CC5_AOA_O for cells of type $__CC5_AOA_O.
Using template \$__CC3_OO for cells of type $__CC3_OO.
Using template \$__CC4_AAO for cells of type $__CC4_AAO.
Using template \$__CC4_AAX for cells of type $__CC4_AAX.
Using template \$__CC4_AOX for cells of type $__CC4_AOX.
Using template \$__CC3_OA for cells of type $__CC3_OA.
Using template \$__CC5_XAX_A for cells of type $__CC5_XAX_A.
Using template \$__CC5_AAO_A for cells of type $__CC5_AAO_A.
Using template \$__CC4_AA_O for cells of type $__CC4_AA_O.
Using template \$__CC4_XXX for cells of type $__CC4_XXX.
Using template \$__CC5_XXX_X for cells of type $__CC5_XXX_X.
Using template \$__CC3_XX for cells of type $__CC3_XX.
Using template \$__CC2_X for cells of type $__CC2_X.
Using template \$__CC4_AO_A for cells of type $__CC4_AO_A.
Using template \$__CC3_AO for cells of type $__CC3_AO.
Using template \$__CC2_O for cells of type $__CC2_O.
Using template \$__CC4_AO_O for cells of type $__CC4_AO_O.
Using template \$__CC5_AAX_A for cells of type $__CC5_AAX_A.
Using template \$__CC4_XAX for cells of type $__CC4_XAX.
Using template \$__CC4_XX_O for cells of type $__CC4_XX_O.
Using template \$__CC4_OO_A for cells of type $__CC4_OO_A.
Using template \$__CC5_AAO_O for cells of type $__CC5_AAO_O.
Using template \$__CC4_OA_O for cells of type $__CC4_OA_O.
Using template \$__CC5_AOA_A for cells of type $__CC5_AOA_A.
Using template \$__CC3_XA for cells of type $__CC3_XA.
Using template \$__CC3_O_X for cells of type $__CC3_O_X.
Using template \$__CC3_AX for cells of type $__CC3_AX.
Using template \$__CC5_AOX_O for cells of type $__CC5_AOX_O.
Using template \$__CC5_AAX_X for cells of type $__CC5_AAX_X.
Using template \$__CC4_AO_X for cells of type $__CC4_AO_X.
Using template \$__CC5_AAX_O for cells of type $__CC5_AAX_O.
Using template \$__CC3_X_O for cells of type $__CC3_X_O.
Using template \$__CC5_AAA_O for cells of type $__CC5_AAA_O.
Using template \$__CC5_XXX_O for cells of type $__CC5_XXX_O.
Using template \$__CC4_AX_A for cells of type $__CC4_AX_A.
Using template \$__CC4_XA_O for cells of type $__CC4_XA_O.
Using template \$__CC4_AX_O for cells of type $__CC4_AX_O.
No more expansions possible.
<suppressed ~7592 debug messages>

2.47. Executing GATEMATE_FOLDINV pass (folding LUT tree inverters).

2.48. Executing TECHMAP pass (map to technology primitives).

2.48.1. Executing Verilog-2005 frontend: /home/krischan-ledwig/Downloads/oss-cad-suite-linux-x64-20251104/oss-cad-suite/lib/../share/yosys/gatemate/inv_map.v
Parsing Verilog input from `/home/krischan-ledwig/Downloads/oss-cad-suite-linux-x64-20251104/oss-cad-suite/lib/../share/yosys/gatemate/inv_map.v' to AST representation.
verilog frontend filename /home/krischan-ledwig/Downloads/oss-cad-suite-linux-x64-20251104/oss-cad-suite/lib/../share/yosys/gatemate/inv_map.v
Generating RTLIL representation for module `\$__CC_NOT'.
Successfully finished Verilog frontend.

2.48.2. Continuing TECHMAP pass.
Using template \$__CC_NOT for cells of type $__CC_NOT.
No more expansions possible.
<suppressed ~1596 debug messages>
Removed 2094 unused cells and 50813 unused wires.

2.49. Executing TECHMAP pass (map to technology primitives).

2.49.1. Executing Verilog-2005 frontend: /home/krischan-ledwig/Downloads/oss-cad-suite-linux-x64-20251104/oss-cad-suite/lib/../share/yosys/gatemate/lut_map.v
Parsing Verilog input from `/home/krischan-ledwig/Downloads/oss-cad-suite-linux-x64-20251104/oss-cad-suite/lib/../share/yosys/gatemate/lut_map.v' to AST representation.
verilog frontend filename /home/krischan-ledwig/Downloads/oss-cad-suite-linux-x64-20251104/oss-cad-suite/lib/../share/yosys/gatemate/lut_map.v
Generating RTLIL representation for module `\$lut'.
Successfully finished Verilog frontend.

2.49.2. Continuing TECHMAP pass.
No more expansions possible.
<suppressed ~3 debug messages>

2.50. Executing CLKBUFMAP pass (inserting clock buffers).
Inserting CC_BUFG on riscv_soc_gatemate.u_soc.clk[0].

2.51. Executing HIERARCHY pass (managing design hierarchy).
Attribute `top' found on module `riscv_soc_gatemate'. Setting top module to riscv_soc_gatemate.

2.51.1. Analyzing design hierarchy..
Top module:  \riscv_soc_gatemate

2.51.2. Analyzing design hierarchy..
Top module:  \riscv_soc_gatemate
Removed 0 unused modules.
Warning: Resizing cell port riscv_soc_gatemate.u_soc.u_imem.ram.0.0.B_DO from 10 bits to 40 bits.
Warning: Resizing cell port riscv_soc_gatemate.u_soc.u_imem.ram.0.1.B_DO from 10 bits to 40 bits.
Warning: Resizing cell port riscv_soc_gatemate.u_soc.u_imem.ram.0.2.B_DO from 10 bits to 40 bits.
Warning: Resizing cell port riscv_soc_gatemate.u_soc.u_imem.ram.0.3.B_DO from 10 bits to 40 bits.

2.52. Printing statistics.

=== riscv_soc_gatemate ===

        +----------Local Count, excluding submodules.
        | 
     8575 wires
    30913 wire bits
      780 public wires
    20670 public wire bits
        5 ports
        5 port bits
    11674 cells
       11   $scopeinfo
      581   CC_ADDF
        5   CC_BRAM_40K
        1   CC_BUFG
     2669   CC_DFF
        3   CC_IBUF
     2027   CC_L2T4
      813   CC_L2T5
      164   CC_LUT1
     2161   CC_LUT2
        1   CC_MULT
     2542   CC_MX2
      694   CC_MX4
        2   CC_OBUF

2.53. Executing CHECK pass (checking for obvious problems).
Checking module riscv_soc_gatemate...
Found and reported 0 problems.

2.54. Executing OPT_CLEAN pass (remove unused cells and wires).
Finding unused cells or wires in module \riscv_soc_gatemate..
Removed 11 unused cells and 654 unused wires.
<suppressed ~665 debug messages>

3. Executing JSON backend.

Warnings: 4 unique messages, 4 total
End of script. Logfile hash: 20c10ef121, CPU: user 4.24s system 0.06s, MEM: 116.84 MB peak
Yosys 0.58+98 (git sha1 2d7a191b0, clang++ 18.1.8 -fPIC -O3)
Time spent: 27% 1x abc (1 sec), 17% 32x opt_clean (1 sec), ...
