
*** Running vivado
    with args -log design_1.vds -m64 -product Vivado -mode batch -messageDb vivado.pb -notrace -source design_1.tcl


WARNING: Default location for XILINX_HLS not found: 

****** Vivado v2024.1 (64-bit)
  **** SW Build 5076996 on Wed May 22 18:37:14 MDT 2024
  **** IP Build 5075265 on Wed May 22 21:45:21 MDT 2024
  **** SharedData Build 5076995 on Wed May 22 18:29:18 MDT 2024
  **** Start of session at: Wed May  6 15:57:08 2026
    ** Copyright 1986-2022 Xilinx, Inc. All Rights Reserved.
    ** Copyright 2022-2024 Advanced Micro Devices, Inc. All Rights Reserved.

source design_1.tcl -notrace
create_project: Time (s): cpu = 00:00:08 ; elapsed = 00:00:09 . Memory (MB): peak = 530.824 ; gain = 199.277
INFO: [IP_Flow 19-234] Refreshing IP repositories
INFO: [IP_Flow 19-1700] Loaded user IP repository 'd:/Documents/FAU/NanoSat/riscv_radhart_coll/RiscVFSM/Riscvfsmwrapper'.
WARNING: [IP_Flow 19-3656] If you move the project, the path for repository 'd:/Documents/FAU/NanoSat/riscv_radhart_coll/RiscVFSM/Riscvfsmwrapper' may become invalid. A better location for the repository would be in a path adjacent to the project. (Current project location is 'd:/Documents/FAU/NanoSat/riscv_radhart_coll/RiscVFSM/Riscvfsmwrapper/Riscvfsmwrapper.runs/design_1_synth_1'.)
INFO: [IP_Flow 19-2313] Loaded Vivado IP repository 'C:/Xilinx/Vivado/2024.1/data/ip'.
WARNING: [IP_Flow 19-4995] The host OS only allows 260 characters in a normal path. The IP cache path is more than 80 characters. If you experience issues with IP caching, please consider changing the IP cache to a location with a shorter path. Alternately consider using the OS subst command to map part of the path to a drive letter. 
Current IP cache path is d:/Documents/FAU/NanoSat/riscv_radhart_coll/RiscVFSM/Riscvfsmwrapper/Riscvfsmwrapper.cache/ip 
Command: synth_design -top design_1 -part xczu3eg-sbva484-1-i -incremental_mode off -mode out_of_context
Starting synth_design
Attempting to get a license for feature 'Synthesis' and/or device 'xczu3eg'
INFO: [Common 17-349] Got license for feature 'Synthesis' and/or device 'xczu3eg'
INFO: [Device 21-403] Loading part xczu3eg-sbva484-1-i
INFO: [Synth 8-7079] Multithreading enabled for synth_design using a maximum of 2 processes.
INFO: [Synth 8-7078] Launching helper process for spawning children vivado processes
INFO: [Synth 8-7075] Helper process launched with PID 20196
---------------------------------------------------------------------------------
Starting RTL Elaboration : Time (s): cpu = 00:00:10 ; elapsed = 00:00:11 . Memory (MB): peak = 1890.137 ; gain = 393.254
---------------------------------------------------------------------------------
INFO: [Synth 8-11241] undeclared symbol 'dp_audi_ref_clk', assumed default net type 'wire' [d:/Documents/FAU/NanoSat/riscv_radhart_coll/RiscVFSM/Riscvfsmwrapper/Riscvfsmwrapper.gen/sources_1/bd/design_1/ip/design_1_zynq_ultra_ps_e_0_0/hdl/zynq_ultra_ps_e_v3_5_3.v:2366]
WARNING: [Synth 8-9112] actual for formal port 'data_i' is neither a static name nor a globally static expression [d:/Documents/FAU/NanoSat/riscv_radhart_coll/RiscVFSM/Riscvfsmwrapper/Riscvfsmwrapper.srcs/sources_1/bd/design_1/ipshared/0343/src/regfile.vhd:104]
WARNING: [Synth 8-9112] actual for formal port 'data_i' is neither a static name nor a globally static expression [d:/Documents/FAU/NanoSat/riscv_radhart_coll/RiscVFSM/Riscvfsmwrapper/Riscvfsmwrapper.srcs/sources_1/bd/design_1/ipshared/0343/src/regfile.vhd:113]
WARNING: [Synth 8-9112] actual for formal port 'data_i' is neither a static name nor a globally static expression [d:/Documents/FAU/NanoSat/riscv_radhart_coll/RiscVFSM/Riscvfsmwrapper/Riscvfsmwrapper.srcs/sources_1/bd/design_1/ipshared/0343/src/regfile.vhd:122]
WARNING: [Synth 8-9112] actual for formal port 'data_i' is neither a static name nor a globally static expression [d:/Documents/FAU/NanoSat/riscv_radhart_coll/RiscVFSM/Riscvfsmwrapper/Riscvfsmwrapper.srcs/sources_1/bd/design_1/ipshared/0343/src/dmem.vhd:149]
WARNING: [Synth 8-9112] actual for formal port 'data_i' is neither a static name nor a globally static expression [d:/Documents/FAU/NanoSat/riscv_radhart_coll/RiscVFSM/Riscvfsmwrapper/Riscvfsmwrapper.srcs/sources_1/bd/design_1/ipshared/0343/src/imem_dp_ram.vhd:182]
INFO: [Synth 8-6157] synthesizing module 'design_1' [d:/Documents/FAU/NanoSat/riscv_radhart_coll/RiscVFSM/Riscvfsmwrapper/Riscvfsmwrapper.gen/sources_1/bd/design_1/synth/design_1.v:13]
INFO: [Synth 8-6157] synthesizing module 'design_1_axi_interconnect_0_1' [d:/Documents/FAU/NanoSat/riscv_radhart_coll/RiscVFSM/Riscvfsmwrapper/Riscvfsmwrapper.gen/sources_1/bd/design_1/synth/design_1.v:206]
INFO: [Synth 8-6157] synthesizing module 's00_couplers_imp_O7FAN0' [d:/Documents/FAU/NanoSat/riscv_radhart_coll/RiscVFSM/Riscvfsmwrapper/Riscvfsmwrapper.gen/sources_1/bd/design_1/synth/design_1.v:506]
INFO: [Synth 8-6157] synthesizing module 'design_1_auto_pc_0' [d:/Documents/FAU/NanoSat/riscv_radhart_coll/RiscVFSM/Riscvfsmwrapper/Riscvfsmwrapper.gen/sources_1/bd/design_1/ip/design_1_auto_pc_0/synth/design_1_auto_pc_0.v:53]
INFO: [Synth 8-6157] synthesizing module 'axi_protocol_converter_v2_1_31_axi_protocol_converter' [d:/Documents/FAU/NanoSat/riscv_radhart_coll/RiscVFSM/Riscvfsmwrapper/Riscvfsmwrapper.srcs/sources_1/bd/design_1/ipshared/3c06/hdl/axi_protocol_converter_v2_1_vl_rfs.v:5285]
INFO: [Synth 8-6157] synthesizing module 'axi_protocol_converter_v2_1_31_b2s' [d:/Documents/FAU/NanoSat/riscv_radhart_coll/RiscVFSM/Riscvfsmwrapper/Riscvfsmwrapper.srcs/sources_1/bd/design_1/ipshared/3c06/hdl/axi_protocol_converter_v2_1_vl_rfs.v:4704]
INFO: [Synth 8-6157] synthesizing module 'axi_protocol_converter_v2_1_31_b2s_aw_channel' [d:/Documents/FAU/NanoSat/riscv_radhart_coll/RiscVFSM/Riscvfsmwrapper/Riscvfsmwrapper.srcs/sources_1/bd/design_1/ipshared/3c06/hdl/axi_protocol_converter_v2_1_vl_rfs.v:4360]
INFO: [Synth 8-6157] synthesizing module 'axi_protocol_converter_v2_1_31_b2s_cmd_translator' [d:/Documents/FAU/NanoSat/riscv_radhart_coll/RiscVFSM/Riscvfsmwrapper/Riscvfsmwrapper.srcs/sources_1/bd/design_1/ipshared/3c06/hdl/axi_protocol_converter_v2_1_vl_rfs.v:3720]
INFO: [Synth 8-6157] synthesizing module 'axi_protocol_converter_v2_1_31_b2s_incr_cmd' [d:/Documents/FAU/NanoSat/riscv_radhart_coll/RiscVFSM/Riscvfsmwrapper/Riscvfsmwrapper.srcs/sources_1/bd/design_1/ipshared/3c06/hdl/axi_protocol_converter_v2_1_vl_rfs.v:3216]
INFO: [Synth 8-6155] done synthesizing module 'axi_protocol_converter_v2_1_31_b2s_incr_cmd' (0#1) [d:/Documents/FAU/NanoSat/riscv_radhart_coll/RiscVFSM/Riscvfsmwrapper/Riscvfsmwrapper.srcs/sources_1/bd/design_1/ipshared/3c06/hdl/axi_protocol_converter_v2_1_vl_rfs.v:3216]
INFO: [Synth 8-6157] synthesizing module 'axi_protocol_converter_v2_1_31_b2s_wrap_cmd' [d:/Documents/FAU/NanoSat/riscv_radhart_coll/RiscVFSM/Riscvfsmwrapper/Riscvfsmwrapper.srcs/sources_1/bd/design_1/ipshared/3c06/hdl/axi_protocol_converter_v2_1_vl_rfs.v:2982]
INFO: [Synth 8-6155] done synthesizing module 'axi_protocol_converter_v2_1_31_b2s_wrap_cmd' (0#1) [d:/Documents/FAU/NanoSat/riscv_radhart_coll/RiscVFSM/Riscvfsmwrapper/Riscvfsmwrapper.srcs/sources_1/bd/design_1/ipshared/3c06/hdl/axi_protocol_converter_v2_1_vl_rfs.v:2982]
INFO: [Synth 8-6155] done synthesizing module 'axi_protocol_converter_v2_1_31_b2s_cmd_translator' (0#1) [d:/Documents/FAU/NanoSat/riscv_radhart_coll/RiscVFSM/Riscvfsmwrapper/Riscvfsmwrapper.srcs/sources_1/bd/design_1/ipshared/3c06/hdl/axi_protocol_converter_v2_1_vl_rfs.v:3720]
INFO: [Synth 8-6157] synthesizing module 'axi_protocol_converter_v2_1_31_b2s_wr_cmd_fsm' [d:/Documents/FAU/NanoSat/riscv_radhart_coll/RiscVFSM/Riscvfsmwrapper/Riscvfsmwrapper.srcs/sources_1/bd/design_1/ipshared/3c06/hdl/axi_protocol_converter_v2_1_vl_rfs.v:3392]
INFO: [Synth 8-226] default block is never used [d:/Documents/FAU/NanoSat/riscv_radhart_coll/RiscVFSM/Riscvfsmwrapper/Riscvfsmwrapper.srcs/sources_1/bd/design_1/ipshared/3c06/hdl/axi_protocol_converter_v2_1_vl_rfs.v:3446]
INFO: [Synth 8-6155] done synthesizing module 'axi_protocol_converter_v2_1_31_b2s_wr_cmd_fsm' (0#1) [d:/Documents/FAU/NanoSat/riscv_radhart_coll/RiscVFSM/Riscvfsmwrapper/Riscvfsmwrapper.srcs/sources_1/bd/design_1/ipshared/3c06/hdl/axi_protocol_converter_v2_1_vl_rfs.v:3392]
INFO: [Synth 8-6155] done synthesizing module 'axi_protocol_converter_v2_1_31_b2s_aw_channel' (0#1) [d:/Documents/FAU/NanoSat/riscv_radhart_coll/RiscVFSM/Riscvfsmwrapper/Riscvfsmwrapper.srcs/sources_1/bd/design_1/ipshared/3c06/hdl/axi_protocol_converter_v2_1_vl_rfs.v:4360]
INFO: [Synth 8-6157] synthesizing module 'axi_protocol_converter_v2_1_31_b2s_b_channel' [d:/Documents/FAU/NanoSat/riscv_radhart_coll/RiscVFSM/Riscvfsmwrapper/Riscvfsmwrapper.srcs/sources_1/bd/design_1/ipshared/3c06/hdl/axi_protocol_converter_v2_1_vl_rfs.v:3906]
INFO: [Synth 8-6157] synthesizing module 'axi_protocol_converter_v2_1_31_b2s_simple_fifo' [d:/Documents/FAU/NanoSat/riscv_radhart_coll/RiscVFSM/Riscvfsmwrapper/Riscvfsmwrapper.srcs/sources_1/bd/design_1/ipshared/3c06/hdl/axi_protocol_converter_v2_1_vl_rfs.v:2852]
INFO: [Synth 8-6155] done synthesizing module 'axi_protocol_converter_v2_1_31_b2s_simple_fifo' (0#1) [d:/Documents/FAU/NanoSat/riscv_radhart_coll/RiscVFSM/Riscvfsmwrapper/Riscvfsmwrapper.srcs/sources_1/bd/design_1/ipshared/3c06/hdl/axi_protocol_converter_v2_1_vl_rfs.v:2852]
INFO: [Synth 8-6157] synthesizing module 'axi_protocol_converter_v2_1_31_b2s_simple_fifo__parameterized0' [d:/Documents/FAU/NanoSat/riscv_radhart_coll/RiscVFSM/Riscvfsmwrapper/Riscvfsmwrapper.srcs/sources_1/bd/design_1/ipshared/3c06/hdl/axi_protocol_converter_v2_1_vl_rfs.v:2852]
INFO: [Synth 8-6155] done synthesizing module 'axi_protocol_converter_v2_1_31_b2s_simple_fifo__parameterized0' (0#1) [d:/Documents/FAU/NanoSat/riscv_radhart_coll/RiscVFSM/Riscvfsmwrapper/Riscvfsmwrapper.srcs/sources_1/bd/design_1/ipshared/3c06/hdl/axi_protocol_converter_v2_1_vl_rfs.v:2852]
INFO: [Synth 8-6155] done synthesizing module 'axi_protocol_converter_v2_1_31_b2s_b_channel' (0#1) [d:/Documents/FAU/NanoSat/riscv_radhart_coll/RiscVFSM/Riscvfsmwrapper/Riscvfsmwrapper.srcs/sources_1/bd/design_1/ipshared/3c06/hdl/axi_protocol_converter_v2_1_vl_rfs.v:3906]
INFO: [Synth 8-6157] synthesizing module 'axi_protocol_converter_v2_1_31_b2s_ar_channel' [d:/Documents/FAU/NanoSat/riscv_radhart_coll/RiscVFSM/Riscvfsmwrapper/Riscvfsmwrapper.srcs/sources_1/bd/design_1/ipshared/3c06/hdl/axi_protocol_converter_v2_1_vl_rfs.v:4516]
INFO: [Synth 8-6157] synthesizing module 'axi_protocol_converter_v2_1_31_b2s_rd_cmd_fsm' [d:/Documents/FAU/NanoSat/riscv_radhart_coll/RiscVFSM/Riscvfsmwrapper/Riscvfsmwrapper.srcs/sources_1/bd/design_1/ipshared/3c06/hdl/axi_protocol_converter_v2_1_vl_rfs.v:3546]
INFO: [Synth 8-226] default block is never used [d:/Documents/FAU/NanoSat/riscv_radhart_coll/RiscVFSM/Riscvfsmwrapper/Riscvfsmwrapper.srcs/sources_1/bd/design_1/ipshared/3c06/hdl/axi_protocol_converter_v2_1_vl_rfs.v:3608]
INFO: [Synth 8-6155] done synthesizing module 'axi_protocol_converter_v2_1_31_b2s_rd_cmd_fsm' (0#1) [d:/Documents/FAU/NanoSat/riscv_radhart_coll/RiscVFSM/Riscvfsmwrapper/Riscvfsmwrapper.srcs/sources_1/bd/design_1/ipshared/3c06/hdl/axi_protocol_converter_v2_1_vl_rfs.v:3546]
INFO: [Synth 8-6155] done synthesizing module 'axi_protocol_converter_v2_1_31_b2s_ar_channel' (0#1) [d:/Documents/FAU/NanoSat/riscv_radhart_coll/RiscVFSM/Riscvfsmwrapper/Riscvfsmwrapper.srcs/sources_1/bd/design_1/ipshared/3c06/hdl/axi_protocol_converter_v2_1_vl_rfs.v:4516]
INFO: [Synth 8-6157] synthesizing module 'axi_protocol_converter_v2_1_31_b2s_r_channel' [d:/Documents/FAU/NanoSat/riscv_radhart_coll/RiscVFSM/Riscvfsmwrapper/Riscvfsmwrapper.srcs/sources_1/bd/design_1/ipshared/3c06/hdl/axi_protocol_converter_v2_1_vl_rfs.v:4155]
INFO: [Synth 8-6157] synthesizing module 'axi_protocol_converter_v2_1_31_b2s_simple_fifo__parameterized1' [d:/Documents/FAU/NanoSat/riscv_radhart_coll/RiscVFSM/Riscvfsmwrapper/Riscvfsmwrapper.srcs/sources_1/bd/design_1/ipshared/3c06/hdl/axi_protocol_converter_v2_1_vl_rfs.v:2852]
INFO: [Synth 8-6155] done synthesizing module 'axi_protocol_converter_v2_1_31_b2s_simple_fifo__parameterized1' (0#1) [d:/Documents/FAU/NanoSat/riscv_radhart_coll/RiscVFSM/Riscvfsmwrapper/Riscvfsmwrapper.srcs/sources_1/bd/design_1/ipshared/3c06/hdl/axi_protocol_converter_v2_1_vl_rfs.v:2852]
INFO: [Synth 8-6157] synthesizing module 'axi_protocol_converter_v2_1_31_b2s_simple_fifo__parameterized2' [d:/Documents/FAU/NanoSat/riscv_radhart_coll/RiscVFSM/Riscvfsmwrapper/Riscvfsmwrapper.srcs/sources_1/bd/design_1/ipshared/3c06/hdl/axi_protocol_converter_v2_1_vl_rfs.v:2852]
INFO: [Synth 8-6155] done synthesizing module 'axi_protocol_converter_v2_1_31_b2s_simple_fifo__parameterized2' (0#1) [d:/Documents/FAU/NanoSat/riscv_radhart_coll/RiscVFSM/Riscvfsmwrapper/Riscvfsmwrapper.srcs/sources_1/bd/design_1/ipshared/3c06/hdl/axi_protocol_converter_v2_1_vl_rfs.v:2852]
INFO: [Synth 8-6155] done synthesizing module 'axi_protocol_converter_v2_1_31_b2s_r_channel' (0#1) [d:/Documents/FAU/NanoSat/riscv_radhart_coll/RiscVFSM/Riscvfsmwrapper/Riscvfsmwrapper.srcs/sources_1/bd/design_1/ipshared/3c06/hdl/axi_protocol_converter_v2_1_vl_rfs.v:4155]
INFO: [Synth 8-6157] synthesizing module 'axi_register_slice_v2_1_31_axi_register_slice' [d:/Documents/FAU/NanoSat/riscv_radhart_coll/RiscVFSM/Riscvfsmwrapper/Riscvfsmwrapper.srcs/sources_1/bd/design_1/ipshared/92b2/hdl/axi_register_slice_v2_1_vl_rfs.v:3718]
INFO: [Synth 8-6157] synthesizing module 'axi_infrastructure_v1_1_0_axi2vector' [d:/Documents/FAU/NanoSat/riscv_radhart_coll/RiscVFSM/Riscvfsmwrapper/Riscvfsmwrapper.srcs/sources_1/bd/design_1/ipshared/ec67/hdl/axi_infrastructure_v1_1_vl_rfs.v:59]
INFO: [Synth 8-6155] done synthesizing module 'axi_infrastructure_v1_1_0_axi2vector' (0#1) [d:/Documents/FAU/NanoSat/riscv_radhart_coll/RiscVFSM/Riscvfsmwrapper/Riscvfsmwrapper.srcs/sources_1/bd/design_1/ipshared/ec67/hdl/axi_infrastructure_v1_1_vl_rfs.v:59]
INFO: [Synth 8-6157] synthesizing module 'axi_infrastructure_v1_1_0_vector2axi' [d:/Documents/FAU/NanoSat/riscv_radhart_coll/RiscVFSM/Riscvfsmwrapper/Riscvfsmwrapper.srcs/sources_1/bd/design_1/ipshared/ec67/hdl/axi_infrastructure_v1_1_vl_rfs.v:473]
INFO: [Synth 8-6155] done synthesizing module 'axi_infrastructure_v1_1_0_vector2axi' (0#1) [d:/Documents/FAU/NanoSat/riscv_radhart_coll/RiscVFSM/Riscvfsmwrapper/Riscvfsmwrapper.srcs/sources_1/bd/design_1/ipshared/ec67/hdl/axi_infrastructure_v1_1_vl_rfs.v:473]
INFO: [Synth 8-6157] synthesizing module 'axi_register_slice_v2_1_31_axic_register_slice' [d:/Documents/FAU/NanoSat/riscv_radhart_coll/RiscVFSM/Riscvfsmwrapper/Riscvfsmwrapper.srcs/sources_1/bd/design_1/ipshared/92b2/hdl/axi_register_slice_v2_1_vl_rfs.v:1492]
INFO: [Synth 8-6155] done synthesizing module 'axi_register_slice_v2_1_31_axic_register_slice' (0#1) [d:/Documents/FAU/NanoSat/riscv_radhart_coll/RiscVFSM/Riscvfsmwrapper/Riscvfsmwrapper.srcs/sources_1/bd/design_1/ipshared/92b2/hdl/axi_register_slice_v2_1_vl_rfs.v:1492]
INFO: [Synth 8-6157] synthesizing module 'axi_register_slice_v2_1_31_axic_register_slice__parameterized0' [d:/Documents/FAU/NanoSat/riscv_radhart_coll/RiscVFSM/Riscvfsmwrapper/Riscvfsmwrapper.srcs/sources_1/bd/design_1/ipshared/92b2/hdl/axi_register_slice_v2_1_vl_rfs.v:1492]
INFO: [Synth 8-6155] done synthesizing module 'axi_register_slice_v2_1_31_axic_register_slice__parameterized0' (0#1) [d:/Documents/FAU/NanoSat/riscv_radhart_coll/RiscVFSM/Riscvfsmwrapper/Riscvfsmwrapper.srcs/sources_1/bd/design_1/ipshared/92b2/hdl/axi_register_slice_v2_1_vl_rfs.v:1492]
INFO: [Synth 8-6157] synthesizing module 'axi_register_slice_v2_1_31_axic_register_slice__parameterized1' [d:/Documents/FAU/NanoSat/riscv_radhart_coll/RiscVFSM/Riscvfsmwrapper/Riscvfsmwrapper.srcs/sources_1/bd/design_1/ipshared/92b2/hdl/axi_register_slice_v2_1_vl_rfs.v:1492]
INFO: [Synth 8-6155] done synthesizing module 'axi_register_slice_v2_1_31_axic_register_slice__parameterized1' (0#1) [d:/Documents/FAU/NanoSat/riscv_radhart_coll/RiscVFSM/Riscvfsmwrapper/Riscvfsmwrapper.srcs/sources_1/bd/design_1/ipshared/92b2/hdl/axi_register_slice_v2_1_vl_rfs.v:1492]
INFO: [Synth 8-6157] synthesizing module 'axi_register_slice_v2_1_31_axic_register_slice__parameterized2' [d:/Documents/FAU/NanoSat/riscv_radhart_coll/RiscVFSM/Riscvfsmwrapper/Riscvfsmwrapper.srcs/sources_1/bd/design_1/ipshared/92b2/hdl/axi_register_slice_v2_1_vl_rfs.v:1492]
INFO: [Synth 8-6155] done synthesizing module 'axi_register_slice_v2_1_31_axic_register_slice__parameterized2' (0#1) [d:/Documents/FAU/NanoSat/riscv_radhart_coll/RiscVFSM/Riscvfsmwrapper/Riscvfsmwrapper.srcs/sources_1/bd/design_1/ipshared/92b2/hdl/axi_register_slice_v2_1_vl_rfs.v:1492]
INFO: [Synth 8-6155] done synthesizing module 'axi_register_slice_v2_1_31_axi_register_slice' (0#1) [d:/Documents/FAU/NanoSat/riscv_radhart_coll/RiscVFSM/Riscvfsmwrapper/Riscvfsmwrapper.srcs/sources_1/bd/design_1/ipshared/92b2/hdl/axi_register_slice_v2_1_vl_rfs.v:3718]
WARNING: [Synth 8-7071] port 'aclk2x' of module 'axi_register_slice_v2_1_31_axi_register_slice' is unconnected for instance 'SI_REG' [d:/Documents/FAU/NanoSat/riscv_radhart_coll/RiscVFSM/Riscvfsmwrapper/Riscvfsmwrapper.srcs/sources_1/bd/design_1/ipshared/3c06/hdl/axi_protocol_converter_v2_1_vl_rfs.v:4871]
WARNING: [Synth 8-7023] instance 'SI_REG' of module 'axi_register_slice_v2_1_31_axi_register_slice' has 93 connections declared, but only 92 given [d:/Documents/FAU/NanoSat/riscv_radhart_coll/RiscVFSM/Riscvfsmwrapper/Riscvfsmwrapper.srcs/sources_1/bd/design_1/ipshared/3c06/hdl/axi_protocol_converter_v2_1_vl_rfs.v:4871]
INFO: [Synth 8-6157] synthesizing module 'axi_register_slice_v2_1_31_axi_register_slice__parameterized0' [d:/Documents/FAU/NanoSat/riscv_radhart_coll/RiscVFSM/Riscvfsmwrapper/Riscvfsmwrapper.srcs/sources_1/bd/design_1/ipshared/92b2/hdl/axi_register_slice_v2_1_vl_rfs.v:3718]
INFO: [Synth 8-6157] synthesizing module 'axi_infrastructure_v1_1_0_axi2vector__parameterized0' [d:/Documents/FAU/NanoSat/riscv_radhart_coll/RiscVFSM/Riscvfsmwrapper/Riscvfsmwrapper.srcs/sources_1/bd/design_1/ipshared/ec67/hdl/axi_infrastructure_v1_1_vl_rfs.v:59]
INFO: [Synth 8-6155] done synthesizing module 'axi_infrastructure_v1_1_0_axi2vector__parameterized0' (0#1) [d:/Documents/FAU/NanoSat/riscv_radhart_coll/RiscVFSM/Riscvfsmwrapper/Riscvfsmwrapper.srcs/sources_1/bd/design_1/ipshared/ec67/hdl/axi_infrastructure_v1_1_vl_rfs.v:59]
INFO: [Synth 8-6157] synthesizing module 'axi_infrastructure_v1_1_0_vector2axi__parameterized0' [d:/Documents/FAU/NanoSat/riscv_radhart_coll/RiscVFSM/Riscvfsmwrapper/Riscvfsmwrapper.srcs/sources_1/bd/design_1/ipshared/ec67/hdl/axi_infrastructure_v1_1_vl_rfs.v:473]
INFO: [Synth 8-6155] done synthesizing module 'axi_infrastructure_v1_1_0_vector2axi__parameterized0' (0#1) [d:/Documents/FAU/NanoSat/riscv_radhart_coll/RiscVFSM/Riscvfsmwrapper/Riscvfsmwrapper.srcs/sources_1/bd/design_1/ipshared/ec67/hdl/axi_infrastructure_v1_1_vl_rfs.v:473]
INFO: [Synth 8-6157] synthesizing module 'axi_register_slice_v2_1_31_axic_register_slice__parameterized3' [d:/Documents/FAU/NanoSat/riscv_radhart_coll/RiscVFSM/Riscvfsmwrapper/Riscvfsmwrapper.srcs/sources_1/bd/design_1/ipshared/92b2/hdl/axi_register_slice_v2_1_vl_rfs.v:1492]
INFO: [Synth 8-6155] done synthesizing module 'axi_register_slice_v2_1_31_axic_register_slice__parameterized3' (0#1) [d:/Documents/FAU/NanoSat/riscv_radhart_coll/RiscVFSM/Riscvfsmwrapper/Riscvfsmwrapper.srcs/sources_1/bd/design_1/ipshared/92b2/hdl/axi_register_slice_v2_1_vl_rfs.v:1492]
INFO: [Synth 8-6157] synthesizing module 'axi_register_slice_v2_1_31_axic_register_slice__parameterized4' [d:/Documents/FAU/NanoSat/riscv_radhart_coll/RiscVFSM/Riscvfsmwrapper/Riscvfsmwrapper.srcs/sources_1/bd/design_1/ipshared/92b2/hdl/axi_register_slice_v2_1_vl_rfs.v:1492]
INFO: [Synth 8-6155] done synthesizing module 'axi_register_slice_v2_1_31_axic_register_slice__parameterized4' (0#1) [d:/Documents/FAU/NanoSat/riscv_radhart_coll/RiscVFSM/Riscvfsmwrapper/Riscvfsmwrapper.srcs/sources_1/bd/design_1/ipshared/92b2/hdl/axi_register_slice_v2_1_vl_rfs.v:1492]
INFO: [Synth 8-6157] synthesizing module 'axi_register_slice_v2_1_31_axic_register_slice__parameterized5' [d:/Documents/FAU/NanoSat/riscv_radhart_coll/RiscVFSM/Riscvfsmwrapper/Riscvfsmwrapper.srcs/sources_1/bd/design_1/ipshared/92b2/hdl/axi_register_slice_v2_1_vl_rfs.v:1492]
INFO: [Synth 8-6155] done synthesizing module 'axi_register_slice_v2_1_31_axic_register_slice__parameterized5' (0#1) [d:/Documents/FAU/NanoSat/riscv_radhart_coll/RiscVFSM/Riscvfsmwrapper/Riscvfsmwrapper.srcs/sources_1/bd/design_1/ipshared/92b2/hdl/axi_register_slice_v2_1_vl_rfs.v:1492]
INFO: [Synth 8-6157] synthesizing module 'axi_register_slice_v2_1_31_axic_register_slice__parameterized6' [d:/Documents/FAU/NanoSat/riscv_radhart_coll/RiscVFSM/Riscvfsmwrapper/Riscvfsmwrapper.srcs/sources_1/bd/design_1/ipshared/92b2/hdl/axi_register_slice_v2_1_vl_rfs.v:1492]
INFO: [Synth 8-6155] done synthesizing module 'axi_register_slice_v2_1_31_axic_register_slice__parameterized6' (0#1) [d:/Documents/FAU/NanoSat/riscv_radhart_coll/RiscVFSM/Riscvfsmwrapper/Riscvfsmwrapper.srcs/sources_1/bd/design_1/ipshared/92b2/hdl/axi_register_slice_v2_1_vl_rfs.v:1492]
INFO: [Synth 8-6155] done synthesizing module 'axi_register_slice_v2_1_31_axi_register_slice__parameterized0' (0#1) [d:/Documents/FAU/NanoSat/riscv_radhart_coll/RiscVFSM/Riscvfsmwrapper/Riscvfsmwrapper.srcs/sources_1/bd/design_1/ipshared/92b2/hdl/axi_register_slice_v2_1_vl_rfs.v:3718]
WARNING: [Synth 8-7071] port 'aclk2x' of module 'axi_register_slice_v2_1_31_axi_register_slice' is unconnected for instance 'MI_REG' [d:/Documents/FAU/NanoSat/riscv_radhart_coll/RiscVFSM/Riscvfsmwrapper/Riscvfsmwrapper.srcs/sources_1/bd/design_1/ipshared/3c06/hdl/axi_protocol_converter_v2_1_vl_rfs.v:5126]
WARNING: [Synth 8-7023] instance 'MI_REG' of module 'axi_register_slice_v2_1_31_axi_register_slice' has 93 connections declared, but only 92 given [d:/Documents/FAU/NanoSat/riscv_radhart_coll/RiscVFSM/Riscvfsmwrapper/Riscvfsmwrapper.srcs/sources_1/bd/design_1/ipshared/3c06/hdl/axi_protocol_converter_v2_1_vl_rfs.v:5126]
INFO: [Synth 8-6155] done synthesizing module 'axi_protocol_converter_v2_1_31_b2s' (0#1) [d:/Documents/FAU/NanoSat/riscv_radhart_coll/RiscVFSM/Riscvfsmwrapper/Riscvfsmwrapper.srcs/sources_1/bd/design_1/ipshared/3c06/hdl/axi_protocol_converter_v2_1_vl_rfs.v:4704]
INFO: [Synth 8-6155] done synthesizing module 'axi_protocol_converter_v2_1_31_axi_protocol_converter' (0#1) [d:/Documents/FAU/NanoSat/riscv_radhart_coll/RiscVFSM/Riscvfsmwrapper/Riscvfsmwrapper.srcs/sources_1/bd/design_1/ipshared/3c06/hdl/axi_protocol_converter_v2_1_vl_rfs.v:5285]
INFO: [Synth 8-6155] done synthesizing module 'design_1_auto_pc_0' (0#1) [d:/Documents/FAU/NanoSat/riscv_radhart_coll/RiscVFSM/Riscvfsmwrapper/Riscvfsmwrapper.gen/sources_1/bd/design_1/ip/design_1_auto_pc_0/synth/design_1_auto_pc_0.v:53]
WARNING: [Synth 8-7071] port 'm_axi_awprot' of module 'design_1_auto_pc_0' is unconnected for instance 'auto_pc' [d:/Documents/FAU/NanoSat/riscv_radhart_coll/RiscVFSM/Riscvfsmwrapper/Riscvfsmwrapper.gen/sources_1/bd/design_1/synth/design_1.v:737]
WARNING: [Synth 8-7071] port 'm_axi_arprot' of module 'design_1_auto_pc_0' is unconnected for instance 'auto_pc' [d:/Documents/FAU/NanoSat/riscv_radhart_coll/RiscVFSM/Riscvfsmwrapper/Riscvfsmwrapper.gen/sources_1/bd/design_1/synth/design_1.v:737]
WARNING: [Synth 8-7023] instance 'auto_pc' of module 'design_1_auto_pc_0' has 60 connections declared, but only 58 given [d:/Documents/FAU/NanoSat/riscv_radhart_coll/RiscVFSM/Riscvfsmwrapper/Riscvfsmwrapper.gen/sources_1/bd/design_1/synth/design_1.v:737]
INFO: [Synth 8-6155] done synthesizing module 's00_couplers_imp_O7FAN0' (0#1) [d:/Documents/FAU/NanoSat/riscv_radhart_coll/RiscVFSM/Riscvfsmwrapper/Riscvfsmwrapper.gen/sources_1/bd/design_1/synth/design_1.v:506]
INFO: [Synth 8-6155] done synthesizing module 'design_1_axi_interconnect_0_1' (0#1) [d:/Documents/FAU/NanoSat/riscv_radhart_coll/RiscVFSM/Riscvfsmwrapper/Riscvfsmwrapper.gen/sources_1/bd/design_1/synth/design_1.v:206]
INFO: [Synth 8-638] synthesizing module 'design_1_riscv_soc_axi_wrapper_0_1' [d:/Documents/FAU/NanoSat/riscv_radhart_coll/RiscVFSM/Riscvfsmwrapper/Riscvfsmwrapper.gen/sources_1/bd/design_1/ip/design_1_riscv_soc_axi_wrapper_0_1/synth/design_1_riscv_soc_axi_wrapper_0_1.vhd:82]
INFO: [Synth 8-3491] module 'riscv_soc_axi_wrapper' declared at 'd:/Documents/FAU/NanoSat/riscv_radhart_coll/RiscVFSM/Riscvfsmwrapper/Riscvfsmwrapper.srcs/sources_1/bd/design_1/ipshared/0343/src/riscv_soc_axi_wrapper.vhd:5' bound to instance 'U0' of component 'riscv_soc_axi_wrapper' [d:/Documents/FAU/NanoSat/riscv_radhart_coll/RiscVFSM/Riscvfsmwrapper/Riscvfsmwrapper.gen/sources_1/bd/design_1/ip/design_1_riscv_soc_axi_wrapper_0_1/synth/design_1_riscv_soc_axi_wrapper_0_1.vhd:144]
INFO: [Synth 8-638] synthesizing module 'riscv_soc_axi_wrapper' [d:/Documents/FAU/NanoSat/riscv_radhart_coll/RiscVFSM/Riscvfsmwrapper/Riscvfsmwrapper.srcs/sources_1/bd/design_1/ipshared/0343/src/riscv_soc_axi_wrapper.vhd:37]
INFO: [Synth 8-638] synthesizing module 'riscv_soc_boot' [d:/Documents/FAU/NanoSat/riscv_radhart_coll/RiscVFSM/Riscvfsmwrapper/Riscvfsmwrapper.srcs/sources_1/bd/design_1/ipshared/0343/src/riscv_soc_boot.vhd:65]
INFO: [Synth 8-638] synthesizing module 'uart_rx' [d:/Documents/FAU/NanoSat/riscv_radhart_coll/RiscVFSM/Riscvfsmwrapper/Riscvfsmwrapper.srcs/sources_1/bd/design_1/ipshared/0343/src/uart_rx.vhd:20]
INFO: [Synth 8-256] done synthesizing module 'uart_rx' (0#1) [d:/Documents/FAU/NanoSat/riscv_radhart_coll/RiscVFSM/Riscvfsmwrapper/Riscvfsmwrapper.srcs/sources_1/bd/design_1/ipshared/0343/src/uart_rx.vhd:20]
INFO: [Synth 8-638] synthesizing module 'uart_tx' [d:/Documents/FAU/NanoSat/riscv_radhart_coll/RiscVFSM/Riscvfsmwrapper/Riscvfsmwrapper.srcs/sources_1/bd/design_1/ipshared/0343/src/uart_tx.vhd:22]
INFO: [Synth 8-256] done synthesizing module 'uart_tx' (0#1) [d:/Documents/FAU/NanoSat/riscv_radhart_coll/RiscVFSM/Riscvfsmwrapper/Riscvfsmwrapper.srcs/sources_1/bd/design_1/ipshared/0343/src/uart_tx.vhd:22]
INFO: [Synth 8-638] synthesizing module 'imem_dp_ram' [d:/Documents/FAU/NanoSat/riscv_radhart_coll/RiscVFSM/Riscvfsmwrapper/Riscvfsmwrapper.srcs/sources_1/bd/design_1/ipshared/0343/src/imem_dp_ram.vhd:31]
INFO: [Synth 8-638] synthesizing module 'fault_injector' [d:/Documents/FAU/NanoSat/riscv_radhart_coll/RiscVFSM/Riscvfsmwrapper/Riscvfsmwrapper.srcs/sources_1/bd/design_1/ipshared/0343/src/fault_injector.vhd:17]
INFO: [Synth 8-256] done synthesizing module 'fault_injector' (0#1) [d:/Documents/FAU/NanoSat/riscv_radhart_coll/RiscVFSM/Riscvfsmwrapper/Riscvfsmwrapper.srcs/sources_1/bd/design_1/ipshared/0343/src/fault_injector.vhd:17]
INFO: [Synth 8-256] done synthesizing module 'imem_dp_ram' (0#1) [d:/Documents/FAU/NanoSat/riscv_radhart_coll/RiscVFSM/Riscvfsmwrapper/Riscvfsmwrapper.srcs/sources_1/bd/design_1/ipshared/0343/src/imem_dp_ram.vhd:31]
INFO: [Synth 8-638] synthesizing module 'xil_defaultlib_dmem' [d:/Documents/FAU/NanoSat/riscv_radhart_coll/RiscVFSM/Riscvfsmwrapper/Riscvfsmwrapper.srcs/sources_1/bd/design_1/ipshared/0343/src/dmem.vhd:23]
INFO: [Synth 8-256] done synthesizing module 'xil_defaultlib_dmem' (0#1) [d:/Documents/FAU/NanoSat/riscv_radhart_coll/RiscVFSM/Riscvfsmwrapper/Riscvfsmwrapper.srcs/sources_1/bd/design_1/ipshared/0343/src/dmem.vhd:23]
INFO: [Synth 8-638] synthesizing module 'simple_timer' [d:/Documents/FAU/NanoSat/riscv_radhart_coll/RiscVFSM/Riscvfsmwrapper/Riscvfsmwrapper.srcs/sources_1/bd/design_1/ipshared/0343/src/simple_timer.vhd:20]
INFO: [Synth 8-226] default block is never used [d:/Documents/FAU/NanoSat/riscv_radhart_coll/RiscVFSM/Riscvfsmwrapper/Riscvfsmwrapper.srcs/sources_1/bd/design_1/ipshared/0343/src/simple_timer.vhd:65]
INFO: [Synth 8-256] done synthesizing module 'simple_timer' (0#1) [d:/Documents/FAU/NanoSat/riscv_radhart_coll/RiscVFSM/Riscvfsmwrapper/Riscvfsmwrapper.srcs/sources_1/bd/design_1/ipshared/0343/src/simple_timer.vhd:20]
INFO: [Synth 8-638] synthesizing module 'riscv_core_memless' [d:/Documents/FAU/NanoSat/riscv_radhart_coll/RiscVFSM/Riscvfsmwrapper/Riscvfsmwrapper.srcs/sources_1/bd/design_1/ipshared/0343/src/cpu.vhd:51]
INFO: [Synth 8-638] synthesizing module 'fault_injector__parameterized0' [d:/Documents/FAU/NanoSat/riscv_radhart_coll/RiscVFSM/Riscvfsmwrapper/Riscvfsmwrapper.srcs/sources_1/bd/design_1/ipshared/0343/src/fault_injector.vhd:17]
INFO: [Synth 8-256] done synthesizing module 'fault_injector__parameterized0' (0#1) [d:/Documents/FAU/NanoSat/riscv_radhart_coll/RiscVFSM/Riscvfsmwrapper/Riscvfsmwrapper.srcs/sources_1/bd/design_1/ipshared/0343/src/fault_injector.vhd:17]
INFO: [Synth 8-638] synthesizing module 'fault_injector__parameterized1' [d:/Documents/FAU/NanoSat/riscv_radhart_coll/RiscVFSM/Riscvfsmwrapper/Riscvfsmwrapper.srcs/sources_1/bd/design_1/ipshared/0343/src/fault_injector.vhd:17]
INFO: [Synth 8-256] done synthesizing module 'fault_injector__parameterized1' (0#1) [d:/Documents/FAU/NanoSat/riscv_radhart_coll/RiscVFSM/Riscvfsmwrapper/Riscvfsmwrapper.srcs/sources_1/bd/design_1/ipshared/0343/src/fault_injector.vhd:17]
INFO: [Synth 8-226] default block is never used [d:/Documents/FAU/NanoSat/riscv_radhart_coll/RiscVFSM/Riscvfsmwrapper/Riscvfsmwrapper.srcs/sources_1/bd/design_1/ipshared/0343/src/cpu.vhd:104]
INFO: [Synth 8-638] synthesizing module 'decoder' [d:/Documents/FAU/NanoSat/riscv_radhart_coll/RiscVFSM/Riscvfsmwrapper/Riscvfsmwrapper.srcs/sources_1/bd/design_1/ipshared/0343/src/decoder.vhd:44]
INFO: [Synth 8-226] default block is never used [d:/Documents/FAU/NanoSat/riscv_radhart_coll/RiscVFSM/Riscvfsmwrapper/Riscvfsmwrapper.srcs/sources_1/bd/design_1/ipshared/0343/src/decoder.vhd:115]
INFO: [Synth 8-226] default block is never used [d:/Documents/FAU/NanoSat/riscv_radhart_coll/RiscVFSM/Riscvfsmwrapper/Riscvfsmwrapper.srcs/sources_1/bd/design_1/ipshared/0343/src/decoder.vhd:199]
INFO: [Synth 8-256] done synthesizing module 'decoder' (0#1) [d:/Documents/FAU/NanoSat/riscv_radhart_coll/RiscVFSM/Riscvfsmwrapper/Riscvfsmwrapper.srcs/sources_1/bd/design_1/ipshared/0343/src/decoder.vhd:44]
INFO: [Synth 8-638] synthesizing module 'regfile' [d:/Documents/FAU/NanoSat/riscv_radhart_coll/RiscVFSM/Riscvfsmwrapper/Riscvfsmwrapper.srcs/sources_1/bd/design_1/ipshared/0343/src/regfile.vhd:29]
WARNING: [Synth 8-7186] Applying attribute ram_style = "distributed" is ignored, object 'regfile_a[0]' is not inferred as ram due to incorrect usage [d:/Documents/FAU/NanoSat/riscv_radhart_coll/RiscVFSM/Riscvfsmwrapper/Riscvfsmwrapper.srcs/sources_1/bd/design_1/ipshared/0343/src/regfile.vhd:33]
WARNING: [Synth 8-7186] Applying attribute ram_style = "distributed" is ignored, object 'regfile_a[1]' is not inferred as ram due to incorrect usage [d:/Documents/FAU/NanoSat/riscv_radhart_coll/RiscVFSM/Riscvfsmwrapper/Riscvfsmwrapper.srcs/sources_1/bd/design_1/ipshared/0343/src/regfile.vhd:33]
WARNING: [Synth 8-7186] Applying attribute ram_style = "distributed" is ignored, object 'regfile_a[2]' is not inferred as ram due to incorrect usage [d:/Documents/FAU/NanoSat/riscv_radhart_coll/RiscVFSM/Riscvfsmwrapper/Riscvfsmwrapper.srcs/sources_1/bd/design_1/ipshared/0343/src/regfile.vhd:33]
WARNING: [Synth 8-7186] Applying attribute ram_style = "distributed" is ignored, object 'regfile_a[3]' is not inferred as ram due to incorrect usage [d:/Documents/FAU/NanoSat/riscv_radhart_coll/RiscVFSM/Riscvfsmwrapper/Riscvfsmwrapper.srcs/sources_1/bd/design_1/ipshared/0343/src/regfile.vhd:33]
WARNING: [Synth 8-7186] Applying attribute ram_style = "distributed" is ignored, object 'regfile_a[4]' is not inferred as ram due to incorrect usage [d:/Documents/FAU/NanoSat/riscv_radhart_coll/RiscVFSM/Riscvfsmwrapper/Riscvfsmwrapper.srcs/sources_1/bd/design_1/ipshared/0343/src/regfile.vhd:33]
WARNING: [Synth 8-7186] Applying attribute ram_style = "distributed" is ignored, object 'regfile_a[5]' is not inferred as ram due to incorrect usage [d:/Documents/FAU/NanoSat/riscv_radhart_coll/RiscVFSM/Riscvfsmwrapper/Riscvfsmwrapper.srcs/sources_1/bd/design_1/ipshared/0343/src/regfile.vhd:33]
WARNING: [Synth 8-7186] Applying attribute ram_style = "distributed" is ignored, object 'regfile_a[6]' is not inferred as ram due to incorrect usage [d:/Documents/FAU/NanoSat/riscv_radhart_coll/RiscVFSM/Riscvfsmwrapper/Riscvfsmwrapper.srcs/sources_1/bd/design_1/ipshared/0343/src/regfile.vhd:33]
WARNING: [Synth 8-7186] Applying attribute ram_style = "distributed" is ignored, object 'regfile_a[7]' is not inferred as ram due to incorrect usage [d:/Documents/FAU/NanoSat/riscv_radhart_coll/RiscVFSM/Riscvfsmwrapper/Riscvfsmwrapper.srcs/sources_1/bd/design_1/ipshared/0343/src/regfile.vhd:33]
WARNING: [Synth 8-7186] Applying attribute ram_style = "distributed" is ignored, object 'regfile_a[8]' is not inferred as ram due to incorrect usage [d:/Documents/FAU/NanoSat/riscv_radhart_coll/RiscVFSM/Riscvfsmwrapper/Riscvfsmwrapper.srcs/sources_1/bd/design_1/ipshared/0343/src/regfile.vhd:33]
WARNING: [Synth 8-7186] Applying attribute ram_style = "distributed" is ignored, object 'regfile_a[9]' is not inferred as ram due to incorrect usage [d:/Documents/FAU/NanoSat/riscv_radhart_coll/RiscVFSM/Riscvfsmwrapper/Riscvfsmwrapper.srcs/sources_1/bd/design_1/ipshared/0343/src/regfile.vhd:33]
WARNING: [Synth 8-7186] Applying attribute ram_style = "distributed" is ignored, object 'regfile_a[10]' is not inferred as ram due to incorrect usage [d:/Documents/FAU/NanoSat/riscv_radhart_coll/RiscVFSM/Riscvfsmwrapper/Riscvfsmwrapper.srcs/sources_1/bd/design_1/ipshared/0343/src/regfile.vhd:33]
WARNING: [Synth 8-7186] Applying attribute ram_style = "distributed" is ignored, object 'regfile_a[11]' is not inferred as ram due to incorrect usage [d:/Documents/FAU/NanoSat/riscv_radhart_coll/RiscVFSM/Riscvfsmwrapper/Riscvfsmwrapper.srcs/sources_1/bd/design_1/ipshared/0343/src/regfile.vhd:33]
WARNING: [Synth 8-7186] Applying attribute ram_style = "distributed" is ignored, object 'regfile_a[12]' is not inferred as ram due to incorrect usage [d:/Documents/FAU/NanoSat/riscv_radhart_coll/RiscVFSM/Riscvfsmwrapper/Riscvfsmwrapper.srcs/sources_1/bd/design_1/ipshared/0343/src/regfile.vhd:33]
WARNING: [Synth 8-7186] Applying attribute ram_style = "distributed" is ignored, object 'regfile_a[13]' is not inferred as ram due to incorrect usage [d:/Documents/FAU/NanoSat/riscv_radhart_coll/RiscVFSM/Riscvfsmwrapper/Riscvfsmwrapper.srcs/sources_1/bd/design_1/ipshared/0343/src/regfile.vhd:33]
WARNING: [Synth 8-7186] Applying attribute ram_style = "distributed" is ignored, object 'regfile_a[14]' is not inferred as ram due to incorrect usage [d:/Documents/FAU/NanoSat/riscv_radhart_coll/RiscVFSM/Riscvfsmwrapper/Riscvfsmwrapper.srcs/sources_1/bd/design_1/ipshared/0343/src/regfile.vhd:33]
WARNING: [Synth 8-7186] Applying attribute ram_style = "distributed" is ignored, object 'regfile_a[15]' is not inferred as ram due to incorrect usage [d:/Documents/FAU/NanoSat/riscv_radhart_coll/RiscVFSM/Riscvfsmwrapper/Riscvfsmwrapper.srcs/sources_1/bd/design_1/ipshared/0343/src/regfile.vhd:33]
WARNING: [Synth 8-7186] Applying attribute ram_style = "distributed" is ignored, object 'regfile_a[16]' is not inferred as ram due to incorrect usage [d:/Documents/FAU/NanoSat/riscv_radhart_coll/RiscVFSM/Riscvfsmwrapper/Riscvfsmwrapper.srcs/sources_1/bd/design_1/ipshared/0343/src/regfile.vhd:33]
WARNING: [Synth 8-7186] Applying attribute ram_style = "distributed" is ignored, object 'regfile_a[17]' is not inferred as ram due to incorrect usage [d:/Documents/FAU/NanoSat/riscv_radhart_coll/RiscVFSM/Riscvfsmwrapper/Riscvfsmwrapper.srcs/sources_1/bd/design_1/ipshared/0343/src/regfile.vhd:33]
WARNING: [Synth 8-7186] Applying attribute ram_style = "distributed" is ignored, object 'regfile_a[18]' is not inferred as ram due to incorrect usage [d:/Documents/FAU/NanoSat/riscv_radhart_coll/RiscVFSM/Riscvfsmwrapper/Riscvfsmwrapper.srcs/sources_1/bd/design_1/ipshared/0343/src/regfile.vhd:33]
WARNING: [Synth 8-7186] Applying attribute ram_style = "distributed" is ignored, object 'regfile_a[19]' is not inferred as ram due to incorrect usage [d:/Documents/FAU/NanoSat/riscv_radhart_coll/RiscVFSM/Riscvfsmwrapper/Riscvfsmwrapper.srcs/sources_1/bd/design_1/ipshared/0343/src/regfile.vhd:33]
WARNING: [Synth 8-7186] Applying attribute ram_style = "distributed" is ignored, object 'regfile_a[20]' is not inferred as ram due to incorrect usage [d:/Documents/FAU/NanoSat/riscv_radhart_coll/RiscVFSM/Riscvfsmwrapper/Riscvfsmwrapper.srcs/sources_1/bd/design_1/ipshared/0343/src/regfile.vhd:33]
WARNING: [Synth 8-7186] Applying attribute ram_style = "distributed" is ignored, object 'regfile_a[21]' is not inferred as ram due to incorrect usage [d:/Documents/FAU/NanoSat/riscv_radhart_coll/RiscVFSM/Riscvfsmwrapper/Riscvfsmwrapper.srcs/sources_1/bd/design_1/ipshared/0343/src/regfile.vhd:33]
WARNING: [Synth 8-7186] Applying attribute ram_style = "distributed" is ignored, object 'regfile_a[22]' is not inferred as ram due to incorrect usage [d:/Documents/FAU/NanoSat/riscv_radhart_coll/RiscVFSM/Riscvfsmwrapper/Riscvfsmwrapper.srcs/sources_1/bd/design_1/ipshared/0343/src/regfile.vhd:33]
WARNING: [Synth 8-7186] Applying attribute ram_style = "distributed" is ignored, object 'regfile_a[23]' is not inferred as ram due to incorrect usage [d:/Documents/FAU/NanoSat/riscv_radhart_coll/RiscVFSM/Riscvfsmwrapper/Riscvfsmwrapper.srcs/sources_1/bd/design_1/ipshared/0343/src/regfile.vhd:33]
WARNING: [Synth 8-7186] Applying attribute ram_style = "distributed" is ignored, object 'regfile_a[24]' is not inferred as ram due to incorrect usage [d:/Documents/FAU/NanoSat/riscv_radhart_coll/RiscVFSM/Riscvfsmwrapper/Riscvfsmwrapper.srcs/sources_1/bd/design_1/ipshared/0343/src/regfile.vhd:33]
WARNING: [Synth 8-7186] Applying attribute ram_style = "distributed" is ignored, object 'regfile_a[25]' is not inferred as ram due to incorrect usage [d:/Documents/FAU/NanoSat/riscv_radhart_coll/RiscVFSM/Riscvfsmwrapper/Riscvfsmwrapper.srcs/sources_1/bd/design_1/ipshared/0343/src/regfile.vhd:33]
WARNING: [Synth 8-7186] Applying attribute ram_style = "distributed" is ignored, object 'regfile_a[26]' is not inferred as ram due to incorrect usage [d:/Documents/FAU/NanoSat/riscv_radhart_coll/RiscVFSM/Riscvfsmwrapper/Riscvfsmwrapper.srcs/sources_1/bd/design_1/ipshared/0343/src/regfile.vhd:33]
WARNING: [Synth 8-7186] Applying attribute ram_style = "distributed" is ignored, object 'regfile_a[27]' is not inferred as ram due to incorrect usage [d:/Documents/FAU/NanoSat/riscv_radhart_coll/RiscVFSM/Riscvfsmwrapper/Riscvfsmwrapper.srcs/sources_1/bd/design_1/ipshared/0343/src/regfile.vhd:33]
WARNING: [Synth 8-7186] Applying attribute ram_style = "distributed" is ignored, object 'regfile_a[28]' is not inferred as ram due to incorrect usage [d:/Documents/FAU/NanoSat/riscv_radhart_coll/RiscVFSM/Riscvfsmwrapper/Riscvfsmwrapper.srcs/sources_1/bd/design_1/ipshared/0343/src/regfile.vhd:33]
WARNING: [Synth 8-7186] Applying attribute ram_style = "distributed" is ignored, object 'regfile_a[29]' is not inferred as ram due to incorrect usage [d:/Documents/FAU/NanoSat/riscv_radhart_coll/RiscVFSM/Riscvfsmwrapper/Riscvfsmwrapper.srcs/sources_1/bd/design_1/ipshared/0343/src/regfile.vhd:33]
WARNING: [Synth 8-7186] Applying attribute ram_style = "distributed" is ignored, object 'regfile_a[30]' is not inferred as ram due to incorrect usage [d:/Documents/FAU/NanoSat/riscv_radhart_coll/RiscVFSM/Riscvfsmwrapper/Riscvfsmwrapper.srcs/sources_1/bd/design_1/ipshared/0343/src/regfile.vhd:33]
WARNING: [Synth 8-7186] Applying attribute ram_style = "distributed" is ignored, object 'regfile_a[31]' is not inferred as ram due to incorrect usage [d:/Documents/FAU/NanoSat/riscv_radhart_coll/RiscVFSM/Riscvfsmwrapper/Riscvfsmwrapper.srcs/sources_1/bd/design_1/ipshared/0343/src/regfile.vhd:33]
WARNING: [Synth 8-7186] Applying attribute ram_style = "distributed" is ignored, object 'regfile_b[0]' is not inferred as ram due to incorrect usage [d:/Documents/FAU/NanoSat/riscv_radhart_coll/RiscVFSM/Riscvfsmwrapper/Riscvfsmwrapper.srcs/sources_1/bd/design_1/ipshared/0343/src/regfile.vhd:34]
WARNING: [Synth 8-7186] Applying attribute ram_style = "distributed" is ignored, object 'regfile_b[1]' is not inferred as ram due to incorrect usage [d:/Documents/FAU/NanoSat/riscv_radhart_coll/RiscVFSM/Riscvfsmwrapper/Riscvfsmwrapper.srcs/sources_1/bd/design_1/ipshared/0343/src/regfile.vhd:34]
WARNING: [Synth 8-7186] Applying attribute ram_style = "distributed" is ignored, object 'regfile_b[2]' is not inferred as ram due to incorrect usage [d:/Documents/FAU/NanoSat/riscv_radhart_coll/RiscVFSM/Riscvfsmwrapper/Riscvfsmwrapper.srcs/sources_1/bd/design_1/ipshared/0343/src/regfile.vhd:34]
WARNING: [Synth 8-7186] Applying attribute ram_style = "distributed" is ignored, object 'regfile_b[3]' is not inferred as ram due to incorrect usage [d:/Documents/FAU/NanoSat/riscv_radhart_coll/RiscVFSM/Riscvfsmwrapper/Riscvfsmwrapper.srcs/sources_1/bd/design_1/ipshared/0343/src/regfile.vhd:34]
WARNING: [Synth 8-7186] Applying attribute ram_style = "distributed" is ignored, object 'regfile_b[4]' is not inferred as ram due to incorrect usage [d:/Documents/FAU/NanoSat/riscv_radhart_coll/RiscVFSM/Riscvfsmwrapper/Riscvfsmwrapper.srcs/sources_1/bd/design_1/ipshared/0343/src/regfile.vhd:34]
WARNING: [Synth 8-7186] Applying attribute ram_style = "distributed" is ignored, object 'regfile_b[5]' is not inferred as ram due to incorrect usage [d:/Documents/FAU/NanoSat/riscv_radhart_coll/RiscVFSM/Riscvfsmwrapper/Riscvfsmwrapper.srcs/sources_1/bd/design_1/ipshared/0343/src/regfile.vhd:34]
WARNING: [Synth 8-7186] Applying attribute ram_style = "distributed" is ignored, object 'regfile_b[6]' is not inferred as ram due to incorrect usage [d:/Documents/FAU/NanoSat/riscv_radhart_coll/RiscVFSM/Riscvfsmwrapper/Riscvfsmwrapper.srcs/sources_1/bd/design_1/ipshared/0343/src/regfile.vhd:34]
WARNING: [Synth 8-7186] Applying attribute ram_style = "distributed" is ignored, object 'regfile_b[7]' is not inferred as ram due to incorrect usage [d:/Documents/FAU/NanoSat/riscv_radhart_coll/RiscVFSM/Riscvfsmwrapper/Riscvfsmwrapper.srcs/sources_1/bd/design_1/ipshared/0343/src/regfile.vhd:34]
WARNING: [Synth 8-7186] Applying attribute ram_style = "distributed" is ignored, object 'regfile_b[8]' is not inferred as ram due to incorrect usage [d:/Documents/FAU/NanoSat/riscv_radhart_coll/RiscVFSM/Riscvfsmwrapper/Riscvfsmwrapper.srcs/sources_1/bd/design_1/ipshared/0343/src/regfile.vhd:34]
WARNING: [Synth 8-7186] Applying attribute ram_style = "distributed" is ignored, object 'regfile_b[9]' is not inferred as ram due to incorrect usage [d:/Documents/FAU/NanoSat/riscv_radhart_coll/RiscVFSM/Riscvfsmwrapper/Riscvfsmwrapper.srcs/sources_1/bd/design_1/ipshared/0343/src/regfile.vhd:34]
WARNING: [Synth 8-7186] Applying attribute ram_style = "distributed" is ignored, object 'regfile_b[10]' is not inferred as ram due to incorrect usage [d:/Documents/FAU/NanoSat/riscv_radhart_coll/RiscVFSM/Riscvfsmwrapper/Riscvfsmwrapper.srcs/sources_1/bd/design_1/ipshared/0343/src/regfile.vhd:34]
WARNING: [Synth 8-7186] Applying attribute ram_style = "distributed" is ignored, object 'regfile_b[11]' is not inferred as ram due to incorrect usage [d:/Documents/FAU/NanoSat/riscv_radhart_coll/RiscVFSM/Riscvfsmwrapper/Riscvfsmwrapper.srcs/sources_1/bd/design_1/ipshared/0343/src/regfile.vhd:34]
WARNING: [Synth 8-7186] Applying attribute ram_style = "distributed" is ignored, object 'regfile_b[12]' is not inferred as ram due to incorrect usage [d:/Documents/FAU/NanoSat/riscv_radhart_coll/RiscVFSM/Riscvfsmwrapper/Riscvfsmwrapper.srcs/sources_1/bd/design_1/ipshared/0343/src/regfile.vhd:34]
WARNING: [Synth 8-7186] Applying attribute ram_style = "distributed" is ignored, object 'regfile_b[13]' is not inferred as ram due to incorrect usage [d:/Documents/FAU/NanoSat/riscv_radhart_coll/RiscVFSM/Riscvfsmwrapper/Riscvfsmwrapper.srcs/sources_1/bd/design_1/ipshared/0343/src/regfile.vhd:34]
WARNING: [Synth 8-7186] Applying attribute ram_style = "distributed" is ignored, object 'regfile_b[14]' is not inferred as ram due to incorrect usage [d:/Documents/FAU/NanoSat/riscv_radhart_coll/RiscVFSM/Riscvfsmwrapper/Riscvfsmwrapper.srcs/sources_1/bd/design_1/ipshared/0343/src/regfile.vhd:34]
WARNING: [Synth 8-7186] Applying attribute ram_style = "distributed" is ignored, object 'regfile_b[15]' is not inferred as ram due to incorrect usage [d:/Documents/FAU/NanoSat/riscv_radhart_coll/RiscVFSM/Riscvfsmwrapper/Riscvfsmwrapper.srcs/sources_1/bd/design_1/ipshared/0343/src/regfile.vhd:34]
WARNING: [Synth 8-7186] Applying attribute ram_style = "distributed" is ignored, object 'regfile_b[16]' is not inferred as ram due to incorrect usage [d:/Documents/FAU/NanoSat/riscv_radhart_coll/RiscVFSM/Riscvfsmwrapper/Riscvfsmwrapper.srcs/sources_1/bd/design_1/ipshared/0343/src/regfile.vhd:34]
WARNING: [Synth 8-7186] Applying attribute ram_style = "distributed" is ignored, object 'regfile_b[17]' is not inferred as ram due to incorrect usage [d:/Documents/FAU/NanoSat/riscv_radhart_coll/RiscVFSM/Riscvfsmwrapper/Riscvfsmwrapper.srcs/sources_1/bd/design_1/ipshared/0343/src/regfile.vhd:34]
WARNING: [Synth 8-7186] Applying attribute ram_style = "distributed" is ignored, object 'regfile_b[18]' is not inferred as ram due to incorrect usage [d:/Documents/FAU/NanoSat/riscv_radhart_coll/RiscVFSM/Riscvfsmwrapper/Riscvfsmwrapper.srcs/sources_1/bd/design_1/ipshared/0343/src/regfile.vhd:34]
WARNING: [Synth 8-7186] Applying attribute ram_style = "distributed" is ignored, object 'regfile_b[19]' is not inferred as ram due to incorrect usage [d:/Documents/FAU/NanoSat/riscv_radhart_coll/RiscVFSM/Riscvfsmwrapper/Riscvfsmwrapper.srcs/sources_1/bd/design_1/ipshared/0343/src/regfile.vhd:34]
WARNING: [Synth 8-7186] Applying attribute ram_style = "distributed" is ignored, object 'regfile_b[20]' is not inferred as ram due to incorrect usage [d:/Documents/FAU/NanoSat/riscv_radhart_coll/RiscVFSM/Riscvfsmwrapper/Riscvfsmwrapper.srcs/sources_1/bd/design_1/ipshared/0343/src/regfile.vhd:34]
WARNING: [Synth 8-7186] Applying attribute ram_style = "distributed" is ignored, object 'regfile_b[21]' is not inferred as ram due to incorrect usage [d:/Documents/FAU/NanoSat/riscv_radhart_coll/RiscVFSM/Riscvfsmwrapper/Riscvfsmwrapper.srcs/sources_1/bd/design_1/ipshared/0343/src/regfile.vhd:34]
WARNING: [Synth 8-7186] Applying attribute ram_style = "distributed" is ignored, object 'regfile_b[22]' is not inferred as ram due to incorrect usage [d:/Documents/FAU/NanoSat/riscv_radhart_coll/RiscVFSM/Riscvfsmwrapper/Riscvfsmwrapper.srcs/sources_1/bd/design_1/ipshared/0343/src/regfile.vhd:34]
WARNING: [Synth 8-7186] Applying attribute ram_style = "distributed" is ignored, object 'regfile_b[23]' is not inferred as ram due to incorrect usage [d:/Documents/FAU/NanoSat/riscv_radhart_coll/RiscVFSM/Riscvfsmwrapper/Riscvfsmwrapper.srcs/sources_1/bd/design_1/ipshared/0343/src/regfile.vhd:34]
WARNING: [Synth 8-7186] Applying attribute ram_style = "distributed" is ignored, object 'regfile_b[24]' is not inferred as ram due to incorrect usage [d:/Documents/FAU/NanoSat/riscv_radhart_coll/RiscVFSM/Riscvfsmwrapper/Riscvfsmwrapper.srcs/sources_1/bd/design_1/ipshared/0343/src/regfile.vhd:34]
WARNING: [Synth 8-7186] Applying attribute ram_style = "distributed" is ignored, object 'regfile_b[25]' is not inferred as ram due to incorrect usage [d:/Documents/FAU/NanoSat/riscv_radhart_coll/RiscVFSM/Riscvfsmwrapper/Riscvfsmwrapper.srcs/sources_1/bd/design_1/ipshared/0343/src/regfile.vhd:34]
WARNING: [Synth 8-7186] Applying attribute ram_style = "distributed" is ignored, object 'regfile_b[26]' is not inferred as ram due to incorrect usage [d:/Documents/FAU/NanoSat/riscv_radhart_coll/RiscVFSM/Riscvfsmwrapper/Riscvfsmwrapper.srcs/sources_1/bd/design_1/ipshared/0343/src/regfile.vhd:34]
WARNING: [Synth 8-7186] Applying attribute ram_style = "distributed" is ignored, object 'regfile_b[27]' is not inferred as ram due to incorrect usage [d:/Documents/FAU/NanoSat/riscv_radhart_coll/RiscVFSM/Riscvfsmwrapper/Riscvfsmwrapper.srcs/sources_1/bd/design_1/ipshared/0343/src/regfile.vhd:34]
WARNING: [Synth 8-7186] Applying attribute ram_style = "distributed" is ignored, object 'regfile_b[28]' is not inferred as ram due to incorrect usage [d:/Documents/FAU/NanoSat/riscv_radhart_coll/RiscVFSM/Riscvfsmwrapper/Riscvfsmwrapper.srcs/sources_1/bd/design_1/ipshared/0343/src/regfile.vhd:34]
WARNING: [Synth 8-7186] Applying attribute ram_style = "distributed" is ignored, object 'regfile_b[29]' is not inferred as ram due to incorrect usage [d:/Documents/FAU/NanoSat/riscv_radhart_coll/RiscVFSM/Riscvfsmwrapper/Riscvfsmwrapper.srcs/sources_1/bd/design_1/ipshared/0343/src/regfile.vhd:34]
WARNING: [Synth 8-7186] Applying attribute ram_style = "distributed" is ignored, object 'regfile_b[30]' is not inferred as ram due to incorrect usage [d:/Documents/FAU/NanoSat/riscv_radhart_coll/RiscVFSM/Riscvfsmwrapper/Riscvfsmwrapper.srcs/sources_1/bd/design_1/ipshared/0343/src/regfile.vhd:34]
WARNING: [Synth 8-7186] Applying attribute ram_style = "distributed" is ignored, object 'regfile_b[31]' is not inferred as ram due to incorrect usage [d:/Documents/FAU/NanoSat/riscv_radhart_coll/RiscVFSM/Riscvfsmwrapper/Riscvfsmwrapper.srcs/sources_1/bd/design_1/ipshared/0343/src/regfile.vhd:34]
WARNING: [Synth 8-7186] Applying attribute ram_style = "distributed" is ignored, object 'regfile_c[0]' is not inferred as ram due to incorrect usage [d:/Documents/FAU/NanoSat/riscv_radhart_coll/RiscVFSM/Riscvfsmwrapper/Riscvfsmwrapper.srcs/sources_1/bd/design_1/ipshared/0343/src/regfile.vhd:35]
WARNING: [Synth 8-7186] Applying attribute ram_style = "distributed" is ignored, object 'regfile_c[1]' is not inferred as ram due to incorrect usage [d:/Documents/FAU/NanoSat/riscv_radhart_coll/RiscVFSM/Riscvfsmwrapper/Riscvfsmwrapper.srcs/sources_1/bd/design_1/ipshared/0343/src/regfile.vhd:35]
WARNING: [Synth 8-7186] Applying attribute ram_style = "distributed" is ignored, object 'regfile_c[2]' is not inferred as ram due to incorrect usage [d:/Documents/FAU/NanoSat/riscv_radhart_coll/RiscVFSM/Riscvfsmwrapper/Riscvfsmwrapper.srcs/sources_1/bd/design_1/ipshared/0343/src/regfile.vhd:35]
WARNING: [Synth 8-7186] Applying attribute ram_style = "distributed" is ignored, object 'regfile_c[3]' is not inferred as ram due to incorrect usage [d:/Documents/FAU/NanoSat/riscv_radhart_coll/RiscVFSM/Riscvfsmwrapper/Riscvfsmwrapper.srcs/sources_1/bd/design_1/ipshared/0343/src/regfile.vhd:35]
WARNING: [Synth 8-7186] Applying attribute ram_style = "distributed" is ignored, object 'regfile_c[4]' is not inferred as ram due to incorrect usage [d:/Documents/FAU/NanoSat/riscv_radhart_coll/RiscVFSM/Riscvfsmwrapper/Riscvfsmwrapper.srcs/sources_1/bd/design_1/ipshared/0343/src/regfile.vhd:35]
WARNING: [Synth 8-7186] Applying attribute ram_style = "distributed" is ignored, object 'regfile_c[5]' is not inferred as ram due to incorrect usage [d:/Documents/FAU/NanoSat/riscv_radhart_coll/RiscVFSM/Riscvfsmwrapper/Riscvfsmwrapper.srcs/sources_1/bd/design_1/ipshared/0343/src/regfile.vhd:35]
WARNING: [Synth 8-7186] Applying attribute ram_style = "distributed" is ignored, object 'regfile_c[6]' is not inferred as ram due to incorrect usage [d:/Documents/FAU/NanoSat/riscv_radhart_coll/RiscVFSM/Riscvfsmwrapper/Riscvfsmwrapper.srcs/sources_1/bd/design_1/ipshared/0343/src/regfile.vhd:35]
WARNING: [Synth 8-7186] Applying attribute ram_style = "distributed" is ignored, object 'regfile_c[7]' is not inferred as ram due to incorrect usage [d:/Documents/FAU/NanoSat/riscv_radhart_coll/RiscVFSM/Riscvfsmwrapper/Riscvfsmwrapper.srcs/sources_1/bd/design_1/ipshared/0343/src/regfile.vhd:35]
WARNING: [Synth 8-7186] Applying attribute ram_style = "distributed" is ignored, object 'regfile_c[8]' is not inferred as ram due to incorrect usage [d:/Documents/FAU/NanoSat/riscv_radhart_coll/RiscVFSM/Riscvfsmwrapper/Riscvfsmwrapper.srcs/sources_1/bd/design_1/ipshared/0343/src/regfile.vhd:35]
WARNING: [Synth 8-7186] Applying attribute ram_style = "distributed" is ignored, object 'regfile_c[9]' is not inferred as ram due to incorrect usage [d:/Documents/FAU/NanoSat/riscv_radhart_coll/RiscVFSM/Riscvfsmwrapper/Riscvfsmwrapper.srcs/sources_1/bd/design_1/ipshared/0343/src/regfile.vhd:35]
WARNING: [Synth 8-7186] Applying attribute ram_style = "distributed" is ignored, object 'regfile_c[10]' is not inferred as ram due to incorrect usage [d:/Documents/FAU/NanoSat/riscv_radhart_coll/RiscVFSM/Riscvfsmwrapper/Riscvfsmwrapper.srcs/sources_1/bd/design_1/ipshared/0343/src/regfile.vhd:35]
WARNING: [Synth 8-7186] Applying attribute ram_style = "distributed" is ignored, object 'regfile_c[11]' is not inferred as ram due to incorrect usage [d:/Documents/FAU/NanoSat/riscv_radhart_coll/RiscVFSM/Riscvfsmwrapper/Riscvfsmwrapper.srcs/sources_1/bd/design_1/ipshared/0343/src/regfile.vhd:35]
WARNING: [Synth 8-7186] Applying attribute ram_style = "distributed" is ignored, object 'regfile_c[12]' is not inferred as ram due to incorrect usage [d:/Documents/FAU/NanoSat/riscv_radhart_coll/RiscVFSM/Riscvfsmwrapper/Riscvfsmwrapper.srcs/sources_1/bd/design_1/ipshared/0343/src/regfile.vhd:35]
WARNING: [Synth 8-7186] Applying attribute ram_style = "distributed" is ignored, object 'regfile_c[13]' is not inferred as ram due to incorrect usage [d:/Documents/FAU/NanoSat/riscv_radhart_coll/RiscVFSM/Riscvfsmwrapper/Riscvfsmwrapper.srcs/sources_1/bd/design_1/ipshared/0343/src/regfile.vhd:35]
WARNING: [Synth 8-7186] Applying attribute ram_style = "distributed" is ignored, object 'regfile_c[14]' is not inferred as ram due to incorrect usage [d:/Documents/FAU/NanoSat/riscv_radhart_coll/RiscVFSM/Riscvfsmwrapper/Riscvfsmwrapper.srcs/sources_1/bd/design_1/ipshared/0343/src/regfile.vhd:35]
WARNING: [Synth 8-7186] Applying attribute ram_style = "distributed" is ignored, object 'regfile_c[15]' is not inferred as ram due to incorrect usage [d:/Documents/FAU/NanoSat/riscv_radhart_coll/RiscVFSM/Riscvfsmwrapper/Riscvfsmwrapper.srcs/sources_1/bd/design_1/ipshared/0343/src/regfile.vhd:35]
WARNING: [Synth 8-7186] Applying attribute ram_style = "distributed" is ignored, object 'regfile_c[16]' is not inferred as ram due to incorrect usage [d:/Documents/FAU/NanoSat/riscv_radhart_coll/RiscVFSM/Riscvfsmwrapper/Riscvfsmwrapper.srcs/sources_1/bd/design_1/ipshared/0343/src/regfile.vhd:35]
WARNING: [Synth 8-7186] Applying attribute ram_style = "distributed" is ignored, object 'regfile_c[17]' is not inferred as ram due to incorrect usage [d:/Documents/FAU/NanoSat/riscv_radhart_coll/RiscVFSM/Riscvfsmwrapper/Riscvfsmwrapper.srcs/sources_1/bd/design_1/ipshared/0343/src/regfile.vhd:35]
WARNING: [Synth 8-7186] Applying attribute ram_style = "distributed" is ignored, object 'regfile_c[18]' is not inferred as ram due to incorrect usage [d:/Documents/FAU/NanoSat/riscv_radhart_coll/RiscVFSM/Riscvfsmwrapper/Riscvfsmwrapper.srcs/sources_1/bd/design_1/ipshared/0343/src/regfile.vhd:35]
WARNING: [Synth 8-7186] Applying attribute ram_style = "distributed" is ignored, object 'regfile_c[19]' is not inferred as ram due to incorrect usage [d:/Documents/FAU/NanoSat/riscv_radhart_coll/RiscVFSM/Riscvfsmwrapper/Riscvfsmwrapper.srcs/sources_1/bd/design_1/ipshared/0343/src/regfile.vhd:35]
WARNING: [Synth 8-7186] Applying attribute ram_style = "distributed" is ignored, object 'regfile_c[20]' is not inferred as ram due to incorrect usage [d:/Documents/FAU/NanoSat/riscv_radhart_coll/RiscVFSM/Riscvfsmwrapper/Riscvfsmwrapper.srcs/sources_1/bd/design_1/ipshared/0343/src/regfile.vhd:35]
WARNING: [Synth 8-7186] Applying attribute ram_style = "distributed" is ignored, object 'regfile_c[21]' is not inferred as ram due to incorrect usage [d:/Documents/FAU/NanoSat/riscv_radhart_coll/RiscVFSM/Riscvfsmwrapper/Riscvfsmwrapper.srcs/sources_1/bd/design_1/ipshared/0343/src/regfile.vhd:35]
WARNING: [Synth 8-7186] Applying attribute ram_style = "distributed" is ignored, object 'regfile_c[22]' is not inferred as ram due to incorrect usage [d:/Documents/FAU/NanoSat/riscv_radhart_coll/RiscVFSM/Riscvfsmwrapper/Riscvfsmwrapper.srcs/sources_1/bd/design_1/ipshared/0343/src/regfile.vhd:35]
WARNING: [Synth 8-7186] Applying attribute ram_style = "distributed" is ignored, object 'regfile_c[23]' is not inferred as ram due to incorrect usage [d:/Documents/FAU/NanoSat/riscv_radhart_coll/RiscVFSM/Riscvfsmwrapper/Riscvfsmwrapper.srcs/sources_1/bd/design_1/ipshared/0343/src/regfile.vhd:35]
WARNING: [Synth 8-7186] Applying attribute ram_style = "distributed" is ignored, object 'regfile_c[24]' is not inferred as ram due to incorrect usage [d:/Documents/FAU/NanoSat/riscv_radhart_coll/RiscVFSM/Riscvfsmwrapper/Riscvfsmwrapper.srcs/sources_1/bd/design_1/ipshared/0343/src/regfile.vhd:35]
WARNING: [Synth 8-7186] Applying attribute ram_style = "distributed" is ignored, object 'regfile_c[25]' is not inferred as ram due to incorrect usage [d:/Documents/FAU/NanoSat/riscv_radhart_coll/RiscVFSM/Riscvfsmwrapper/Riscvfsmwrapper.srcs/sources_1/bd/design_1/ipshared/0343/src/regfile.vhd:35]
WARNING: [Synth 8-7186] Applying attribute ram_style = "distributed" is ignored, object 'regfile_c[26]' is not inferred as ram due to incorrect usage [d:/Documents/FAU/NanoSat/riscv_radhart_coll/RiscVFSM/Riscvfsmwrapper/Riscvfsmwrapper.srcs/sources_1/bd/design_1/ipshared/0343/src/regfile.vhd:35]
WARNING: [Synth 8-7186] Applying attribute ram_style = "distributed" is ignored, object 'regfile_c[27]' is not inferred as ram due to incorrect usage [d:/Documents/FAU/NanoSat/riscv_radhart_coll/RiscVFSM/Riscvfsmwrapper/Riscvfsmwrapper.srcs/sources_1/bd/design_1/ipshared/0343/src/regfile.vhd:35]
WARNING: [Synth 8-7186] Applying attribute ram_style = "distributed" is ignored, object 'regfile_c[28]' is not inferred as ram due to incorrect usage [d:/Documents/FAU/NanoSat/riscv_radhart_coll/RiscVFSM/Riscvfsmwrapper/Riscvfsmwrapper.srcs/sources_1/bd/design_1/ipshared/0343/src/regfile.vhd:35]
WARNING: [Synth 8-7186] Applying attribute ram_style = "distributed" is ignored, object 'regfile_c[29]' is not inferred as ram due to incorrect usage [d:/Documents/FAU/NanoSat/riscv_radhart_coll/RiscVFSM/Riscvfsmwrapper/Riscvfsmwrapper.srcs/sources_1/bd/design_1/ipshared/0343/src/regfile.vhd:35]
WARNING: [Synth 8-7186] Applying attribute ram_style = "distributed" is ignored, object 'regfile_c[30]' is not inferred as ram due to incorrect usage [d:/Documents/FAU/NanoSat/riscv_radhart_coll/RiscVFSM/Riscvfsmwrapper/Riscvfsmwrapper.srcs/sources_1/bd/design_1/ipshared/0343/src/regfile.vhd:35]
WARNING: [Synth 8-7186] Applying attribute ram_style = "distributed" is ignored, object 'regfile_c[31]' is not inferred as ram due to incorrect usage [d:/Documents/FAU/NanoSat/riscv_radhart_coll/RiscVFSM/Riscvfsmwrapper/Riscvfsmwrapper.srcs/sources_1/bd/design_1/ipshared/0343/src/regfile.vhd:35]
INFO: [Synth 8-256] done synthesizing module 'regfile' (0#1) [d:/Documents/FAU/NanoSat/riscv_radhart_coll/RiscVFSM/Riscvfsmwrapper/Riscvfsmwrapper.srcs/sources_1/bd/design_1/ipshared/0343/src/regfile.vhd:29]
INFO: [Synth 8-638] synthesizing module 'csr_file' [d:/Documents/FAU/NanoSat/riscv_radhart_coll/RiscVFSM/Riscvfsmwrapper/Riscvfsmwrapper.srcs/sources_1/bd/design_1/ipshared/0343/src/csr_file.vhd:44]
INFO: [Synth 8-256] done synthesizing module 'csr_file' (0#1) [d:/Documents/FAU/NanoSat/riscv_radhart_coll/RiscVFSM/Riscvfsmwrapper/Riscvfsmwrapper.srcs/sources_1/bd/design_1/ipshared/0343/src/csr_file.vhd:44]
INFO: [Synth 8-638] synthesizing module 'alu' [d:/Documents/FAU/NanoSat/riscv_radhart_coll/RiscVFSM/Riscvfsmwrapper/Riscvfsmwrapper.srcs/sources_1/bd/design_1/ipshared/0343/src/alu.vhd:15]
INFO: [Synth 8-256] done synthesizing module 'alu' (0#1) [d:/Documents/FAU/NanoSat/riscv_radhart_coll/RiscVFSM/Riscvfsmwrapper/Riscvfsmwrapper.srcs/sources_1/bd/design_1/ipshared/0343/src/alu.vhd:15]
INFO: [Synth 8-226] default block is never used [d:/Documents/FAU/NanoSat/riscv_radhart_coll/RiscVFSM/Riscvfsmwrapper/Riscvfsmwrapper.srcs/sources_1/bd/design_1/ipshared/0343/src/cpu.vhd:696]
INFO: [Synth 8-256] done synthesizing module 'riscv_core_memless' (0#1) [d:/Documents/FAU/NanoSat/riscv_radhart_coll/RiscVFSM/Riscvfsmwrapper/Riscvfsmwrapper.srcs/sources_1/bd/design_1/ipshared/0343/src/cpu.vhd:51]
INFO: [Synth 8-256] done synthesizing module 'riscv_soc_boot' (0#1) [d:/Documents/FAU/NanoSat/riscv_radhart_coll/RiscVFSM/Riscvfsmwrapper/Riscvfsmwrapper.srcs/sources_1/bd/design_1/ipshared/0343/src/riscv_soc_boot.vhd:65]
INFO: [Synth 8-256] done synthesizing module 'riscv_soc_axi_wrapper' (0#1) [d:/Documents/FAU/NanoSat/riscv_radhart_coll/RiscVFSM/Riscvfsmwrapper/Riscvfsmwrapper.srcs/sources_1/bd/design_1/ipshared/0343/src/riscv_soc_axi_wrapper.vhd:37]
INFO: [Synth 8-256] done synthesizing module 'design_1_riscv_soc_axi_wrapper_0_1' (0#1) [d:/Documents/FAU/NanoSat/riscv_radhart_coll/RiscVFSM/Riscvfsmwrapper/Riscvfsmwrapper.gen/sources_1/bd/design_1/ip/design_1_riscv_soc_axi_wrapper_0_1/synth/design_1_riscv_soc_axi_wrapper_0_1.vhd:82]
WARNING: [Synth 8-7071] port 'uart_tx_o' of module 'design_1_riscv_soc_axi_wrapper_0_1' is unconnected for instance 'riscv_soc_axi_wrapper_0' [d:/Documents/FAU/NanoSat/riscv_radhart_coll/RiscVFSM/Riscvfsmwrapper/Riscvfsmwrapper.gen/sources_1/bd/design_1/synth/design_1.v:136]
WARNING: [Synth 8-7071] port 'led0_o' of module 'design_1_riscv_soc_axi_wrapper_0_1' is unconnected for instance 'riscv_soc_axi_wrapper_0' [d:/Documents/FAU/NanoSat/riscv_radhart_coll/RiscVFSM/Riscvfsmwrapper/Riscvfsmwrapper.gen/sources_1/bd/design_1/synth/design_1.v:136]
WARNING: [Synth 8-7023] instance 'riscv_soc_axi_wrapper_0' of module 'design_1_riscv_soc_axi_wrapper_0_1' has 21 connections declared, but only 19 given [d:/Documents/FAU/NanoSat/riscv_radhart_coll/RiscVFSM/Riscvfsmwrapper/Riscvfsmwrapper.gen/sources_1/bd/design_1/synth/design_1.v:136]
INFO: [Synth 8-638] synthesizing module 'design_1_rst_ps8_0_99M_0' [d:/Documents/FAU/NanoSat/riscv_radhart_coll/RiscVFSM/Riscvfsmwrapper/Riscvfsmwrapper.gen/sources_1/bd/design_1/ip/design_1_rst_ps8_0_99M_0/synth/design_1_rst_ps8_0_99M_0.vhd:74]
	Parameter C_FAMILY bound to: zynquplus - type: string 
	Parameter C_EXT_RST_WIDTH bound to: 4 - type: integer 
	Parameter C_AUX_RST_WIDTH bound to: 4 - type: integer 
	Parameter C_EXT_RESET_HIGH bound to: 1'b0 
	Parameter C_AUX_RESET_HIGH bound to: 1'b0 
	Parameter C_NUM_BUS_RST bound to: 1 - type: integer 
	Parameter C_NUM_PERP_RST bound to: 1 - type: integer 
	Parameter C_NUM_INTERCONNECT_ARESETN bound to: 1 - type: integer 
	Parameter C_NUM_PERP_ARESETN bound to: 1 - type: integer 
INFO: [Synth 8-3491] module 'proc_sys_reset' declared at 'd:/Documents/FAU/NanoSat/riscv_radhart_coll/RiscVFSM/Riscvfsmwrapper/Riscvfsmwrapper.gen/sources_1/bd/design_1/ipshared/3a26/hdl/proc_sys_reset_v5_0_vh_rfs.vhd:1271' bound to instance 'U0' of component 'proc_sys_reset' [d:/Documents/FAU/NanoSat/riscv_radhart_coll/RiscVFSM/Riscvfsmwrapper/Riscvfsmwrapper.gen/sources_1/bd/design_1/ip/design_1_rst_ps8_0_99M_0/synth/design_1_rst_ps8_0_99M_0.vhd:129]
INFO: [Synth 8-638] synthesizing module 'proc_sys_reset' [d:/Documents/FAU/NanoSat/riscv_radhart_coll/RiscVFSM/Riscvfsmwrapper/Riscvfsmwrapper.gen/sources_1/bd/design_1/ipshared/3a26/hdl/proc_sys_reset_v5_0_vh_rfs.vhd:1330]
	Parameter INIT bound to: 1'b1 
INFO: [Synth 8-113] binding component instance 'FDRE_inst' to cell 'FDRE' [d:/Documents/FAU/NanoSat/riscv_radhart_coll/RiscVFSM/Riscvfsmwrapper/Riscvfsmwrapper.gen/sources_1/bd/design_1/ipshared/3a26/hdl/proc_sys_reset_v5_0_vh_rfs.vhd:1399]
	Parameter INIT bound to: 1'b1 
INFO: [Synth 8-113] binding component instance 'FDRE_BSR' to cell 'FDRE' [d:/Documents/FAU/NanoSat/riscv_radhart_coll/RiscVFSM/Riscvfsmwrapper/Riscvfsmwrapper.gen/sources_1/bd/design_1/ipshared/3a26/hdl/proc_sys_reset_v5_0_vh_rfs.vhd:1415]
	Parameter INIT bound to: 1'b0 
INFO: [Synth 8-113] binding component instance 'FDRE_BSR_N' to cell 'FDRE' [d:/Documents/FAU/NanoSat/riscv_radhart_coll/RiscVFSM/Riscvfsmwrapper/Riscvfsmwrapper.gen/sources_1/bd/design_1/ipshared/3a26/hdl/proc_sys_reset_v5_0_vh_rfs.vhd:1441]
	Parameter INIT bound to: 1'b1 
INFO: [Synth 8-113] binding component instance 'FDRE_PER' to cell 'FDRE' [d:/Documents/FAU/NanoSat/riscv_radhart_coll/RiscVFSM/Riscvfsmwrapper/Riscvfsmwrapper.gen/sources_1/bd/design_1/ipshared/3a26/hdl/proc_sys_reset_v5_0_vh_rfs.vhd:1464]
	Parameter INIT bound to: 1'b0 
INFO: [Synth 8-113] binding component instance 'FDRE_PER_N' to cell 'FDRE' [d:/Documents/FAU/NanoSat/riscv_radhart_coll/RiscVFSM/Riscvfsmwrapper/Riscvfsmwrapper.gen/sources_1/bd/design_1/ipshared/3a26/hdl/proc_sys_reset_v5_0_vh_rfs.vhd:1488]
INFO: [Synth 8-638] synthesizing module 'lpf' [d:/Documents/FAU/NanoSat/riscv_radhart_coll/RiscVFSM/Riscvfsmwrapper/Riscvfsmwrapper.gen/sources_1/bd/design_1/ipshared/3a26/hdl/proc_sys_reset_v5_0_vh_rfs.vhd:821]
INFO: [Synth 8-3491] module 'SRL16' declared at 'C:/Xilinx/Vivado/2024.1/scripts/rt/data/unisim_comp.v:137246' bound to instance 'POR_SRL_I' of component 'SRL16' [d:/Documents/FAU/NanoSat/riscv_radhart_coll/RiscVFSM/Riscvfsmwrapper/Riscvfsmwrapper.gen/sources_1/bd/design_1/ipshared/3a26/hdl/proc_sys_reset_v5_0_vh_rfs.vhd:873]
INFO: [Synth 8-6157] synthesizing module 'SRL16' [C:/Xilinx/Vivado/2024.1/scripts/rt/data/unisim_comp.v:137246]
INFO: [Synth 8-6155] done synthesizing module 'SRL16' (0#1) [C:/Xilinx/Vivado/2024.1/scripts/rt/data/unisim_comp.v:137246]
INFO: [Synth 8-638] synthesizing module 'cdc_sync' [d:/Documents/FAU/NanoSat/riscv_radhart_coll/RiscVFSM/Riscvfsmwrapper/Riscvfsmwrapper.gen/sources_1/bd/design_1/ipshared/2a4f/hdl/lib_cdc_v1_0_rfs.vhd:106]
	Parameter INIT bound to: 1'b0 
INFO: [Synth 8-113] binding component instance 'CROSS_PLEVEL_IN2SCNDRY_IN_cdc_to' to cell 'FDR' [d:/Documents/FAU/NanoSat/riscv_radhart_coll/RiscVFSM/Riscvfsmwrapper/Riscvfsmwrapper.gen/sources_1/bd/design_1/ipshared/2a4f/hdl/lib_cdc_v1_0_rfs.vhd:514]
	Parameter INIT bound to: 1'b0 
INFO: [Synth 8-113] binding component instance 'CROSS_PLEVEL_IN2SCNDRY_s_level_out_d2' to cell 'FDR' [d:/Documents/FAU/NanoSat/riscv_radhart_coll/RiscVFSM/Riscvfsmwrapper/Riscvfsmwrapper.gen/sources_1/bd/design_1/ipshared/2a4f/hdl/lib_cdc_v1_0_rfs.vhd:545]
	Parameter INIT bound to: 1'b0 
INFO: [Synth 8-113] binding component instance 'CROSS_PLEVEL_IN2SCNDRY_s_level_out_d3' to cell 'FDR' [d:/Documents/FAU/NanoSat/riscv_radhart_coll/RiscVFSM/Riscvfsmwrapper/Riscvfsmwrapper.gen/sources_1/bd/design_1/ipshared/2a4f/hdl/lib_cdc_v1_0_rfs.vhd:554]
	Parameter INIT bound to: 1'b0 
INFO: [Synth 8-113] binding component instance 'CROSS_PLEVEL_IN2SCNDRY_s_level_out_d4' to cell 'FDR' [d:/Documents/FAU/NanoSat/riscv_radhart_coll/RiscVFSM/Riscvfsmwrapper/Riscvfsmwrapper.gen/sources_1/bd/design_1/ipshared/2a4f/hdl/lib_cdc_v1_0_rfs.vhd:564]
	Parameter INIT bound to: 1'b0 
INFO: [Synth 8-113] binding component instance 'CROSS_PLEVEL_IN2SCNDRY_s_level_out_d5' to cell 'FDR' [d:/Documents/FAU/NanoSat/riscv_radhart_coll/RiscVFSM/Riscvfsmwrapper/Riscvfsmwrapper.gen/sources_1/bd/design_1/ipshared/2a4f/hdl/lib_cdc_v1_0_rfs.vhd:574]
	Parameter INIT bound to: 1'b0 
INFO: [Synth 8-113] binding component instance 'CROSS_PLEVEL_IN2SCNDRY_s_level_out_d6' to cell 'FDR' [d:/Documents/FAU/NanoSat/riscv_radhart_coll/RiscVFSM/Riscvfsmwrapper/Riscvfsmwrapper.gen/sources_1/bd/design_1/ipshared/2a4f/hdl/lib_cdc_v1_0_rfs.vhd:584]
INFO: [Synth 8-256] done synthesizing module 'cdc_sync' (0#1) [d:/Documents/FAU/NanoSat/riscv_radhart_coll/RiscVFSM/Riscvfsmwrapper/Riscvfsmwrapper.gen/sources_1/bd/design_1/ipshared/2a4f/hdl/lib_cdc_v1_0_rfs.vhd:106]
INFO: [Synth 8-256] done synthesizing module 'lpf' (0#1) [d:/Documents/FAU/NanoSat/riscv_radhart_coll/RiscVFSM/Riscvfsmwrapper/Riscvfsmwrapper.gen/sources_1/bd/design_1/ipshared/3a26/hdl/proc_sys_reset_v5_0_vh_rfs.vhd:821]
INFO: [Synth 8-638] synthesizing module 'sequence_psr' [d:/Documents/FAU/NanoSat/riscv_radhart_coll/RiscVFSM/Riscvfsmwrapper/Riscvfsmwrapper.gen/sources_1/bd/design_1/ipshared/3a26/hdl/proc_sys_reset_v5_0_vh_rfs.vhd:304]
INFO: [Synth 8-638] synthesizing module 'upcnt_n' [d:/Documents/FAU/NanoSat/riscv_radhart_coll/RiscVFSM/Riscvfsmwrapper/Riscvfsmwrapper.gen/sources_1/bd/design_1/ipshared/3a26/hdl/proc_sys_reset_v5_0_vh_rfs.vhd:126]
INFO: [Synth 8-256] done synthesizing module 'upcnt_n' (0#1) [d:/Documents/FAU/NanoSat/riscv_radhart_coll/RiscVFSM/Riscvfsmwrapper/Riscvfsmwrapper.gen/sources_1/bd/design_1/ipshared/3a26/hdl/proc_sys_reset_v5_0_vh_rfs.vhd:126]
INFO: [Synth 8-256] done synthesizing module 'sequence_psr' (0#1) [d:/Documents/FAU/NanoSat/riscv_radhart_coll/RiscVFSM/Riscvfsmwrapper/Riscvfsmwrapper.gen/sources_1/bd/design_1/ipshared/3a26/hdl/proc_sys_reset_v5_0_vh_rfs.vhd:304]
INFO: [Synth 8-256] done synthesizing module 'proc_sys_reset' (0#1) [d:/Documents/FAU/NanoSat/riscv_radhart_coll/RiscVFSM/Riscvfsmwrapper/Riscvfsmwrapper.gen/sources_1/bd/design_1/ipshared/3a26/hdl/proc_sys_reset_v5_0_vh_rfs.vhd:1330]
INFO: [Synth 8-256] done synthesizing module 'design_1_rst_ps8_0_99M_0' (0#1) [d:/Documents/FAU/NanoSat/riscv_radhart_coll/RiscVFSM/Riscvfsmwrapper/Riscvfsmwrapper.gen/sources_1/bd/design_1/ip/design_1_rst_ps8_0_99M_0/synth/design_1_rst_ps8_0_99M_0.vhd:74]
WARNING: [Synth 8-7071] port 'mb_reset' of module 'design_1_rst_ps8_0_99M_0' is unconnected for instance 'rst_ps8_0_99M' [d:/Documents/FAU/NanoSat/riscv_radhart_coll/RiscVFSM/Riscvfsmwrapper/Riscvfsmwrapper.gen/sources_1/bd/design_1/synth/design_1.v:156]
WARNING: [Synth 8-7071] port 'bus_struct_reset' of module 'design_1_rst_ps8_0_99M_0' is unconnected for instance 'rst_ps8_0_99M' [d:/Documents/FAU/NanoSat/riscv_radhart_coll/RiscVFSM/Riscvfsmwrapper/Riscvfsmwrapper.gen/sources_1/bd/design_1/synth/design_1.v:156]
WARNING: [Synth 8-7071] port 'peripheral_reset' of module 'design_1_rst_ps8_0_99M_0' is unconnected for instance 'rst_ps8_0_99M' [d:/Documents/FAU/NanoSat/riscv_radhart_coll/RiscVFSM/Riscvfsmwrapper/Riscvfsmwrapper.gen/sources_1/bd/design_1/synth/design_1.v:156]
WARNING: [Synth 8-7071] port 'interconnect_aresetn' of module 'design_1_rst_ps8_0_99M_0' is unconnected for instance 'rst_ps8_0_99M' [d:/Documents/FAU/NanoSat/riscv_radhart_coll/RiscVFSM/Riscvfsmwrapper/Riscvfsmwrapper.gen/sources_1/bd/design_1/synth/design_1.v:156]
WARNING: [Synth 8-7023] instance 'rst_ps8_0_99M' of module 'design_1_rst_ps8_0_99M_0' has 10 connections declared, but only 6 given [d:/Documents/FAU/NanoSat/riscv_radhart_coll/RiscVFSM/Riscvfsmwrapper/Riscvfsmwrapper.gen/sources_1/bd/design_1/synth/design_1.v:156]
INFO: [Synth 8-6157] synthesizing module 'design_1_zynq_ultra_ps_e_0_0' [d:/Documents/FAU/NanoSat/riscv_radhart_coll/RiscVFSM/Riscvfsmwrapper/Riscvfsmwrapper.gen/sources_1/bd/design_1/ip/design_1_zynq_ultra_ps_e_0_0/synth/design_1_zynq_ultra_ps_e_0_0.v:53]
INFO: [Synth 8-6157] synthesizing module 'zynq_ultra_ps_e_v3_5_3_zynq_ultra_ps_e' [d:/Documents/FAU/NanoSat/riscv_radhart_coll/RiscVFSM/Riscvfsmwrapper/Riscvfsmwrapper.gen/sources_1/bd/design_1/ip/design_1_zynq_ultra_ps_e_0_0/hdl/zynq_ultra_ps_e_v3_5_3.v:68]
INFO: [Synth 8-6157] synthesizing module 'BUFG_PS' [C:/Xilinx/Vivado/2024.1/scripts/rt/data/unisim_comp.v:2187]
INFO: [Synth 8-6155] done synthesizing module 'BUFG_PS' (0#1) [C:/Xilinx/Vivado/2024.1/scripts/rt/data/unisim_comp.v:2187]
INFO: [Synth 8-6157] synthesizing module 'PS8' [C:/Xilinx/Vivado/2024.1/scripts/rt/data/unisim_comp.v:116504]
INFO: [Synth 8-6155] done synthesizing module 'PS8' (0#1) [C:/Xilinx/Vivado/2024.1/scripts/rt/data/unisim_comp.v:116504]
WARNING: [Synth 8-689] width (5) of port connection 'EMIOSDIO0DATAIN' does not match port width (8) of module 'PS8' [d:/Documents/FAU/NanoSat/riscv_radhart_coll/RiscVFSM/Riscvfsmwrapper/Riscvfsmwrapper.gen/sources_1/bd/design_1/ip/design_1_zynq_ultra_ps_e_0_0/hdl/zynq_ultra_ps_e_v3_5_3.v:4550]
WARNING: [Synth 8-689] width (5) of port connection 'EMIOSDIO0DATAOUT' does not match port width (8) of module 'PS8' [d:/Documents/FAU/NanoSat/riscv_radhart_coll/RiscVFSM/Riscvfsmwrapper/Riscvfsmwrapper.gen/sources_1/bd/design_1/ip/design_1_zynq_ultra_ps_e_0_0/hdl/zynq_ultra_ps_e_v3_5_3.v:4551]
WARNING: [Synth 8-689] width (5) of port connection 'EMIOSDIO0DATAENA' does not match port width (8) of module 'PS8' [d:/Documents/FAU/NanoSat/riscv_radhart_coll/RiscVFSM/Riscvfsmwrapper/Riscvfsmwrapper.gen/sources_1/bd/design_1/ip/design_1_zynq_ultra_ps_e_0_0/hdl/zynq_ultra_ps_e_v3_5_3.v:4552]
WARNING: [Synth 8-689] width (5) of port connection 'EMIOSDIO1DATAIN' does not match port width (8) of module 'PS8' [d:/Documents/FAU/NanoSat/riscv_radhart_coll/RiscVFSM/Riscvfsmwrapper/Riscvfsmwrapper.gen/sources_1/bd/design_1/ip/design_1_zynq_ultra_ps_e_0_0/hdl/zynq_ultra_ps_e_v3_5_3.v:4563]
WARNING: [Synth 8-689] width (5) of port connection 'EMIOSDIO1DATAOUT' does not match port width (8) of module 'PS8' [d:/Documents/FAU/NanoSat/riscv_radhart_coll/RiscVFSM/Riscvfsmwrapper/Riscvfsmwrapper.gen/sources_1/bd/design_1/ip/design_1_zynq_ultra_ps_e_0_0/hdl/zynq_ultra_ps_e_v3_5_3.v:4564]
WARNING: [Synth 8-689] width (5) of port connection 'EMIOSDIO1DATAENA' does not match port width (8) of module 'PS8' [d:/Documents/FAU/NanoSat/riscv_radhart_coll/RiscVFSM/Riscvfsmwrapper/Riscvfsmwrapper.gen/sources_1/bd/design_1/ip/design_1_zynq_ultra_ps_e_0_0/hdl/zynq_ultra_ps_e_v3_5_3.v:4565]
WARNING: [Synth 8-7071] port 'PSS_ALTO_CORE_PAD_MGTTXN0OUT' of module 'PS8' is unconnected for instance 'PS8_i' [d:/Documents/FAU/NanoSat/riscv_radhart_coll/RiscVFSM/Riscvfsmwrapper/Riscvfsmwrapper.gen/sources_1/bd/design_1/ip/design_1_zynq_ultra_ps_e_0_0/hdl/zynq_ultra_ps_e_v3_5_3.v:3741]
WARNING: [Synth 8-7071] port 'PSS_ALTO_CORE_PAD_MGTTXN1OUT' of module 'PS8' is unconnected for instance 'PS8_i' [d:/Documents/FAU/NanoSat/riscv_radhart_coll/RiscVFSM/Riscvfsmwrapper/Riscvfsmwrapper.gen/sources_1/bd/design_1/ip/design_1_zynq_ultra_ps_e_0_0/hdl/zynq_ultra_ps_e_v3_5_3.v:3741]
WARNING: [Synth 8-7071] port 'PSS_ALTO_CORE_PAD_MGTTXN2OUT' of module 'PS8' is unconnected for instance 'PS8_i' [d:/Documents/FAU/NanoSat/riscv_radhart_coll/RiscVFSM/Riscvfsmwrapper/Riscvfsmwrapper.gen/sources_1/bd/design_1/ip/design_1_zynq_ultra_ps_e_0_0/hdl/zynq_ultra_ps_e_v3_5_3.v:3741]
WARNING: [Synth 8-7071] port 'PSS_ALTO_CORE_PAD_MGTTXN3OUT' of module 'PS8' is unconnected for instance 'PS8_i' [d:/Documents/FAU/NanoSat/riscv_radhart_coll/RiscVFSM/Riscvfsmwrapper/Riscvfsmwrapper.gen/sources_1/bd/design_1/ip/design_1_zynq_ultra_ps_e_0_0/hdl/zynq_ultra_ps_e_v3_5_3.v:3741]
WARNING: [Synth 8-7071] port 'PSS_ALTO_CORE_PAD_MGTTXP0OUT' of module 'PS8' is unconnected for instance 'PS8_i' [d:/Documents/FAU/NanoSat/riscv_radhart_coll/RiscVFSM/Riscvfsmwrapper/Riscvfsmwrapper.gen/sources_1/bd/design_1/ip/design_1_zynq_ultra_ps_e_0_0/hdl/zynq_ultra_ps_e_v3_5_3.v:3741]
WARNING: [Synth 8-7071] port 'PSS_ALTO_CORE_PAD_MGTTXP1OUT' of module 'PS8' is unconnected for instance 'PS8_i' [d:/Documents/FAU/NanoSat/riscv_radhart_coll/RiscVFSM/Riscvfsmwrapper/Riscvfsmwrapper.gen/sources_1/bd/design_1/ip/design_1_zynq_ultra_ps_e_0_0/hdl/zynq_ultra_ps_e_v3_5_3.v:3741]
WARNING: [Synth 8-7071] port 'PSS_ALTO_CORE_PAD_MGTTXP2OUT' of module 'PS8' is unconnected for instance 'PS8_i' [d:/Documents/FAU/NanoSat/riscv_radhart_coll/RiscVFSM/Riscvfsmwrapper/Riscvfsmwrapper.gen/sources_1/bd/design_1/ip/design_1_zynq_ultra_ps_e_0_0/hdl/zynq_ultra_ps_e_v3_5_3.v:3741]
WARNING: [Synth 8-7071] port 'PSS_ALTO_CORE_PAD_MGTTXP3OUT' of module 'PS8' is unconnected for instance 'PS8_i' [d:/Documents/FAU/NanoSat/riscv_radhart_coll/RiscVFSM/Riscvfsmwrapper/Riscvfsmwrapper.gen/sources_1/bd/design_1/ip/design_1_zynq_ultra_ps_e_0_0/hdl/zynq_ultra_ps_e_v3_5_3.v:3741]
WARNING: [Synth 8-7071] port 'PSS_ALTO_CORE_PAD_PADO' of module 'PS8' is unconnected for instance 'PS8_i' [d:/Documents/FAU/NanoSat/riscv_radhart_coll/RiscVFSM/Riscvfsmwrapper/Riscvfsmwrapper.gen/sources_1/bd/design_1/ip/design_1_zynq_ultra_ps_e_0_0/hdl/zynq_ultra_ps_e_v3_5_3.v:3741]
WARNING: [Synth 8-7071] port 'PSS_ALTO_CORE_PAD_BOOTMODE' of module 'PS8' is unconnected for instance 'PS8_i' [d:/Documents/FAU/NanoSat/riscv_radhart_coll/RiscVFSM/Riscvfsmwrapper/Riscvfsmwrapper.gen/sources_1/bd/design_1/ip/design_1_zynq_ultra_ps_e_0_0/hdl/zynq_ultra_ps_e_v3_5_3.v:3741]
WARNING: [Synth 8-7071] port 'PSS_ALTO_CORE_PAD_CLK' of module 'PS8' is unconnected for instance 'PS8_i' [d:/Documents/FAU/NanoSat/riscv_radhart_coll/RiscVFSM/Riscvfsmwrapper/Riscvfsmwrapper.gen/sources_1/bd/design_1/ip/design_1_zynq_ultra_ps_e_0_0/hdl/zynq_ultra_ps_e_v3_5_3.v:3741]
WARNING: [Synth 8-7071] port 'PSS_ALTO_CORE_PAD_DONEB' of module 'PS8' is unconnected for instance 'PS8_i' [d:/Documents/FAU/NanoSat/riscv_radhart_coll/RiscVFSM/Riscvfsmwrapper/Riscvfsmwrapper.gen/sources_1/bd/design_1/ip/design_1_zynq_ultra_ps_e_0_0/hdl/zynq_ultra_ps_e_v3_5_3.v:3741]
WARNING: [Synth 8-7071] port 'PSS_ALTO_CORE_PAD_DRAMA' of module 'PS8' is unconnected for instance 'PS8_i' [d:/Documents/FAU/NanoSat/riscv_radhart_coll/RiscVFSM/Riscvfsmwrapper/Riscvfsmwrapper.gen/sources_1/bd/design_1/ip/design_1_zynq_ultra_ps_e_0_0/hdl/zynq_ultra_ps_e_v3_5_3.v:3741]
WARNING: [Synth 8-7071] port 'PSS_ALTO_CORE_PAD_DRAMACTN' of module 'PS8' is unconnected for instance 'PS8_i' [d:/Documents/FAU/NanoSat/riscv_radhart_coll/RiscVFSM/Riscvfsmwrapper/Riscvfsmwrapper.gen/sources_1/bd/design_1/ip/design_1_zynq_ultra_ps_e_0_0/hdl/zynq_ultra_ps_e_v3_5_3.v:3741]
WARNING: [Synth 8-7071] port 'PSS_ALTO_CORE_PAD_DRAMALERTN' of module 'PS8' is unconnected for instance 'PS8_i' [d:/Documents/FAU/NanoSat/riscv_radhart_coll/RiscVFSM/Riscvfsmwrapper/Riscvfsmwrapper.gen/sources_1/bd/design_1/ip/design_1_zynq_ultra_ps_e_0_0/hdl/zynq_ultra_ps_e_v3_5_3.v:3741]
WARNING: [Synth 8-7071] port 'PSS_ALTO_CORE_PAD_DRAMBA' of module 'PS8' is unconnected for instance 'PS8_i' [d:/Documents/FAU/NanoSat/riscv_radhart_coll/RiscVFSM/Riscvfsmwrapper/Riscvfsmwrapper.gen/sources_1/bd/design_1/ip/design_1_zynq_ultra_ps_e_0_0/hdl/zynq_ultra_ps_e_v3_5_3.v:3741]
WARNING: [Synth 8-7071] port 'PSS_ALTO_CORE_PAD_DRAMBG' of module 'PS8' is unconnected for instance 'PS8_i' [d:/Documents/FAU/NanoSat/riscv_radhart_coll/RiscVFSM/Riscvfsmwrapper/Riscvfsmwrapper.gen/sources_1/bd/design_1/ip/design_1_zynq_ultra_ps_e_0_0/hdl/zynq_ultra_ps_e_v3_5_3.v:3741]
WARNING: [Synth 8-7071] port 'PSS_ALTO_CORE_PAD_DRAMCK' of module 'PS8' is unconnected for instance 'PS8_i' [d:/Documents/FAU/NanoSat/riscv_radhart_coll/RiscVFSM/Riscvfsmwrapper/Riscvfsmwrapper.gen/sources_1/bd/design_1/ip/design_1_zynq_ultra_ps_e_0_0/hdl/zynq_ultra_ps_e_v3_5_3.v:3741]
WARNING: [Synth 8-7071] port 'PSS_ALTO_CORE_PAD_DRAMCKE' of module 'PS8' is unconnected for instance 'PS8_i' [d:/Documents/FAU/NanoSat/riscv_radhart_coll/RiscVFSM/Riscvfsmwrapper/Riscvfsmwrapper.gen/sources_1/bd/design_1/ip/design_1_zynq_ultra_ps_e_0_0/hdl/zynq_ultra_ps_e_v3_5_3.v:3741]
WARNING: [Synth 8-7071] port 'PSS_ALTO_CORE_PAD_DRAMCKN' of module 'PS8' is unconnected for instance 'PS8_i' [d:/Documents/FAU/NanoSat/riscv_radhart_coll/RiscVFSM/Riscvfsmwrapper/Riscvfsmwrapper.gen/sources_1/bd/design_1/ip/design_1_zynq_ultra_ps_e_0_0/hdl/zynq_ultra_ps_e_v3_5_3.v:3741]
WARNING: [Synth 8-7071] port 'PSS_ALTO_CORE_PAD_DRAMCSN' of module 'PS8' is unconnected for instance 'PS8_i' [d:/Documents/FAU/NanoSat/riscv_radhart_coll/RiscVFSM/Riscvfsmwrapper/Riscvfsmwrapper.gen/sources_1/bd/design_1/ip/design_1_zynq_ultra_ps_e_0_0/hdl/zynq_ultra_ps_e_v3_5_3.v:3741]
WARNING: [Synth 8-7071] port 'PSS_ALTO_CORE_PAD_DRAMDM' of module 'PS8' is unconnected for instance 'PS8_i' [d:/Documents/FAU/NanoSat/riscv_radhart_coll/RiscVFSM/Riscvfsmwrapper/Riscvfsmwrapper.gen/sources_1/bd/design_1/ip/design_1_zynq_ultra_ps_e_0_0/hdl/zynq_ultra_ps_e_v3_5_3.v:3741]
WARNING: [Synth 8-7071] port 'PSS_ALTO_CORE_PAD_DRAMDQ' of module 'PS8' is unconnected for instance 'PS8_i' [d:/Documents/FAU/NanoSat/riscv_radhart_coll/RiscVFSM/Riscvfsmwrapper/Riscvfsmwrapper.gen/sources_1/bd/design_1/ip/design_1_zynq_ultra_ps_e_0_0/hdl/zynq_ultra_ps_e_v3_5_3.v:3741]
WARNING: [Synth 8-7071] port 'PSS_ALTO_CORE_PAD_DRAMDQS' of module 'PS8' is unconnected for instance 'PS8_i' [d:/Documents/FAU/NanoSat/riscv_radhart_coll/RiscVFSM/Riscvfsmwrapper/Riscvfsmwrapper.gen/sources_1/bd/design_1/ip/design_1_zynq_ultra_ps_e_0_0/hdl/zynq_ultra_ps_e_v3_5_3.v:3741]
WARNING: [Synth 8-7071] port 'PSS_ALTO_CORE_PAD_DRAMDQSN' of module 'PS8' is unconnected for instance 'PS8_i' [d:/Documents/FAU/NanoSat/riscv_radhart_coll/RiscVFSM/Riscvfsmwrapper/Riscvfsmwrapper.gen/sources_1/bd/design_1/ip/design_1_zynq_ultra_ps_e_0_0/hdl/zynq_ultra_ps_e_v3_5_3.v:3741]
WARNING: [Synth 8-7071] port 'PSS_ALTO_CORE_PAD_DRAMODT' of module 'PS8' is unconnected for instance 'PS8_i' [d:/Documents/FAU/NanoSat/riscv_radhart_coll/RiscVFSM/Riscvfsmwrapper/Riscvfsmwrapper.gen/sources_1/bd/design_1/ip/design_1_zynq_ultra_ps_e_0_0/hdl/zynq_ultra_ps_e_v3_5_3.v:3741]
WARNING: [Synth 8-7071] port 'PSS_ALTO_CORE_PAD_DRAMPARITY' of module 'PS8' is unconnected for instance 'PS8_i' [d:/Documents/FAU/NanoSat/riscv_radhart_coll/RiscVFSM/Riscvfsmwrapper/Riscvfsmwrapper.gen/sources_1/bd/design_1/ip/design_1_zynq_ultra_ps_e_0_0/hdl/zynq_ultra_ps_e_v3_5_3.v:3741]
WARNING: [Synth 8-7071] port 'PSS_ALTO_CORE_PAD_DRAMRAMRSTN' of module 'PS8' is unconnected for instance 'PS8_i' [d:/Documents/FAU/NanoSat/riscv_radhart_coll/RiscVFSM/Riscvfsmwrapper/Riscvfsmwrapper.gen/sources_1/bd/design_1/ip/design_1_zynq_ultra_ps_e_0_0/hdl/zynq_ultra_ps_e_v3_5_3.v:3741]
WARNING: [Synth 8-7071] port 'PSS_ALTO_CORE_PAD_ERROROUT' of module 'PS8' is unconnected for instance 'PS8_i' [d:/Documents/FAU/NanoSat/riscv_radhart_coll/RiscVFSM/Riscvfsmwrapper/Riscvfsmwrapper.gen/sources_1/bd/design_1/ip/design_1_zynq_ultra_ps_e_0_0/hdl/zynq_ultra_ps_e_v3_5_3.v:3741]
WARNING: [Synth 8-7071] port 'PSS_ALTO_CORE_PAD_ERRORSTATUS' of module 'PS8' is unconnected for instance 'PS8_i' [d:/Documents/FAU/NanoSat/riscv_radhart_coll/RiscVFSM/Riscvfsmwrapper/Riscvfsmwrapper.gen/sources_1/bd/design_1/ip/design_1_zynq_ultra_ps_e_0_0/hdl/zynq_ultra_ps_e_v3_5_3.v:3741]
WARNING: [Synth 8-7071] port 'PSS_ALTO_CORE_PAD_INITB' of module 'PS8' is unconnected for instance 'PS8_i' [d:/Documents/FAU/NanoSat/riscv_radhart_coll/RiscVFSM/Riscvfsmwrapper/Riscvfsmwrapper.gen/sources_1/bd/design_1/ip/design_1_zynq_ultra_ps_e_0_0/hdl/zynq_ultra_ps_e_v3_5_3.v:3741]
WARNING: [Synth 8-7071] port 'PSS_ALTO_CORE_PAD_JTAGTCK' of module 'PS8' is unconnected for instance 'PS8_i' [d:/Documents/FAU/NanoSat/riscv_radhart_coll/RiscVFSM/Riscvfsmwrapper/Riscvfsmwrapper.gen/sources_1/bd/design_1/ip/design_1_zynq_ultra_ps_e_0_0/hdl/zynq_ultra_ps_e_v3_5_3.v:3741]
WARNING: [Synth 8-7071] port 'PSS_ALTO_CORE_PAD_JTAGTDI' of module 'PS8' is unconnected for instance 'PS8_i' [d:/Documents/FAU/NanoSat/riscv_radhart_coll/RiscVFSM/Riscvfsmwrapper/Riscvfsmwrapper.gen/sources_1/bd/design_1/ip/design_1_zynq_ultra_ps_e_0_0/hdl/zynq_ultra_ps_e_v3_5_3.v:3741]
WARNING: [Synth 8-7071] port 'PSS_ALTO_CORE_PAD_JTAGTDO' of module 'PS8' is unconnected for instance 'PS8_i' [d:/Documents/FAU/NanoSat/riscv_radhart_coll/RiscVFSM/Riscvfsmwrapper/Riscvfsmwrapper.gen/sources_1/bd/design_1/ip/design_1_zynq_ultra_ps_e_0_0/hdl/zynq_ultra_ps_e_v3_5_3.v:3741]
WARNING: [Synth 8-7071] port 'PSS_ALTO_CORE_PAD_JTAGTMS' of module 'PS8' is unconnected for instance 'PS8_i' [d:/Documents/FAU/NanoSat/riscv_radhart_coll/RiscVFSM/Riscvfsmwrapper/Riscvfsmwrapper.gen/sources_1/bd/design_1/ip/design_1_zynq_ultra_ps_e_0_0/hdl/zynq_ultra_ps_e_v3_5_3.v:3741]
WARNING: [Synth 8-7071] port 'PSS_ALTO_CORE_PAD_MIO' of module 'PS8' is unconnected for instance 'PS8_i' [d:/Documents/FAU/NanoSat/riscv_radhart_coll/RiscVFSM/Riscvfsmwrapper/Riscvfsmwrapper.gen/sources_1/bd/design_1/ip/design_1_zynq_ultra_ps_e_0_0/hdl/zynq_ultra_ps_e_v3_5_3.v:3741]
WARNING: [Synth 8-7071] port 'PSS_ALTO_CORE_PAD_PORB' of module 'PS8' is unconnected for instance 'PS8_i' [d:/Documents/FAU/NanoSat/riscv_radhart_coll/RiscVFSM/Riscvfsmwrapper/Riscvfsmwrapper.gen/sources_1/bd/design_1/ip/design_1_zynq_ultra_ps_e_0_0/hdl/zynq_ultra_ps_e_v3_5_3.v:3741]
WARNING: [Synth 8-7071] port 'PSS_ALTO_CORE_PAD_PROGB' of module 'PS8' is unconnected for instance 'PS8_i' [d:/Documents/FAU/NanoSat/riscv_radhart_coll/RiscVFSM/Riscvfsmwrapper/Riscvfsmwrapper.gen/sources_1/bd/design_1/ip/design_1_zynq_ultra_ps_e_0_0/hdl/zynq_ultra_ps_e_v3_5_3.v:3741]
WARNING: [Synth 8-7071] port 'PSS_ALTO_CORE_PAD_RCALIBINOUT' of module 'PS8' is unconnected for instance 'PS8_i' [d:/Documents/FAU/NanoSat/riscv_radhart_coll/RiscVFSM/Riscvfsmwrapper/Riscvfsmwrapper.gen/sources_1/bd/design_1/ip/design_1_zynq_ultra_ps_e_0_0/hdl/zynq_ultra_ps_e_v3_5_3.v:3741]
WARNING: [Synth 8-7071] port 'PSS_ALTO_CORE_PAD_SRSTB' of module 'PS8' is unconnected for instance 'PS8_i' [d:/Documents/FAU/NanoSat/riscv_radhart_coll/RiscVFSM/Riscvfsmwrapper/Riscvfsmwrapper.gen/sources_1/bd/design_1/ip/design_1_zynq_ultra_ps_e_0_0/hdl/zynq_ultra_ps_e_v3_5_3.v:3741]
WARNING: [Synth 8-7071] port 'PSS_ALTO_CORE_PAD_ZQ' of module 'PS8' is unconnected for instance 'PS8_i' [d:/Documents/FAU/NanoSat/riscv_radhart_coll/RiscVFSM/Riscvfsmwrapper/Riscvfsmwrapper.gen/sources_1/bd/design_1/ip/design_1_zynq_ultra_ps_e_0_0/hdl/zynq_ultra_ps_e_v3_5_3.v:3741]
WARNING: [Synth 8-7071] port 'PSS_ALTO_CORE_PAD_MGTRXN0IN' of module 'PS8' is unconnected for instance 'PS8_i' [d:/Documents/FAU/NanoSat/riscv_radhart_coll/RiscVFSM/Riscvfsmwrapper/Riscvfsmwrapper.gen/sources_1/bd/design_1/ip/design_1_zynq_ultra_ps_e_0_0/hdl/zynq_ultra_ps_e_v3_5_3.v:3741]
WARNING: [Synth 8-7071] port 'PSS_ALTO_CORE_PAD_MGTRXN1IN' of module 'PS8' is unconnected for instance 'PS8_i' [d:/Documents/FAU/NanoSat/riscv_radhart_coll/RiscVFSM/Riscvfsmwrapper/Riscvfsmwrapper.gen/sources_1/bd/design_1/ip/design_1_zynq_ultra_ps_e_0_0/hdl/zynq_ultra_ps_e_v3_5_3.v:3741]
WARNING: [Synth 8-7071] port 'PSS_ALTO_CORE_PAD_MGTRXN2IN' of module 'PS8' is unconnected for instance 'PS8_i' [d:/Documents/FAU/NanoSat/riscv_radhart_coll/RiscVFSM/Riscvfsmwrapper/Riscvfsmwrapper.gen/sources_1/bd/design_1/ip/design_1_zynq_ultra_ps_e_0_0/hdl/zynq_ultra_ps_e_v3_5_3.v:3741]
WARNING: [Synth 8-7071] port 'PSS_ALTO_CORE_PAD_MGTRXN3IN' of module 'PS8' is unconnected for instance 'PS8_i' [d:/Documents/FAU/NanoSat/riscv_radhart_coll/RiscVFSM/Riscvfsmwrapper/Riscvfsmwrapper.gen/sources_1/bd/design_1/ip/design_1_zynq_ultra_ps_e_0_0/hdl/zynq_ultra_ps_e_v3_5_3.v:3741]
WARNING: [Synth 8-7071] port 'PSS_ALTO_CORE_PAD_MGTRXP0IN' of module 'PS8' is unconnected for instance 'PS8_i' [d:/Documents/FAU/NanoSat/riscv_radhart_coll/RiscVFSM/Riscvfsmwrapper/Riscvfsmwrapper.gen/sources_1/bd/design_1/ip/design_1_zynq_ultra_ps_e_0_0/hdl/zynq_ultra_ps_e_v3_5_3.v:3741]
WARNING: [Synth 8-7071] port 'PSS_ALTO_CORE_PAD_MGTRXP1IN' of module 'PS8' is unconnected for instance 'PS8_i' [d:/Documents/FAU/NanoSat/riscv_radhart_coll/RiscVFSM/Riscvfsmwrapper/Riscvfsmwrapper.gen/sources_1/bd/design_1/ip/design_1_zynq_ultra_ps_e_0_0/hdl/zynq_ultra_ps_e_v3_5_3.v:3741]
WARNING: [Synth 8-7071] port 'PSS_ALTO_CORE_PAD_MGTRXP2IN' of module 'PS8' is unconnected for instance 'PS8_i' [d:/Documents/FAU/NanoSat/riscv_radhart_coll/RiscVFSM/Riscvfsmwrapper/Riscvfsmwrapper.gen/sources_1/bd/design_1/ip/design_1_zynq_ultra_ps_e_0_0/hdl/zynq_ultra_ps_e_v3_5_3.v:3741]
WARNING: [Synth 8-7071] port 'PSS_ALTO_CORE_PAD_MGTRXP3IN' of module 'PS8' is unconnected for instance 'PS8_i' [d:/Documents/FAU/NanoSat/riscv_radhart_coll/RiscVFSM/Riscvfsmwrapper/Riscvfsmwrapper.gen/sources_1/bd/design_1/ip/design_1_zynq_ultra_ps_e_0_0/hdl/zynq_ultra_ps_e_v3_5_3.v:3741]
WARNING: [Synth 8-7071] port 'PSS_ALTO_CORE_PAD_PADI' of module 'PS8' is unconnected for instance 'PS8_i' [d:/Documents/FAU/NanoSat/riscv_radhart_coll/RiscVFSM/Riscvfsmwrapper/Riscvfsmwrapper.gen/sources_1/bd/design_1/ip/design_1_zynq_ultra_ps_e_0_0/hdl/zynq_ultra_ps_e_v3_5_3.v:3741]
WARNING: [Synth 8-7071] port 'PSS_ALTO_CORE_PAD_REFN0IN' of module 'PS8' is unconnected for instance 'PS8_i' [d:/Documents/FAU/NanoSat/riscv_radhart_coll/RiscVFSM/Riscvfsmwrapper/Riscvfsmwrapper.gen/sources_1/bd/design_1/ip/design_1_zynq_ultra_ps_e_0_0/hdl/zynq_ultra_ps_e_v3_5_3.v:3741]
WARNING: [Synth 8-7071] port 'PSS_ALTO_CORE_PAD_REFN1IN' of module 'PS8' is unconnected for instance 'PS8_i' [d:/Documents/FAU/NanoSat/riscv_radhart_coll/RiscVFSM/Riscvfsmwrapper/Riscvfsmwrapper.gen/sources_1/bd/design_1/ip/design_1_zynq_ultra_ps_e_0_0/hdl/zynq_ultra_ps_e_v3_5_3.v:3741]
WARNING: [Synth 8-7071] port 'PSS_ALTO_CORE_PAD_REFN2IN' of module 'PS8' is unconnected for instance 'PS8_i' [d:/Documents/FAU/NanoSat/riscv_radhart_coll/RiscVFSM/Riscvfsmwrapper/Riscvfsmwrapper.gen/sources_1/bd/design_1/ip/design_1_zynq_ultra_ps_e_0_0/hdl/zynq_ultra_ps_e_v3_5_3.v:3741]
WARNING: [Synth 8-7071] port 'PSS_ALTO_CORE_PAD_REFN3IN' of module 'PS8' is unconnected for instance 'PS8_i' [d:/Documents/FAU/NanoSat/riscv_radhart_coll/RiscVFSM/Riscvfsmwrapper/Riscvfsmwrapper.gen/sources_1/bd/design_1/ip/design_1_zynq_ultra_ps_e_0_0/hdl/zynq_ultra_ps_e_v3_5_3.v:3741]
WARNING: [Synth 8-7071] port 'PSS_ALTO_CORE_PAD_REFP0IN' of module 'PS8' is unconnected for instance 'PS8_i' [d:/Documents/FAU/NanoSat/riscv_radhart_coll/RiscVFSM/Riscvfsmwrapper/Riscvfsmwrapper.gen/sources_1/bd/design_1/ip/design_1_zynq_ultra_ps_e_0_0/hdl/zynq_ultra_ps_e_v3_5_3.v:3741]
WARNING: [Synth 8-7071] port 'PSS_ALTO_CORE_PAD_REFP1IN' of module 'PS8' is unconnected for instance 'PS8_i' [d:/Documents/FAU/NanoSat/riscv_radhart_coll/RiscVFSM/Riscvfsmwrapper/Riscvfsmwrapper.gen/sources_1/bd/design_1/ip/design_1_zynq_ultra_ps_e_0_0/hdl/zynq_ultra_ps_e_v3_5_3.v:3741]
WARNING: [Synth 8-7071] port 'PSS_ALTO_CORE_PAD_REFP2IN' of module 'PS8' is unconnected for instance 'PS8_i' [d:/Documents/FAU/NanoSat/riscv_radhart_coll/RiscVFSM/Riscvfsmwrapper/Riscvfsmwrapper.gen/sources_1/bd/design_1/ip/design_1_zynq_ultra_ps_e_0_0/hdl/zynq_ultra_ps_e_v3_5_3.v:3741]
WARNING: [Synth 8-7071] port 'PSS_ALTO_CORE_PAD_REFP3IN' of module 'PS8' is unconnected for instance 'PS8_i' [d:/Documents/FAU/NanoSat/riscv_radhart_coll/RiscVFSM/Riscvfsmwrapper/Riscvfsmwrapper.gen/sources_1/bd/design_1/ip/design_1_zynq_ultra_ps_e_0_0/hdl/zynq_ultra_ps_e_v3_5_3.v:3741]
WARNING: [Synth 8-7023] instance 'PS8_i' of module 'PS8' has 1015 connections declared, but only 957 given [d:/Documents/FAU/NanoSat/riscv_radhart_coll/RiscVFSM/Riscvfsmwrapper/Riscvfsmwrapper.gen/sources_1/bd/design_1/ip/design_1_zynq_ultra_ps_e_0_0/hdl/zynq_ultra_ps_e_v3_5_3.v:3741]
INFO: [Synth 8-6155] done synthesizing module 'zynq_ultra_ps_e_v3_5_3_zynq_ultra_ps_e' (0#1) [d:/Documents/FAU/NanoSat/riscv_radhart_coll/RiscVFSM/Riscvfsmwrapper/Riscvfsmwrapper.gen/sources_1/bd/design_1/ip/design_1_zynq_ultra_ps_e_0_0/hdl/zynq_ultra_ps_e_v3_5_3.v:68]
WARNING: [Synth 8-7071] port 'emio_enet0_signal_detect' of module 'zynq_ultra_ps_e_v3_5_3_zynq_ultra_ps_e' is unconnected for instance 'inst' [d:/Documents/FAU/NanoSat/riscv_radhart_coll/RiscVFSM/Riscvfsmwrapper/Riscvfsmwrapper.gen/sources_1/bd/design_1/ip/design_1_zynq_ultra_ps_e_0_0/synth/design_1_zynq_ultra_ps_e_0_0.v:232]
WARNING: [Synth 8-7071] port 'emio_enet1_signal_detect' of module 'zynq_ultra_ps_e_v3_5_3_zynq_ultra_ps_e' is unconnected for instance 'inst' [d:/Documents/FAU/NanoSat/riscv_radhart_coll/RiscVFSM/Riscvfsmwrapper/Riscvfsmwrapper.gen/sources_1/bd/design_1/ip/design_1_zynq_ultra_ps_e_0_0/synth/design_1_zynq_ultra_ps_e_0_0.v:232]
WARNING: [Synth 8-7071] port 'emio_enet2_signal_detect' of module 'zynq_ultra_ps_e_v3_5_3_zynq_ultra_ps_e' is unconnected for instance 'inst' [d:/Documents/FAU/NanoSat/riscv_radhart_coll/RiscVFSM/Riscvfsmwrapper/Riscvfsmwrapper.gen/sources_1/bd/design_1/ip/design_1_zynq_ultra_ps_e_0_0/synth/design_1_zynq_ultra_ps_e_0_0.v:232]
WARNING: [Synth 8-7071] port 'emio_enet3_signal_detect' of module 'zynq_ultra_ps_e_v3_5_3_zynq_ultra_ps_e' is unconnected for instance 'inst' [d:/Documents/FAU/NanoSat/riscv_radhart_coll/RiscVFSM/Riscvfsmwrapper/Riscvfsmwrapper.gen/sources_1/bd/design_1/ip/design_1_zynq_ultra_ps_e_0_0/synth/design_1_zynq_ultra_ps_e_0_0.v:232]
WARNING: [Synth 8-7023] instance 'inst' of module 'zynq_ultra_ps_e_v3_5_3_zynq_ultra_ps_e' has 1491 connections declared, but only 1487 given [d:/Documents/FAU/NanoSat/riscv_radhart_coll/RiscVFSM/Riscvfsmwrapper/Riscvfsmwrapper.gen/sources_1/bd/design_1/ip/design_1_zynq_ultra_ps_e_0_0/synth/design_1_zynq_ultra_ps_e_0_0.v:232]
INFO: [Synth 8-6155] done synthesizing module 'design_1_zynq_ultra_ps_e_0_0' (0#1) [d:/Documents/FAU/NanoSat/riscv_radhart_coll/RiscVFSM/Riscvfsmwrapper/Riscvfsmwrapper.gen/sources_1/bd/design_1/ip/design_1_zynq_ultra_ps_e_0_0/synth/design_1_zynq_ultra_ps_e_0_0.v:53]
WARNING: [Synth 8-7071] port 'maxigp2_awuser' of module 'design_1_zynq_ultra_ps_e_0_0' is unconnected for instance 'zynq_ultra_ps_e_0' [d:/Documents/FAU/NanoSat/riscv_radhart_coll/RiscVFSM/Riscvfsmwrapper/Riscvfsmwrapper.gen/sources_1/bd/design_1/synth/design_1.v:163]
WARNING: [Synth 8-7071] port 'maxigp2_aruser' of module 'design_1_zynq_ultra_ps_e_0_0' is unconnected for instance 'zynq_ultra_ps_e_0' [d:/Documents/FAU/NanoSat/riscv_radhart_coll/RiscVFSM/Riscvfsmwrapper/Riscvfsmwrapper.gen/sources_1/bd/design_1/synth/design_1.v:163]
WARNING: [Synth 8-7023] instance 'zynq_ultra_ps_e_0' of module 'design_1_zynq_ultra_ps_e_0_0' has 42 connections declared, but only 40 given [d:/Documents/FAU/NanoSat/riscv_radhart_coll/RiscVFSM/Riscvfsmwrapper/Riscvfsmwrapper.gen/sources_1/bd/design_1/synth/design_1.v:163]
INFO: [Synth 8-6155] done synthesizing module 'design_1' (0#1) [d:/Documents/FAU/NanoSat/riscv_radhart_coll/RiscVFSM/Riscvfsmwrapper/Riscvfsmwrapper.gen/sources_1/bd/design_1/synth/design_1.v:13]
WARNING: [Synth 8-6014] Unused sequential element state_r1_reg was removed.  [d:/Documents/FAU/NanoSat/riscv_radhart_coll/RiscVFSM/Riscvfsmwrapper/Riscvfsmwrapper.srcs/sources_1/bd/design_1/ipshared/3c06/hdl/axi_protocol_converter_v2_1_vl_rfs.v:3596]
WARNING: [Synth 8-6014] Unused sequential element s_arlen_r_reg was removed.  [d:/Documents/FAU/NanoSat/riscv_radhart_coll/RiscVFSM/Riscvfsmwrapper/Riscvfsmwrapper.srcs/sources_1/bd/design_1/ipshared/3c06/hdl/axi_protocol_converter_v2_1_vl_rfs.v:3597]
WARNING: [Synth 8-6014] Unused sequential element regfile_b_reg[0] was removed.  [d:/Documents/FAU/NanoSat/riscv_radhart_coll/RiscVFSM/Riscvfsmwrapper/Riscvfsmwrapper.srcs/sources_1/bd/design_1/ipshared/0343/src/regfile.vhd:81]
WARNING: [Synth 8-6014] Unused sequential element regfile_c_reg[0] was removed.  [d:/Documents/FAU/NanoSat/riscv_radhart_coll/RiscVFSM/Riscvfsmwrapper/Riscvfsmwrapper.srcs/sources_1/bd/design_1/ipshared/0343/src/regfile.vhd:82]
WARNING: [Synth 8-6014] Unused sequential element cur_mem_to_reg_reg was removed.  [d:/Documents/FAU/NanoSat/riscv_radhart_coll/RiscVFSM/Riscvfsmwrapper/Riscvfsmwrapper.srcs/sources_1/bd/design_1/ipshared/0343/src/cpu.vhd:668]
WARNING: [Synth 8-6014] Unused sequential element state_b_reg was removed.  [d:/Documents/FAU/NanoSat/riscv_radhart_coll/RiscVFSM/Riscvfsmwrapper/Riscvfsmwrapper.srcs/sources_1/bd/design_1/ipshared/0343/src/cpu.vhd:332]
WARNING: [Synth 8-6014] Unused sequential element state_c_reg was removed.  [d:/Documents/FAU/NanoSat/riscv_radhart_coll/RiscVFSM/Riscvfsmwrapper/Riscvfsmwrapper.srcs/sources_1/bd/design_1/ipshared/0343/src/cpu.vhd:333]
WARNING: [Synth 8-6014] Unused sequential element read_addr_latched_reg was removed.  [d:/Documents/FAU/NanoSat/riscv_radhart_coll/RiscVFSM/Riscvfsmwrapper/Riscvfsmwrapper.srcs/sources_1/bd/design_1/ipshared/0343/src/riscv_soc_axi_wrapper.vhd:311]
WARNING: [Synth 8-3848] Net dp_audio_ref_clk in module/entity zynq_ultra_ps_e_v3_5_3_zynq_ultra_ps_e does not have driver. [d:/Documents/FAU/NanoSat/riscv_radhart_coll/RiscVFSM/Riscvfsmwrapper/Riscvfsmwrapper.gen/sources_1/bd/design_1/ip/design_1_zynq_ultra_ps_e_0_0/hdl/zynq_ultra_ps_e_v3_5_3.v:240]
WARNING: [Synth 8-3848] Net irq_ipi_pl_0 in module/entity zynq_ultra_ps_e_v3_5_3_zynq_ultra_ps_e does not have driver. [d:/Documents/FAU/NanoSat/riscv_radhart_coll/RiscVFSM/Riscvfsmwrapper/Riscvfsmwrapper.gen/sources_1/bd/design_1/ip/design_1_zynq_ultra_ps_e_0_0/hdl/zynq_ultra_ps_e_v3_5_3.v:1260]
WARNING: [Synth 8-3848] Net irq_ipi_pl_1 in module/entity zynq_ultra_ps_e_v3_5_3_zynq_ultra_ps_e does not have driver. [d:/Documents/FAU/NanoSat/riscv_radhart_coll/RiscVFSM/Riscvfsmwrapper/Riscvfsmwrapper.gen/sources_1/bd/design_1/ip/design_1_zynq_ultra_ps_e_0_0/hdl/zynq_ultra_ps_e_v3_5_3.v:1261]
WARNING: [Synth 8-3848] Net irq_ipi_pl_2 in module/entity zynq_ultra_ps_e_v3_5_3_zynq_ultra_ps_e does not have driver. [d:/Documents/FAU/NanoSat/riscv_radhart_coll/RiscVFSM/Riscvfsmwrapper/Riscvfsmwrapper.gen/sources_1/bd/design_1/ip/design_1_zynq_ultra_ps_e_0_0/hdl/zynq_ultra_ps_e_v3_5_3.v:1262]
WARNING: [Synth 8-3848] Net irq_ipi_pl_3 in module/entity zynq_ultra_ps_e_v3_5_3_zynq_ultra_ps_e does not have driver. [d:/Documents/FAU/NanoSat/riscv_radhart_coll/RiscVFSM/Riscvfsmwrapper/Riscvfsmwrapper.gen/sources_1/bd/design_1/ip/design_1_zynq_ultra_ps_e_0_0/hdl/zynq_ultra_ps_e_v3_5_3.v:1263]
WARNING: [Synth 8-7129] Port dp_audio_ref_clk in module zynq_ultra_ps_e_v3_5_3_zynq_ultra_ps_e is either unconnected or has no load
WARNING: [Synth 8-7129] Port irq_ipi_pl_0 in module zynq_ultra_ps_e_v3_5_3_zynq_ultra_ps_e is either unconnected or has no load
WARNING: [Synth 8-7129] Port irq_ipi_pl_1 in module zynq_ultra_ps_e_v3_5_3_zynq_ultra_ps_e is either unconnected or has no load
WARNING: [Synth 8-7129] Port irq_ipi_pl_2 in module zynq_ultra_ps_e_v3_5_3_zynq_ultra_ps_e is either unconnected or has no load
WARNING: [Synth 8-7129] Port irq_ipi_pl_3 in module zynq_ultra_ps_e_v3_5_3_zynq_ultra_ps_e is either unconnected or has no load
WARNING: [Synth 8-7129] Port saxihpc0_fpd_rclk in module zynq_ultra_ps_e_v3_5_3_zynq_ultra_ps_e is either unconnected or has no load
WARNING: [Synth 8-7129] Port saxihpc0_fpd_wclk in module zynq_ultra_ps_e_v3_5_3_zynq_ultra_ps_e is either unconnected or has no load
WARNING: [Synth 8-7129] Port saxihpc1_fpd_rclk in module zynq_ultra_ps_e_v3_5_3_zynq_ultra_ps_e is either unconnected or has no load
WARNING: [Synth 8-7129] Port saxihpc1_fpd_wclk in module zynq_ultra_ps_e_v3_5_3_zynq_ultra_ps_e is either unconnected or has no load
WARNING: [Synth 8-7129] Port saxihp0_fpd_rclk in module zynq_ultra_ps_e_v3_5_3_zynq_ultra_ps_e is either unconnected or has no load
WARNING: [Synth 8-7129] Port saxihp0_fpd_wclk in module zynq_ultra_ps_e_v3_5_3_zynq_ultra_ps_e is either unconnected or has no load
WARNING: [Synth 8-7129] Port saxihp1_fpd_rclk in module zynq_ultra_ps_e_v3_5_3_zynq_ultra_ps_e is either unconnected or has no load
WARNING: [Synth 8-7129] Port saxihp1_fpd_wclk in module zynq_ultra_ps_e_v3_5_3_zynq_ultra_ps_e is either unconnected or has no load
WARNING: [Synth 8-7129] Port saxihp2_fpd_rclk in module zynq_ultra_ps_e_v3_5_3_zynq_ultra_ps_e is either unconnected or has no load
WARNING: [Synth 8-7129] Port saxihp2_fpd_wclk in module zynq_ultra_ps_e_v3_5_3_zynq_ultra_ps_e is either unconnected or has no load
WARNING: [Synth 8-7129] Port saxihp3_fpd_rclk in module zynq_ultra_ps_e_v3_5_3_zynq_ultra_ps_e is either unconnected or has no load
WARNING: [Synth 8-7129] Port saxihp3_fpd_wclk in module zynq_ultra_ps_e_v3_5_3_zynq_ultra_ps_e is either unconnected or has no load
WARNING: [Synth 8-7129] Port saxi_lpd_rclk in module zynq_ultra_ps_e_v3_5_3_zynq_ultra_ps_e is either unconnected or has no load
WARNING: [Synth 8-7129] Port saxi_lpd_wclk in module zynq_ultra_ps_e_v3_5_3_zynq_ultra_ps_e is either unconnected or has no load
WARNING: [Synth 8-7129] Port sacefpd_awuser[15] in module zynq_ultra_ps_e_v3_5_3_zynq_ultra_ps_e is either unconnected or has no load
WARNING: [Synth 8-7129] Port sacefpd_awuser[14] in module zynq_ultra_ps_e_v3_5_3_zynq_ultra_ps_e is either unconnected or has no load
WARNING: [Synth 8-7129] Port sacefpd_awuser[13] in module zynq_ultra_ps_e_v3_5_3_zynq_ultra_ps_e is either unconnected or has no load
WARNING: [Synth 8-7129] Port sacefpd_awuser[12] in module zynq_ultra_ps_e_v3_5_3_zynq_ultra_ps_e is either unconnected or has no load
WARNING: [Synth 8-7129] Port sacefpd_awuser[11] in module zynq_ultra_ps_e_v3_5_3_zynq_ultra_ps_e is either unconnected or has no load
WARNING: [Synth 8-7129] Port sacefpd_awuser[10] in module zynq_ultra_ps_e_v3_5_3_zynq_ultra_ps_e is either unconnected or has no load
WARNING: [Synth 8-7129] Port sacefpd_awuser[9] in module zynq_ultra_ps_e_v3_5_3_zynq_ultra_ps_e is either unconnected or has no load
WARNING: [Synth 8-7129] Port sacefpd_awuser[8] in module zynq_ultra_ps_e_v3_5_3_zynq_ultra_ps_e is either unconnected or has no load
WARNING: [Synth 8-7129] Port sacefpd_awuser[7] in module zynq_ultra_ps_e_v3_5_3_zynq_ultra_ps_e is either unconnected or has no load
WARNING: [Synth 8-7129] Port sacefpd_awuser[6] in module zynq_ultra_ps_e_v3_5_3_zynq_ultra_ps_e is either unconnected or has no load
WARNING: [Synth 8-7129] Port sacefpd_aruser[15] in module zynq_ultra_ps_e_v3_5_3_zynq_ultra_ps_e is either unconnected or has no load
WARNING: [Synth 8-7129] Port sacefpd_aruser[14] in module zynq_ultra_ps_e_v3_5_3_zynq_ultra_ps_e is either unconnected or has no load
WARNING: [Synth 8-7129] Port sacefpd_aruser[13] in module zynq_ultra_ps_e_v3_5_3_zynq_ultra_ps_e is either unconnected or has no load
WARNING: [Synth 8-7129] Port sacefpd_aruser[12] in module zynq_ultra_ps_e_v3_5_3_zynq_ultra_ps_e is either unconnected or has no load
WARNING: [Synth 8-7129] Port sacefpd_aruser[11] in module zynq_ultra_ps_e_v3_5_3_zynq_ultra_ps_e is either unconnected or has no load
WARNING: [Synth 8-7129] Port sacefpd_aruser[10] in module zynq_ultra_ps_e_v3_5_3_zynq_ultra_ps_e is either unconnected or has no load
WARNING: [Synth 8-7129] Port sacefpd_aruser[9] in module zynq_ultra_ps_e_v3_5_3_zynq_ultra_ps_e is either unconnected or has no load
WARNING: [Synth 8-7129] Port sacefpd_aruser[8] in module zynq_ultra_ps_e_v3_5_3_zynq_ultra_ps_e is either unconnected or has no load
WARNING: [Synth 8-7129] Port sacefpd_aruser[7] in module zynq_ultra_ps_e_v3_5_3_zynq_ultra_ps_e is either unconnected or has no load
WARNING: [Synth 8-7129] Port sacefpd_aruser[6] in module zynq_ultra_ps_e_v3_5_3_zynq_ultra_ps_e is either unconnected or has no load
WARNING: [Synth 8-7129] Port test_adc_clk[3] in module zynq_ultra_ps_e_v3_5_3_zynq_ultra_ps_e is either unconnected or has no load
WARNING: [Synth 8-7129] Port test_adc_clk[2] in module zynq_ultra_ps_e_v3_5_3_zynq_ultra_ps_e is either unconnected or has no load
WARNING: [Synth 8-7129] Port test_adc_clk[1] in module zynq_ultra_ps_e_v3_5_3_zynq_ultra_ps_e is either unconnected or has no load
WARNING: [Synth 8-7129] Port test_adc_clk[0] in module zynq_ultra_ps_e_v3_5_3_zynq_ultra_ps_e is either unconnected or has no load
WARNING: [Synth 8-7129] Port test_adc_in[31] in module zynq_ultra_ps_e_v3_5_3_zynq_ultra_ps_e is either unconnected or has no load
WARNING: [Synth 8-7129] Port test_adc_in[30] in module zynq_ultra_ps_e_v3_5_3_zynq_ultra_ps_e is either unconnected or has no load
WARNING: [Synth 8-7129] Port test_adc_in[29] in module zynq_ultra_ps_e_v3_5_3_zynq_ultra_ps_e is either unconnected or has no load
WARNING: [Synth 8-7129] Port test_adc_in[28] in module zynq_ultra_ps_e_v3_5_3_zynq_ultra_ps_e is either unconnected or has no load
WARNING: [Synth 8-7129] Port test_adc_in[27] in module zynq_ultra_ps_e_v3_5_3_zynq_ultra_ps_e is either unconnected or has no load
WARNING: [Synth 8-7129] Port test_adc_in[26] in module zynq_ultra_ps_e_v3_5_3_zynq_ultra_ps_e is either unconnected or has no load
WARNING: [Synth 8-7129] Port test_adc_in[25] in module zynq_ultra_ps_e_v3_5_3_zynq_ultra_ps_e is either unconnected or has no load
WARNING: [Synth 8-7129] Port test_adc_in[24] in module zynq_ultra_ps_e_v3_5_3_zynq_ultra_ps_e is either unconnected or has no load
WARNING: [Synth 8-7129] Port test_adc_in[23] in module zynq_ultra_ps_e_v3_5_3_zynq_ultra_ps_e is either unconnected or has no load
WARNING: [Synth 8-7129] Port test_adc_in[22] in module zynq_ultra_ps_e_v3_5_3_zynq_ultra_ps_e is either unconnected or has no load
WARNING: [Synth 8-7129] Port test_adc_in[21] in module zynq_ultra_ps_e_v3_5_3_zynq_ultra_ps_e is either unconnected or has no load
WARNING: [Synth 8-7129] Port test_adc_in[20] in module zynq_ultra_ps_e_v3_5_3_zynq_ultra_ps_e is either unconnected or has no load
WARNING: [Synth 8-7129] Port test_adc_in[19] in module zynq_ultra_ps_e_v3_5_3_zynq_ultra_ps_e is either unconnected or has no load
WARNING: [Synth 8-7129] Port test_adc_in[18] in module zynq_ultra_ps_e_v3_5_3_zynq_ultra_ps_e is either unconnected or has no load
WARNING: [Synth 8-7129] Port test_adc_in[17] in module zynq_ultra_ps_e_v3_5_3_zynq_ultra_ps_e is either unconnected or has no load
WARNING: [Synth 8-7129] Port test_adc_in[16] in module zynq_ultra_ps_e_v3_5_3_zynq_ultra_ps_e is either unconnected or has no load
WARNING: [Synth 8-7129] Port test_adc_in[15] in module zynq_ultra_ps_e_v3_5_3_zynq_ultra_ps_e is either unconnected or has no load
WARNING: [Synth 8-7129] Port test_adc_in[14] in module zynq_ultra_ps_e_v3_5_3_zynq_ultra_ps_e is either unconnected or has no load
WARNING: [Synth 8-7129] Port test_adc_in[13] in module zynq_ultra_ps_e_v3_5_3_zynq_ultra_ps_e is either unconnected or has no load
WARNING: [Synth 8-7129] Port test_adc_in[12] in module zynq_ultra_ps_e_v3_5_3_zynq_ultra_ps_e is either unconnected or has no load
WARNING: [Synth 8-7129] Port test_adc_in[11] in module zynq_ultra_ps_e_v3_5_3_zynq_ultra_ps_e is either unconnected or has no load
WARNING: [Synth 8-7129] Port test_adc_in[10] in module zynq_ultra_ps_e_v3_5_3_zynq_ultra_ps_e is either unconnected or has no load
WARNING: [Synth 8-7129] Port test_adc_in[9] in module zynq_ultra_ps_e_v3_5_3_zynq_ultra_ps_e is either unconnected or has no load
WARNING: [Synth 8-7129] Port test_adc_in[8] in module zynq_ultra_ps_e_v3_5_3_zynq_ultra_ps_e is either unconnected or has no load
WARNING: [Synth 8-7129] Port test_adc_in[7] in module zynq_ultra_ps_e_v3_5_3_zynq_ultra_ps_e is either unconnected or has no load
WARNING: [Synth 8-7129] Port test_adc_in[6] in module zynq_ultra_ps_e_v3_5_3_zynq_ultra_ps_e is either unconnected or has no load
WARNING: [Synth 8-7129] Port test_adc_in[5] in module zynq_ultra_ps_e_v3_5_3_zynq_ultra_ps_e is either unconnected or has no load
WARNING: [Synth 8-7129] Port test_adc_in[4] in module zynq_ultra_ps_e_v3_5_3_zynq_ultra_ps_e is either unconnected or has no load
WARNING: [Synth 8-7129] Port test_adc_in[3] in module zynq_ultra_ps_e_v3_5_3_zynq_ultra_ps_e is either unconnected or has no load
WARNING: [Synth 8-7129] Port test_adc_in[2] in module zynq_ultra_ps_e_v3_5_3_zynq_ultra_ps_e is either unconnected or has no load
WARNING: [Synth 8-7129] Port test_adc_in[1] in module zynq_ultra_ps_e_v3_5_3_zynq_ultra_ps_e is either unconnected or has no load
WARNING: [Synth 8-7129] Port test_adc_in[0] in module zynq_ultra_ps_e_v3_5_3_zynq_ultra_ps_e is either unconnected or has no load
WARNING: [Synth 8-7129] Port test_adc2_in[31] in module zynq_ultra_ps_e_v3_5_3_zynq_ultra_ps_e is either unconnected or has no load
WARNING: [Synth 8-7129] Port test_adc2_in[30] in module zynq_ultra_ps_e_v3_5_3_zynq_ultra_ps_e is either unconnected or has no load
WARNING: [Synth 8-7129] Port test_adc2_in[29] in module zynq_ultra_ps_e_v3_5_3_zynq_ultra_ps_e is either unconnected or has no load
WARNING: [Synth 8-7129] Port test_adc2_in[28] in module zynq_ultra_ps_e_v3_5_3_zynq_ultra_ps_e is either unconnected or has no load
WARNING: [Synth 8-7129] Port test_adc2_in[27] in module zynq_ultra_ps_e_v3_5_3_zynq_ultra_ps_e is either unconnected or has no load
WARNING: [Synth 8-7129] Port test_adc2_in[26] in module zynq_ultra_ps_e_v3_5_3_zynq_ultra_ps_e is either unconnected or has no load
WARNING: [Synth 8-7129] Port test_adc2_in[25] in module zynq_ultra_ps_e_v3_5_3_zynq_ultra_ps_e is either unconnected or has no load
WARNING: [Synth 8-7129] Port test_adc2_in[24] in module zynq_ultra_ps_e_v3_5_3_zynq_ultra_ps_e is either unconnected or has no load
WARNING: [Synth 8-7129] Port test_adc2_in[23] in module zynq_ultra_ps_e_v3_5_3_zynq_ultra_ps_e is either unconnected or has no load
WARNING: [Synth 8-7129] Port test_adc2_in[22] in module zynq_ultra_ps_e_v3_5_3_zynq_ultra_ps_e is either unconnected or has no load
WARNING: [Synth 8-7129] Port test_adc2_in[21] in module zynq_ultra_ps_e_v3_5_3_zynq_ultra_ps_e is either unconnected or has no load
WARNING: [Synth 8-7129] Port test_adc2_in[20] in module zynq_ultra_ps_e_v3_5_3_zynq_ultra_ps_e is either unconnected or has no load
WARNING: [Synth 8-7129] Port test_adc2_in[19] in module zynq_ultra_ps_e_v3_5_3_zynq_ultra_ps_e is either unconnected or has no load
WARNING: [Synth 8-7129] Port test_adc2_in[18] in module zynq_ultra_ps_e_v3_5_3_zynq_ultra_ps_e is either unconnected or has no load
WARNING: [Synth 8-7129] Port test_adc2_in[17] in module zynq_ultra_ps_e_v3_5_3_zynq_ultra_ps_e is either unconnected or has no load
WARNING: [Synth 8-7129] Port test_adc2_in[16] in module zynq_ultra_ps_e_v3_5_3_zynq_ultra_ps_e is either unconnected or has no load
WARNING: [Synth 8-7129] Port test_adc2_in[15] in module zynq_ultra_ps_e_v3_5_3_zynq_ultra_ps_e is either unconnected or has no load
WARNING: [Synth 8-7129] Port test_adc2_in[14] in module zynq_ultra_ps_e_v3_5_3_zynq_ultra_ps_e is either unconnected or has no load
WARNING: [Synth 8-7129] Port test_adc2_in[13] in module zynq_ultra_ps_e_v3_5_3_zynq_ultra_ps_e is either unconnected or has no load
WARNING: [Synth 8-7129] Port test_adc2_in[12] in module zynq_ultra_ps_e_v3_5_3_zynq_ultra_ps_e is either unconnected or has no load
WARNING: [Synth 8-7129] Port test_adc2_in[11] in module zynq_ultra_ps_e_v3_5_3_zynq_ultra_ps_e is either unconnected or has no load
WARNING: [Synth 8-7129] Port test_adc2_in[10] in module zynq_ultra_ps_e_v3_5_3_zynq_ultra_ps_e is either unconnected or has no load
WARNING: [Synth 8-7129] Port test_adc2_in[9] in module zynq_ultra_ps_e_v3_5_3_zynq_ultra_ps_e is either unconnected or has no load
WARNING: [Synth 8-7129] Port test_adc2_in[8] in module zynq_ultra_ps_e_v3_5_3_zynq_ultra_ps_e is either unconnected or has no load
WARNING: [Synth 8-7129] Port test_adc2_in[7] in module zynq_ultra_ps_e_v3_5_3_zynq_ultra_ps_e is either unconnected or has no load
INFO: [Common 17-14] Message 'Synth 8-7129' appears 100 times and further instances of the messages will be disabled. Use the Tcl command set_msg_config to change the current settings.
---------------------------------------------------------------------------------
Finished RTL Elaboration : Time (s): cpu = 00:00:20 ; elapsed = 00:00:23 . Memory (MB): peak = 2216.082 ; gain = 719.199
---------------------------------------------------------------------------------
---------------------------------------------------------------------------------
Start Handling Custom Attributes
---------------------------------------------------------------------------------
---------------------------------------------------------------------------------
Finished Handling Custom Attributes : Time (s): cpu = 00:00:20 ; elapsed = 00:00:23 . Memory (MB): peak = 2216.082 ; gain = 719.199
---------------------------------------------------------------------------------
---------------------------------------------------------------------------------
Finished RTL Optimization Phase 1 : Time (s): cpu = 00:00:20 ; elapsed = 00:00:23 . Memory (MB): peak = 2216.082 ; gain = 719.199
---------------------------------------------------------------------------------
Netlist sorting complete. Time (s): cpu = 00:00:01 ; elapsed = 00:00:00.240 . Memory (MB): peak = 2216.082 ; gain = 0.000
INFO: [Netlist 29-17] Analyzing 13 Unisim elements for replacement
INFO: [Netlist 29-28] Unisim Transformation completed in 0 CPU seconds
INFO: [Project 1-570] Preparing netlist for logic optimization

Processing XDC Constraints
Initializing timing engine
Parsing XDC File [d:/Documents/FAU/NanoSat/riscv_radhart_coll/RiscVFSM/Riscvfsmwrapper/Riscvfsmwrapper.gen/sources_1/bd/design_1/ip/design_1_zynq_ultra_ps_e_0_0/design_1_zynq_ultra_ps_e_0_0.xdc] for cell 'zynq_ultra_ps_e_0/inst'
create_clock: Time (s): cpu = 00:00:06 ; elapsed = 00:00:06 . Memory (MB): peak = 2216.082 ; gain = 0.000
Finished Parsing XDC File [d:/Documents/FAU/NanoSat/riscv_radhart_coll/RiscVFSM/Riscvfsmwrapper/Riscvfsmwrapper.gen/sources_1/bd/design_1/ip/design_1_zynq_ultra_ps_e_0_0/design_1_zynq_ultra_ps_e_0_0.xdc] for cell 'zynq_ultra_ps_e_0/inst'
Parsing XDC File [d:/Documents/FAU/NanoSat/riscv_radhart_coll/RiscVFSM/Riscvfsmwrapper/Riscvfsmwrapper.gen/sources_1/bd/design_1/ip/design_1_rst_ps8_0_99M_0/design_1_rst_ps8_0_99M_0_board.xdc] for cell 'rst_ps8_0_99M/U0'
Finished Parsing XDC File [d:/Documents/FAU/NanoSat/riscv_radhart_coll/RiscVFSM/Riscvfsmwrapper/Riscvfsmwrapper.gen/sources_1/bd/design_1/ip/design_1_rst_ps8_0_99M_0/design_1_rst_ps8_0_99M_0_board.xdc] for cell 'rst_ps8_0_99M/U0'
Parsing XDC File [d:/Documents/FAU/NanoSat/riscv_radhart_coll/RiscVFSM/Riscvfsmwrapper/Riscvfsmwrapper.gen/sources_1/bd/design_1/ip/design_1_rst_ps8_0_99M_0/design_1_rst_ps8_0_99M_0.xdc] for cell 'rst_ps8_0_99M/U0'
Finished Parsing XDC File [d:/Documents/FAU/NanoSat/riscv_radhart_coll/RiscVFSM/Riscvfsmwrapper/Riscvfsmwrapper.gen/sources_1/bd/design_1/ip/design_1_rst_ps8_0_99M_0/design_1_rst_ps8_0_99M_0.xdc] for cell 'rst_ps8_0_99M/U0'
INFO: [Project 1-236] Implementation specific constraints were found while reading constraint file [d:/Documents/FAU/NanoSat/riscv_radhart_coll/RiscVFSM/Riscvfsmwrapper/Riscvfsmwrapper.gen/sources_1/bd/design_1/ip/design_1_rst_ps8_0_99M_0/design_1_rst_ps8_0_99M_0.xdc]. These constraints will be ignored for synthesis but will be used in implementation. Impacted constraints are listed in the file [.Xil/design_1_propImpl.xdc].
Resolution: To avoid this warning, move constraints listed in [.Xil/design_1_propImpl.xdc] to another XDC file and exclude this new file from synthesis with the used_in_synthesis property (File Properties dialog in GUI) and re-run elaboration/synthesis.
Parsing XDC File [d:/Documents/FAU/NanoSat/riscv_radhart_coll/RiscVFSM/Riscvfsmwrapper/Riscvfsmwrapper.gen/sources_1/bd/design_1/ip/design_1_riscv_soc_axi_wrapper_0_1/src/cpu.xdc] for cell 'riscv_soc_axi_wrapper_0/U0'
WARNING: [Vivado 12-584] No ports matched 'clk'. [d:/Documents/FAU/NanoSat/riscv_radhart_coll/RiscVFSM/Riscvfsmwrapper/Riscvfsmwrapper.gen/sources_1/bd/design_1/ip/design_1_riscv_soc_axi_wrapper_0_1/src/cpu.xdc:2]
CRITICAL WARNING: [Common 17-55] 'set_property' expects at least one object. [d:/Documents/FAU/NanoSat/riscv_radhart_coll/RiscVFSM/Riscvfsmwrapper/Riscvfsmwrapper.gen/sources_1/bd/design_1/ip/design_1_riscv_soc_axi_wrapper_0_1/src/cpu.xdc:2]
Resolution: If [get_<value>] was used to populate the object, check to make sure this command returns at least one valid object.
WARNING: [Vivado 12-584] No ports matched 'clk'. [d:/Documents/FAU/NanoSat/riscv_radhart_coll/RiscVFSM/Riscvfsmwrapper/Riscvfsmwrapper.gen/sources_1/bd/design_1/ip/design_1_riscv_soc_axi_wrapper_0_1/src/cpu.xdc:3]
CRITICAL WARNING: [Common 17-55] 'set_property' expects at least one object. [d:/Documents/FAU/NanoSat/riscv_radhart_coll/RiscVFSM/Riscvfsmwrapper/Riscvfsmwrapper.gen/sources_1/bd/design_1/ip/design_1_riscv_soc_axi_wrapper_0_1/src/cpu.xdc:3]
Resolution: If [get_<value>] was used to populate the object, check to make sure this command returns at least one valid object.
WARNING: [Vivado 12-584] No ports matched 'clk'. [d:/Documents/FAU/NanoSat/riscv_radhart_coll/RiscVFSM/Riscvfsmwrapper/Riscvfsmwrapper.gen/sources_1/bd/design_1/ip/design_1_riscv_soc_axi_wrapper_0_1/src/cpu.xdc:6]
CRITICAL WARNING: [Vivado 12-4739] create_clock:No valid object(s) found for '-objects [get_ports clk]'. [d:/Documents/FAU/NanoSat/riscv_radhart_coll/RiscVFSM/Riscvfsmwrapper/Riscvfsmwrapper.gen/sources_1/bd/design_1/ip/design_1_riscv_soc_axi_wrapper_0_1/src/cpu.xdc:6]
Resolution: Check if the specified object(s) exists in the current design. If it does, ensure that the correct design hierarchy was specified for the object. If you are working with clocks, make sure create_clock was used to create the clock object before it is referenced.
Finished Parsing XDC File [d:/Documents/FAU/NanoSat/riscv_radhart_coll/RiscVFSM/Riscvfsmwrapper/Riscvfsmwrapper.gen/sources_1/bd/design_1/ip/design_1_riscv_soc_axi_wrapper_0_1/src/cpu.xdc] for cell 'riscv_soc_axi_wrapper_0/U0'
Parsing XDC File [d:/Documents/FAU/NanoSat/riscv_radhart_coll/RiscVFSM/Riscvfsmwrapper/Riscvfsmwrapper.gen/sources_1/bd/design_1/design_1_ooc.xdc]
Finished Parsing XDC File [d:/Documents/FAU/NanoSat/riscv_radhart_coll/RiscVFSM/Riscvfsmwrapper/Riscvfsmwrapper.gen/sources_1/bd/design_1/design_1_ooc.xdc]
Parsing XDC File [D:/Documents/FAU/NanoSat/riscv_radhart_coll/RiscVFSM/Riscvfsmwrapper/Riscvfsmwrapper.runs/design_1_synth_1/dont_touch.xdc]
Finished Parsing XDC File [D:/Documents/FAU/NanoSat/riscv_radhart_coll/RiscVFSM/Riscvfsmwrapper/Riscvfsmwrapper.runs/design_1_synth_1/dont_touch.xdc]
INFO: [Project 1-236] Implementation specific constraints were found while reading constraint file [D:/Documents/FAU/NanoSat/riscv_radhart_coll/RiscVFSM/Riscvfsmwrapper/Riscvfsmwrapper.runs/design_1_synth_1/dont_touch.xdc]. These constraints will be ignored for synthesis but will be used in implementation. Impacted constraints are listed in the file [.Xil/design_1_propImpl.xdc].
Resolution: To avoid this warning, move constraints listed in [.Xil/design_1_propImpl.xdc] to another XDC file and exclude this new file from synthesis with the used_in_synthesis property (File Properties dialog in GUI) and re-run elaboration/synthesis.
Completed Processing XDC Constraints

Netlist sorting complete. Time (s): cpu = 00:00:00 ; elapsed = 00:00:00.003 . Memory (MB): peak = 2216.082 ; gain = 0.000
INFO: [Project 1-111] Unisim Transformation Summary:
  A total of 13 instances were transformed.
  FDR => FDRE: 12 instances
  SRL16 => SRL16E: 1 instance 

Constraint Validation Runtime : Time (s): cpu = 00:00:01 ; elapsed = 00:00:00.070 . Memory (MB): peak = 2216.082 ; gain = 0.000
INFO: [Designutils 20-5008] Incremental synthesis strategy off
---------------------------------------------------------------------------------
Finished Constraint Validation : Time (s): cpu = 00:00:39 ; elapsed = 00:00:44 . Memory (MB): peak = 2216.082 ; gain = 719.199
---------------------------------------------------------------------------------
---------------------------------------------------------------------------------
Start Loading Part and Timing Information
---------------------------------------------------------------------------------
Loading part: xczu3eg-sbva484-1-i
INFO: [Synth 8-6742] Reading net delay rules and data
---------------------------------------------------------------------------------
Finished Loading Part and Timing Information : Time (s): cpu = 00:00:39 ; elapsed = 00:00:44 . Memory (MB): peak = 2216.082 ; gain = 719.199
---------------------------------------------------------------------------------
---------------------------------------------------------------------------------
Start Applying 'set_property' XDC Constraints
---------------------------------------------------------------------------------
Applied set_property DONT_TOUCH = true for zynq_ultra_ps_e_0/inst/PS8_i. (constraint file  d:/Documents/FAU/NanoSat/riscv_radhart_coll/RiscVFSM/Riscvfsmwrapper/Riscvfsmwrapper.gen/sources_1/bd/design_1/ip/design_1_zynq_ultra_ps_e_0_0/design_1_zynq_ultra_ps_e_0_0.xdc, line 25).
Applied set_property KEEP_HIERARCHY = SOFT for zynq_ultra_ps_e_0/inst. (constraint file  D:/Documents/FAU/NanoSat/riscv_radhart_coll/RiscVFSM/Riscvfsmwrapper/Riscvfsmwrapper.runs/design_1_synth_1/dont_touch.xdc, line 25).
Applied set_property KEEP_HIERARCHY = SOFT for rst_ps8_0_99M/U0. (constraint file  D:/Documents/FAU/NanoSat/riscv_radhart_coll/RiscVFSM/Riscvfsmwrapper/Riscvfsmwrapper.runs/design_1_synth_1/dont_touch.xdc, line 28).
Applied set_property KEEP_HIERARCHY = SOFT for riscv_soc_axi_wrapper_0/U0. (constraint file  D:/Documents/FAU/NanoSat/riscv_radhart_coll/RiscVFSM/Riscvfsmwrapper/Riscvfsmwrapper.runs/design_1_synth_1/dont_touch.xdc, line 34).
Applied set_property KEEP_HIERARCHY = SOFT for zynq_ultra_ps_e_0. (constraint file  auto generated constraint).
Applied set_property KEEP_HIERARCHY = SOFT for rst_ps8_0_99M. (constraint file  auto generated constraint).
Applied set_property KEEP_HIERARCHY = SOFT for axi_interconnect_0/s00_couplers/auto_pc. (constraint file  auto generated constraint).
Applied set_property KEEP_HIERARCHY = SOFT for axi_interconnect_0. (constraint file  auto generated constraint).
Applied set_property KEEP_HIERARCHY = SOFT for riscv_soc_axi_wrapper_0. (constraint file  auto generated constraint).
---------------------------------------------------------------------------------
Finished applying 'set_property' XDC Constraints : Time (s): cpu = 00:00:39 ; elapsed = 00:00:44 . Memory (MB): peak = 2216.082 ; gain = 719.199
---------------------------------------------------------------------------------
INFO: [Synth 8-802] inferred FSM for state register 'state_reg' in module 'axi_protocol_converter_v2_1_31_b2s_wr_cmd_fsm'
INFO: [Synth 8-802] inferred FSM for state register 'state_reg' in module 'axi_protocol_converter_v2_1_31_b2s_rd_cmd_fsm'
INFO: [Synth 8-802] inferred FSM for state register 'st_reg' in module 'uart_rx'
INFO: [Synth 8-802] inferred FSM for state register 'st_reg' in module 'uart_tx'
INFO: [Synth 8-802] inferred FSM for state register 'bl_state_reg' in module 'riscv_soc_boot'
WARNING: [Synth 8-3936] Found unconnected internal register 'awaddr_int_reg' and it is trimmed from '32' to '8' bits. [d:/Documents/FAU/NanoSat/riscv_radhart_coll/RiscVFSM/Riscvfsmwrapper/Riscvfsmwrapper.srcs/sources_1/bd/design_1/ipshared/0343/src/riscv_soc_axi_wrapper.vhd:232]
---------------------------------------------------------------------------------------------------
                   State |                     New Encoding |                Previous Encoding 
---------------------------------------------------------------------------------------------------
                 SM_IDLE |                               01 |                               00
               SM_CMD_EN |                               11 |                               01
         SM_CMD_ACCEPTED |                               10 |                               10
            SM_DONE_WAIT |                               00 |                               11
---------------------------------------------------------------------------------------------------
INFO: [Synth 8-3354] encoded FSM with state register 'state_reg' using encoding 'sequential' in module 'axi_protocol_converter_v2_1_31_b2s_wr_cmd_fsm'
---------------------------------------------------------------------------------------------------
                   State |                     New Encoding |                Previous Encoding 
---------------------------------------------------------------------------------------------------
                 SM_IDLE |                               01 |                               00
               SM_CMD_EN |                               11 |                               01
         SM_CMD_ACCEPTED |                               10 |                               10
                 SM_DONE |                               00 |                               11
---------------------------------------------------------------------------------------------------
INFO: [Synth 8-3354] encoded FSM with state register 'state_reg' using encoding 'sequential' in module 'axi_protocol_converter_v2_1_31_b2s_rd_cmd_fsm'
---------------------------------------------------------------------------------------------------
                   State |                     New Encoding |                Previous Encoding 
---------------------------------------------------------------------------------------------------
                    idle |                               00 |                               00
                   start |                               01 |                               01
               data_bits |                               10 |                               10
                    stop |                               11 |                               11
---------------------------------------------------------------------------------------------------
INFO: [Synth 8-3354] encoded FSM with state register 'st_reg' using encoding 'sequential' in module 'uart_rx'
---------------------------------------------------------------------------------------------------
                   State |                     New Encoding |                Previous Encoding 
---------------------------------------------------------------------------------------------------
                    idle |                               00 |                               00
               start_bit |                               01 |                               01
               data_bits |                               10 |                               10
                stop_bit |                               11 |                               11
---------------------------------------------------------------------------------------------------
INFO: [Synth 8-3354] encoded FSM with state register 'st_reg' using encoding 'sequential' in module 'uart_tx'
---------------------------------------------------------------------------------------------------
                   State |                     New Encoding |                Previous Encoding 
---------------------------------------------------------------------------------------------------
                 wait_55 |                              000 |                              000
                 wait_aa |                              001 |                              001
                    len0 |                              010 |                              010
                    len1 |                              011 |                              011
                    len2 |                              100 |                              100
                    len3 |                              101 |                              101
                    data |                              110 |                              110
                    done |                              111 |                              111
---------------------------------------------------------------------------------------------------
INFO: [Synth 8-3354] encoded FSM with state register 'bl_state_reg' using encoding 'sequential' in module 'riscv_soc_boot'
---------------------------------------------------------------------------------
Finished RTL Optimization Phase 2 : Time (s): cpu = 00:00:42 ; elapsed = 00:00:47 . Memory (MB): peak = 2216.082 ; gain = 719.199
---------------------------------------------------------------------------------
---------------------------------------------------------------------------------
Start RTL Component Statistics 
---------------------------------------------------------------------------------
Detailed RTL Component Info : 
+---Adders : 
	   2 Input   32 Bit       Adders := 9     
	   3 Input   32 Bit       Adders := 1     
	   2 Input   12 Bit       Adders := 8     
	   2 Input   10 Bit       Adders := 3     
	   2 Input    9 Bit       Adders := 2     
	   2 Input    8 Bit       Adders := 1     
	   2 Input    7 Bit       Adders := 2     
	   2 Input    6 Bit       Adders := 1     
	   2 Input    5 Bit       Adders := 4     
	   2 Input    4 Bit       Adders := 5     
	   2 Input    3 Bit       Adders := 3     
	   2 Input    2 Bit       Adders := 3     
+---XORs : 
	   2 Input     32 Bit         XORs := 1     
	   4 Input     22 Bit         XORs := 1     
	   2 Input      6 Bit         XORs := 2     
	   2 Input      1 Bit         XORs := 10    
	  17 Input      1 Bit         XORs := 2     
	  16 Input      1 Bit         XORs := 6     
	   8 Input      1 Bit         XORs := 8     
	   6 Input      1 Bit         XORs := 2     
	  38 Input      1 Bit         XORs := 2     
	   3 Input      1 Bit         XORs := 4     
	   4 Input      1 Bit         XORs := 6     
	   7 Input      1 Bit         XORs := 4     
	  18 Input      1 Bit         XORs := 2     
	  39 Input      1 Bit         XORs := 2     
	   5 Input      1 Bit         XORs := 1     
+---Registers : 
	               85 Bit    Registers := 4     
	               64 Bit    Registers := 1     
	               51 Bit    Registers := 2     
	               39 Bit    Registers := 2     
	               32 Bit    Registers := 70    
	               18 Bit    Registers := 2     
	               16 Bit    Registers := 3     
	               12 Bit    Registers := 7     
	               10 Bit    Registers := 3     
	                9 Bit    Registers := 2     
	                8 Bit    Registers := 9     
	                6 Bit    Registers := 1     
	                5 Bit    Registers := 8     
	                4 Bit    Registers := 9     
	                3 Bit    Registers := 7     
	                2 Bit    Registers := 12    
	                1 Bit    Registers := 87    
+---Multipliers : 
	              32x32  Multipliers := 1     
+---RAMs : 
	             156K Bit	(4096 X 39 bit)          RAMs := 1     
	              39K Bit	(1024 X 39 bit)          RAMs := 1     
+---Muxes : 
	   2 Input   85 Bit        Muxes := 4     
	   4 Input   64 Bit        Muxes := 1     
	   2 Input   51 Bit        Muxes := 2     
	   2 Input   40 Bit        Muxes := 8     
	   2 Input   38 Bit        Muxes := 2     
	   2 Input   32 Bit        Muxes := 52    
	   4 Input   32 Bit        Muxes := 16    
	  16 Input   32 Bit        Muxes := 3     
	   8 Input   32 Bit        Muxes := 4     
	   2 Input   18 Bit        Muxes := 2     
	   2 Input   16 Bit        Muxes := 1     
	   2 Input   12 Bit        Muxes := 6     
	   4 Input   10 Bit        Muxes := 2     
	   2 Input    9 Bit        Muxes := 4     
	   4 Input    8 Bit        Muxes := 3     
	   2 Input    6 Bit        Muxes := 1     
	   2 Input    5 Bit        Muxes := 5     
	  16 Input    5 Bit        Muxes := 1     
	   2 Input    4 Bit        Muxes := 23    
	   4 Input    4 Bit        Muxes := 1     
	   8 Input    4 Bit        Muxes := 1     
	   2 Input    3 Bit        Muxes := 4     
	   4 Input    3 Bit        Muxes := 2     
	   3 Input    3 Bit        Muxes := 1     
	   7 Input    3 Bit        Muxes := 1     
	   8 Input    3 Bit        Muxes := 1     
	   2 Input    2 Bit        Muxes := 20    
	   4 Input    2 Bit        Muxes := 7     
	   6 Input    2 Bit        Muxes := 1     
	   8 Input    2 Bit        Muxes := 2     
	   2 Input    1 Bit        Muxes := 134   
	   4 Input    1 Bit        Muxes := 11    
	   3 Input    1 Bit        Muxes := 2     
	   8 Input    1 Bit        Muxes := 16    
	   6 Input    1 Bit        Muxes := 3     
	   7 Input    1 Bit        Muxes := 13    
	  16 Input    1 Bit        Muxes := 11    
---------------------------------------------------------------------------------
Finished RTL Component Statistics 
---------------------------------------------------------------------------------
---------------------------------------------------------------------------------
Start Part Resource Summary
---------------------------------------------------------------------------------
Part Resources:
DSPs: 360 (col length:72)
BRAMs: 432 (col length: RAMB18 72 RAMB36 36)
---------------------------------------------------------------------------------
Finished Part Resource Summary
---------------------------------------------------------------------------------
---------------------------------------------------------------------------------
Start Cross Boundary and Area Optimization
---------------------------------------------------------------------------------
WARNING: [Synth 8-7080] Parallel synthesis criteria is not met
INFO: [Synth 8-3936] Found unconnected internal register 'inst/gen_axilite.gen_b2s_conv.axilite_b2s/SI_REG/aw.aw_pipe/m_payload_i_reg' and it is trimmed from '85' to '77' bits. [d:/Documents/FAU/NanoSat/riscv_radhart_coll/RiscVFSM/Riscvfsmwrapper/Riscvfsmwrapper.srcs/sources_1/bd/design_1/ipshared/92b2/hdl/axi_register_slice_v2_1_vl_rfs.v:1726]
INFO: [Synth 8-3936] Found unconnected internal register 'inst/gen_axilite.gen_b2s_conv.axilite_b2s/SI_REG/ar.ar_pipe/m_payload_i_reg' and it is trimmed from '85' to '77' bits. [d:/Documents/FAU/NanoSat/riscv_radhart_coll/RiscVFSM/Riscvfsmwrapper/Riscvfsmwrapper.srcs/sources_1/bd/design_1/ipshared/92b2/hdl/axi_register_slice_v2_1_vl_rfs.v:1726]
DSP Report: Generating DSP tmp0, operation Mode is: A*B.
DSP Report: operator tmp0 is absorbed into DSP tmp0.
DSP Report: operator tmp0 is absorbed into DSP tmp0.
DSP Report: Generating DSP tmp0, operation Mode is: (PCIN>>17)+A*B.
DSP Report: operator tmp0 is absorbed into DSP tmp0.
DSP Report: operator tmp0 is absorbed into DSP tmp0.
DSP Report: Generating DSP tmp0, operation Mode is: A*B.
DSP Report: operator tmp0 is absorbed into DSP tmp0.
DSP Report: operator tmp0 is absorbed into DSP tmp0.
DSP Report: Generating DSP tmp0, operation Mode is: (PCIN>>17)+A*B.
DSP Report: operator tmp0 is absorbed into DSP tmp0.
DSP Report: operator tmp0 is absorbed into DSP tmp0.
WARNING: [Synth 8-3332] Sequential element (EXT_LPF/ACTIVE_LOW_EXT.ACT_LO_EXT/GENERATE_LEVEL_P_S_CDC.SINGLE_BIT.CROSS_PLEVEL_IN2SCNDRY_s_level_out_d5) is unused and will be removed from module proc_sys_reset.
WARNING: [Synth 8-3332] Sequential element (EXT_LPF/ACTIVE_LOW_EXT.ACT_LO_EXT/GENERATE_LEVEL_P_S_CDC.SINGLE_BIT.CROSS_PLEVEL_IN2SCNDRY_s_level_out_d6) is unused and will be removed from module proc_sys_reset.
WARNING: [Synth 8-3332] Sequential element (EXT_LPF/ACTIVE_LOW_AUX.ACT_LO_AUX/GENERATE_LEVEL_P_S_CDC.SINGLE_BIT.CROSS_PLEVEL_IN2SCNDRY_s_level_out_d5) is unused and will be removed from module proc_sys_reset.
WARNING: [Synth 8-3332] Sequential element (EXT_LPF/ACTIVE_LOW_AUX.ACT_LO_AUX/GENERATE_LEVEL_P_S_CDC.SINGLE_BIT.CROSS_PLEVEL_IN2SCNDRY_s_level_out_d6) is unused and will be removed from module proc_sys_reset.
WARNING: [Synth 8-3332] Sequential element (FDRE_inst) is unused and will be removed from module proc_sys_reset.
WARNING: [Synth 8-3332] Sequential element (BSR_OUT_DFF[0].FDRE_BSR) is unused and will be removed from module proc_sys_reset.
WARNING: [Synth 8-3332] Sequential element (ACTIVE_LOW_BSR_OUT_DFF[0].FDRE_BSR_N) is unused and will be removed from module proc_sys_reset.
WARNING: [Synth 8-3332] Sequential element (PR_OUT_DFF[0].FDRE_PER) is unused and will be removed from module proc_sys_reset.
---------------------------------------------------------------------------------
Finished Cross Boundary and Area Optimization : Time (s): cpu = 00:01:09 ; elapsed = 00:01:16 . Memory (MB): peak = 2216.082 ; gain = 719.199
---------------------------------------------------------------------------------
 Sort Area is  tmp0_0 : 0 0 : 3101 5879 : Used 1 time 0
 Sort Area is  tmp0_0 : 0 1 : 2778 5879 : Used 1 time 0
 Sort Area is  tmp0_3 : 0 0 : 2759 5418 : Used 1 time 0
 Sort Area is  tmp0_3 : 0 1 : 2659 5418 : Used 1 time 0
---------------------------------------------------------------------------------
Start ROM, RAM, DSP, Shift Register and Retiming Reporting
---------------------------------------------------------------------------------

Block RAM: Preliminary Mapping Report (see note below)
+---------------------------+----------------------+------------------------+---+---+------------------------+---+---+------------------+--------+--------+-----------------+
|Module Name                | RTL Object           | PORT A (Depth x Width) | W | R | PORT B (Depth x Width) | W | R | Ports driving FF | RAMB18 | RAMB36 | Cascade Heights | 
+---------------------------+----------------------+------------------------+---+---+------------------------+---+---+------------------+--------+--------+-----------------+
|riscv_soc_axi_wrapper_0/U0 | u_soc/u_imem/ram_reg | 4 K x 39(READ_FIRST)   | W |   | 4 K x 39(WRITE_FIRST)  |   | R | Port A and B     | 1      | 4      | 4,1             | 
|riscv_soc_axi_wrapper_0/U0 | u_soc/u_dmem/ram_reg | 1 K x 39(READ_FIRST)   | W | R |                        |   |   | Port A           | 1      | 1      | 1,1             | 
+---------------------------+----------------------+------------------------+---+---+------------------------+---+---+------------------+--------+--------+-----------------+

Note: The table above is a preliminary report that shows the Block RAMs at the current stage of the synthesis flow. Some Block RAMs may be reimplemented as non Block RAM primitives later in the synthesis flow. Multiple instantiated Block RAMs are reported only once. 

DSP: Preliminary Mapping Report (see note below. The ' indicates corresponding REG is set)
+------------+----------------+--------+--------+--------+--------+--------+------+------+------+------+-------+------+------+
|Module Name | DSP Mapping    | A Size | B Size | C Size | D Size | P Size | AREG | BREG | CREG | DREG | ADREG | MREG | PREG | 
+------------+----------------+--------+--------+--------+--------+--------+------+------+------+------+-------+------+------+
|alu         | A*B            | 18     | 16     | -      | -      | 48     | 0    | 0    | -    | -    | -     | 0    | 0    | 
|alu         | (PCIN>>17)+A*B | 16     | 16     | -      | -      | 48     | 0    | 0    | -    | -    | -     | 0    | 0    | 
|alu         | A*B            | 18     | 18     | -      | -      | 48     | 0    | 0    | -    | -    | -     | 0    | 0    | 
|alu         | (PCIN>>17)+A*B | 18     | 16     | -      | -      | 48     | 0    | 0    | -    | -    | -     | 0    | 0    | 
+------------+----------------+--------+--------+--------+--------+--------+------+------+------+------+-------+------+------+

Note: The table above is a preliminary report that shows the DSPs inferred at the current stage of the synthesis flow. Some DSP may be reimplemented as non DSP primitives later in the synthesis flow. Multiple instantiated DSPs are reported only once.
---------------------------------------------------------------------------------
Finished ROM, RAM, DSP, Shift Register and Retiming Reporting
---------------------------------------------------------------------------------
---------------------------------------------------------------------------------
Start Applying XDC Timing Constraints
---------------------------------------------------------------------------------
---------------------------------------------------------------------------------
Finished Applying XDC Timing Constraints : Time (s): cpu = 00:01:26 ; elapsed = 00:01:35 . Memory (MB): peak = 3552.457 ; gain = 2055.574
---------------------------------------------------------------------------------
---------------------------------------------------------------------------------
Start Timing Optimization
---------------------------------------------------------------------------------
INFO: [Synth 8-5556] The block RAM "riscv_soc_axi_wrapper_0/U0/u_soc/u_imem/ram_reg" may be mapped as a cascade chain, because it is not timing critical.
INFO: [Synth 8-5556] The block RAM "riscv_soc_axi_wrapper_0/U0/u_soc/u_dmem/ram_reg" may be mapped as a cascade chain, because it is not timing critical.
---------------------------------------------------------------------------------
Finished Timing Optimization : Time (s): cpu = 00:01:33 ; elapsed = 00:01:42 . Memory (MB): peak = 3687.367 ; gain = 2190.484
---------------------------------------------------------------------------------
---------------------------------------------------------------------------------
Start ROM, RAM, DSP, Shift Register and Retiming Reporting
---------------------------------------------------------------------------------

Block RAM: Final Mapping Report
+---------------------------+----------------------+------------------------+---+---+------------------------+---+---+------------------+--------+--------+-----------------+
|Module Name                | RTL Object           | PORT A (Depth x Width) | W | R | PORT B (Depth x Width) | W | R | Ports driving FF | RAMB18 | RAMB36 | Cascade Heights | 
+---------------------------+----------------------+------------------------+---+---+------------------------+---+---+------------------+--------+--------+-----------------+
|riscv_soc_axi_wrapper_0/U0 | u_soc/u_imem/ram_reg | 4 K x 39(READ_FIRST)   | W |   | 4 K x 39(WRITE_FIRST)  |   | R | Port A and B     | 1      | 4      | 4,1             | 
|riscv_soc_axi_wrapper_0/U0 | u_soc/u_dmem/ram_reg | 1 K x 39(READ_FIRST)   | W | R |                        |   |   | Port A           | 1      | 1      | 1,1             | 
+---------------------------+----------------------+------------------------+---+---+------------------------+---+---+------------------+--------+--------+-----------------+

---------------------------------------------------------------------------------
Finished ROM, RAM, DSP, Shift Register and Retiming Reporting
---------------------------------------------------------------------------------
---------------------------------------------------------------------------------
Start Technology Mapping
---------------------------------------------------------------------------------
INFO: [Synth 8-7052] The timing for the instance riscv_soc_axi_wrapper_0/U0/u_soc/u_imem/ram_reg_bram_3 (implemented as a Block RAM) might be sub-optimal as no optional output register could be merged into the ram block. Providing additional output register may help in improving timing.
INFO: [Synth 8-7052] The timing for the instance riscv_soc_axi_wrapper_0/U0/u_soc/u_imem/ram_reg_bram_4 (implemented as a Block RAM) might be sub-optimal as no optional output register could be merged into the ram block. Providing additional output register may help in improving timing.
INFO: [Synth 8-7052] The timing for the instance riscv_soc_axi_wrapper_0/U0/u_soc/u_dmem/ram_reg_bram_0 (implemented as a Block RAM) might be sub-optimal as no optional output register could be merged into the ram block. Providing additional output register may help in improving timing.
INFO: [Synth 8-7052] The timing for the instance riscv_soc_axi_wrapper_0/U0/u_soc/u_dmem/ram_reg_bram_1 (implemented as a Block RAM) might be sub-optimal as no optional output register could be merged into the ram block. Providing additional output register may help in improving timing.
---------------------------------------------------------------------------------
Finished Technology Mapping : Time (s): cpu = 00:01:37 ; elapsed = 00:01:46 . Memory (MB): peak = 3717.488 ; gain = 2220.605
---------------------------------------------------------------------------------
---------------------------------------------------------------------------------
Start IO Insertion
---------------------------------------------------------------------------------
---------------------------------------------------------------------------------
Start Flattening Before IO Insertion
---------------------------------------------------------------------------------
---------------------------------------------------------------------------------
Finished Flattening Before IO Insertion
---------------------------------------------------------------------------------
---------------------------------------------------------------------------------
Start Final Netlist Cleanup
---------------------------------------------------------------------------------
---------------------------------------------------------------------------------
Finished Final Netlist Cleanup
---------------------------------------------------------------------------------
WARNING: [Synth 8-3295] tying undriven pin trace_ctl_pipe[0]_inferred:in0 to constant 0
WARNING: [Synth 8-3295] tying undriven pin trace_data_pipe[0]_inferred:in0[31] to constant 0
WARNING: [Synth 8-3295] tying undriven pin trace_data_pipe[0]_inferred:in0[30] to constant 0
WARNING: [Synth 8-3295] tying undriven pin trace_data_pipe[0]_inferred:in0[29] to constant 0
WARNING: [Synth 8-3295] tying undriven pin trace_data_pipe[0]_inferred:in0[28] to constant 0
WARNING: [Synth 8-3295] tying undriven pin trace_data_pipe[0]_inferred:in0[27] to constant 0
WARNING: [Synth 8-3295] tying undriven pin trace_data_pipe[0]_inferred:in0[26] to constant 0
WARNING: [Synth 8-3295] tying undriven pin trace_data_pipe[0]_inferred:in0[25] to constant 0
WARNING: [Synth 8-3295] tying undriven pin trace_data_pipe[0]_inferred:in0[24] to constant 0
WARNING: [Synth 8-3295] tying undriven pin trace_data_pipe[0]_inferred:in0[23] to constant 0
WARNING: [Synth 8-3295] tying undriven pin trace_data_pipe[0]_inferred:in0[22] to constant 0
WARNING: [Synth 8-3295] tying undriven pin trace_data_pipe[0]_inferred:in0[21] to constant 0
WARNING: [Synth 8-3295] tying undriven pin trace_data_pipe[0]_inferred:in0[20] to constant 0
WARNING: [Synth 8-3295] tying undriven pin trace_data_pipe[0]_inferred:in0[19] to constant 0
WARNING: [Synth 8-3295] tying undriven pin trace_data_pipe[0]_inferred:in0[18] to constant 0
WARNING: [Synth 8-3295] tying undriven pin trace_data_pipe[0]_inferred:in0[17] to constant 0
WARNING: [Synth 8-3295] tying undriven pin trace_data_pipe[0]_inferred:in0[16] to constant 0
WARNING: [Synth 8-3295] tying undriven pin trace_data_pipe[0]_inferred:in0[15] to constant 0
WARNING: [Synth 8-3295] tying undriven pin trace_data_pipe[0]_inferred:in0[14] to constant 0
WARNING: [Synth 8-3295] tying undriven pin trace_data_pipe[0]_inferred:in0[13] to constant 0
WARNING: [Synth 8-3295] tying undriven pin trace_data_pipe[0]_inferred:in0[12] to constant 0
WARNING: [Synth 8-3295] tying undriven pin trace_data_pipe[0]_inferred:in0[11] to constant 0
WARNING: [Synth 8-3295] tying undriven pin trace_data_pipe[0]_inferred:in0[10] to constant 0
WARNING: [Synth 8-3295] tying undriven pin trace_data_pipe[0]_inferred:in0[9] to constant 0
WARNING: [Synth 8-3295] tying undriven pin trace_data_pipe[0]_inferred:in0[8] to constant 0
WARNING: [Synth 8-3295] tying undriven pin trace_data_pipe[0]_inferred:in0[7] to constant 0
WARNING: [Synth 8-3295] tying undriven pin trace_data_pipe[0]_inferred:in0[6] to constant 0
WARNING: [Synth 8-3295] tying undriven pin trace_data_pipe[0]_inferred:in0[5] to constant 0
WARNING: [Synth 8-3295] tying undriven pin trace_data_pipe[0]_inferred:in0[4] to constant 0
WARNING: [Synth 8-3295] tying undriven pin trace_data_pipe[0]_inferred:in0[3] to constant 0
WARNING: [Synth 8-3295] tying undriven pin trace_data_pipe[0]_inferred:in0[2] to constant 0
WARNING: [Synth 8-3295] tying undriven pin trace_data_pipe[0]_inferred:in0[1] to constant 0
WARNING: [Synth 8-3295] tying undriven pin trace_data_pipe[0]_inferred:in0[0] to constant 0
WARNING: [Synth 8-3295] tying undriven pin trace_ctl_pipe[7]_inferred:in0 to constant 0
WARNING: [Synth 8-3295] tying undriven pin trace_ctl_pipe[6]_inferred:in0 to constant 0
WARNING: [Synth 8-3295] tying undriven pin trace_ctl_pipe[5]_inferred:in0 to constant 0
WARNING: [Synth 8-3295] tying undriven pin trace_ctl_pipe[4]_inferred:in0 to constant 0
WARNING: [Synth 8-3295] tying undriven pin trace_ctl_pipe[3]_inferred:in0 to constant 0
WARNING: [Synth 8-3295] tying undriven pin trace_ctl_pipe[2]_inferred:in0 to constant 0
WARNING: [Synth 8-3295] tying undriven pin trace_ctl_pipe[1]_inferred:in0 to constant 0
WARNING: [Synth 8-3295] tying undriven pin trace_data_pipe[7]_inferred:in0[31] to constant 0
WARNING: [Synth 8-3295] tying undriven pin trace_data_pipe[7]_inferred:in0[30] to constant 0
WARNING: [Synth 8-3295] tying undriven pin trace_data_pipe[7]_inferred:in0[29] to constant 0
WARNING: [Synth 8-3295] tying undriven pin trace_data_pipe[7]_inferred:in0[28] to constant 0
WARNING: [Synth 8-3295] tying undriven pin trace_data_pipe[7]_inferred:in0[27] to constant 0
WARNING: [Synth 8-3295] tying undriven pin trace_data_pipe[7]_inferred:in0[26] to constant 0
WARNING: [Synth 8-3295] tying undriven pin trace_data_pipe[7]_inferred:in0[25] to constant 0
WARNING: [Synth 8-3295] tying undriven pin trace_data_pipe[7]_inferred:in0[24] to constant 0
WARNING: [Synth 8-3295] tying undriven pin trace_data_pipe[7]_inferred:in0[23] to constant 0
WARNING: [Synth 8-3295] tying undriven pin trace_data_pipe[7]_inferred:in0[22] to constant 0
WARNING: [Synth 8-3295] tying undriven pin trace_data_pipe[7]_inferred:in0[21] to constant 0
WARNING: [Synth 8-3295] tying undriven pin trace_data_pipe[7]_inferred:in0[20] to constant 0
WARNING: [Synth 8-3295] tying undriven pin trace_data_pipe[7]_inferred:in0[19] to constant 0
WARNING: [Synth 8-3295] tying undriven pin trace_data_pipe[7]_inferred:in0[18] to constant 0
WARNING: [Synth 8-3295] tying undriven pin trace_data_pipe[7]_inferred:in0[17] to constant 0
WARNING: [Synth 8-3295] tying undriven pin trace_data_pipe[7]_inferred:in0[16] to constant 0
WARNING: [Synth 8-3295] tying undriven pin trace_data_pipe[7]_inferred:in0[15] to constant 0
WARNING: [Synth 8-3295] tying undriven pin trace_data_pipe[7]_inferred:in0[14] to constant 0
WARNING: [Synth 8-3295] tying undriven pin trace_data_pipe[7]_inferred:in0[13] to constant 0
WARNING: [Synth 8-3295] tying undriven pin trace_data_pipe[7]_inferred:in0[12] to constant 0
WARNING: [Synth 8-3295] tying undriven pin trace_data_pipe[7]_inferred:in0[11] to constant 0
WARNING: [Synth 8-3295] tying undriven pin trace_data_pipe[7]_inferred:in0[10] to constant 0
WARNING: [Synth 8-3295] tying undriven pin trace_data_pipe[7]_inferred:in0[9] to constant 0
WARNING: [Synth 8-3295] tying undriven pin trace_data_pipe[7]_inferred:in0[8] to constant 0
WARNING: [Synth 8-3295] tying undriven pin trace_data_pipe[7]_inferred:in0[7] to constant 0
WARNING: [Synth 8-3295] tying undriven pin trace_data_pipe[7]_inferred:in0[6] to constant 0
WARNING: [Synth 8-3295] tying undriven pin trace_data_pipe[7]_inferred:in0[5] to constant 0
WARNING: [Synth 8-3295] tying undriven pin trace_data_pipe[7]_inferred:in0[4] to constant 0
WARNING: [Synth 8-3295] tying undriven pin trace_data_pipe[7]_inferred:in0[3] to constant 0
WARNING: [Synth 8-3295] tying undriven pin trace_data_pipe[7]_inferred:in0[2] to constant 0
WARNING: [Synth 8-3295] tying undriven pin trace_data_pipe[7]_inferred:in0[1] to constant 0
WARNING: [Synth 8-3295] tying undriven pin trace_data_pipe[7]_inferred:in0[0] to constant 0
WARNING: [Synth 8-3295] tying undriven pin trace_data_pipe[6]_inferred:in0[31] to constant 0
WARNING: [Synth 8-3295] tying undriven pin trace_data_pipe[6]_inferred:in0[30] to constant 0
WARNING: [Synth 8-3295] tying undriven pin trace_data_pipe[6]_inferred:in0[29] to constant 0
WARNING: [Synth 8-3295] tying undriven pin trace_data_pipe[6]_inferred:in0[28] to constant 0
WARNING: [Synth 8-3295] tying undriven pin trace_data_pipe[6]_inferred:in0[27] to constant 0
WARNING: [Synth 8-3295] tying undriven pin trace_data_pipe[6]_inferred:in0[26] to constant 0
WARNING: [Synth 8-3295] tying undriven pin trace_data_pipe[6]_inferred:in0[25] to constant 0
WARNING: [Synth 8-3295] tying undriven pin trace_data_pipe[6]_inferred:in0[24] to constant 0
WARNING: [Synth 8-3295] tying undriven pin trace_data_pipe[6]_inferred:in0[23] to constant 0
WARNING: [Synth 8-3295] tying undriven pin trace_data_pipe[6]_inferred:in0[22] to constant 0
WARNING: [Synth 8-3295] tying undriven pin trace_data_pipe[6]_inferred:in0[21] to constant 0
WARNING: [Synth 8-3295] tying undriven pin trace_data_pipe[6]_inferred:in0[20] to constant 0
WARNING: [Synth 8-3295] tying undriven pin trace_data_pipe[6]_inferred:in0[19] to constant 0
WARNING: [Synth 8-3295] tying undriven pin trace_data_pipe[6]_inferred:in0[18] to constant 0
WARNING: [Synth 8-3295] tying undriven pin trace_data_pipe[6]_inferred:in0[17] to constant 0
WARNING: [Synth 8-3295] tying undriven pin trace_data_pipe[6]_inferred:in0[16] to constant 0
WARNING: [Synth 8-3295] tying undriven pin trace_data_pipe[6]_inferred:in0[15] to constant 0
WARNING: [Synth 8-3295] tying undriven pin trace_data_pipe[6]_inferred:in0[14] to constant 0
WARNING: [Synth 8-3295] tying undriven pin trace_data_pipe[6]_inferred:in0[13] to constant 0
WARNING: [Synth 8-3295] tying undriven pin trace_data_pipe[6]_inferred:in0[12] to constant 0
WARNING: [Synth 8-3295] tying undriven pin trace_data_pipe[6]_inferred:in0[11] to constant 0
WARNING: [Synth 8-3295] tying undriven pin trace_data_pipe[6]_inferred:in0[10] to constant 0
WARNING: [Synth 8-3295] tying undriven pin trace_data_pipe[6]_inferred:in0[9] to constant 0
WARNING: [Synth 8-3295] tying undriven pin trace_data_pipe[6]_inferred:in0[8] to constant 0
WARNING: [Synth 8-3295] tying undriven pin trace_data_pipe[6]_inferred:in0[7] to constant 0
WARNING: [Synth 8-3295] tying undriven pin trace_data_pipe[6]_inferred:in0[6] to constant 0
WARNING: [Synth 8-3295] tying undriven pin trace_data_pipe[6]_inferred:in0[5] to constant 0
WARNING: [Synth 8-3295] tying undriven pin trace_data_pipe[6]_inferred:in0[4] to constant 0
INFO: [Common 17-14] Message 'Synth 8-3295' appears 100 times and further instances of the messages will be disabled. Use the Tcl command set_msg_config to change the current settings.
---------------------------------------------------------------------------------
Finished IO Insertion : Time (s): cpu = 00:01:43 ; elapsed = 00:01:53 . Memory (MB): peak = 3730.016 ; gain = 2233.133
---------------------------------------------------------------------------------
---------------------------------------------------------------------------------
Start Renaming Generated Instances
---------------------------------------------------------------------------------
---------------------------------------------------------------------------------
Finished Renaming Generated Instances : Time (s): cpu = 00:01:43 ; elapsed = 00:01:53 . Memory (MB): peak = 3730.016 ; gain = 2233.133
---------------------------------------------------------------------------------
---------------------------------------------------------------------------------
Start Rebuilding User Hierarchy
---------------------------------------------------------------------------------
---------------------------------------------------------------------------------
Finished Rebuilding User Hierarchy : Time (s): cpu = 00:01:44 ; elapsed = 00:01:53 . Memory (MB): peak = 3730.016 ; gain = 2233.133
---------------------------------------------------------------------------------
---------------------------------------------------------------------------------
Start Renaming Generated Ports
---------------------------------------------------------------------------------
---------------------------------------------------------------------------------
Finished Renaming Generated Ports : Time (s): cpu = 00:01:44 ; elapsed = 00:01:54 . Memory (MB): peak = 3730.016 ; gain = 2233.133
---------------------------------------------------------------------------------
---------------------------------------------------------------------------------
Start Handling Custom Attributes
---------------------------------------------------------------------------------
---------------------------------------------------------------------------------
Finished Handling Custom Attributes : Time (s): cpu = 00:01:44 ; elapsed = 00:01:54 . Memory (MB): peak = 3730.016 ; gain = 2233.133
---------------------------------------------------------------------------------
---------------------------------------------------------------------------------
Start Renaming Generated Nets
---------------------------------------------------------------------------------
---------------------------------------------------------------------------------
Finished Renaming Generated Nets : Time (s): cpu = 00:01:44 ; elapsed = 00:01:54 . Memory (MB): peak = 3730.016 ; gain = 2233.133
---------------------------------------------------------------------------------
---------------------------------------------------------------------------------
Start ROM, RAM, DSP, Shift Register and Retiming Reporting
---------------------------------------------------------------------------------

Dynamic Shift Register Report:
+------------+----------------+--------+------------+--------+---------+--------+--------+--------+
|Module Name | RTL Name       | Length | Data Width | SRL16E | SRLC32E | Mux F7 | Mux F8 | Mux F9 | 
+------------+----------------+--------+------------+--------+---------+--------+--------+--------+
|dsrl        | memory_reg[3]  | 24     | 24         | 24     | 0       | 0      | 0      | 0      | 
|dsrl__1     | memory_reg[3]  | 2      | 2          | 2      | 0       | 0      | 0      | 0      | 
|dsrl__2     | memory_reg[31] | 34     | 34         | 0      | 34      | 0      | 0      | 0      | 
|dsrl__3     | memory_reg[31] | 17     | 17         | 0      | 17      | 0      | 0      | 0      | 
+------------+----------------+--------+------------+--------+---------+--------+--------+--------+

---------------------------------------------------------------------------------
Finished ROM, RAM, DSP, Shift Register and Retiming Reporting
---------------------------------------------------------------------------------
---------------------------------------------------------------------------------
Start Writing Synthesis Report
---------------------------------------------------------------------------------

DSP Final Report (the ' indicates corresponding REG is set)
+------------+--------------+--------+--------+--------+--------+--------+------+------+------+------+-------+------+------+
|Module Name | DSP Mapping  | A Size | B Size | C Size | D Size | P Size | AREG | BREG | CREG | DREG | ADREG | MREG | PREG | 
+------------+--------------+--------+--------+--------+--------+--------+------+------+------+------+-------+------+------+
|alu         | A*B          | 17     | 15     | -      | -      | 48     | 0    | 0    | -    | -    | -     | 0    | 0    | 
|alu         | A*B          | 17     | 17     | -      | -      | 48     | 0    | 0    | -    | -    | -     | 0    | 0    | 
|alu         | PCIN>>17+A*B | 17     | 15     | -      | -      | 48     | 0    | 0    | -    | -    | -     | 0    | 0    | 
+------------+--------------+--------+--------+--------+--------+--------+------+------+------+------+-------+------+------+


Report BlackBoxes: 
+-+--------------+----------+
| |BlackBox name |Instances |
+-+--------------+----------+
+-+--------------+----------+

Report Cell Usage: 
+------+----------------+------+
|      |Cell            |Count |
+------+----------------+------+
|1     |BUFG_PS         |     1|
|2     |CARRY8          |   111|
|3     |DSP_ALU         |     3|
|4     |DSP_A_B_DATA    |     3|
|5     |DSP_C_DATA      |     3|
|6     |DSP_MULTIPLIER  |     3|
|7     |DSP_M_DATA      |     3|
|8     |DSP_OUTPUT      |     3|
|9     |DSP_PREADD      |     3|
|10    |DSP_PREADD_DATA |     3|
|11    |LUT1            |   326|
|12    |LUT2            |   310|
|13    |LUT3            |   531|
|14    |LUT4            |   470|
|15    |LUT5            |   997|
|16    |LUT6            |  1936|
|17    |MUXF7           |   326|
|18    |PS8             |     1|
|19    |RAMB18E2        |     2|
|21    |RAMB36E2        |     5|
|25    |SRL16           |     1|
|26    |SRL16E          |    26|
|27    |SRLC32E         |    51|
|28    |FDR             |     8|
|29    |FDRE            |  3168|
|30    |FDSE            |    28|
+------+----------------+------+
---------------------------------------------------------------------------------
Finished Writing Synthesis Report : Time (s): cpu = 00:01:44 ; elapsed = 00:01:54 . Memory (MB): peak = 3730.016 ; gain = 2233.133
---------------------------------------------------------------------------------
Synthesis finished with 0 errors, 0 critical warnings and 1112 warnings.
Synthesis Optimization Runtime : Time (s): cpu = 00:01:13 ; elapsed = 00:01:42 . Memory (MB): peak = 3730.016 ; gain = 2233.133
Synthesis Optimization Complete : Time (s): cpu = 00:01:45 ; elapsed = 00:01:55 . Memory (MB): peak = 3730.016 ; gain = 2233.133
INFO: [Project 1-571] Translating synthesized netlist
Netlist sorting complete. Time (s): cpu = 00:00:00 ; elapsed = 00:00:00.119 . Memory (MB): peak = 3730.016 ; gain = 0.000
INFO: [Netlist 29-17] Analyzing 449 Unisim elements for replacement
INFO: [Netlist 29-28] Unisim Transformation completed in 0 CPU seconds
INFO: [Project 1-570] Preparing netlist for logic optimization
INFO: [Opt 31-138] Pushed 0 inverter(s) to 0 load pin(s).
Netlist sorting complete. Time (s): cpu = 00:00:00 ; elapsed = 00:00:00.001 . Memory (MB): peak = 3730.016 ; gain = 0.000
INFO: [Project 1-111] Unisim Transformation Summary:
  A total of 12 instances were transformed.
  DSP48E2 => DSP48E2 (DSP_ALU, DSP_A_B_DATA, DSP_C_DATA, DSP_MULTIPLIER, DSP_M_DATA, DSP_OUTPUT, DSP_PREADD, DSP_PREADD_DATA): 3 instances
  FDR => FDRE: 8 instances
  SRL16 => SRL16E: 1 instance 

Synth Design complete | Checksum: d17e8464
INFO: [Common 17-83] Releasing license: Synthesis
185 Infos, 417 Warnings, 3 Critical Warnings and 0 Errors encountered.
synth_design completed successfully
synth_design: Time (s): cpu = 00:01:57 ; elapsed = 00:02:11 . Memory (MB): peak = 3730.016 ; gain = 3135.762
INFO: [Coretcl 2-1174] Renamed 42 cell refs.
INFO: [Timing 38-35] Done setting XDC timing constraints.
Write ShapeDB Complete: Time (s): cpu = 00:00:00 ; elapsed = 00:00:00.015 . Memory (MB): peak = 3730.016 ; gain = 0.000
INFO: [Common 17-1381] The checkpoint 'D:/Documents/FAU/NanoSat/riscv_radhart_coll/RiscVFSM/Riscvfsmwrapper/Riscvfsmwrapper.runs/design_1_synth_1/design_1.dcp' has been generated.
write_checkpoint: Time (s): cpu = 00:00:16 ; elapsed = 00:00:17 . Memory (MB): peak = 3730.016 ; gain = 0.000
INFO: [Vivado 12-24828] Executing command : report_utilization -file design_1_utilization_synth.rpt -pb design_1_utilization_synth.pb
INFO: [Common 17-206] Exiting Vivado at Wed May  6 15:59:53 2026...
