Copyright 1986-2022 Xilinx, Inc. All Rights Reserved. Copyright 2022-2024 Advanced Micro Devices, Inc. All Rights Reserved.
--------------------------------------------------------------------------------------------------------------------------------------------------------------------------------------------------------------------------------------------------
| Tool Version      : Vivado v.2024.1 (win64) Build 5076996 Wed May 22 18:37:14 MDT 2024
| Date              : Wed May  6 15:32:06 2026
| Host              : DESKTOP-U0V267S running 64-bit major release  (build 9200)
| Command           : report_timing_summary -max_paths 10 -report_unconstrained -file design_1_wrapper_timing_summary_routed.rpt -pb design_1_wrapper_timing_summary_routed.pb -rpx design_1_wrapper_timing_summary_routed.rpx -warn_on_violation
| Design            : design_1_wrapper
| Device            : xczu3eg-sbva484
| Speed File        : -1  PRODUCTION 1.30 05-15-2022
| Design State      : Routed
| Temperature Grade : I
--------------------------------------------------------------------------------------------------------------------------------------------------------------------------------------------------------------------------------------------------

Timing Summary Report

------------------------------------------------------------------------------------------------
| Timer Settings
| --------------
------------------------------------------------------------------------------------------------

  Enable Multi Corner Analysis               :  Yes
  Enable Pessimism Removal                   :  Yes
  Pessimism Removal Resolution               :  Nearest Common Node
  Enable Input Delay Default Clock           :  No
  Enable Preset / Clear Arcs                 :  No
  Disable Flight Delays                      :  No
  Ignore I/O Paths                           :  No
  Timing Early Launch at Borrowing Latches   :  No
  Borrow Time for Max Delay Exceptions       :  Yes
  Merge Timing Exceptions                    :  Yes
  Inter-SLR Compensation                     :  Conservative

  Corner  Analyze    Analyze    
  Name    Max Paths  Min Paths  
  ------  ---------  ---------  
  Slow    Yes        Yes        
  Fast    Yes        Yes        


------------------------------------------------------------------------------------------------
| Report Methodology
| ------------------
------------------------------------------------------------------------------------------------

No report available as report_methodology has not been run prior. Run report_methodology on the current design for the summary of methodology violations.



check_timing report

Table of Contents
-----------------
1. checking no_clock (0)
2. checking constant_clock (0)
3. checking pulse_width_clock (0)
4. checking unconstrained_internal_endpoints (0)
5. checking no_input_delay (0)
6. checking no_output_delay (0)
7. checking multiple_clock (0)
8. checking generated_clocks (0)
9. checking loops (0)
10. checking partial_input_delay (0)
11. checking partial_output_delay (0)
12. checking latch_loops (0)

1. checking no_clock (0)
------------------------
 There are 0 register/latch pins with no clock.


2. checking constant_clock (0)
------------------------------
 There are 0 register/latch pins with constant_clock.


3. checking pulse_width_clock (0)
---------------------------------
 There are 0 register/latch pins which need pulse_width check


4. checking unconstrained_internal_endpoints (0)
------------------------------------------------
 There are 0 pins that are not constrained for maximum delay.

 There are 0 pins that are not constrained for maximum delay due to constant clock.


5. checking no_input_delay (0)
------------------------------
 There are 0 input ports with no input delay specified.

 There are 0 input ports with no input delay but user has a false path constraint.


6. checking no_output_delay (0)
-------------------------------
 There are 0 ports with no output delay specified.

 There are 0 ports with no output delay but user has a false path constraint

 There are 0 ports with no output delay but with a timing clock defined on it or propagating through it


7. checking multiple_clock (0)
------------------------------
 There are 0 register/latch pins with multiple clocks.


8. checking generated_clocks (0)
--------------------------------
 There are 0 generated clocks that are not connected to a clock source.


9. checking loops (0)
---------------------
 There are 0 combinational loops in the design.


10. checking partial_input_delay (0)
------------------------------------
 There are 0 input ports with partial input delay specified.


11. checking partial_output_delay (0)
-------------------------------------
 There are 0 ports with partial output delay specified.


12. checking latch_loops (0)
----------------------------
 There are 0 combinational latch loops in the design through latch input



------------------------------------------------------------------------------------------------
| Design Timing Summary
| ---------------------
------------------------------------------------------------------------------------------------

    WNS(ns)      TNS(ns)  TNS Failing Endpoints  TNS Total Endpoints      WHS(ns)      THS(ns)  THS Failing Endpoints  THS Total Endpoints     WPWS(ns)     TPWS(ns)  TPWS Failing Endpoints  TPWS Total Endpoints  
    -------      -------  ---------------------  -------------------      -------      -------  ---------------------  -------------------     --------     --------  ----------------------  --------------------  
      3.425        0.000                      0                 9431        0.031        0.000                      0                 9431        3.500        0.000                       0                  3340  


All user specified timing constraints are met.


------------------------------------------------------------------------------------------------
| Clock Summary
| -------------
------------------------------------------------------------------------------------------------

Clock     Waveform(ns)       Period(ns)      Frequency(MHz)
-----     ------------       ----------      --------------
clk_pl_0  {0.000 5.000}      10.000          100.000         


------------------------------------------------------------------------------------------------
| Intra Clock Table
| -----------------
------------------------------------------------------------------------------------------------

Clock             WNS(ns)      TNS(ns)  TNS Failing Endpoints  TNS Total Endpoints      WHS(ns)      THS(ns)  THS Failing Endpoints  THS Total Endpoints     WPWS(ns)     TPWS(ns)  TPWS Failing Endpoints  TPWS Total Endpoints  
-----             -------      -------  ---------------------  -------------------      -------      -------  ---------------------  -------------------     --------     --------  ----------------------  --------------------  
clk_pl_0            3.425        0.000                      0                 9431        0.031        0.000                      0                 9431        3.500        0.000                       0                  3340  


------------------------------------------------------------------------------------------------
| Inter Clock Table
| -----------------
------------------------------------------------------------------------------------------------

From Clock    To Clock          WNS(ns)      TNS(ns)  TNS Failing Endpoints  TNS Total Endpoints      WHS(ns)      THS(ns)  THS Failing Endpoints  THS Total Endpoints  
----------    --------          -------      -------  ---------------------  -------------------      -------      -------  ---------------------  -------------------  


------------------------------------------------------------------------------------------------
| Other Path Groups Table
| -----------------------
------------------------------------------------------------------------------------------------

Path Group    From Clock    To Clock          WNS(ns)      TNS(ns)  TNS Failing Endpoints  TNS Total Endpoints      WHS(ns)      THS(ns)  THS Failing Endpoints  THS Total Endpoints  
----------    ----------    --------          -------      -------  ---------------------  -------------------      -------      -------  ---------------------  -------------------  


------------------------------------------------------------------------------------------------
| User Ignored Path Table
| -----------------------
------------------------------------------------------------------------------------------------

Path Group    From Clock    To Clock    
----------    ----------    --------    
(none)                      clk_pl_0      


------------------------------------------------------------------------------------------------
| Unconstrained Path Table
| ------------------------
------------------------------------------------------------------------------------------------

Path Group    From Clock    To Clock    
----------    ----------    --------    


------------------------------------------------------------------------------------------------
| Timing Details
| --------------
------------------------------------------------------------------------------------------------


---------------------------------------------------------------------------------------------------
From Clock:  clk_pl_0
  To Clock:  clk_pl_0

Setup :            0  Failing Endpoints,  Worst Slack        3.425ns,  Total Violation        0.000ns
Hold  :            0  Failing Endpoints,  Worst Slack        0.031ns,  Total Violation        0.000ns
PW    :            0  Failing Endpoints,  Worst Slack        3.500ns,  Total Violation        0.000ns
---------------------------------------------------------------------------------------------------


Max Delay Paths
--------------------------------------------------------------------------------------
Slack (MET) :             3.425ns  (required time - arrival time)
  Source:                 design_1_i/riscv_soc_axi_wrapper_0/U0/u_soc/u_cpu/cur_rs1_val_reg[9]/C
                            (rising edge-triggered cell FDRE clocked by clk_pl_0  {rise@0.000ns fall@5.000ns period=10.000ns})
  Destination:            design_1_i/riscv_soc_axi_wrapper_0/U0/u_soc/u_cpu/exec_result_reg[31]/D
                            (rising edge-triggered cell FDRE clocked by clk_pl_0  {rise@0.000ns fall@5.000ns period=10.000ns})
  Path Group:             clk_pl_0
  Path Type:              Setup (Max at Slow Process Corner)
  Requirement:            10.000ns  (clk_pl_0 rise@10.000ns - clk_pl_0 rise@0.000ns)
  Data Path Delay:        6.310ns  (logic 3.618ns (57.339%)  route 2.692ns (42.661%))
  Logic Levels:           14  (CARRY8=2 DSP_A_B_DATA=1 DSP_ALU=2 DSP_M_DATA=1 DSP_MULTIPLIER=1 DSP_OUTPUT=2 DSP_PREADD_DATA=1 LUT2=1 LUT3=1 LUT5=2)
  Clock Path Skew:        -0.118ns (DCD - SCD + CPR)
    Destination Clock Delay (DCD):    1.507ns = ( 11.507 - 10.000 ) 
    Source Clock Delay      (SCD):    1.766ns
    Clock Pessimism Removal (CPR):    0.141ns
  Clock Uncertainty:      0.174ns  ((TSJ^2 + DJ^2)^1/2) / 2 + PE
    Total System Jitter     (TSJ):    0.071ns
    Discrete Jitter          (DJ):    0.340ns
    Phase Error              (PE):    0.000ns
  Clock Net Delay (Source):      1.559ns (routing 0.638ns, distribution 0.921ns)
  Clock Net Delay (Destination): 1.340ns (routing 0.576ns, distribution 0.764ns)

    Location             Delay type                Incr(ns)  Path(ns)    Netlist Resource(s)
  -------------------------------------------------------------------    -------------------
                         (clock clk_pl_0 rise edge)
                                                      0.000     0.000 r  
    PS8_X0Y0             PS8                          0.000     0.000 r  design_1_i/zynq_ultra_ps_e_0/inst/PS8_i/PLCLK[0]
                         net (fo=1, routed)           0.178     0.178    design_1_i/zynq_ultra_ps_e_0/inst/pl_clk_unbuffered[0]
    BUFG_PS_X0Y58        BUFG_PS (Prop_BUFG_PS_I_O)
                                                      0.029     0.207 r  design_1_i/zynq_ultra_ps_e_0/inst/buffer_pl_clk_0.PL_CLK_0_BUFG/O
    X0Y1 (CLOCK_ROOT)    net (fo=3340, routed)        1.559     1.766    design_1_i/riscv_soc_axi_wrapper_0/U0/u_soc/u_cpu/S_AXI_ACLK
    SLICE_X9Y89          FDRE                                         r  design_1_i/riscv_soc_axi_wrapper_0/U0/u_soc/u_cpu/cur_rs1_val_reg[9]/C
  -------------------------------------------------------------------    -------------------
    SLICE_X9Y89          FDRE (Prop_CFF_SLICEM_C_Q)
                                                      0.095     1.861 f  design_1_i/riscv_soc_axi_wrapper_0/U0/u_soc/u_cpu/cur_rs1_val_reg[9]/Q
                         net (fo=16, routed)          0.857     2.718    design_1_i/riscv_soc_axi_wrapper_0/U0/u_soc/u_cpu/alu_inst/exec_result[0]_i_12_0[9]
    SLICE_X11Y107        LUT3 (Prop_B5LUT_SLICEL_I2_O)
                                                      0.142     2.860 f  design_1_i/riscv_soc_axi_wrapper_0/U0/u_soc/u_cpu/alu_inst/tmp0__0_i_8/O
                         net (fo=15, routed)          0.667     3.527    design_1_i/riscv_soc_axi_wrapper_0/U0/u_soc/u_cpu/alu_inst/tmp0__0/A[9]
    DSP48E2_X0Y41        DSP_A_B_DATA (Prop_DSP_A_B_DATA_DSP48E2_A[9]_A2_DATA[9])
                                                      0.241     3.768 r  design_1_i/riscv_soc_axi_wrapper_0/U0/u_soc/u_cpu/alu_inst/tmp0__0/DSP_A_B_DATA_INST/A2_DATA[9]
                         net (fo=1, routed)           0.000     3.768    design_1_i/riscv_soc_axi_wrapper_0/U0/u_soc/u_cpu/alu_inst/tmp0__0/DSP_A_B_DATA.A2_DATA<9>
    DSP48E2_X0Y41        DSP_PREADD_DATA (Prop_DSP_PREADD_DATA_DSP48E2_A2_DATA[9]_A2A1[9])
                                                      0.098     3.866 r  design_1_i/riscv_soc_axi_wrapper_0/U0/u_soc/u_cpu/alu_inst/tmp0__0/DSP_PREADD_DATA_INST/A2A1[9]
                         net (fo=1, routed)           0.000     3.866    design_1_i/riscv_soc_axi_wrapper_0/U0/u_soc/u_cpu/alu_inst/tmp0__0/DSP_PREADD_DATA.A2A1<9>
    DSP48E2_X0Y41        DSP_MULTIPLIER (Prop_DSP_MULTIPLIER_DSP48E2_A2A1[9]_U[30])
                                                      0.647     4.513 f  design_1_i/riscv_soc_axi_wrapper_0/U0/u_soc/u_cpu/alu_inst/tmp0__0/DSP_MULTIPLIER_INST/U[30]
                         net (fo=1, routed)           0.000     4.513    design_1_i/riscv_soc_axi_wrapper_0/U0/u_soc/u_cpu/alu_inst/tmp0__0/DSP_MULTIPLIER.U<30>
    DSP48E2_X0Y41        DSP_M_DATA (Prop_DSP_M_DATA_DSP48E2_U[30]_U_DATA[30])
                                                      0.059     4.572 r  design_1_i/riscv_soc_axi_wrapper_0/U0/u_soc/u_cpu/alu_inst/tmp0__0/DSP_M_DATA_INST/U_DATA[30]
                         net (fo=1, routed)           0.000     4.572    design_1_i/riscv_soc_axi_wrapper_0/U0/u_soc/u_cpu/alu_inst/tmp0__0/DSP_M_DATA.U_DATA<30>
    DSP48E2_X0Y41        DSP_ALU (Prop_DSP_ALU_DSP48E2_U_DATA[30]_ALU_OUT[47])
                                                      0.699     5.271 f  design_1_i/riscv_soc_axi_wrapper_0/U0/u_soc/u_cpu/alu_inst/tmp0__0/DSP_ALU_INST/ALU_OUT[47]
                         net (fo=1, routed)           0.000     5.271    design_1_i/riscv_soc_axi_wrapper_0/U0/u_soc/u_cpu/alu_inst/tmp0__0/DSP_ALU.ALU_OUT<47>
    DSP48E2_X0Y41        DSP_OUTPUT (Prop_DSP_OUTPUT_DSP48E2_ALU_OUT[47]_PCOUT[47])
                                                      0.159     5.430 r  design_1_i/riscv_soc_axi_wrapper_0/U0/u_soc/u_cpu/alu_inst/tmp0__0/DSP_OUTPUT_INST/PCOUT[47]
                         net (fo=1, routed)           0.042     5.472    design_1_i/riscv_soc_axi_wrapper_0/U0/u_soc/u_cpu/alu_inst/tmp0__1/PCIN[47]
    DSP48E2_X0Y42        DSP_ALU (Prop_DSP_ALU_DSP48E2_PCIN[47]_ALU_OUT[4])
                                                      0.698     6.170 f  design_1_i/riscv_soc_axi_wrapper_0/U0/u_soc/u_cpu/alu_inst/tmp0__1/DSP_ALU_INST/ALU_OUT[4]
                         net (fo=1, routed)           0.000     6.170    design_1_i/riscv_soc_axi_wrapper_0/U0/u_soc/u_cpu/alu_inst/tmp0__1/DSP_ALU.ALU_OUT<4>
    DSP48E2_X0Y42        DSP_OUTPUT (Prop_DSP_OUTPUT_DSP48E2_ALU_OUT[4]_P[4])
                                                      0.141     6.311 r  design_1_i/riscv_soc_axi_wrapper_0/U0/u_soc/u_cpu/alu_inst/tmp0__1/DSP_OUTPUT_INST/P[4]
                         net (fo=2, routed)           0.392     6.703    design_1_i/riscv_soc_axi_wrapper_0/U0/u_soc/u_cpu/alu_inst/tmp0__1_n_101
    SLICE_X4Y105         LUT2 (Prop_F6LUT_SLICEM_I0_O)
                                                      0.113     6.816 r  design_1_i/riscv_soc_axi_wrapper_0/U0/u_soc/u_cpu/alu_inst/exec_result[23]_i_20/O
                         net (fo=1, routed)           0.024     6.840    design_1_i/riscv_soc_axi_wrapper_0/U0/u_soc/u_cpu/alu_inst/exec_result[23]_i_20_n_0
    SLICE_X4Y105         CARRY8 (Prop_CARRY8_SLICEM_S[5]_CO[7])
                                                      0.202     7.042 r  design_1_i/riscv_soc_axi_wrapper_0/U0/u_soc/u_cpu/alu_inst/exec_result_reg[23]_i_6/CO[7]
                         net (fo=1, routed)           0.028     7.070    design_1_i/riscv_soc_axi_wrapper_0/U0/u_soc/u_cpu/alu_inst/exec_result_reg[23]_i_6_n_0
    SLICE_X4Y106         CARRY8 (Prop_CARRY8_SLICEM_CI_O[7])
                                                      0.146     7.216 r  design_1_i/riscv_soc_axi_wrapper_0/U0/u_soc/u_cpu/alu_inst/exec_result_reg[31]_i_7/O[7]
                         net (fo=1, routed)           0.310     7.526    design_1_i/riscv_soc_axi_wrapper_0/U0/u_soc/u_cpu/alu_inst/exec_result_reg[31]_i_7_n_8
    SLICE_X3Y104         LUT5 (Prop_E6LUT_SLICEL_I2_O)
                                                      0.064     7.590 r  design_1_i/riscv_soc_axi_wrapper_0/U0/u_soc/u_cpu/alu_inst/exec_result[31]_i_4/O
                         net (fo=1, routed)           0.312     7.902    design_1_i/riscv_soc_axi_wrapper_0/U0/u_soc/u_cpu/alu_inst/exec_result[31]_i_4_n_0
    SLICE_X7Y103         LUT5 (Prop_F6LUT_SLICEL_I2_O)
                                                      0.114     8.016 r  design_1_i/riscv_soc_axi_wrapper_0/U0/u_soc/u_cpu/alu_inst/exec_result[31]_i_2/O
                         net (fo=1, routed)           0.060     8.076    design_1_i/riscv_soc_axi_wrapper_0/U0/u_soc/u_cpu/p_1_in_1[31]
    SLICE_X7Y103         FDRE                                         r  design_1_i/riscv_soc_axi_wrapper_0/U0/u_soc/u_cpu/exec_result_reg[31]/D
  -------------------------------------------------------------------    -------------------

                         (clock clk_pl_0 rise edge)
                                                     10.000    10.000 r  
    PS8_X0Y0             PS8                          0.000    10.000 r  design_1_i/zynq_ultra_ps_e_0/inst/PS8_i/PLCLK[0]
                         net (fo=1, routed)           0.140    10.140    design_1_i/zynq_ultra_ps_e_0/inst/pl_clk_unbuffered[0]
    BUFG_PS_X0Y58        BUFG_PS (Prop_BUFG_PS_I_O)
                                                      0.027    10.167 r  design_1_i/zynq_ultra_ps_e_0/inst/buffer_pl_clk_0.PL_CLK_0_BUFG/O
    X0Y1 (CLOCK_ROOT)    net (fo=3340, routed)        1.340    11.507    design_1_i/riscv_soc_axi_wrapper_0/U0/u_soc/u_cpu/S_AXI_ACLK
    SLICE_X7Y103         FDRE                                         r  design_1_i/riscv_soc_axi_wrapper_0/U0/u_soc/u_cpu/exec_result_reg[31]/C
                         clock pessimism              0.141    11.648    
                         clock uncertainty           -0.174    11.474    
    SLICE_X7Y103         FDRE (Setup_FFF_SLICEL_C_D)
                                                      0.027    11.501    design_1_i/riscv_soc_axi_wrapper_0/U0/u_soc/u_cpu/exec_result_reg[31]
  -------------------------------------------------------------------
                         required time                         11.501    
                         arrival time                          -8.076    
  -------------------------------------------------------------------
                         slack                                  3.425    

Slack (MET) :             3.578ns  (required time - arrival time)
  Source:                 design_1_i/riscv_soc_axi_wrapper_0/U0/u_soc/u_cpu/cur_rs1_val_reg[9]/C
                            (rising edge-triggered cell FDRE clocked by clk_pl_0  {rise@0.000ns fall@5.000ns period=10.000ns})
  Destination:            design_1_i/riscv_soc_axi_wrapper_0/U0/u_soc/u_cpu/exec_result_reg[28]/D
                            (rising edge-triggered cell FDRE clocked by clk_pl_0  {rise@0.000ns fall@5.000ns period=10.000ns})
  Path Group:             clk_pl_0
  Path Type:              Setup (Max at Slow Process Corner)
  Requirement:            10.000ns  (clk_pl_0 rise@10.000ns - clk_pl_0 rise@0.000ns)
  Data Path Delay:        6.158ns  (logic 3.600ns (58.462%)  route 2.558ns (41.538%))
  Logic Levels:           14  (CARRY8=2 DSP_A_B_DATA=1 DSP_ALU=2 DSP_M_DATA=1 DSP_MULTIPLIER=1 DSP_OUTPUT=2 DSP_PREADD_DATA=1 LUT2=1 LUT3=1 LUT5=2)
  Clock Path Skew:        -0.117ns (DCD - SCD + CPR)
    Destination Clock Delay (DCD):    1.508ns = ( 11.508 - 10.000 ) 
    Source Clock Delay      (SCD):    1.766ns
    Clock Pessimism Removal (CPR):    0.141ns
  Clock Uncertainty:      0.174ns  ((TSJ^2 + DJ^2)^1/2) / 2 + PE
    Total System Jitter     (TSJ):    0.071ns
    Discrete Jitter          (DJ):    0.340ns
    Phase Error              (PE):    0.000ns
  Clock Net Delay (Source):      1.559ns (routing 0.638ns, distribution 0.921ns)
  Clock Net Delay (Destination): 1.341ns (routing 0.576ns, distribution 0.765ns)

    Location             Delay type                Incr(ns)  Path(ns)    Netlist Resource(s)
  -------------------------------------------------------------------    -------------------
                         (clock clk_pl_0 rise edge)
                                                      0.000     0.000 r  
    PS8_X0Y0             PS8                          0.000     0.000 r  design_1_i/zynq_ultra_ps_e_0/inst/PS8_i/PLCLK[0]
                         net (fo=1, routed)           0.178     0.178    design_1_i/zynq_ultra_ps_e_0/inst/pl_clk_unbuffered[0]
    BUFG_PS_X0Y58        BUFG_PS (Prop_BUFG_PS_I_O)
                                                      0.029     0.207 r  design_1_i/zynq_ultra_ps_e_0/inst/buffer_pl_clk_0.PL_CLK_0_BUFG/O
    X0Y1 (CLOCK_ROOT)    net (fo=3340, routed)        1.559     1.766    design_1_i/riscv_soc_axi_wrapper_0/U0/u_soc/u_cpu/S_AXI_ACLK
    SLICE_X9Y89          FDRE                                         r  design_1_i/riscv_soc_axi_wrapper_0/U0/u_soc/u_cpu/cur_rs1_val_reg[9]/C
  -------------------------------------------------------------------    -------------------
    SLICE_X9Y89          FDRE (Prop_CFF_SLICEM_C_Q)
                                                      0.095     1.861 f  design_1_i/riscv_soc_axi_wrapper_0/U0/u_soc/u_cpu/cur_rs1_val_reg[9]/Q
                         net (fo=16, routed)          0.857     2.718    design_1_i/riscv_soc_axi_wrapper_0/U0/u_soc/u_cpu/alu_inst/exec_result[0]_i_12_0[9]
    SLICE_X11Y107        LUT3 (Prop_B5LUT_SLICEL_I2_O)
                                                      0.142     2.860 f  design_1_i/riscv_soc_axi_wrapper_0/U0/u_soc/u_cpu/alu_inst/tmp0__0_i_8/O
                         net (fo=15, routed)          0.667     3.527    design_1_i/riscv_soc_axi_wrapper_0/U0/u_soc/u_cpu/alu_inst/tmp0__0/A[9]
    DSP48E2_X0Y41        DSP_A_B_DATA (Prop_DSP_A_B_DATA_DSP48E2_A[9]_A2_DATA[9])
                                                      0.241     3.768 r  design_1_i/riscv_soc_axi_wrapper_0/U0/u_soc/u_cpu/alu_inst/tmp0__0/DSP_A_B_DATA_INST/A2_DATA[9]
                         net (fo=1, routed)           0.000     3.768    design_1_i/riscv_soc_axi_wrapper_0/U0/u_soc/u_cpu/alu_inst/tmp0__0/DSP_A_B_DATA.A2_DATA<9>
    DSP48E2_X0Y41        DSP_PREADD_DATA (Prop_DSP_PREADD_DATA_DSP48E2_A2_DATA[9]_A2A1[9])
                                                      0.098     3.866 r  design_1_i/riscv_soc_axi_wrapper_0/U0/u_soc/u_cpu/alu_inst/tmp0__0/DSP_PREADD_DATA_INST/A2A1[9]
                         net (fo=1, routed)           0.000     3.866    design_1_i/riscv_soc_axi_wrapper_0/U0/u_soc/u_cpu/alu_inst/tmp0__0/DSP_PREADD_DATA.A2A1<9>
    DSP48E2_X0Y41        DSP_MULTIPLIER (Prop_DSP_MULTIPLIER_DSP48E2_A2A1[9]_U[30])
                                                      0.647     4.513 f  design_1_i/riscv_soc_axi_wrapper_0/U0/u_soc/u_cpu/alu_inst/tmp0__0/DSP_MULTIPLIER_INST/U[30]
                         net (fo=1, routed)           0.000     4.513    design_1_i/riscv_soc_axi_wrapper_0/U0/u_soc/u_cpu/alu_inst/tmp0__0/DSP_MULTIPLIER.U<30>
    DSP48E2_X0Y41        DSP_M_DATA (Prop_DSP_M_DATA_DSP48E2_U[30]_U_DATA[30])
                                                      0.059     4.572 r  design_1_i/riscv_soc_axi_wrapper_0/U0/u_soc/u_cpu/alu_inst/tmp0__0/DSP_M_DATA_INST/U_DATA[30]
                         net (fo=1, routed)           0.000     4.572    design_1_i/riscv_soc_axi_wrapper_0/U0/u_soc/u_cpu/alu_inst/tmp0__0/DSP_M_DATA.U_DATA<30>
    DSP48E2_X0Y41        DSP_ALU (Prop_DSP_ALU_DSP48E2_U_DATA[30]_ALU_OUT[47])
                                                      0.699     5.271 f  design_1_i/riscv_soc_axi_wrapper_0/U0/u_soc/u_cpu/alu_inst/tmp0__0/DSP_ALU_INST/ALU_OUT[47]
                         net (fo=1, routed)           0.000     5.271    design_1_i/riscv_soc_axi_wrapper_0/U0/u_soc/u_cpu/alu_inst/tmp0__0/DSP_ALU.ALU_OUT<47>
    DSP48E2_X0Y41        DSP_OUTPUT (Prop_DSP_OUTPUT_DSP48E2_ALU_OUT[47]_PCOUT[47])
                                                      0.159     5.430 r  design_1_i/riscv_soc_axi_wrapper_0/U0/u_soc/u_cpu/alu_inst/tmp0__0/DSP_OUTPUT_INST/PCOUT[47]
                         net (fo=1, routed)           0.042     5.472    design_1_i/riscv_soc_axi_wrapper_0/U0/u_soc/u_cpu/alu_inst/tmp0__1/PCIN[47]
    DSP48E2_X0Y42        DSP_ALU (Prop_DSP_ALU_DSP48E2_PCIN[47]_ALU_OUT[4])
                                                      0.698     6.170 f  design_1_i/riscv_soc_axi_wrapper_0/U0/u_soc/u_cpu/alu_inst/tmp0__1/DSP_ALU_INST/ALU_OUT[4]
                         net (fo=1, routed)           0.000     6.170    design_1_i/riscv_soc_axi_wrapper_0/U0/u_soc/u_cpu/alu_inst/tmp0__1/DSP_ALU.ALU_OUT<4>
    DSP48E2_X0Y42        DSP_OUTPUT (Prop_DSP_OUTPUT_DSP48E2_ALU_OUT[4]_P[4])
                                                      0.141     6.311 r  design_1_i/riscv_soc_axi_wrapper_0/U0/u_soc/u_cpu/alu_inst/tmp0__1/DSP_OUTPUT_INST/P[4]
                         net (fo=2, routed)           0.392     6.703    design_1_i/riscv_soc_axi_wrapper_0/U0/u_soc/u_cpu/alu_inst/tmp0__1_n_101
    SLICE_X4Y105         LUT2 (Prop_F6LUT_SLICEM_I0_O)
                                                      0.113     6.816 r  design_1_i/riscv_soc_axi_wrapper_0/U0/u_soc/u_cpu/alu_inst/exec_result[23]_i_20/O
                         net (fo=1, routed)           0.024     6.840    design_1_i/riscv_soc_axi_wrapper_0/U0/u_soc/u_cpu/alu_inst/exec_result[23]_i_20_n_0
    SLICE_X4Y105         CARRY8 (Prop_CARRY8_SLICEM_S[5]_CO[7])
                                                      0.202     7.042 r  design_1_i/riscv_soc_axi_wrapper_0/U0/u_soc/u_cpu/alu_inst/exec_result_reg[23]_i_6/CO[7]
                         net (fo=1, routed)           0.028     7.070    design_1_i/riscv_soc_axi_wrapper_0/U0/u_soc/u_cpu/alu_inst/exec_result_reg[23]_i_6_n_0
    SLICE_X4Y106         CARRY8 (Prop_CARRY8_SLICEM_CI_O[4])
                                                      0.109     7.179 r  design_1_i/riscv_soc_axi_wrapper_0/U0/u_soc/u_cpu/alu_inst/exec_result_reg[31]_i_7/O[4]
                         net (fo=1, routed)           0.209     7.388    design_1_i/riscv_soc_axi_wrapper_0/U0/u_soc/u_cpu/alu_inst/exec_result_reg[31]_i_7_n_11
    SLICE_X5Y105         LUT5 (Prop_F6LUT_SLICEM_I2_O)
                                                      0.098     7.486 r  design_1_i/riscv_soc_axi_wrapper_0/U0/u_soc/u_cpu/alu_inst/exec_result[28]_i_2/O
                         net (fo=1, routed)           0.281     7.767    design_1_i/riscv_soc_axi_wrapper_0/U0/u_soc/u_cpu/alu_inst/exec_result[28]_i_2_n_0
    SLICE_X3Y105         LUT5 (Prop_D6LUT_SLICEL_I2_O)
                                                      0.099     7.866 r  design_1_i/riscv_soc_axi_wrapper_0/U0/u_soc/u_cpu/alu_inst/exec_result[28]_i_1/O
                         net (fo=1, routed)           0.058     7.924    design_1_i/riscv_soc_axi_wrapper_0/U0/u_soc/u_cpu/p_1_in_1[28]
    SLICE_X3Y105         FDRE                                         r  design_1_i/riscv_soc_axi_wrapper_0/U0/u_soc/u_cpu/exec_result_reg[28]/D
  -------------------------------------------------------------------    -------------------

                         (clock clk_pl_0 rise edge)
                                                     10.000    10.000 r  
    PS8_X0Y0             PS8                          0.000    10.000 r  design_1_i/zynq_ultra_ps_e_0/inst/PS8_i/PLCLK[0]
                         net (fo=1, routed)           0.140    10.140    design_1_i/zynq_ultra_ps_e_0/inst/pl_clk_unbuffered[0]
    BUFG_PS_X0Y58        BUFG_PS (Prop_BUFG_PS_I_O)
                                                      0.027    10.167 r  design_1_i/zynq_ultra_ps_e_0/inst/buffer_pl_clk_0.PL_CLK_0_BUFG/O
    X0Y1 (CLOCK_ROOT)    net (fo=3340, routed)        1.341    11.508    design_1_i/riscv_soc_axi_wrapper_0/U0/u_soc/u_cpu/S_AXI_ACLK
    SLICE_X3Y105         FDRE                                         r  design_1_i/riscv_soc_axi_wrapper_0/U0/u_soc/u_cpu/exec_result_reg[28]/C
                         clock pessimism              0.141    11.649    
                         clock uncertainty           -0.174    11.475    
    SLICE_X3Y105         FDRE (Setup_DFF_SLICEL_C_D)
                                                      0.027    11.502    design_1_i/riscv_soc_axi_wrapper_0/U0/u_soc/u_cpu/exec_result_reg[28]
  -------------------------------------------------------------------
                         required time                         11.502    
                         arrival time                          -7.924    
  -------------------------------------------------------------------
                         slack                                  3.578    

Slack (MET) :             3.584ns  (required time - arrival time)
  Source:                 design_1_i/riscv_soc_axi_wrapper_0/U0/u_soc/u_cpu/cur_rs1_val_reg[9]/C
                            (rising edge-triggered cell FDRE clocked by clk_pl_0  {rise@0.000ns fall@5.000ns period=10.000ns})
  Destination:            design_1_i/riscv_soc_axi_wrapper_0/U0/u_soc/u_cpu/exec_result_reg[23]/D
                            (rising edge-triggered cell FDRE clocked by clk_pl_0  {rise@0.000ns fall@5.000ns period=10.000ns})
  Path Group:             clk_pl_0
  Path Type:              Setup (Max at Slow Process Corner)
  Requirement:            10.000ns  (clk_pl_0 rise@10.000ns - clk_pl_0 rise@0.000ns)
  Data Path Delay:        6.162ns  (logic 3.564ns (57.839%)  route 2.598ns (42.161%))
  Logic Levels:           13  (CARRY8=1 DSP_A_B_DATA=1 DSP_ALU=2 DSP_M_DATA=1 DSP_MULTIPLIER=1 DSP_OUTPUT=2 DSP_PREADD_DATA=1 LUT2=1 LUT3=1 LUT5=2)
  Clock Path Skew:        -0.107ns (DCD - SCD + CPR)
    Destination Clock Delay (DCD):    1.518ns = ( 11.518 - 10.000 ) 
    Source Clock Delay      (SCD):    1.766ns
    Clock Pessimism Removal (CPR):    0.141ns
  Clock Uncertainty:      0.174ns  ((TSJ^2 + DJ^2)^1/2) / 2 + PE
    Total System Jitter     (TSJ):    0.071ns
    Discrete Jitter          (DJ):    0.340ns
    Phase Error              (PE):    0.000ns
  Clock Net Delay (Source):      1.559ns (routing 0.638ns, distribution 0.921ns)
  Clock Net Delay (Destination): 1.351ns (routing 0.576ns, distribution 0.775ns)

    Location             Delay type                Incr(ns)  Path(ns)    Netlist Resource(s)
  -------------------------------------------------------------------    -------------------
                         (clock clk_pl_0 rise edge)
                                                      0.000     0.000 r  
    PS8_X0Y0             PS8                          0.000     0.000 r  design_1_i/zynq_ultra_ps_e_0/inst/PS8_i/PLCLK[0]
                         net (fo=1, routed)           0.178     0.178    design_1_i/zynq_ultra_ps_e_0/inst/pl_clk_unbuffered[0]
    BUFG_PS_X0Y58        BUFG_PS (Prop_BUFG_PS_I_O)
                                                      0.029     0.207 r  design_1_i/zynq_ultra_ps_e_0/inst/buffer_pl_clk_0.PL_CLK_0_BUFG/O
    X0Y1 (CLOCK_ROOT)    net (fo=3340, routed)        1.559     1.766    design_1_i/riscv_soc_axi_wrapper_0/U0/u_soc/u_cpu/S_AXI_ACLK
    SLICE_X9Y89          FDRE                                         r  design_1_i/riscv_soc_axi_wrapper_0/U0/u_soc/u_cpu/cur_rs1_val_reg[9]/C
  -------------------------------------------------------------------    -------------------
    SLICE_X9Y89          FDRE (Prop_CFF_SLICEM_C_Q)
                                                      0.095     1.861 f  design_1_i/riscv_soc_axi_wrapper_0/U0/u_soc/u_cpu/cur_rs1_val_reg[9]/Q
                         net (fo=16, routed)          0.857     2.718    design_1_i/riscv_soc_axi_wrapper_0/U0/u_soc/u_cpu/alu_inst/exec_result[0]_i_12_0[9]
    SLICE_X11Y107        LUT3 (Prop_B5LUT_SLICEL_I2_O)
                                                      0.142     2.860 f  design_1_i/riscv_soc_axi_wrapper_0/U0/u_soc/u_cpu/alu_inst/tmp0__0_i_8/O
                         net (fo=15, routed)          0.667     3.527    design_1_i/riscv_soc_axi_wrapper_0/U0/u_soc/u_cpu/alu_inst/tmp0__0/A[9]
    DSP48E2_X0Y41        DSP_A_B_DATA (Prop_DSP_A_B_DATA_DSP48E2_A[9]_A2_DATA[9])
                                                      0.241     3.768 r  design_1_i/riscv_soc_axi_wrapper_0/U0/u_soc/u_cpu/alu_inst/tmp0__0/DSP_A_B_DATA_INST/A2_DATA[9]
                         net (fo=1, routed)           0.000     3.768    design_1_i/riscv_soc_axi_wrapper_0/U0/u_soc/u_cpu/alu_inst/tmp0__0/DSP_A_B_DATA.A2_DATA<9>
    DSP48E2_X0Y41        DSP_PREADD_DATA (Prop_DSP_PREADD_DATA_DSP48E2_A2_DATA[9]_A2A1[9])
                                                      0.098     3.866 r  design_1_i/riscv_soc_axi_wrapper_0/U0/u_soc/u_cpu/alu_inst/tmp0__0/DSP_PREADD_DATA_INST/A2A1[9]
                         net (fo=1, routed)           0.000     3.866    design_1_i/riscv_soc_axi_wrapper_0/U0/u_soc/u_cpu/alu_inst/tmp0__0/DSP_PREADD_DATA.A2A1<9>
    DSP48E2_X0Y41        DSP_MULTIPLIER (Prop_DSP_MULTIPLIER_DSP48E2_A2A1[9]_U[30])
                                                      0.647     4.513 f  design_1_i/riscv_soc_axi_wrapper_0/U0/u_soc/u_cpu/alu_inst/tmp0__0/DSP_MULTIPLIER_INST/U[30]
                         net (fo=1, routed)           0.000     4.513    design_1_i/riscv_soc_axi_wrapper_0/U0/u_soc/u_cpu/alu_inst/tmp0__0/DSP_MULTIPLIER.U<30>
    DSP48E2_X0Y41        DSP_M_DATA (Prop_DSP_M_DATA_DSP48E2_U[30]_U_DATA[30])
                                                      0.059     4.572 r  design_1_i/riscv_soc_axi_wrapper_0/U0/u_soc/u_cpu/alu_inst/tmp0__0/DSP_M_DATA_INST/U_DATA[30]
                         net (fo=1, routed)           0.000     4.572    design_1_i/riscv_soc_axi_wrapper_0/U0/u_soc/u_cpu/alu_inst/tmp0__0/DSP_M_DATA.U_DATA<30>
    DSP48E2_X0Y41        DSP_ALU (Prop_DSP_ALU_DSP48E2_U_DATA[30]_ALU_OUT[47])
                                                      0.699     5.271 f  design_1_i/riscv_soc_axi_wrapper_0/U0/u_soc/u_cpu/alu_inst/tmp0__0/DSP_ALU_INST/ALU_OUT[47]
                         net (fo=1, routed)           0.000     5.271    design_1_i/riscv_soc_axi_wrapper_0/U0/u_soc/u_cpu/alu_inst/tmp0__0/DSP_ALU.ALU_OUT<47>
    DSP48E2_X0Y41        DSP_OUTPUT (Prop_DSP_OUTPUT_DSP48E2_ALU_OUT[47]_PCOUT[47])
                                                      0.159     5.430 r  design_1_i/riscv_soc_axi_wrapper_0/U0/u_soc/u_cpu/alu_inst/tmp0__0/DSP_OUTPUT_INST/PCOUT[47]
                         net (fo=1, routed)           0.042     5.472    design_1_i/riscv_soc_axi_wrapper_0/U0/u_soc/u_cpu/alu_inst/tmp0__1/PCIN[47]
    DSP48E2_X0Y42        DSP_ALU (Prop_DSP_ALU_DSP48E2_PCIN[47]_ALU_OUT[4])
                                                      0.698     6.170 f  design_1_i/riscv_soc_axi_wrapper_0/U0/u_soc/u_cpu/alu_inst/tmp0__1/DSP_ALU_INST/ALU_OUT[4]
                         net (fo=1, routed)           0.000     6.170    design_1_i/riscv_soc_axi_wrapper_0/U0/u_soc/u_cpu/alu_inst/tmp0__1/DSP_ALU.ALU_OUT<4>
    DSP48E2_X0Y42        DSP_OUTPUT (Prop_DSP_OUTPUT_DSP48E2_ALU_OUT[4]_P[4])
                                                      0.141     6.311 r  design_1_i/riscv_soc_axi_wrapper_0/U0/u_soc/u_cpu/alu_inst/tmp0__1/DSP_OUTPUT_INST/P[4]
                         net (fo=2, routed)           0.392     6.703    design_1_i/riscv_soc_axi_wrapper_0/U0/u_soc/u_cpu/alu_inst/tmp0__1_n_101
    SLICE_X4Y105         LUT2 (Prop_F6LUT_SLICEM_I0_O)
                                                      0.113     6.816 r  design_1_i/riscv_soc_axi_wrapper_0/U0/u_soc/u_cpu/alu_inst/exec_result[23]_i_20/O
                         net (fo=1, routed)           0.024     6.840    design_1_i/riscv_soc_axi_wrapper_0/U0/u_soc/u_cpu/alu_inst/exec_result[23]_i_20_n_0
    SLICE_X4Y105         CARRY8 (Prop_CARRY8_SLICEM_S[5]_O[7])
                                                      0.174     7.014 r  design_1_i/riscv_soc_axi_wrapper_0/U0/u_soc/u_cpu/alu_inst/exec_result_reg[23]_i_6/O[7]
                         net (fo=1, routed)           0.226     7.240    design_1_i/riscv_soc_axi_wrapper_0/U0/u_soc/u_cpu/alu_inst/exec_result_reg[23]_i_6_n_8
    SLICE_X5Y105         LUT5 (Prop_G6LUT_SLICEM_I2_O)
                                                      0.116     7.356 r  design_1_i/riscv_soc_axi_wrapper_0/U0/u_soc/u_cpu/alu_inst/exec_result[23]_i_3/O
                         net (fo=1, routed)           0.322     7.678    design_1_i/riscv_soc_axi_wrapper_0/U0/u_soc/u_cpu/alu_inst/exec_result[23]_i_3_n_0
    SLICE_X4Y107         LUT5 (Prop_H6LUT_SLICEM_I2_O)
                                                      0.182     7.860 r  design_1_i/riscv_soc_axi_wrapper_0/U0/u_soc/u_cpu/alu_inst/exec_result[23]_i_1/O
                         net (fo=1, routed)           0.068     7.928    design_1_i/riscv_soc_axi_wrapper_0/U0/u_soc/u_cpu/p_1_in_1[23]
    SLICE_X4Y107         FDRE                                         r  design_1_i/riscv_soc_axi_wrapper_0/U0/u_soc/u_cpu/exec_result_reg[23]/D
  -------------------------------------------------------------------    -------------------

                         (clock clk_pl_0 rise edge)
                                                     10.000    10.000 r  
    PS8_X0Y0             PS8                          0.000    10.000 r  design_1_i/zynq_ultra_ps_e_0/inst/PS8_i/PLCLK[0]
                         net (fo=1, routed)           0.140    10.140    design_1_i/zynq_ultra_ps_e_0/inst/pl_clk_unbuffered[0]
    BUFG_PS_X0Y58        BUFG_PS (Prop_BUFG_PS_I_O)
                                                      0.027    10.167 r  design_1_i/zynq_ultra_ps_e_0/inst/buffer_pl_clk_0.PL_CLK_0_BUFG/O
    X0Y1 (CLOCK_ROOT)    net (fo=3340, routed)        1.351    11.518    design_1_i/riscv_soc_axi_wrapper_0/U0/u_soc/u_cpu/S_AXI_ACLK
    SLICE_X4Y107         FDRE                                         r  design_1_i/riscv_soc_axi_wrapper_0/U0/u_soc/u_cpu/exec_result_reg[23]/C
                         clock pessimism              0.141    11.659    
                         clock uncertainty           -0.174    11.485    
    SLICE_X4Y107         FDRE (Setup_HFF_SLICEM_C_D)
                                                      0.027    11.512    design_1_i/riscv_soc_axi_wrapper_0/U0/u_soc/u_cpu/exec_result_reg[23]
  -------------------------------------------------------------------
                         required time                         11.512    
                         arrival time                          -7.928    
  -------------------------------------------------------------------
                         slack                                  3.584    

Slack (MET) :             3.590ns  (required time - arrival time)
  Source:                 design_1_i/riscv_soc_axi_wrapper_0/U0/u_soc/u_cpu/cur_rs1_val_reg[9]/C
                            (rising edge-triggered cell FDRE clocked by clk_pl_0  {rise@0.000ns fall@5.000ns period=10.000ns})
  Destination:            design_1_i/riscv_soc_axi_wrapper_0/U0/u_soc/u_cpu/exec_result_reg[29]/D
                            (rising edge-triggered cell FDRE clocked by clk_pl_0  {rise@0.000ns fall@5.000ns period=10.000ns})
  Path Group:             clk_pl_0
  Path Type:              Setup (Max at Slow Process Corner)
  Requirement:            10.000ns  (clk_pl_0 rise@10.000ns - clk_pl_0 rise@0.000ns)
  Data Path Delay:        6.149ns  (logic 3.652ns (59.393%)  route 2.497ns (40.607%))
  Logic Levels:           14  (CARRY8=2 DSP_A_B_DATA=1 DSP_ALU=2 DSP_M_DATA=1 DSP_MULTIPLIER=1 DSP_OUTPUT=2 DSP_PREADD_DATA=1 LUT2=1 LUT3=1 LUT5=2)
  Clock Path Skew:        -0.114ns (DCD - SCD + CPR)
    Destination Clock Delay (DCD):    1.511ns = ( 11.511 - 10.000 ) 
    Source Clock Delay      (SCD):    1.766ns
    Clock Pessimism Removal (CPR):    0.141ns
  Clock Uncertainty:      0.174ns  ((TSJ^2 + DJ^2)^1/2) / 2 + PE
    Total System Jitter     (TSJ):    0.071ns
    Discrete Jitter          (DJ):    0.340ns
    Phase Error              (PE):    0.000ns
  Clock Net Delay (Source):      1.559ns (routing 0.638ns, distribution 0.921ns)
  Clock Net Delay (Destination): 1.344ns (routing 0.576ns, distribution 0.768ns)

    Location             Delay type                Incr(ns)  Path(ns)    Netlist Resource(s)
  -------------------------------------------------------------------    -------------------
                         (clock clk_pl_0 rise edge)
                                                      0.000     0.000 r  
    PS8_X0Y0             PS8                          0.000     0.000 r  design_1_i/zynq_ultra_ps_e_0/inst/PS8_i/PLCLK[0]
                         net (fo=1, routed)           0.178     0.178    design_1_i/zynq_ultra_ps_e_0/inst/pl_clk_unbuffered[0]
    BUFG_PS_X0Y58        BUFG_PS (Prop_BUFG_PS_I_O)
                                                      0.029     0.207 r  design_1_i/zynq_ultra_ps_e_0/inst/buffer_pl_clk_0.PL_CLK_0_BUFG/O
    X0Y1 (CLOCK_ROOT)    net (fo=3340, routed)        1.559     1.766    design_1_i/riscv_soc_axi_wrapper_0/U0/u_soc/u_cpu/S_AXI_ACLK
    SLICE_X9Y89          FDRE                                         r  design_1_i/riscv_soc_axi_wrapper_0/U0/u_soc/u_cpu/cur_rs1_val_reg[9]/C
  -------------------------------------------------------------------    -------------------
    SLICE_X9Y89          FDRE (Prop_CFF_SLICEM_C_Q)
                                                      0.095     1.861 f  design_1_i/riscv_soc_axi_wrapper_0/U0/u_soc/u_cpu/cur_rs1_val_reg[9]/Q
                         net (fo=16, routed)          0.857     2.718    design_1_i/riscv_soc_axi_wrapper_0/U0/u_soc/u_cpu/alu_inst/exec_result[0]_i_12_0[9]
    SLICE_X11Y107        LUT3 (Prop_B5LUT_SLICEL_I2_O)
                                                      0.142     2.860 f  design_1_i/riscv_soc_axi_wrapper_0/U0/u_soc/u_cpu/alu_inst/tmp0__0_i_8/O
                         net (fo=15, routed)          0.667     3.527    design_1_i/riscv_soc_axi_wrapper_0/U0/u_soc/u_cpu/alu_inst/tmp0__0/A[9]
    DSP48E2_X0Y41        DSP_A_B_DATA (Prop_DSP_A_B_DATA_DSP48E2_A[9]_A2_DATA[9])
                                                      0.241     3.768 r  design_1_i/riscv_soc_axi_wrapper_0/U0/u_soc/u_cpu/alu_inst/tmp0__0/DSP_A_B_DATA_INST/A2_DATA[9]
                         net (fo=1, routed)           0.000     3.768    design_1_i/riscv_soc_axi_wrapper_0/U0/u_soc/u_cpu/alu_inst/tmp0__0/DSP_A_B_DATA.A2_DATA<9>
    DSP48E2_X0Y41        DSP_PREADD_DATA (Prop_DSP_PREADD_DATA_DSP48E2_A2_DATA[9]_A2A1[9])
                                                      0.098     3.866 r  design_1_i/riscv_soc_axi_wrapper_0/U0/u_soc/u_cpu/alu_inst/tmp0__0/DSP_PREADD_DATA_INST/A2A1[9]
                         net (fo=1, routed)           0.000     3.866    design_1_i/riscv_soc_axi_wrapper_0/U0/u_soc/u_cpu/alu_inst/tmp0__0/DSP_PREADD_DATA.A2A1<9>
    DSP48E2_X0Y41        DSP_MULTIPLIER (Prop_DSP_MULTIPLIER_DSP48E2_A2A1[9]_U[30])
                                                      0.647     4.513 f  design_1_i/riscv_soc_axi_wrapper_0/U0/u_soc/u_cpu/alu_inst/tmp0__0/DSP_MULTIPLIER_INST/U[30]
                         net (fo=1, routed)           0.000     4.513    design_1_i/riscv_soc_axi_wrapper_0/U0/u_soc/u_cpu/alu_inst/tmp0__0/DSP_MULTIPLIER.U<30>
    DSP48E2_X0Y41        DSP_M_DATA (Prop_DSP_M_DATA_DSP48E2_U[30]_U_DATA[30])
                                                      0.059     4.572 r  design_1_i/riscv_soc_axi_wrapper_0/U0/u_soc/u_cpu/alu_inst/tmp0__0/DSP_M_DATA_INST/U_DATA[30]
                         net (fo=1, routed)           0.000     4.572    design_1_i/riscv_soc_axi_wrapper_0/U0/u_soc/u_cpu/alu_inst/tmp0__0/DSP_M_DATA.U_DATA<30>
    DSP48E2_X0Y41        DSP_ALU (Prop_DSP_ALU_DSP48E2_U_DATA[30]_ALU_OUT[47])
                                                      0.699     5.271 f  design_1_i/riscv_soc_axi_wrapper_0/U0/u_soc/u_cpu/alu_inst/tmp0__0/DSP_ALU_INST/ALU_OUT[47]
                         net (fo=1, routed)           0.000     5.271    design_1_i/riscv_soc_axi_wrapper_0/U0/u_soc/u_cpu/alu_inst/tmp0__0/DSP_ALU.ALU_OUT<47>
    DSP48E2_X0Y41        DSP_OUTPUT (Prop_DSP_OUTPUT_DSP48E2_ALU_OUT[47]_PCOUT[47])
                                                      0.159     5.430 r  design_1_i/riscv_soc_axi_wrapper_0/U0/u_soc/u_cpu/alu_inst/tmp0__0/DSP_OUTPUT_INST/PCOUT[47]
                         net (fo=1, routed)           0.042     5.472    design_1_i/riscv_soc_axi_wrapper_0/U0/u_soc/u_cpu/alu_inst/tmp0__1/PCIN[47]
    DSP48E2_X0Y42        DSP_ALU (Prop_DSP_ALU_DSP48E2_PCIN[47]_ALU_OUT[4])
                                                      0.698     6.170 f  design_1_i/riscv_soc_axi_wrapper_0/U0/u_soc/u_cpu/alu_inst/tmp0__1/DSP_ALU_INST/ALU_OUT[4]
                         net (fo=1, routed)           0.000     6.170    design_1_i/riscv_soc_axi_wrapper_0/U0/u_soc/u_cpu/alu_inst/tmp0__1/DSP_ALU.ALU_OUT<4>
    DSP48E2_X0Y42        DSP_OUTPUT (Prop_DSP_OUTPUT_DSP48E2_ALU_OUT[4]_P[4])
                                                      0.141     6.311 r  design_1_i/riscv_soc_axi_wrapper_0/U0/u_soc/u_cpu/alu_inst/tmp0__1/DSP_OUTPUT_INST/P[4]
                         net (fo=2, routed)           0.392     6.703    design_1_i/riscv_soc_axi_wrapper_0/U0/u_soc/u_cpu/alu_inst/tmp0__1_n_101
    SLICE_X4Y105         LUT2 (Prop_F6LUT_SLICEM_I0_O)
                                                      0.113     6.816 r  design_1_i/riscv_soc_axi_wrapper_0/U0/u_soc/u_cpu/alu_inst/exec_result[23]_i_20/O
                         net (fo=1, routed)           0.024     6.840    design_1_i/riscv_soc_axi_wrapper_0/U0/u_soc/u_cpu/alu_inst/exec_result[23]_i_20_n_0
    SLICE_X4Y105         CARRY8 (Prop_CARRY8_SLICEM_S[5]_CO[7])
                                                      0.202     7.042 r  design_1_i/riscv_soc_axi_wrapper_0/U0/u_soc/u_cpu/alu_inst/exec_result_reg[23]_i_6/CO[7]
                         net (fo=1, routed)           0.028     7.070    design_1_i/riscv_soc_axi_wrapper_0/U0/u_soc/u_cpu/alu_inst/exec_result_reg[23]_i_6_n_0
    SLICE_X4Y106         CARRY8 (Prop_CARRY8_SLICEM_CI_O[5])
                                                      0.145     7.215 r  design_1_i/riscv_soc_axi_wrapper_0/U0/u_soc/u_cpu/alu_inst/exec_result_reg[31]_i_7/O[5]
                         net (fo=1, routed)           0.256     7.471    design_1_i/riscv_soc_axi_wrapper_0/U0/u_soc/u_cpu/alu_inst/exec_result_reg[31]_i_7_n_10
    SLICE_X5Y105         LUT5 (Prop_A6LUT_SLICEM_I2_O)
                                                      0.150     7.621 r  design_1_i/riscv_soc_axi_wrapper_0/U0/u_soc/u_cpu/alu_inst/exec_result[29]_i_2/O
                         net (fo=1, routed)           0.173     7.794    design_1_i/riscv_soc_axi_wrapper_0/U0/u_soc/u_cpu/alu_inst/exec_result[29]_i_2_n_0
    SLICE_X6Y105         LUT5 (Prop_D6LUT_SLICEL_I2_O)
                                                      0.063     7.857 r  design_1_i/riscv_soc_axi_wrapper_0/U0/u_soc/u_cpu/alu_inst/exec_result[29]_i_1/O
                         net (fo=1, routed)           0.058     7.915    design_1_i/riscv_soc_axi_wrapper_0/U0/u_soc/u_cpu/p_1_in_1[29]
    SLICE_X6Y105         FDRE                                         r  design_1_i/riscv_soc_axi_wrapper_0/U0/u_soc/u_cpu/exec_result_reg[29]/D
  -------------------------------------------------------------------    -------------------

                         (clock clk_pl_0 rise edge)
                                                     10.000    10.000 r  
    PS8_X0Y0             PS8                          0.000    10.000 r  design_1_i/zynq_ultra_ps_e_0/inst/PS8_i/PLCLK[0]
                         net (fo=1, routed)           0.140    10.140    design_1_i/zynq_ultra_ps_e_0/inst/pl_clk_unbuffered[0]
    BUFG_PS_X0Y58        BUFG_PS (Prop_BUFG_PS_I_O)
                                                      0.027    10.167 r  design_1_i/zynq_ultra_ps_e_0/inst/buffer_pl_clk_0.PL_CLK_0_BUFG/O
    X0Y1 (CLOCK_ROOT)    net (fo=3340, routed)        1.344    11.511    design_1_i/riscv_soc_axi_wrapper_0/U0/u_soc/u_cpu/S_AXI_ACLK
    SLICE_X6Y105         FDRE                                         r  design_1_i/riscv_soc_axi_wrapper_0/U0/u_soc/u_cpu/exec_result_reg[29]/C
                         clock pessimism              0.141    11.652    
                         clock uncertainty           -0.174    11.478    
    SLICE_X6Y105         FDRE (Setup_DFF_SLICEL_C_D)
                                                      0.027    11.505    design_1_i/riscv_soc_axi_wrapper_0/U0/u_soc/u_cpu/exec_result_reg[29]
  -------------------------------------------------------------------
                         required time                         11.505    
                         arrival time                          -7.915    
  -------------------------------------------------------------------
                         slack                                  3.590    

Slack (MET) :             3.668ns  (required time - arrival time)
  Source:                 design_1_i/riscv_soc_axi_wrapper_0/U0/u_soc/u_cpu/cur_rs1_val_reg[9]/C
                            (rising edge-triggered cell FDRE clocked by clk_pl_0  {rise@0.000ns fall@5.000ns period=10.000ns})
  Destination:            design_1_i/riscv_soc_axi_wrapper_0/U0/u_soc/u_cpu/exec_result_reg[30]/D
                            (rising edge-triggered cell FDRE clocked by clk_pl_0  {rise@0.000ns fall@5.000ns period=10.000ns})
  Path Group:             clk_pl_0
  Path Type:              Setup (Max at Slow Process Corner)
  Requirement:            10.000ns  (clk_pl_0 rise@10.000ns - clk_pl_0 rise@0.000ns)
  Data Path Delay:        6.074ns  (logic 3.528ns (58.085%)  route 2.546ns (41.915%))
  Logic Levels:           14  (CARRY8=2 DSP_A_B_DATA=1 DSP_ALU=2 DSP_M_DATA=1 DSP_MULTIPLIER=1 DSP_OUTPUT=2 DSP_PREADD_DATA=1 LUT2=1 LUT3=1 LUT5=2)
  Clock Path Skew:        -0.111ns (DCD - SCD + CPR)
    Destination Clock Delay (DCD):    1.514ns = ( 11.514 - 10.000 ) 
    Source Clock Delay      (SCD):    1.766ns
    Clock Pessimism Removal (CPR):    0.141ns
  Clock Uncertainty:      0.174ns  ((TSJ^2 + DJ^2)^1/2) / 2 + PE
    Total System Jitter     (TSJ):    0.071ns
    Discrete Jitter          (DJ):    0.340ns
    Phase Error              (PE):    0.000ns
  Clock Net Delay (Source):      1.559ns (routing 0.638ns, distribution 0.921ns)
  Clock Net Delay (Destination): 1.347ns (routing 0.576ns, distribution 0.771ns)

    Location             Delay type                Incr(ns)  Path(ns)    Netlist Resource(s)
  -------------------------------------------------------------------    -------------------
                         (clock clk_pl_0 rise edge)
                                                      0.000     0.000 r  
    PS8_X0Y0             PS8                          0.000     0.000 r  design_1_i/zynq_ultra_ps_e_0/inst/PS8_i/PLCLK[0]
                         net (fo=1, routed)           0.178     0.178    design_1_i/zynq_ultra_ps_e_0/inst/pl_clk_unbuffered[0]
    BUFG_PS_X0Y58        BUFG_PS (Prop_BUFG_PS_I_O)
                                                      0.029     0.207 r  design_1_i/zynq_ultra_ps_e_0/inst/buffer_pl_clk_0.PL_CLK_0_BUFG/O
    X0Y1 (CLOCK_ROOT)    net (fo=3340, routed)        1.559     1.766    design_1_i/riscv_soc_axi_wrapper_0/U0/u_soc/u_cpu/S_AXI_ACLK
    SLICE_X9Y89          FDRE                                         r  design_1_i/riscv_soc_axi_wrapper_0/U0/u_soc/u_cpu/cur_rs1_val_reg[9]/C
  -------------------------------------------------------------------    -------------------
    SLICE_X9Y89          FDRE (Prop_CFF_SLICEM_C_Q)
                                                      0.095     1.861 f  design_1_i/riscv_soc_axi_wrapper_0/U0/u_soc/u_cpu/cur_rs1_val_reg[9]/Q
                         net (fo=16, routed)          0.857     2.718    design_1_i/riscv_soc_axi_wrapper_0/U0/u_soc/u_cpu/alu_inst/exec_result[0]_i_12_0[9]
    SLICE_X11Y107        LUT3 (Prop_B5LUT_SLICEL_I2_O)
                                                      0.142     2.860 f  design_1_i/riscv_soc_axi_wrapper_0/U0/u_soc/u_cpu/alu_inst/tmp0__0_i_8/O
                         net (fo=15, routed)          0.667     3.527    design_1_i/riscv_soc_axi_wrapper_0/U0/u_soc/u_cpu/alu_inst/tmp0__0/A[9]
    DSP48E2_X0Y41        DSP_A_B_DATA (Prop_DSP_A_B_DATA_DSP48E2_A[9]_A2_DATA[9])
                                                      0.241     3.768 r  design_1_i/riscv_soc_axi_wrapper_0/U0/u_soc/u_cpu/alu_inst/tmp0__0/DSP_A_B_DATA_INST/A2_DATA[9]
                         net (fo=1, routed)           0.000     3.768    design_1_i/riscv_soc_axi_wrapper_0/U0/u_soc/u_cpu/alu_inst/tmp0__0/DSP_A_B_DATA.A2_DATA<9>
    DSP48E2_X0Y41        DSP_PREADD_DATA (Prop_DSP_PREADD_DATA_DSP48E2_A2_DATA[9]_A2A1[9])
                                                      0.098     3.866 r  design_1_i/riscv_soc_axi_wrapper_0/U0/u_soc/u_cpu/alu_inst/tmp0__0/DSP_PREADD_DATA_INST/A2A1[9]
                         net (fo=1, routed)           0.000     3.866    design_1_i/riscv_soc_axi_wrapper_0/U0/u_soc/u_cpu/alu_inst/tmp0__0/DSP_PREADD_DATA.A2A1<9>
    DSP48E2_X0Y41        DSP_MULTIPLIER (Prop_DSP_MULTIPLIER_DSP48E2_A2A1[9]_U[30])
                                                      0.647     4.513 f  design_1_i/riscv_soc_axi_wrapper_0/U0/u_soc/u_cpu/alu_inst/tmp0__0/DSP_MULTIPLIER_INST/U[30]
                         net (fo=1, routed)           0.000     4.513    design_1_i/riscv_soc_axi_wrapper_0/U0/u_soc/u_cpu/alu_inst/tmp0__0/DSP_MULTIPLIER.U<30>
    DSP48E2_X0Y41        DSP_M_DATA (Prop_DSP_M_DATA_DSP48E2_U[30]_U_DATA[30])
                                                      0.059     4.572 r  design_1_i/riscv_soc_axi_wrapper_0/U0/u_soc/u_cpu/alu_inst/tmp0__0/DSP_M_DATA_INST/U_DATA[30]
                         net (fo=1, routed)           0.000     4.572    design_1_i/riscv_soc_axi_wrapper_0/U0/u_soc/u_cpu/alu_inst/tmp0__0/DSP_M_DATA.U_DATA<30>
    DSP48E2_X0Y41        DSP_ALU (Prop_DSP_ALU_DSP48E2_U_DATA[30]_ALU_OUT[47])
                                                      0.699     5.271 f  design_1_i/riscv_soc_axi_wrapper_0/U0/u_soc/u_cpu/alu_inst/tmp0__0/DSP_ALU_INST/ALU_OUT[47]
                         net (fo=1, routed)           0.000     5.271    design_1_i/riscv_soc_axi_wrapper_0/U0/u_soc/u_cpu/alu_inst/tmp0__0/DSP_ALU.ALU_OUT<47>
    DSP48E2_X0Y41        DSP_OUTPUT (Prop_DSP_OUTPUT_DSP48E2_ALU_OUT[47]_PCOUT[47])
                                                      0.159     5.430 r  design_1_i/riscv_soc_axi_wrapper_0/U0/u_soc/u_cpu/alu_inst/tmp0__0/DSP_OUTPUT_INST/PCOUT[47]
                         net (fo=1, routed)           0.042     5.472    design_1_i/riscv_soc_axi_wrapper_0/U0/u_soc/u_cpu/alu_inst/tmp0__1/PCIN[47]
    DSP48E2_X0Y42        DSP_ALU (Prop_DSP_ALU_DSP48E2_PCIN[47]_ALU_OUT[4])
                                                      0.698     6.170 f  design_1_i/riscv_soc_axi_wrapper_0/U0/u_soc/u_cpu/alu_inst/tmp0__1/DSP_ALU_INST/ALU_OUT[4]
                         net (fo=1, routed)           0.000     6.170    design_1_i/riscv_soc_axi_wrapper_0/U0/u_soc/u_cpu/alu_inst/tmp0__1/DSP_ALU.ALU_OUT<4>
    DSP48E2_X0Y42        DSP_OUTPUT (Prop_DSP_OUTPUT_DSP48E2_ALU_OUT[4]_P[4])
                                                      0.141     6.311 r  design_1_i/riscv_soc_axi_wrapper_0/U0/u_soc/u_cpu/alu_inst/tmp0__1/DSP_OUTPUT_INST/P[4]
                         net (fo=2, routed)           0.392     6.703    design_1_i/riscv_soc_axi_wrapper_0/U0/u_soc/u_cpu/alu_inst/tmp0__1_n_101
    SLICE_X4Y105         LUT2 (Prop_F6LUT_SLICEM_I0_O)
                                                      0.113     6.816 r  design_1_i/riscv_soc_axi_wrapper_0/U0/u_soc/u_cpu/alu_inst/exec_result[23]_i_20/O
                         net (fo=1, routed)           0.024     6.840    design_1_i/riscv_soc_axi_wrapper_0/U0/u_soc/u_cpu/alu_inst/exec_result[23]_i_20_n_0
    SLICE_X4Y105         CARRY8 (Prop_CARRY8_SLICEM_S[5]_CO[7])
                                                      0.202     7.042 r  design_1_i/riscv_soc_axi_wrapper_0/U0/u_soc/u_cpu/alu_inst/exec_result_reg[23]_i_6/CO[7]
                         net (fo=1, routed)           0.028     7.070    design_1_i/riscv_soc_axi_wrapper_0/U0/u_soc/u_cpu/alu_inst/exec_result_reg[23]_i_6_n_0
    SLICE_X4Y106         CARRY8 (Prop_CARRY8_SLICEM_CI_O[6])
                                                      0.129     7.199 r  design_1_i/riscv_soc_axi_wrapper_0/U0/u_soc/u_cpu/alu_inst/exec_result_reg[31]_i_7/O[6]
                         net (fo=1, routed)           0.214     7.413    design_1_i/riscv_soc_axi_wrapper_0/U0/u_soc/u_cpu/alu_inst/exec_result_reg[31]_i_7_n_9
    SLICE_X5Y105         LUT5 (Prop_E6LUT_SLICEM_I2_O)
                                                      0.039     7.452 r  design_1_i/riscv_soc_axi_wrapper_0/U0/u_soc/u_cpu/alu_inst/exec_result[30]_i_2/O
                         net (fo=1, routed)           0.254     7.706    design_1_i/riscv_soc_axi_wrapper_0/U0/u_soc/u_cpu/alu_inst/exec_result[30]_i_2_n_0
    SLICE_X9Y105         LUT5 (Prop_H6LUT_SLICEM_I2_O)
                                                      0.066     7.772 r  design_1_i/riscv_soc_axi_wrapper_0/U0/u_soc/u_cpu/alu_inst/exec_result[30]_i_1/O
                         net (fo=1, routed)           0.068     7.840    design_1_i/riscv_soc_axi_wrapper_0/U0/u_soc/u_cpu/p_1_in_1[30]
    SLICE_X9Y105         FDRE                                         r  design_1_i/riscv_soc_axi_wrapper_0/U0/u_soc/u_cpu/exec_result_reg[30]/D
  -------------------------------------------------------------------    -------------------

                         (clock clk_pl_0 rise edge)
                                                     10.000    10.000 r  
    PS8_X0Y0             PS8                          0.000    10.000 r  design_1_i/zynq_ultra_ps_e_0/inst/PS8_i/PLCLK[0]
                         net (fo=1, routed)           0.140    10.140    design_1_i/zynq_ultra_ps_e_0/inst/pl_clk_unbuffered[0]
    BUFG_PS_X0Y58        BUFG_PS (Prop_BUFG_PS_I_O)
                                                      0.027    10.167 r  design_1_i/zynq_ultra_ps_e_0/inst/buffer_pl_clk_0.PL_CLK_0_BUFG/O
    X0Y1 (CLOCK_ROOT)    net (fo=3340, routed)        1.347    11.514    design_1_i/riscv_soc_axi_wrapper_0/U0/u_soc/u_cpu/S_AXI_ACLK
    SLICE_X9Y105         FDRE                                         r  design_1_i/riscv_soc_axi_wrapper_0/U0/u_soc/u_cpu/exec_result_reg[30]/C
                         clock pessimism              0.141    11.655    
                         clock uncertainty           -0.174    11.481    
    SLICE_X9Y105         FDRE (Setup_HFF_SLICEM_C_D)
                                                      0.027    11.508    design_1_i/riscv_soc_axi_wrapper_0/U0/u_soc/u_cpu/exec_result_reg[30]
  -------------------------------------------------------------------
                         required time                         11.508    
                         arrival time                          -7.840    
  -------------------------------------------------------------------
                         slack                                  3.668    

Slack (MET) :             3.682ns  (required time - arrival time)
  Source:                 design_1_i/riscv_soc_axi_wrapper_0/U0/u_soc/u_cpu/cur_rs1_val_reg[9]/C
                            (rising edge-triggered cell FDRE clocked by clk_pl_0  {rise@0.000ns fall@5.000ns period=10.000ns})
  Destination:            design_1_i/riscv_soc_axi_wrapper_0/U0/u_soc/u_cpu/exec_result_reg[25]/D
                            (rising edge-triggered cell FDRE clocked by clk_pl_0  {rise@0.000ns fall@5.000ns period=10.000ns})
  Path Group:             clk_pl_0
  Path Type:              Setup (Max at Slow Process Corner)
  Requirement:            10.000ns  (clk_pl_0 rise@10.000ns - clk_pl_0 rise@0.000ns)
  Data Path Delay:        6.060ns  (logic 3.516ns (58.021%)  route 2.544ns (41.979%))
  Logic Levels:           14  (CARRY8=2 DSP_A_B_DATA=1 DSP_ALU=2 DSP_M_DATA=1 DSP_MULTIPLIER=1 DSP_OUTPUT=2 DSP_PREADD_DATA=1 LUT2=1 LUT3=1 LUT5=2)
  Clock Path Skew:        -0.111ns (DCD - SCD + CPR)
    Destination Clock Delay (DCD):    1.514ns = ( 11.514 - 10.000 ) 
    Source Clock Delay      (SCD):    1.766ns
    Clock Pessimism Removal (CPR):    0.141ns
  Clock Uncertainty:      0.174ns  ((TSJ^2 + DJ^2)^1/2) / 2 + PE
    Total System Jitter     (TSJ):    0.071ns
    Discrete Jitter          (DJ):    0.340ns
    Phase Error              (PE):    0.000ns
  Clock Net Delay (Source):      1.559ns (routing 0.638ns, distribution 0.921ns)
  Clock Net Delay (Destination): 1.347ns (routing 0.576ns, distribution 0.771ns)

    Location             Delay type                Incr(ns)  Path(ns)    Netlist Resource(s)
  -------------------------------------------------------------------    -------------------
                         (clock clk_pl_0 rise edge)
                                                      0.000     0.000 r  
    PS8_X0Y0             PS8                          0.000     0.000 r  design_1_i/zynq_ultra_ps_e_0/inst/PS8_i/PLCLK[0]
                         net (fo=1, routed)           0.178     0.178    design_1_i/zynq_ultra_ps_e_0/inst/pl_clk_unbuffered[0]
    BUFG_PS_X0Y58        BUFG_PS (Prop_BUFG_PS_I_O)
                                                      0.029     0.207 r  design_1_i/zynq_ultra_ps_e_0/inst/buffer_pl_clk_0.PL_CLK_0_BUFG/O
    X0Y1 (CLOCK_ROOT)    net (fo=3340, routed)        1.559     1.766    design_1_i/riscv_soc_axi_wrapper_0/U0/u_soc/u_cpu/S_AXI_ACLK
    SLICE_X9Y89          FDRE                                         r  design_1_i/riscv_soc_axi_wrapper_0/U0/u_soc/u_cpu/cur_rs1_val_reg[9]/C
  -------------------------------------------------------------------    -------------------
    SLICE_X9Y89          FDRE (Prop_CFF_SLICEM_C_Q)
                                                      0.095     1.861 f  design_1_i/riscv_soc_axi_wrapper_0/U0/u_soc/u_cpu/cur_rs1_val_reg[9]/Q
                         net (fo=16, routed)          0.857     2.718    design_1_i/riscv_soc_axi_wrapper_0/U0/u_soc/u_cpu/alu_inst/exec_result[0]_i_12_0[9]
    SLICE_X11Y107        LUT3 (Prop_B5LUT_SLICEL_I2_O)
                                                      0.142     2.860 f  design_1_i/riscv_soc_axi_wrapper_0/U0/u_soc/u_cpu/alu_inst/tmp0__0_i_8/O
                         net (fo=15, routed)          0.667     3.527    design_1_i/riscv_soc_axi_wrapper_0/U0/u_soc/u_cpu/alu_inst/tmp0__0/A[9]
    DSP48E2_X0Y41        DSP_A_B_DATA (Prop_DSP_A_B_DATA_DSP48E2_A[9]_A2_DATA[9])
                                                      0.241     3.768 r  design_1_i/riscv_soc_axi_wrapper_0/U0/u_soc/u_cpu/alu_inst/tmp0__0/DSP_A_B_DATA_INST/A2_DATA[9]
                         net (fo=1, routed)           0.000     3.768    design_1_i/riscv_soc_axi_wrapper_0/U0/u_soc/u_cpu/alu_inst/tmp0__0/DSP_A_B_DATA.A2_DATA<9>
    DSP48E2_X0Y41        DSP_PREADD_DATA (Prop_DSP_PREADD_DATA_DSP48E2_A2_DATA[9]_A2A1[9])
                                                      0.098     3.866 r  design_1_i/riscv_soc_axi_wrapper_0/U0/u_soc/u_cpu/alu_inst/tmp0__0/DSP_PREADD_DATA_INST/A2A1[9]
                         net (fo=1, routed)           0.000     3.866    design_1_i/riscv_soc_axi_wrapper_0/U0/u_soc/u_cpu/alu_inst/tmp0__0/DSP_PREADD_DATA.A2A1<9>
    DSP48E2_X0Y41        DSP_MULTIPLIER (Prop_DSP_MULTIPLIER_DSP48E2_A2A1[9]_U[30])
                                                      0.647     4.513 f  design_1_i/riscv_soc_axi_wrapper_0/U0/u_soc/u_cpu/alu_inst/tmp0__0/DSP_MULTIPLIER_INST/U[30]
                         net (fo=1, routed)           0.000     4.513    design_1_i/riscv_soc_axi_wrapper_0/U0/u_soc/u_cpu/alu_inst/tmp0__0/DSP_MULTIPLIER.U<30>
    DSP48E2_X0Y41        DSP_M_DATA (Prop_DSP_M_DATA_DSP48E2_U[30]_U_DATA[30])
                                                      0.059     4.572 r  design_1_i/riscv_soc_axi_wrapper_0/U0/u_soc/u_cpu/alu_inst/tmp0__0/DSP_M_DATA_INST/U_DATA[30]
                         net (fo=1, routed)           0.000     4.572    design_1_i/riscv_soc_axi_wrapper_0/U0/u_soc/u_cpu/alu_inst/tmp0__0/DSP_M_DATA.U_DATA<30>
    DSP48E2_X0Y41        DSP_ALU (Prop_DSP_ALU_DSP48E2_U_DATA[30]_ALU_OUT[47])
                                                      0.699     5.271 f  design_1_i/riscv_soc_axi_wrapper_0/U0/u_soc/u_cpu/alu_inst/tmp0__0/DSP_ALU_INST/ALU_OUT[47]
                         net (fo=1, routed)           0.000     5.271    design_1_i/riscv_soc_axi_wrapper_0/U0/u_soc/u_cpu/alu_inst/tmp0__0/DSP_ALU.ALU_OUT<47>
    DSP48E2_X0Y41        DSP_OUTPUT (Prop_DSP_OUTPUT_DSP48E2_ALU_OUT[47]_PCOUT[47])
                                                      0.159     5.430 r  design_1_i/riscv_soc_axi_wrapper_0/U0/u_soc/u_cpu/alu_inst/tmp0__0/DSP_OUTPUT_INST/PCOUT[47]
                         net (fo=1, routed)           0.042     5.472    design_1_i/riscv_soc_axi_wrapper_0/U0/u_soc/u_cpu/alu_inst/tmp0__1/PCIN[47]
    DSP48E2_X0Y42        DSP_ALU (Prop_DSP_ALU_DSP48E2_PCIN[47]_ALU_OUT[4])
                                                      0.698     6.170 f  design_1_i/riscv_soc_axi_wrapper_0/U0/u_soc/u_cpu/alu_inst/tmp0__1/DSP_ALU_INST/ALU_OUT[4]
                         net (fo=1, routed)           0.000     6.170    design_1_i/riscv_soc_axi_wrapper_0/U0/u_soc/u_cpu/alu_inst/tmp0__1/DSP_ALU.ALU_OUT<4>
    DSP48E2_X0Y42        DSP_OUTPUT (Prop_DSP_OUTPUT_DSP48E2_ALU_OUT[4]_P[4])
                                                      0.141     6.311 r  design_1_i/riscv_soc_axi_wrapper_0/U0/u_soc/u_cpu/alu_inst/tmp0__1/DSP_OUTPUT_INST/P[4]
                         net (fo=2, routed)           0.392     6.703    design_1_i/riscv_soc_axi_wrapper_0/U0/u_soc/u_cpu/alu_inst/tmp0__1_n_101
    SLICE_X4Y105         LUT2 (Prop_F6LUT_SLICEM_I0_O)
                                                      0.113     6.816 r  design_1_i/riscv_soc_axi_wrapper_0/U0/u_soc/u_cpu/alu_inst/exec_result[23]_i_20/O
                         net (fo=1, routed)           0.024     6.840    design_1_i/riscv_soc_axi_wrapper_0/U0/u_soc/u_cpu/alu_inst/exec_result[23]_i_20_n_0
    SLICE_X4Y105         CARRY8 (Prop_CARRY8_SLICEM_S[5]_CO[7])
                                                      0.202     7.042 r  design_1_i/riscv_soc_axi_wrapper_0/U0/u_soc/u_cpu/alu_inst/exec_result_reg[23]_i_6/CO[7]
                         net (fo=1, routed)           0.028     7.070    design_1_i/riscv_soc_axi_wrapper_0/U0/u_soc/u_cpu/alu_inst/exec_result_reg[23]_i_6_n_0
    SLICE_X4Y106         CARRY8 (Prop_CARRY8_SLICEM_CI_O[1])
                                                      0.097     7.167 r  design_1_i/riscv_soc_axi_wrapper_0/U0/u_soc/u_cpu/alu_inst/exec_result_reg[31]_i_7/O[1]
                         net (fo=1, routed)           0.215     7.382    design_1_i/riscv_soc_axi_wrapper_0/U0/u_soc/u_cpu/alu_inst/exec_result_reg[31]_i_7_n_14
    SLICE_X5Y105         LUT5 (Prop_B6LUT_SLICEM_I2_O)
                                                      0.063     7.445 r  design_1_i/riscv_soc_axi_wrapper_0/U0/u_soc/u_cpu/alu_inst/exec_result[25]_i_2/O
                         net (fo=1, routed)           0.237     7.682    design_1_i/riscv_soc_axi_wrapper_0/U0/u_soc/u_cpu/alu_inst/exec_result[25]_i_2_n_0
    SLICE_X9Y105         LUT5 (Prop_D6LUT_SLICEM_I2_O)
                                                      0.062     7.744 r  design_1_i/riscv_soc_axi_wrapper_0/U0/u_soc/u_cpu/alu_inst/exec_result[25]_i_1/O
                         net (fo=1, routed)           0.082     7.826    design_1_i/riscv_soc_axi_wrapper_0/U0/u_soc/u_cpu/p_1_in_1[25]
    SLICE_X9Y105         FDRE                                         r  design_1_i/riscv_soc_axi_wrapper_0/U0/u_soc/u_cpu/exec_result_reg[25]/D
  -------------------------------------------------------------------    -------------------

                         (clock clk_pl_0 rise edge)
                                                     10.000    10.000 r  
    PS8_X0Y0             PS8                          0.000    10.000 r  design_1_i/zynq_ultra_ps_e_0/inst/PS8_i/PLCLK[0]
                         net (fo=1, routed)           0.140    10.140    design_1_i/zynq_ultra_ps_e_0/inst/pl_clk_unbuffered[0]
    BUFG_PS_X0Y58        BUFG_PS (Prop_BUFG_PS_I_O)
                                                      0.027    10.167 r  design_1_i/zynq_ultra_ps_e_0/inst/buffer_pl_clk_0.PL_CLK_0_BUFG/O
    X0Y1 (CLOCK_ROOT)    net (fo=3340, routed)        1.347    11.514    design_1_i/riscv_soc_axi_wrapper_0/U0/u_soc/u_cpu/S_AXI_ACLK
    SLICE_X9Y105         FDRE                                         r  design_1_i/riscv_soc_axi_wrapper_0/U0/u_soc/u_cpu/exec_result_reg[25]/C
                         clock pessimism              0.141    11.655    
                         clock uncertainty           -0.174    11.481    
    SLICE_X9Y105         FDRE (Setup_DFF_SLICEM_C_D)
                                                      0.027    11.508    design_1_i/riscv_soc_axi_wrapper_0/U0/u_soc/u_cpu/exec_result_reg[25]
  -------------------------------------------------------------------
                         required time                         11.508    
                         arrival time                          -7.826    
  -------------------------------------------------------------------
                         slack                                  3.682    

Slack (MET) :             3.827ns  (required time - arrival time)
  Source:                 design_1_i/riscv_soc_axi_wrapper_0/U0/u_soc/u_cpu/cur_rs1_val_reg[9]/C
                            (rising edge-triggered cell FDRE clocked by clk_pl_0  {rise@0.000ns fall@5.000ns period=10.000ns})
  Destination:            design_1_i/riscv_soc_axi_wrapper_0/U0/u_soc/u_cpu/exec_result_reg[26]/D
                            (rising edge-triggered cell FDRE clocked by clk_pl_0  {rise@0.000ns fall@5.000ns period=10.000ns})
  Path Group:             clk_pl_0
  Path Type:              Setup (Max at Slow Process Corner)
  Requirement:            10.000ns  (clk_pl_0 rise@10.000ns - clk_pl_0 rise@0.000ns)
  Data Path Delay:        5.917ns  (logic 3.536ns (59.761%)  route 2.381ns (40.239%))
  Logic Levels:           14  (CARRY8=2 DSP_A_B_DATA=1 DSP_ALU=2 DSP_M_DATA=1 DSP_MULTIPLIER=1 DSP_OUTPUT=2 DSP_PREADD_DATA=1 LUT2=1 LUT3=1 LUT5=2)
  Clock Path Skew:        -0.109ns (DCD - SCD + CPR)
    Destination Clock Delay (DCD):    1.516ns = ( 11.516 - 10.000 ) 
    Source Clock Delay      (SCD):    1.766ns
    Clock Pessimism Removal (CPR):    0.141ns
  Clock Uncertainty:      0.174ns  ((TSJ^2 + DJ^2)^1/2) / 2 + PE
    Total System Jitter     (TSJ):    0.071ns
    Discrete Jitter          (DJ):    0.340ns
    Phase Error              (PE):    0.000ns
  Clock Net Delay (Source):      1.559ns (routing 0.638ns, distribution 0.921ns)
  Clock Net Delay (Destination): 1.349ns (routing 0.576ns, distribution 0.773ns)

    Location             Delay type                Incr(ns)  Path(ns)    Netlist Resource(s)
  -------------------------------------------------------------------    -------------------
                         (clock clk_pl_0 rise edge)
                                                      0.000     0.000 r  
    PS8_X0Y0             PS8                          0.000     0.000 r  design_1_i/zynq_ultra_ps_e_0/inst/PS8_i/PLCLK[0]
                         net (fo=1, routed)           0.178     0.178    design_1_i/zynq_ultra_ps_e_0/inst/pl_clk_unbuffered[0]
    BUFG_PS_X0Y58        BUFG_PS (Prop_BUFG_PS_I_O)
                                                      0.029     0.207 r  design_1_i/zynq_ultra_ps_e_0/inst/buffer_pl_clk_0.PL_CLK_0_BUFG/O
    X0Y1 (CLOCK_ROOT)    net (fo=3340, routed)        1.559     1.766    design_1_i/riscv_soc_axi_wrapper_0/U0/u_soc/u_cpu/S_AXI_ACLK
    SLICE_X9Y89          FDRE                                         r  design_1_i/riscv_soc_axi_wrapper_0/U0/u_soc/u_cpu/cur_rs1_val_reg[9]/C
  -------------------------------------------------------------------    -------------------
    SLICE_X9Y89          FDRE (Prop_CFF_SLICEM_C_Q)
                                                      0.095     1.861 f  design_1_i/riscv_soc_axi_wrapper_0/U0/u_soc/u_cpu/cur_rs1_val_reg[9]/Q
                         net (fo=16, routed)          0.857     2.718    design_1_i/riscv_soc_axi_wrapper_0/U0/u_soc/u_cpu/alu_inst/exec_result[0]_i_12_0[9]
    SLICE_X11Y107        LUT3 (Prop_B5LUT_SLICEL_I2_O)
                                                      0.142     2.860 f  design_1_i/riscv_soc_axi_wrapper_0/U0/u_soc/u_cpu/alu_inst/tmp0__0_i_8/O
                         net (fo=15, routed)          0.667     3.527    design_1_i/riscv_soc_axi_wrapper_0/U0/u_soc/u_cpu/alu_inst/tmp0__0/A[9]
    DSP48E2_X0Y41        DSP_A_B_DATA (Prop_DSP_A_B_DATA_DSP48E2_A[9]_A2_DATA[9])
                                                      0.241     3.768 r  design_1_i/riscv_soc_axi_wrapper_0/U0/u_soc/u_cpu/alu_inst/tmp0__0/DSP_A_B_DATA_INST/A2_DATA[9]
                         net (fo=1, routed)           0.000     3.768    design_1_i/riscv_soc_axi_wrapper_0/U0/u_soc/u_cpu/alu_inst/tmp0__0/DSP_A_B_DATA.A2_DATA<9>
    DSP48E2_X0Y41        DSP_PREADD_DATA (Prop_DSP_PREADD_DATA_DSP48E2_A2_DATA[9]_A2A1[9])
                                                      0.098     3.866 r  design_1_i/riscv_soc_axi_wrapper_0/U0/u_soc/u_cpu/alu_inst/tmp0__0/DSP_PREADD_DATA_INST/A2A1[9]
                         net (fo=1, routed)           0.000     3.866    design_1_i/riscv_soc_axi_wrapper_0/U0/u_soc/u_cpu/alu_inst/tmp0__0/DSP_PREADD_DATA.A2A1<9>
    DSP48E2_X0Y41        DSP_MULTIPLIER (Prop_DSP_MULTIPLIER_DSP48E2_A2A1[9]_U[30])
                                                      0.647     4.513 f  design_1_i/riscv_soc_axi_wrapper_0/U0/u_soc/u_cpu/alu_inst/tmp0__0/DSP_MULTIPLIER_INST/U[30]
                         net (fo=1, routed)           0.000     4.513    design_1_i/riscv_soc_axi_wrapper_0/U0/u_soc/u_cpu/alu_inst/tmp0__0/DSP_MULTIPLIER.U<30>
    DSP48E2_X0Y41        DSP_M_DATA (Prop_DSP_M_DATA_DSP48E2_U[30]_U_DATA[30])
                                                      0.059     4.572 r  design_1_i/riscv_soc_axi_wrapper_0/U0/u_soc/u_cpu/alu_inst/tmp0__0/DSP_M_DATA_INST/U_DATA[30]
                         net (fo=1, routed)           0.000     4.572    design_1_i/riscv_soc_axi_wrapper_0/U0/u_soc/u_cpu/alu_inst/tmp0__0/DSP_M_DATA.U_DATA<30>
    DSP48E2_X0Y41        DSP_ALU (Prop_DSP_ALU_DSP48E2_U_DATA[30]_ALU_OUT[47])
                                                      0.699     5.271 f  design_1_i/riscv_soc_axi_wrapper_0/U0/u_soc/u_cpu/alu_inst/tmp0__0/DSP_ALU_INST/ALU_OUT[47]
                         net (fo=1, routed)           0.000     5.271    design_1_i/riscv_soc_axi_wrapper_0/U0/u_soc/u_cpu/alu_inst/tmp0__0/DSP_ALU.ALU_OUT<47>
    DSP48E2_X0Y41        DSP_OUTPUT (Prop_DSP_OUTPUT_DSP48E2_ALU_OUT[47]_PCOUT[47])
                                                      0.159     5.430 r  design_1_i/riscv_soc_axi_wrapper_0/U0/u_soc/u_cpu/alu_inst/tmp0__0/DSP_OUTPUT_INST/PCOUT[47]
                         net (fo=1, routed)           0.042     5.472    design_1_i/riscv_soc_axi_wrapper_0/U0/u_soc/u_cpu/alu_inst/tmp0__1/PCIN[47]
    DSP48E2_X0Y42        DSP_ALU (Prop_DSP_ALU_DSP48E2_PCIN[47]_ALU_OUT[4])
                                                      0.698     6.170 f  design_1_i/riscv_soc_axi_wrapper_0/U0/u_soc/u_cpu/alu_inst/tmp0__1/DSP_ALU_INST/ALU_OUT[4]
                         net (fo=1, routed)           0.000     6.170    design_1_i/riscv_soc_axi_wrapper_0/U0/u_soc/u_cpu/alu_inst/tmp0__1/DSP_ALU.ALU_OUT<4>
    DSP48E2_X0Y42        DSP_OUTPUT (Prop_DSP_OUTPUT_DSP48E2_ALU_OUT[4]_P[4])
                                                      0.141     6.311 r  design_1_i/riscv_soc_axi_wrapper_0/U0/u_soc/u_cpu/alu_inst/tmp0__1/DSP_OUTPUT_INST/P[4]
                         net (fo=2, routed)           0.392     6.703    design_1_i/riscv_soc_axi_wrapper_0/U0/u_soc/u_cpu/alu_inst/tmp0__1_n_101
    SLICE_X4Y105         LUT2 (Prop_F6LUT_SLICEM_I0_O)
                                                      0.113     6.816 r  design_1_i/riscv_soc_axi_wrapper_0/U0/u_soc/u_cpu/alu_inst/exec_result[23]_i_20/O
                         net (fo=1, routed)           0.024     6.840    design_1_i/riscv_soc_axi_wrapper_0/U0/u_soc/u_cpu/alu_inst/exec_result[23]_i_20_n_0
    SLICE_X4Y105         CARRY8 (Prop_CARRY8_SLICEM_S[5]_CO[7])
                                                      0.202     7.042 r  design_1_i/riscv_soc_axi_wrapper_0/U0/u_soc/u_cpu/alu_inst/exec_result_reg[23]_i_6/CO[7]
                         net (fo=1, routed)           0.028     7.070    design_1_i/riscv_soc_axi_wrapper_0/U0/u_soc/u_cpu/alu_inst/exec_result_reg[23]_i_6_n_0
    SLICE_X4Y106         CARRY8 (Prop_CARRY8_SLICEM_CI_O[2])
                                                      0.086     7.156 r  design_1_i/riscv_soc_axi_wrapper_0/U0/u_soc/u_cpu/alu_inst/exec_result_reg[31]_i_7/O[2]
                         net (fo=1, routed)           0.258     7.414    design_1_i/riscv_soc_axi_wrapper_0/U0/u_soc/u_cpu/alu_inst/exec_result_reg[31]_i_7_n_13
    SLICE_X3Y104         LUT5 (Prop_B6LUT_SLICEL_I2_O)
                                                      0.040     7.454 r  design_1_i/riscv_soc_axi_wrapper_0/U0/u_soc/u_cpu/alu_inst/exec_result[26]_i_2/O
                         net (fo=1, routed)           0.053     7.507    design_1_i/riscv_soc_axi_wrapper_0/U0/u_soc/u_cpu/alu_inst/exec_result[26]_i_2_n_0
    SLICE_X3Y104         LUT5 (Prop_H6LUT_SLICEL_I2_O)
                                                      0.116     7.623 r  design_1_i/riscv_soc_axi_wrapper_0/U0/u_soc/u_cpu/alu_inst/exec_result[26]_i_1/O
                         net (fo=1, routed)           0.060     7.683    design_1_i/riscv_soc_axi_wrapper_0/U0/u_soc/u_cpu/p_1_in_1[26]
    SLICE_X3Y104         FDRE                                         r  design_1_i/riscv_soc_axi_wrapper_0/U0/u_soc/u_cpu/exec_result_reg[26]/D
  -------------------------------------------------------------------    -------------------

                         (clock clk_pl_0 rise edge)
                                                     10.000    10.000 r  
    PS8_X0Y0             PS8                          0.000    10.000 r  design_1_i/zynq_ultra_ps_e_0/inst/PS8_i/PLCLK[0]
                         net (fo=1, routed)           0.140    10.140    design_1_i/zynq_ultra_ps_e_0/inst/pl_clk_unbuffered[0]
    BUFG_PS_X0Y58        BUFG_PS (Prop_BUFG_PS_I_O)
                                                      0.027    10.167 r  design_1_i/zynq_ultra_ps_e_0/inst/buffer_pl_clk_0.PL_CLK_0_BUFG/O
    X0Y1 (CLOCK_ROOT)    net (fo=3340, routed)        1.349    11.516    design_1_i/riscv_soc_axi_wrapper_0/U0/u_soc/u_cpu/S_AXI_ACLK
    SLICE_X3Y104         FDRE                                         r  design_1_i/riscv_soc_axi_wrapper_0/U0/u_soc/u_cpu/exec_result_reg[26]/C
                         clock pessimism              0.141    11.657    
                         clock uncertainty           -0.174    11.483    
    SLICE_X3Y104         FDRE (Setup_HFF_SLICEL_C_D)
                                                      0.027    11.510    design_1_i/riscv_soc_axi_wrapper_0/U0/u_soc/u_cpu/exec_result_reg[26]
  -------------------------------------------------------------------
                         required time                         11.510    
                         arrival time                          -7.683    
  -------------------------------------------------------------------
                         slack                                  3.827    

Slack (MET) :             3.835ns  (required time - arrival time)
  Source:                 design_1_i/riscv_soc_axi_wrapper_0/U0/u_soc/u_cpu/cur_rs1_val_reg[9]/C
                            (rising edge-triggered cell FDRE clocked by clk_pl_0  {rise@0.000ns fall@5.000ns period=10.000ns})
  Destination:            design_1_i/riscv_soc_axi_wrapper_0/U0/u_soc/u_cpu/exec_result_reg[24]/D
                            (rising edge-triggered cell FDRE clocked by clk_pl_0  {rise@0.000ns fall@5.000ns period=10.000ns})
  Path Group:             clk_pl_0
  Path Type:              Setup (Max at Slow Process Corner)
  Requirement:            10.000ns  (clk_pl_0 rise@10.000ns - clk_pl_0 rise@0.000ns)
  Data Path Delay:        5.899ns  (logic 3.445ns (58.401%)  route 2.454ns (41.599%))
  Logic Levels:           14  (CARRY8=2 DSP_A_B_DATA=1 DSP_ALU=2 DSP_M_DATA=1 DSP_MULTIPLIER=1 DSP_OUTPUT=2 DSP_PREADD_DATA=1 LUT2=1 LUT3=1 LUT5=2)
  Clock Path Skew:        -0.119ns (DCD - SCD + CPR)
    Destination Clock Delay (DCD):    1.506ns = ( 11.506 - 10.000 ) 
    Source Clock Delay      (SCD):    1.766ns
    Clock Pessimism Removal (CPR):    0.141ns
  Clock Uncertainty:      0.174ns  ((TSJ^2 + DJ^2)^1/2) / 2 + PE
    Total System Jitter     (TSJ):    0.071ns
    Discrete Jitter          (DJ):    0.340ns
    Phase Error              (PE):    0.000ns
  Clock Net Delay (Source):      1.559ns (routing 0.638ns, distribution 0.921ns)
  Clock Net Delay (Destination): 1.339ns (routing 0.576ns, distribution 0.763ns)

    Location             Delay type                Incr(ns)  Path(ns)    Netlist Resource(s)
  -------------------------------------------------------------------    -------------------
                         (clock clk_pl_0 rise edge)
                                                      0.000     0.000 r  
    PS8_X0Y0             PS8                          0.000     0.000 r  design_1_i/zynq_ultra_ps_e_0/inst/PS8_i/PLCLK[0]
                         net (fo=1, routed)           0.178     0.178    design_1_i/zynq_ultra_ps_e_0/inst/pl_clk_unbuffered[0]
    BUFG_PS_X0Y58        BUFG_PS (Prop_BUFG_PS_I_O)
                                                      0.029     0.207 r  design_1_i/zynq_ultra_ps_e_0/inst/buffer_pl_clk_0.PL_CLK_0_BUFG/O
    X0Y1 (CLOCK_ROOT)    net (fo=3340, routed)        1.559     1.766    design_1_i/riscv_soc_axi_wrapper_0/U0/u_soc/u_cpu/S_AXI_ACLK
    SLICE_X9Y89          FDRE                                         r  design_1_i/riscv_soc_axi_wrapper_0/U0/u_soc/u_cpu/cur_rs1_val_reg[9]/C
  -------------------------------------------------------------------    -------------------
    SLICE_X9Y89          FDRE (Prop_CFF_SLICEM_C_Q)
                                                      0.095     1.861 f  design_1_i/riscv_soc_axi_wrapper_0/U0/u_soc/u_cpu/cur_rs1_val_reg[9]/Q
                         net (fo=16, routed)          0.857     2.718    design_1_i/riscv_soc_axi_wrapper_0/U0/u_soc/u_cpu/alu_inst/exec_result[0]_i_12_0[9]
    SLICE_X11Y107        LUT3 (Prop_B5LUT_SLICEL_I2_O)
                                                      0.142     2.860 f  design_1_i/riscv_soc_axi_wrapper_0/U0/u_soc/u_cpu/alu_inst/tmp0__0_i_8/O
                         net (fo=15, routed)          0.667     3.527    design_1_i/riscv_soc_axi_wrapper_0/U0/u_soc/u_cpu/alu_inst/tmp0__0/A[9]
    DSP48E2_X0Y41        DSP_A_B_DATA (Prop_DSP_A_B_DATA_DSP48E2_A[9]_A2_DATA[9])
                                                      0.241     3.768 r  design_1_i/riscv_soc_axi_wrapper_0/U0/u_soc/u_cpu/alu_inst/tmp0__0/DSP_A_B_DATA_INST/A2_DATA[9]
                         net (fo=1, routed)           0.000     3.768    design_1_i/riscv_soc_axi_wrapper_0/U0/u_soc/u_cpu/alu_inst/tmp0__0/DSP_A_B_DATA.A2_DATA<9>
    DSP48E2_X0Y41        DSP_PREADD_DATA (Prop_DSP_PREADD_DATA_DSP48E2_A2_DATA[9]_A2A1[9])
                                                      0.098     3.866 r  design_1_i/riscv_soc_axi_wrapper_0/U0/u_soc/u_cpu/alu_inst/tmp0__0/DSP_PREADD_DATA_INST/A2A1[9]
                         net (fo=1, routed)           0.000     3.866    design_1_i/riscv_soc_axi_wrapper_0/U0/u_soc/u_cpu/alu_inst/tmp0__0/DSP_PREADD_DATA.A2A1<9>
    DSP48E2_X0Y41        DSP_MULTIPLIER (Prop_DSP_MULTIPLIER_DSP48E2_A2A1[9]_U[30])
                                                      0.647     4.513 f  design_1_i/riscv_soc_axi_wrapper_0/U0/u_soc/u_cpu/alu_inst/tmp0__0/DSP_MULTIPLIER_INST/U[30]
                         net (fo=1, routed)           0.000     4.513    design_1_i/riscv_soc_axi_wrapper_0/U0/u_soc/u_cpu/alu_inst/tmp0__0/DSP_MULTIPLIER.U<30>
    DSP48E2_X0Y41        DSP_M_DATA (Prop_DSP_M_DATA_DSP48E2_U[30]_U_DATA[30])
                                                      0.059     4.572 r  design_1_i/riscv_soc_axi_wrapper_0/U0/u_soc/u_cpu/alu_inst/tmp0__0/DSP_M_DATA_INST/U_DATA[30]
                         net (fo=1, routed)           0.000     4.572    design_1_i/riscv_soc_axi_wrapper_0/U0/u_soc/u_cpu/alu_inst/tmp0__0/DSP_M_DATA.U_DATA<30>
    DSP48E2_X0Y41        DSP_ALU (Prop_DSP_ALU_DSP48E2_U_DATA[30]_ALU_OUT[47])
                                                      0.699     5.271 f  design_1_i/riscv_soc_axi_wrapper_0/U0/u_soc/u_cpu/alu_inst/tmp0__0/DSP_ALU_INST/ALU_OUT[47]
                         net (fo=1, routed)           0.000     5.271    design_1_i/riscv_soc_axi_wrapper_0/U0/u_soc/u_cpu/alu_inst/tmp0__0/DSP_ALU.ALU_OUT<47>
    DSP48E2_X0Y41        DSP_OUTPUT (Prop_DSP_OUTPUT_DSP48E2_ALU_OUT[47]_PCOUT[47])
                                                      0.159     5.430 r  design_1_i/riscv_soc_axi_wrapper_0/U0/u_soc/u_cpu/alu_inst/tmp0__0/DSP_OUTPUT_INST/PCOUT[47]
                         net (fo=1, routed)           0.042     5.472    design_1_i/riscv_soc_axi_wrapper_0/U0/u_soc/u_cpu/alu_inst/tmp0__1/PCIN[47]
    DSP48E2_X0Y42        DSP_ALU (Prop_DSP_ALU_DSP48E2_PCIN[47]_ALU_OUT[4])
                                                      0.698     6.170 f  design_1_i/riscv_soc_axi_wrapper_0/U0/u_soc/u_cpu/alu_inst/tmp0__1/DSP_ALU_INST/ALU_OUT[4]
                         net (fo=1, routed)           0.000     6.170    design_1_i/riscv_soc_axi_wrapper_0/U0/u_soc/u_cpu/alu_inst/tmp0__1/DSP_ALU.ALU_OUT<4>
    DSP48E2_X0Y42        DSP_OUTPUT (Prop_DSP_OUTPUT_DSP48E2_ALU_OUT[4]_P[4])
                                                      0.141     6.311 r  design_1_i/riscv_soc_axi_wrapper_0/U0/u_soc/u_cpu/alu_inst/tmp0__1/DSP_OUTPUT_INST/P[4]
                         net (fo=2, routed)           0.392     6.703    design_1_i/riscv_soc_axi_wrapper_0/U0/u_soc/u_cpu/alu_inst/tmp0__1_n_101
    SLICE_X4Y105         LUT2 (Prop_F6LUT_SLICEM_I0_O)
                                                      0.113     6.816 r  design_1_i/riscv_soc_axi_wrapper_0/U0/u_soc/u_cpu/alu_inst/exec_result[23]_i_20/O
                         net (fo=1, routed)           0.024     6.840    design_1_i/riscv_soc_axi_wrapper_0/U0/u_soc/u_cpu/alu_inst/exec_result[23]_i_20_n_0
    SLICE_X4Y105         CARRY8 (Prop_CARRY8_SLICEM_S[5]_CO[7])
                                                      0.202     7.042 r  design_1_i/riscv_soc_axi_wrapper_0/U0/u_soc/u_cpu/alu_inst/exec_result_reg[23]_i_6/CO[7]
                         net (fo=1, routed)           0.028     7.070    design_1_i/riscv_soc_axi_wrapper_0/U0/u_soc/u_cpu/alu_inst/exec_result_reg[23]_i_6_n_0
    SLICE_X4Y106         CARRY8 (Prop_CARRY8_SLICEM_CI_O[0])
                                                      0.072     7.142 r  design_1_i/riscv_soc_axi_wrapper_0/U0/u_soc/u_cpu/alu_inst/exec_result_reg[31]_i_7/O[0]
                         net (fo=1, routed)           0.211     7.353    design_1_i/riscv_soc_axi_wrapper_0/U0/u_soc/u_cpu/alu_inst/exec_result_reg[31]_i_7_n_15
    SLICE_X3Y104         LUT5 (Prop_F6LUT_SLICEL_I2_O)
                                                      0.039     7.392 r  design_1_i/riscv_soc_axi_wrapper_0/U0/u_soc/u_cpu/alu_inst/exec_result[24]_i_2/O
                         net (fo=1, routed)           0.175     7.567    design_1_i/riscv_soc_axi_wrapper_0/U0/u_soc/u_cpu/alu_inst/exec_result[24]_i_2_n_0
    SLICE_X3Y103         LUT5 (Prop_B6LUT_SLICEL_I2_O)
                                                      0.040     7.607 r  design_1_i/riscv_soc_axi_wrapper_0/U0/u_soc/u_cpu/alu_inst/exec_result[24]_i_1/O
                         net (fo=1, routed)           0.058     7.665    design_1_i/riscv_soc_axi_wrapper_0/U0/u_soc/u_cpu/p_1_in_1[24]
    SLICE_X3Y103         FDRE                                         r  design_1_i/riscv_soc_axi_wrapper_0/U0/u_soc/u_cpu/exec_result_reg[24]/D
  -------------------------------------------------------------------    -------------------

                         (clock clk_pl_0 rise edge)
                                                     10.000    10.000 r  
    PS8_X0Y0             PS8                          0.000    10.000 r  design_1_i/zynq_ultra_ps_e_0/inst/PS8_i/PLCLK[0]
                         net (fo=1, routed)           0.140    10.140    design_1_i/zynq_ultra_ps_e_0/inst/pl_clk_unbuffered[0]
    BUFG_PS_X0Y58        BUFG_PS (Prop_BUFG_PS_I_O)
                                                      0.027    10.167 r  design_1_i/zynq_ultra_ps_e_0/inst/buffer_pl_clk_0.PL_CLK_0_BUFG/O
    X0Y1 (CLOCK_ROOT)    net (fo=3340, routed)        1.339    11.506    design_1_i/riscv_soc_axi_wrapper_0/U0/u_soc/u_cpu/S_AXI_ACLK
    SLICE_X3Y103         FDRE                                         r  design_1_i/riscv_soc_axi_wrapper_0/U0/u_soc/u_cpu/exec_result_reg[24]/C
                         clock pessimism              0.141    11.647    
                         clock uncertainty           -0.174    11.473    
    SLICE_X3Y103         FDRE (Setup_BFF_SLICEL_C_D)
                                                      0.027    11.500    design_1_i/riscv_soc_axi_wrapper_0/U0/u_soc/u_cpu/exec_result_reg[24]
  -------------------------------------------------------------------
                         required time                         11.500    
                         arrival time                          -7.665    
  -------------------------------------------------------------------
                         slack                                  3.835    

Slack (MET) :             3.876ns  (required time - arrival time)
  Source:                 design_1_i/riscv_soc_axi_wrapper_0/U0/u_soc/u_cpu/cur_rs1_val_reg[3]/C
                            (rising edge-triggered cell FDRE clocked by clk_pl_0  {rise@0.000ns fall@5.000ns period=10.000ns})
  Destination:            design_1_i/riscv_soc_axi_wrapper_0/U0/u_soc/u_dmem/ram_reg_bram_0/DINPADINP[0]
                            (rising edge-triggered cell RAMB36E2 clocked by clk_pl_0  {rise@0.000ns fall@5.000ns period=10.000ns})
  Path Group:             clk_pl_0
  Path Type:              Setup (Max at Slow Process Corner)
  Requirement:            10.000ns  (clk_pl_0 rise@10.000ns - clk_pl_0 rise@0.000ns)
  Data Path Delay:        5.636ns  (logic 1.880ns (33.356%)  route 3.756ns (66.644%))
  Logic Levels:           14  (CARRY8=2 LUT2=1 LUT3=1 LUT5=4 LUT6=6)
  Clock Path Skew:        -0.057ns (DCD - SCD + CPR)
    Destination Clock Delay (DCD):    1.599ns = ( 11.599 - 10.000 ) 
    Source Clock Delay      (SCD):    1.758ns
    Clock Pessimism Removal (CPR):    0.102ns
  Clock Uncertainty:      0.174ns  ((TSJ^2 + DJ^2)^1/2) / 2 + PE
    Total System Jitter     (TSJ):    0.071ns
    Discrete Jitter          (DJ):    0.340ns
    Phase Error              (PE):    0.000ns
  Clock Net Delay (Source):      1.551ns (routing 0.638ns, distribution 0.913ns)
  Clock Net Delay (Destination): 1.432ns (routing 0.576ns, distribution 0.856ns)

    Location             Delay type                Incr(ns)  Path(ns)    Netlist Resource(s)
  -------------------------------------------------------------------    -------------------
                         (clock clk_pl_0 rise edge)
                                                      0.000     0.000 r  
    PS8_X0Y0             PS8                          0.000     0.000 r  design_1_i/zynq_ultra_ps_e_0/inst/PS8_i/PLCLK[0]
                         net (fo=1, routed)           0.178     0.178    design_1_i/zynq_ultra_ps_e_0/inst/pl_clk_unbuffered[0]
    BUFG_PS_X0Y58        BUFG_PS (Prop_BUFG_PS_I_O)
                                                      0.029     0.207 r  design_1_i/zynq_ultra_ps_e_0/inst/buffer_pl_clk_0.PL_CLK_0_BUFG/O
    X0Y1 (CLOCK_ROOT)    net (fo=3340, routed)        1.551     1.758    design_1_i/riscv_soc_axi_wrapper_0/U0/u_soc/u_cpu/S_AXI_ACLK
    SLICE_X11Y89         FDRE                                         r  design_1_i/riscv_soc_axi_wrapper_0/U0/u_soc/u_cpu/cur_rs1_val_reg[3]/C
  -------------------------------------------------------------------    -------------------
    SLICE_X11Y89         FDRE (Prop_HFF_SLICEL_C_Q)
                                                      0.096     1.854 r  design_1_i/riscv_soc_axi_wrapper_0/U0/u_soc/u_cpu/cur_rs1_val_reg[3]/Q
                         net (fo=15, routed)          0.563     2.417    design_1_i/riscv_soc_axi_wrapper_0/U0/u_soc/u_cpu/cur_rs1_val[3]
    SLICE_X7Y115         LUT2 (Prop_D6LUT_SLICEL_I0_O)
                                                      0.147     2.564 r  design_1_i/riscv_soc_axi_wrapper_0/U0/u_soc/u_cpu/mem_addr_reg[7]_i_6/O
                         net (fo=1, routed)           0.010     2.574    design_1_i/riscv_soc_axi_wrapper_0/U0/u_soc/u_cpu/mem_addr_reg[7]_i_6_n_0
    SLICE_X7Y115         CARRY8 (Prop_CARRY8_SLICEL_S[3]_CO[7])
                                                      0.195     2.769 r  design_1_i/riscv_soc_axi_wrapper_0/U0/u_soc/u_cpu/mem_addr_reg_reg[7]_i_1/CO[7]
                         net (fo=1, routed)           0.028     2.797    design_1_i/riscv_soc_axi_wrapper_0/U0/u_soc/u_cpu/mem_addr_reg_reg[7]_i_1_n_0
    SLICE_X7Y116         CARRY8 (Prop_CARRY8_SLICEL_CI_O[7])
                                                      0.153     2.950 f  design_1_i/riscv_soc_axi_wrapper_0/U0/u_soc/u_cpu/mem_addr_reg_reg[15]_i_1/O[7]
                         net (fo=5, routed)           0.313     3.264    design_1_i/riscv_soc_axi_wrapper_0/U0/u_soc/u_cpu/L[15]
    SLICE_X6Y119         LUT5 (Prop_G6LUT_SLICEL_I0_O)
                                                      0.100     3.364 f  design_1_i/riscv_soc_axi_wrapper_0/U0/u_soc/u_cpu/last_dmem_addr_reg[15]_i_1/O
                         net (fo=2, routed)           0.119     3.483    design_1_i/riscv_soc_axi_wrapper_0/U0/u_soc/u_cpu/D[15]
    SLICE_X7Y119         LUT6 (Prop_D6LUT_SLICEL_I2_O)
                                                      0.174     3.657 r  design_1_i/riscv_soc_axi_wrapper_0/U0/u_soc/u_cpu/cmp[63]_i_13/O
                         net (fo=1, routed)           0.105     3.762    design_1_i/riscv_soc_axi_wrapper_0/U0/u_soc/u_cpu/cmp[63]_i_13_n_0
    SLICE_X7Y120         LUT6 (Prop_H6LUT_SLICEL_I0_O)
                                                      0.116     3.878 r  design_1_i/riscv_soc_axi_wrapper_0/U0/u_soc/u_cpu/cmp[63]_i_10/O
                         net (fo=1, routed)           0.108     3.986    design_1_i/riscv_soc_axi_wrapper_0/U0/u_soc/u_cpu/cmp[63]_i_10_n_0
    SLICE_X8Y120         LUT6 (Prop_D6LUT_SLICEL_I3_O)
                                                      0.147     4.133 r  design_1_i/riscv_soc_axi_wrapper_0/U0/u_soc/u_cpu/cmp[63]_i_6/O
                         net (fo=37, routed)          0.233     4.366    design_1_i/riscv_soc_axi_wrapper_0/U0/u_soc/u_cpu/timer_addr_sel
    SLICE_X6Y119         LUT6 (Prop_B6LUT_SLICEL_I5_O)
                                                      0.177     4.543 f  design_1_i/riscv_soc_axi_wrapper_0/U0/u_soc/u_cpu/cmp[63]_i_4/O
                         net (fo=19, routed)          0.439     4.982    design_1_i/riscv_soc_axi_wrapper_0/U0/u_soc/u_cpu/cmp[63]_i_4_n_0
    SLICE_X1Y120         LUT5 (Prop_G6LUT_SLICEM_I1_O)
                                                      0.100     5.082 r  design_1_i/riscv_soc_axi_wrapper_0/U0/u_soc/u_cpu/cmp[58]_i_4/O
                         net (fo=1, routed)           0.057     5.139    design_1_i/riscv_soc_axi_wrapper_0/U0/u_soc/u_dmem/cmp[58]_i_2
    SLICE_X1Y120         LUT5 (Prop_E6LUT_SLICEM_I4_O)
                                                      0.115     5.254 r  design_1_i/riscv_soc_axi_wrapper_0/U0/u_soc/u_dmem/cmp[58]_i_3/O
                         net (fo=2, routed)           0.423     5.677    design_1_i/riscv_soc_axi_wrapper_0/U0/u_soc/u_cpu/load_data_reg_reg[31]_0[25]
    SLICE_X5Y120         LUT6 (Prop_H6LUT_SLICEM_I5_O)
                                                      0.100     5.777 r  design_1_i/riscv_soc_axi_wrapper_0/U0/u_soc/u_cpu/cmp[58]_i_2/O
                         net (fo=2, routed)           0.299     6.076    design_1_i/riscv_soc_axi_wrapper_0/U0/u_soc/u_cpu/cmp[58]_i_2_n_0
    SLICE_X6Y122         LUT3 (Prop_H5LUT_SLICEL_I2_O)
                                                      0.080     6.156 r  design_1_i/riscv_soc_axi_wrapper_0/U0/u_soc/u_cpu/cmp[58]_i_1/O
                         net (fo=6, routed)           0.472     6.628    design_1_i/riscv_soc_axi_wrapper_0/U0/u_soc/u_cpu/cur_rs2_val_reg[26]_0
    SLICE_X1Y125         LUT6 (Prop_H6LUT_SLICEM_I0_O)
                                                      0.117     6.745 r  design_1_i/riscv_soc_axi_wrapper_0/U0/u_soc/u_cpu/ram_reg_bram_0_i_82/O
                         net (fo=1, routed)           0.315     7.060    design_1_i/riscv_soc_axi_wrapper_0/U0/u_soc/u_cpu/ram_reg_bram_0_i_82_n_0
    SLICE_X2Y123         LUT5 (Prop_C6LUT_SLICEL_I3_O)
                                                      0.063     7.123 r  design_1_i/riscv_soc_axi_wrapper_0/U0/u_soc/u_cpu/ram_reg_bram_0_i_46/O
                         net (fo=1, routed)           0.271     7.394    design_1_i/riscv_soc_axi_wrapper_0/U0/u_soc/u_dmem/p_1_in[32]
    RAMB36_X0Y24         RAMB36E2                                     r  design_1_i/riscv_soc_axi_wrapper_0/U0/u_soc/u_dmem/ram_reg_bram_0/DINPADINP[0]
  -------------------------------------------------------------------    -------------------

                         (clock clk_pl_0 rise edge)
                                                     10.000    10.000 r  
    PS8_X0Y0             PS8                          0.000    10.000 r  design_1_i/zynq_ultra_ps_e_0/inst/PS8_i/PLCLK[0]
                         net (fo=1, routed)           0.140    10.140    design_1_i/zynq_ultra_ps_e_0/inst/pl_clk_unbuffered[0]
    BUFG_PS_X0Y58        BUFG_PS (Prop_BUFG_PS_I_O)
                                                      0.027    10.167 r  design_1_i/zynq_ultra_ps_e_0/inst/buffer_pl_clk_0.PL_CLK_0_BUFG/O
    X0Y1 (CLOCK_ROOT)    net (fo=3340, routed)        1.432    11.599    design_1_i/riscv_soc_axi_wrapper_0/U0/u_soc/u_dmem/S_AXI_ACLK
    RAMB36_X0Y24         RAMB36E2                                     r  design_1_i/riscv_soc_axi_wrapper_0/U0/u_soc/u_dmem/ram_reg_bram_0/CLKARDCLK
                         clock pessimism              0.102    11.701    
                         clock uncertainty           -0.174    11.527    
    RAMB36_X0Y24         RAMB36E2 (Setup_RAMB36E2_RAMB36_CLKARDCLK_DINPADINP[0])
                                                     -0.257    11.270    design_1_i/riscv_soc_axi_wrapper_0/U0/u_soc/u_dmem/ram_reg_bram_0
  -------------------------------------------------------------------
                         required time                         11.270    
                         arrival time                          -7.394    
  -------------------------------------------------------------------
                         slack                                  3.876    

Slack (MET) :             3.878ns  (required time - arrival time)
  Source:                 design_1_i/riscv_soc_axi_wrapper_0/U0/u_soc/u_cpu/cur_rs1_val_reg[9]/C
                            (rising edge-triggered cell FDRE clocked by clk_pl_0  {rise@0.000ns fall@5.000ns period=10.000ns})
  Destination:            design_1_i/riscv_soc_axi_wrapper_0/U0/u_soc/u_cpu/exec_result_reg[27]/D
                            (rising edge-triggered cell FDRE clocked by clk_pl_0  {rise@0.000ns fall@5.000ns period=10.000ns})
  Path Group:             clk_pl_0
  Path Type:              Setup (Max at Slow Process Corner)
  Requirement:            10.000ns  (clk_pl_0 rise@10.000ns - clk_pl_0 rise@0.000ns)
  Data Path Delay:        5.868ns  (logic 3.538ns (60.294%)  route 2.330ns (39.706%))
  Logic Levels:           14  (CARRY8=2 DSP_A_B_DATA=1 DSP_ALU=2 DSP_M_DATA=1 DSP_MULTIPLIER=1 DSP_OUTPUT=2 DSP_PREADD_DATA=1 LUT2=1 LUT3=1 LUT5=2)
  Clock Path Skew:        -0.107ns (DCD - SCD + CPR)
    Destination Clock Delay (DCD):    1.518ns = ( 11.518 - 10.000 ) 
    Source Clock Delay      (SCD):    1.766ns
    Clock Pessimism Removal (CPR):    0.141ns
  Clock Uncertainty:      0.174ns  ((TSJ^2 + DJ^2)^1/2) / 2 + PE
    Total System Jitter     (TSJ):    0.071ns
    Discrete Jitter          (DJ):    0.340ns
    Phase Error              (PE):    0.000ns
  Clock Net Delay (Source):      1.559ns (routing 0.638ns, distribution 0.921ns)
  Clock Net Delay (Destination): 1.351ns (routing 0.576ns, distribution 0.775ns)

    Location             Delay type                Incr(ns)  Path(ns)    Netlist Resource(s)
  -------------------------------------------------------------------    -------------------
                         (clock clk_pl_0 rise edge)
                                                      0.000     0.000 r  
    PS8_X0Y0             PS8                          0.000     0.000 r  design_1_i/zynq_ultra_ps_e_0/inst/PS8_i/PLCLK[0]
                         net (fo=1, routed)           0.178     0.178    design_1_i/zynq_ultra_ps_e_0/inst/pl_clk_unbuffered[0]
    BUFG_PS_X0Y58        BUFG_PS (Prop_BUFG_PS_I_O)
                                                      0.029     0.207 r  design_1_i/zynq_ultra_ps_e_0/inst/buffer_pl_clk_0.PL_CLK_0_BUFG/O
    X0Y1 (CLOCK_ROOT)    net (fo=3340, routed)        1.559     1.766    design_1_i/riscv_soc_axi_wrapper_0/U0/u_soc/u_cpu/S_AXI_ACLK
    SLICE_X9Y89          FDRE                                         r  design_1_i/riscv_soc_axi_wrapper_0/U0/u_soc/u_cpu/cur_rs1_val_reg[9]/C
  -------------------------------------------------------------------    -------------------
    SLICE_X9Y89          FDRE (Prop_CFF_SLICEM_C_Q)
                                                      0.095     1.861 f  design_1_i/riscv_soc_axi_wrapper_0/U0/u_soc/u_cpu/cur_rs1_val_reg[9]/Q
                         net (fo=16, routed)          0.857     2.718    design_1_i/riscv_soc_axi_wrapper_0/U0/u_soc/u_cpu/alu_inst/exec_result[0]_i_12_0[9]
    SLICE_X11Y107        LUT3 (Prop_B5LUT_SLICEL_I2_O)
                                                      0.142     2.860 f  design_1_i/riscv_soc_axi_wrapper_0/U0/u_soc/u_cpu/alu_inst/tmp0__0_i_8/O
                         net (fo=15, routed)          0.667     3.527    design_1_i/riscv_soc_axi_wrapper_0/U0/u_soc/u_cpu/alu_inst/tmp0__0/A[9]
    DSP48E2_X0Y41        DSP_A_B_DATA (Prop_DSP_A_B_DATA_DSP48E2_A[9]_A2_DATA[9])
                                                      0.241     3.768 r  design_1_i/riscv_soc_axi_wrapper_0/U0/u_soc/u_cpu/alu_inst/tmp0__0/DSP_A_B_DATA_INST/A2_DATA[9]
                         net (fo=1, routed)           0.000     3.768    design_1_i/riscv_soc_axi_wrapper_0/U0/u_soc/u_cpu/alu_inst/tmp0__0/DSP_A_B_DATA.A2_DATA<9>
    DSP48E2_X0Y41        DSP_PREADD_DATA (Prop_DSP_PREADD_DATA_DSP48E2_A2_DATA[9]_A2A1[9])
                                                      0.098     3.866 r  design_1_i/riscv_soc_axi_wrapper_0/U0/u_soc/u_cpu/alu_inst/tmp0__0/DSP_PREADD_DATA_INST/A2A1[9]
                         net (fo=1, routed)           0.000     3.866    design_1_i/riscv_soc_axi_wrapper_0/U0/u_soc/u_cpu/alu_inst/tmp0__0/DSP_PREADD_DATA.A2A1<9>
    DSP48E2_X0Y41        DSP_MULTIPLIER (Prop_DSP_MULTIPLIER_DSP48E2_A2A1[9]_U[30])
                                                      0.647     4.513 f  design_1_i/riscv_soc_axi_wrapper_0/U0/u_soc/u_cpu/alu_inst/tmp0__0/DSP_MULTIPLIER_INST/U[30]
                         net (fo=1, routed)           0.000     4.513    design_1_i/riscv_soc_axi_wrapper_0/U0/u_soc/u_cpu/alu_inst/tmp0__0/DSP_MULTIPLIER.U<30>
    DSP48E2_X0Y41        DSP_M_DATA (Prop_DSP_M_DATA_DSP48E2_U[30]_U_DATA[30])
                                                      0.059     4.572 r  design_1_i/riscv_soc_axi_wrapper_0/U0/u_soc/u_cpu/alu_inst/tmp0__0/DSP_M_DATA_INST/U_DATA[30]
                         net (fo=1, routed)           0.000     4.572    design_1_i/riscv_soc_axi_wrapper_0/U0/u_soc/u_cpu/alu_inst/tmp0__0/DSP_M_DATA.U_DATA<30>
    DSP48E2_X0Y41        DSP_ALU (Prop_DSP_ALU_DSP48E2_U_DATA[30]_ALU_OUT[47])
                                                      0.699     5.271 f  design_1_i/riscv_soc_axi_wrapper_0/U0/u_soc/u_cpu/alu_inst/tmp0__0/DSP_ALU_INST/ALU_OUT[47]
                         net (fo=1, routed)           0.000     5.271    design_1_i/riscv_soc_axi_wrapper_0/U0/u_soc/u_cpu/alu_inst/tmp0__0/DSP_ALU.ALU_OUT<47>
    DSP48E2_X0Y41        DSP_OUTPUT (Prop_DSP_OUTPUT_DSP48E2_ALU_OUT[47]_PCOUT[47])
                                                      0.159     5.430 r  design_1_i/riscv_soc_axi_wrapper_0/U0/u_soc/u_cpu/alu_inst/tmp0__0/DSP_OUTPUT_INST/PCOUT[47]
                         net (fo=1, routed)           0.042     5.472    design_1_i/riscv_soc_axi_wrapper_0/U0/u_soc/u_cpu/alu_inst/tmp0__1/PCIN[47]
    DSP48E2_X0Y42        DSP_ALU (Prop_DSP_ALU_DSP48E2_PCIN[47]_ALU_OUT[4])
                                                      0.698     6.170 f  design_1_i/riscv_soc_axi_wrapper_0/U0/u_soc/u_cpu/alu_inst/tmp0__1/DSP_ALU_INST/ALU_OUT[4]
                         net (fo=1, routed)           0.000     6.170    design_1_i/riscv_soc_axi_wrapper_0/U0/u_soc/u_cpu/alu_inst/tmp0__1/DSP_ALU.ALU_OUT<4>
    DSP48E2_X0Y42        DSP_OUTPUT (Prop_DSP_OUTPUT_DSP48E2_ALU_OUT[4]_P[4])
                                                      0.141     6.311 r  design_1_i/riscv_soc_axi_wrapper_0/U0/u_soc/u_cpu/alu_inst/tmp0__1/DSP_OUTPUT_INST/P[4]
                         net (fo=2, routed)           0.392     6.703    design_1_i/riscv_soc_axi_wrapper_0/U0/u_soc/u_cpu/alu_inst/tmp0__1_n_101
    SLICE_X4Y105         LUT2 (Prop_F6LUT_SLICEM_I0_O)
                                                      0.113     6.816 r  design_1_i/riscv_soc_axi_wrapper_0/U0/u_soc/u_cpu/alu_inst/exec_result[23]_i_20/O
                         net (fo=1, routed)           0.024     6.840    design_1_i/riscv_soc_axi_wrapper_0/U0/u_soc/u_cpu/alu_inst/exec_result[23]_i_20_n_0
    SLICE_X4Y105         CARRY8 (Prop_CARRY8_SLICEM_S[5]_CO[7])
                                                      0.202     7.042 r  design_1_i/riscv_soc_axi_wrapper_0/U0/u_soc/u_cpu/alu_inst/exec_result_reg[23]_i_6/CO[7]
                         net (fo=1, routed)           0.028     7.070    design_1_i/riscv_soc_axi_wrapper_0/U0/u_soc/u_cpu/alu_inst/exec_result_reg[23]_i_6_n_0
    SLICE_X4Y106         CARRY8 (Prop_CARRY8_SLICEM_CI_O[3])
                                                      0.104     7.174 r  design_1_i/riscv_soc_axi_wrapper_0/U0/u_soc/u_cpu/alu_inst/exec_result_reg[31]_i_7/O[3]
                         net (fo=1, routed)           0.145     7.319    design_1_i/riscv_soc_axi_wrapper_0/U0/u_soc/u_cpu/alu_inst/exec_result_reg[31]_i_7_n_12
    SLICE_X4Y107         LUT5 (Prop_A6LUT_SLICEM_I2_O)
                                                      0.040     7.359 r  design_1_i/riscv_soc_axi_wrapper_0/U0/u_soc/u_cpu/alu_inst/exec_result[27]_i_2/O
                         net (fo=1, routed)           0.106     7.465    design_1_i/riscv_soc_axi_wrapper_0/U0/u_soc/u_cpu/alu_inst/exec_result[27]_i_2_n_0
    SLICE_X4Y107         LUT5 (Prop_G6LUT_SLICEM_I2_O)
                                                      0.100     7.565 r  design_1_i/riscv_soc_axi_wrapper_0/U0/u_soc/u_cpu/alu_inst/exec_result[27]_i_1/O
                         net (fo=1, routed)           0.069     7.634    design_1_i/riscv_soc_axi_wrapper_0/U0/u_soc/u_cpu/p_1_in_1[27]
    SLICE_X4Y107         FDRE                                         r  design_1_i/riscv_soc_axi_wrapper_0/U0/u_soc/u_cpu/exec_result_reg[27]/D
  -------------------------------------------------------------------    -------------------

                         (clock clk_pl_0 rise edge)
                                                     10.000    10.000 r  
    PS8_X0Y0             PS8                          0.000    10.000 r  design_1_i/zynq_ultra_ps_e_0/inst/PS8_i/PLCLK[0]
                         net (fo=1, routed)           0.140    10.140    design_1_i/zynq_ultra_ps_e_0/inst/pl_clk_unbuffered[0]
    BUFG_PS_X0Y58        BUFG_PS (Prop_BUFG_PS_I_O)
                                                      0.027    10.167 r  design_1_i/zynq_ultra_ps_e_0/inst/buffer_pl_clk_0.PL_CLK_0_BUFG/O
    X0Y1 (CLOCK_ROOT)    net (fo=3340, routed)        1.351    11.518    design_1_i/riscv_soc_axi_wrapper_0/U0/u_soc/u_cpu/S_AXI_ACLK
    SLICE_X4Y107         FDRE                                         r  design_1_i/riscv_soc_axi_wrapper_0/U0/u_soc/u_cpu/exec_result_reg[27]/C
                         clock pessimism              0.141    11.659    
                         clock uncertainty           -0.174    11.485    
    SLICE_X4Y107         FDRE (Setup_GFF_SLICEM_C_D)
                                                      0.027    11.512    design_1_i/riscv_soc_axi_wrapper_0/U0/u_soc/u_cpu/exec_result_reg[27]
  -------------------------------------------------------------------
                         required time                         11.512    
                         arrival time                          -7.634    
  -------------------------------------------------------------------
                         slack                                  3.878    





Min Delay Paths
--------------------------------------------------------------------------------------
Slack (MET) :             0.031ns  (arrival time - required time)
  Source:                 design_1_i/axi_interconnect_0/s00_couplers/auto_pc/inst/gen_axilite.gen_b2s_conv.axilite_b2s/RD.ar_channel_0/s_arid_r_reg[8]/C
                            (rising edge-triggered cell FDRE clocked by clk_pl_0  {rise@0.000ns fall@5.000ns period=10.000ns})
  Destination:            design_1_i/axi_interconnect_0/s00_couplers/auto_pc/inst/gen_axilite.gen_b2s_conv.axilite_b2s/RD.r_channel_0/r_arid_r_reg[8]/D
                            (rising edge-triggered cell FDRE clocked by clk_pl_0  {rise@0.000ns fall@5.000ns period=10.000ns})
  Path Group:             clk_pl_0
  Path Type:              Hold (Min at Fast Process Corner)
  Requirement:            0.000ns  (clk_pl_0 rise@0.000ns - clk_pl_0 rise@0.000ns)
  Data Path Delay:        0.083ns  (logic 0.039ns (46.988%)  route 0.044ns (53.012%))
  Logic Levels:           0  
  Clock Path Skew:        0.006ns (DCD - SCD - CPR)
    Destination Clock Delay (DCD):    1.060ns
    Source Clock Delay      (SCD):    0.918ns
    Clock Pessimism Removal (CPR):    0.137ns
  Clock Net Delay (Source):      0.807ns (routing 0.324ns, distribution 0.483ns)
  Clock Net Delay (Destination): 0.922ns (routing 0.365ns, distribution 0.557ns)

    Location             Delay type                Incr(ns)  Path(ns)    Netlist Resource(s)
  -------------------------------------------------------------------    -------------------
                         (clock clk_pl_0 rise edge)
                                                      0.000     0.000 r  
    PS8_X0Y0             PS8                          0.000     0.000 r  design_1_i/zynq_ultra_ps_e_0/inst/PS8_i/PLCLK[0]
                         net (fo=1, routed)           0.094     0.094    design_1_i/zynq_ultra_ps_e_0/inst/pl_clk_unbuffered[0]
    BUFG_PS_X0Y58        BUFG_PS (Prop_BUFG_PS_I_O)
                                                      0.017     0.111 r  design_1_i/zynq_ultra_ps_e_0/inst/buffer_pl_clk_0.PL_CLK_0_BUFG/O
    X0Y1 (CLOCK_ROOT)    net (fo=3340, routed)        0.807     0.918    design_1_i/axi_interconnect_0/s00_couplers/auto_pc/inst/gen_axilite.gen_b2s_conv.axilite_b2s/RD.ar_channel_0/aclk
    SLICE_X3Y137         FDRE                                         r  design_1_i/axi_interconnect_0/s00_couplers/auto_pc/inst/gen_axilite.gen_b2s_conv.axilite_b2s/RD.ar_channel_0/s_arid_r_reg[8]/C
  -------------------------------------------------------------------    -------------------
    SLICE_X3Y137         FDRE (Prop_GFF_SLICEL_C_Q)
                                                      0.039     0.957 r  design_1_i/axi_interconnect_0/s00_couplers/auto_pc/inst/gen_axilite.gen_b2s_conv.axilite_b2s/RD.ar_channel_0/s_arid_r_reg[8]/Q
                         net (fo=1, routed)           0.044     1.001    design_1_i/axi_interconnect_0/s00_couplers/auto_pc/inst/gen_axilite.gen_b2s_conv.axilite_b2s/RD.r_channel_0/D[8]
    SLICE_X3Y137         FDRE                                         r  design_1_i/axi_interconnect_0/s00_couplers/auto_pc/inst/gen_axilite.gen_b2s_conv.axilite_b2s/RD.r_channel_0/r_arid_r_reg[8]/D
  -------------------------------------------------------------------    -------------------

                         (clock clk_pl_0 rise edge)
                                                      0.000     0.000 r  
    PS8_X0Y0             PS8                          0.000     0.000 r  design_1_i/zynq_ultra_ps_e_0/inst/PS8_i/PLCLK[0]
                         net (fo=1, routed)           0.120     0.120    design_1_i/zynq_ultra_ps_e_0/inst/pl_clk_unbuffered[0]
    BUFG_PS_X0Y58        BUFG_PS (Prop_BUFG_PS_I_O)
                                                      0.018     0.138 r  design_1_i/zynq_ultra_ps_e_0/inst/buffer_pl_clk_0.PL_CLK_0_BUFG/O
    X0Y1 (CLOCK_ROOT)    net (fo=3340, routed)        0.922     1.060    design_1_i/axi_interconnect_0/s00_couplers/auto_pc/inst/gen_axilite.gen_b2s_conv.axilite_b2s/RD.r_channel_0/aclk
    SLICE_X3Y137         FDRE                                         r  design_1_i/axi_interconnect_0/s00_couplers/auto_pc/inst/gen_axilite.gen_b2s_conv.axilite_b2s/RD.r_channel_0/r_arid_r_reg[8]/C
                         clock pessimism             -0.137     0.924    
    SLICE_X3Y137         FDRE (Hold_FFF_SLICEL_C_D)
                                                      0.046     0.970    design_1_i/axi_interconnect_0/s00_couplers/auto_pc/inst/gen_axilite.gen_b2s_conv.axilite_b2s/RD.r_channel_0/r_arid_r_reg[8]
  -------------------------------------------------------------------
                         required time                         -0.970    
                         arrival time                           1.001    
  -------------------------------------------------------------------
                         slack                                  0.031    

Slack (MET) :             0.032ns  (arrival time - required time)
  Source:                 design_1_i/axi_interconnect_0/s00_couplers/auto_pc/inst/gen_axilite.gen_b2s_conv.axilite_b2s/SI_REG/ar.ar_pipe/m_payload_i_reg[61]/C
                            (rising edge-triggered cell FDRE clocked by clk_pl_0  {rise@0.000ns fall@5.000ns period=10.000ns})
  Destination:            design_1_i/axi_interconnect_0/s00_couplers/auto_pc/inst/gen_axilite.gen_b2s_conv.axilite_b2s/RD.ar_channel_0/s_arid_r_reg[0]/D
                            (rising edge-triggered cell FDRE clocked by clk_pl_0  {rise@0.000ns fall@5.000ns period=10.000ns})
  Path Group:             clk_pl_0
  Path Type:              Hold (Min at Fast Process Corner)
  Requirement:            0.000ns  (clk_pl_0 rise@0.000ns - clk_pl_0 rise@0.000ns)
  Data Path Delay:        0.098ns  (logic 0.041ns (41.837%)  route 0.057ns (58.163%))
  Logic Levels:           0  
  Clock Path Skew:        0.019ns (DCD - SCD - CPR)
    Destination Clock Delay (DCD):    1.066ns
    Source Clock Delay      (SCD):    0.925ns
    Clock Pessimism Removal (CPR):    0.123ns
  Clock Net Delay (Source):      0.814ns (routing 0.324ns, distribution 0.490ns)
  Clock Net Delay (Destination): 0.928ns (routing 0.365ns, distribution 0.563ns)

    Location             Delay type                Incr(ns)  Path(ns)    Netlist Resource(s)
  -------------------------------------------------------------------    -------------------
                         (clock clk_pl_0 rise edge)
                                                      0.000     0.000 r  
    PS8_X0Y0             PS8                          0.000     0.000 r  design_1_i/zynq_ultra_ps_e_0/inst/PS8_i/PLCLK[0]
                         net (fo=1, routed)           0.094     0.094    design_1_i/zynq_ultra_ps_e_0/inst/pl_clk_unbuffered[0]
    BUFG_PS_X0Y58        BUFG_PS (Prop_BUFG_PS_I_O)
                                                      0.017     0.111 r  design_1_i/zynq_ultra_ps_e_0/inst/buffer_pl_clk_0.PL_CLK_0_BUFG/O
    X0Y1 (CLOCK_ROOT)    net (fo=3340, routed)        0.814     0.925    design_1_i/axi_interconnect_0/s00_couplers/auto_pc/inst/gen_axilite.gen_b2s_conv.axilite_b2s/SI_REG/ar.ar_pipe/aclk
    SLICE_X2Y132         FDRE                                         r  design_1_i/axi_interconnect_0/s00_couplers/auto_pc/inst/gen_axilite.gen_b2s_conv.axilite_b2s/SI_REG/ar.ar_pipe/m_payload_i_reg[61]/C
  -------------------------------------------------------------------    -------------------
    SLICE_X2Y132         FDRE (Prop_DFF2_SLICEL_C_Q)
                                                      0.041     0.966 r  design_1_i/axi_interconnect_0/s00_couplers/auto_pc/inst/gen_axilite.gen_b2s_conv.axilite_b2s/SI_REG/ar.ar_pipe/m_payload_i_reg[61]/Q
                         net (fo=1, routed)           0.057     1.023    design_1_i/axi_interconnect_0/s00_couplers/auto_pc/inst/gen_axilite.gen_b2s_conv.axilite_b2s/RD.ar_channel_0/s_arid_r_reg[15]_1[20]
    SLICE_X2Y133         FDRE                                         r  design_1_i/axi_interconnect_0/s00_couplers/auto_pc/inst/gen_axilite.gen_b2s_conv.axilite_b2s/RD.ar_channel_0/s_arid_r_reg[0]/D
  -------------------------------------------------------------------    -------------------

                         (clock clk_pl_0 rise edge)
                                                      0.000     0.000 r  
    PS8_X0Y0             PS8                          0.000     0.000 r  design_1_i/zynq_ultra_ps_e_0/inst/PS8_i/PLCLK[0]
                         net (fo=1, routed)           0.120     0.120    design_1_i/zynq_ultra_ps_e_0/inst/pl_clk_unbuffered[0]
    BUFG_PS_X0Y58        BUFG_PS (Prop_BUFG_PS_I_O)
                                                      0.018     0.138 r  design_1_i/zynq_ultra_ps_e_0/inst/buffer_pl_clk_0.PL_CLK_0_BUFG/O
    X0Y1 (CLOCK_ROOT)    net (fo=3340, routed)        0.928     1.066    design_1_i/axi_interconnect_0/s00_couplers/auto_pc/inst/gen_axilite.gen_b2s_conv.axilite_b2s/RD.ar_channel_0/aclk
    SLICE_X2Y133         FDRE                                         r  design_1_i/axi_interconnect_0/s00_couplers/auto_pc/inst/gen_axilite.gen_b2s_conv.axilite_b2s/RD.ar_channel_0/s_arid_r_reg[0]/C
                         clock pessimism             -0.123     0.944    
    SLICE_X2Y133         FDRE (Hold_HFF2_SLICEL_C_D)
                                                      0.047     0.991    design_1_i/axi_interconnect_0/s00_couplers/auto_pc/inst/gen_axilite.gen_b2s_conv.axilite_b2s/RD.ar_channel_0/s_arid_r_reg[0]
  -------------------------------------------------------------------
                         required time                         -0.991    
                         arrival time                           1.023    
  -------------------------------------------------------------------
                         slack                                  0.032    

Slack (MET) :             0.032ns  (arrival time - required time)
  Source:                 design_1_i/axi_interconnect_0/s00_couplers/auto_pc/inst/gen_axilite.gen_b2s_conv.axilite_b2s/WR.aw_channel_0/s_awid_r_reg[1]/C
                            (rising edge-triggered cell FDRE clocked by clk_pl_0  {rise@0.000ns fall@5.000ns period=10.000ns})
  Destination:            design_1_i/axi_interconnect_0/s00_couplers/auto_pc/inst/gen_axilite.gen_b2s_conv.axilite_b2s/WR.b_channel_0/bid_fifo_0/memory_reg[3][9]_srl4/D
                            (rising edge-triggered cell SRL16E clocked by clk_pl_0  {rise@0.000ns fall@5.000ns period=10.000ns})
  Path Group:             clk_pl_0
  Path Type:              Hold (Min at Slow Process Corner)
  Requirement:            0.000ns  (clk_pl_0 rise@0.000ns - clk_pl_0 rise@0.000ns)
  Data Path Delay:        0.192ns  (logic 0.070ns (36.458%)  route 0.122ns (63.542%))
  Logic Levels:           0  
  Clock Path Skew:        0.146ns (DCD - SCD - CPR)
    Destination Clock Delay (DCD):    1.845ns
    Source Clock Delay      (SCD):    1.554ns
    Clock Pessimism Removal (CPR):    0.145ns
  Clock Net Delay (Source):      1.387ns (routing 0.576ns, distribution 0.811ns)
  Clock Net Delay (Destination): 1.638ns (routing 0.638ns, distribution 1.000ns)

    Location             Delay type                Incr(ns)  Path(ns)    Netlist Resource(s)
  -------------------------------------------------------------------    -------------------
                         (clock clk_pl_0 rise edge)
                                                      0.000     0.000 r  
    PS8_X0Y0             PS8                          0.000     0.000 r  design_1_i/zynq_ultra_ps_e_0/inst/PS8_i/PLCLK[0]
                         net (fo=1, routed)           0.140     0.140    design_1_i/zynq_ultra_ps_e_0/inst/pl_clk_unbuffered[0]
    BUFG_PS_X0Y58        BUFG_PS (Prop_BUFG_PS_I_O)
                                                      0.027     0.167 r  design_1_i/zynq_ultra_ps_e_0/inst/buffer_pl_clk_0.PL_CLK_0_BUFG/O
    X0Y1 (CLOCK_ROOT)    net (fo=3340, routed)        1.387     1.554    design_1_i/axi_interconnect_0/s00_couplers/auto_pc/inst/gen_axilite.gen_b2s_conv.axilite_b2s/WR.aw_channel_0/aclk
    SLICE_X0Y143         FDRE                                         r  design_1_i/axi_interconnect_0/s00_couplers/auto_pc/inst/gen_axilite.gen_b2s_conv.axilite_b2s/WR.aw_channel_0/s_awid_r_reg[1]/C
  -------------------------------------------------------------------    -------------------
    SLICE_X0Y143         FDRE (Prop_HFF_SLICEL_C_Q)
                                                      0.070     1.624 r  design_1_i/axi_interconnect_0/s00_couplers/auto_pc/inst/gen_axilite.gen_b2s_conv.axilite_b2s/WR.aw_channel_0/s_awid_r_reg[1]/Q
                         net (fo=1, routed)           0.122     1.746    design_1_i/axi_interconnect_0/s00_couplers/auto_pc/inst/gen_axilite.gen_b2s_conv.axilite_b2s/WR.b_channel_0/bid_fifo_0/in[9]
    SLICE_X1Y142         SRL16E                                       r  design_1_i/axi_interconnect_0/s00_couplers/auto_pc/inst/gen_axilite.gen_b2s_conv.axilite_b2s/WR.b_channel_0/bid_fifo_0/memory_reg[3][9]_srl4/D
  -------------------------------------------------------------------    -------------------

                         (clock clk_pl_0 rise edge)
                                                      0.000     0.000 r  
    PS8_X0Y0             PS8                          0.000     0.000 r  design_1_i/zynq_ultra_ps_e_0/inst/PS8_i/PLCLK[0]
                         net (fo=1, routed)           0.178     0.178    design_1_i/zynq_ultra_ps_e_0/inst/pl_clk_unbuffered[0]
    BUFG_PS_X0Y58        BUFG_PS (Prop_BUFG_PS_I_O)
                                                      0.029     0.207 r  design_1_i/zynq_ultra_ps_e_0/inst/buffer_pl_clk_0.PL_CLK_0_BUFG/O
    X0Y1 (CLOCK_ROOT)    net (fo=3340, routed)        1.638     1.845    design_1_i/axi_interconnect_0/s00_couplers/auto_pc/inst/gen_axilite.gen_b2s_conv.axilite_b2s/WR.b_channel_0/bid_fifo_0/aclk
    SLICE_X1Y142         SRL16E                                       r  design_1_i/axi_interconnect_0/s00_couplers/auto_pc/inst/gen_axilite.gen_b2s_conv.axilite_b2s/WR.b_channel_0/bid_fifo_0/memory_reg[3][9]_srl4/CLK
                         clock pessimism             -0.145     1.700    
    SLICE_X1Y142         SRL16E (Hold_B6LUT_SLICEM_CLK_D)
                                                      0.014     1.714    design_1_i/axi_interconnect_0/s00_couplers/auto_pc/inst/gen_axilite.gen_b2s_conv.axilite_b2s/WR.b_channel_0/bid_fifo_0/memory_reg[3][9]_srl4
  -------------------------------------------------------------------
                         required time                         -1.714    
                         arrival time                           1.746    
  -------------------------------------------------------------------
                         slack                                  0.032    

Slack (MET) :             0.032ns  (arrival time - required time)
  Source:                 design_1_i/axi_interconnect_0/s00_couplers/auto_pc/inst/gen_axilite.gen_b2s_conv.axilite_b2s/SI_REG/ar.ar_pipe/skid_buffer_reg[64]/C
                            (rising edge-triggered cell FDRE clocked by clk_pl_0  {rise@0.000ns fall@5.000ns period=10.000ns})
  Destination:            design_1_i/axi_interconnect_0/s00_couplers/auto_pc/inst/gen_axilite.gen_b2s_conv.axilite_b2s/SI_REG/ar.ar_pipe/m_payload_i_reg[64]/D
                            (rising edge-triggered cell FDRE clocked by clk_pl_0  {rise@0.000ns fall@5.000ns period=10.000ns})
  Path Group:             clk_pl_0
  Path Type:              Hold (Min at Fast Process Corner)
  Requirement:            0.000ns  (clk_pl_0 rise@0.000ns - clk_pl_0 rise@0.000ns)
  Data Path Delay:        0.088ns  (logic 0.059ns (67.045%)  route 0.029ns (32.955%))
  Logic Levels:           1  (LUT3=1)
  Clock Path Skew:        0.009ns (DCD - SCD - CPR)
    Destination Clock Delay (DCD):    1.059ns
    Source Clock Delay      (SCD):    0.921ns
    Clock Pessimism Removal (CPR):    0.130ns
  Clock Net Delay (Source):      0.810ns (routing 0.324ns, distribution 0.486ns)
  Clock Net Delay (Destination): 0.921ns (routing 0.365ns, distribution 0.556ns)

    Location             Delay type                Incr(ns)  Path(ns)    Netlist Resource(s)
  -------------------------------------------------------------------    -------------------
                         (clock clk_pl_0 rise edge)
                                                      0.000     0.000 r  
    PS8_X0Y0             PS8                          0.000     0.000 r  design_1_i/zynq_ultra_ps_e_0/inst/PS8_i/PLCLK[0]
                         net (fo=1, routed)           0.094     0.094    design_1_i/zynq_ultra_ps_e_0/inst/pl_clk_unbuffered[0]
    BUFG_PS_X0Y58        BUFG_PS (Prop_BUFG_PS_I_O)
                                                      0.017     0.111 r  design_1_i/zynq_ultra_ps_e_0/inst/buffer_pl_clk_0.PL_CLK_0_BUFG/O
    X0Y1 (CLOCK_ROOT)    net (fo=3340, routed)        0.810     0.921    design_1_i/axi_interconnect_0/s00_couplers/auto_pc/inst/gen_axilite.gen_b2s_conv.axilite_b2s/SI_REG/ar.ar_pipe/aclk
    SLICE_X0Y132         FDRE                                         r  design_1_i/axi_interconnect_0/s00_couplers/auto_pc/inst/gen_axilite.gen_b2s_conv.axilite_b2s/SI_REG/ar.ar_pipe/skid_buffer_reg[64]/C
  -------------------------------------------------------------------    -------------------
    SLICE_X0Y132         FDRE (Prop_GFF_SLICEL_C_Q)
                                                      0.039     0.960 r  design_1_i/axi_interconnect_0/s00_couplers/auto_pc/inst/gen_axilite.gen_b2s_conv.axilite_b2s/SI_REG/ar.ar_pipe/skid_buffer_reg[64]/Q
                         net (fo=1, routed)           0.023     0.983    design_1_i/axi_interconnect_0/s00_couplers/auto_pc/inst/gen_axilite.gen_b2s_conv.axilite_b2s/SI_REG/ar.ar_pipe/skid_buffer_reg_n_0_[64]
    SLICE_X0Y132         LUT3 (Prop_D5LUT_SLICEL_I2_O)
                                                      0.020     1.003 r  design_1_i/axi_interconnect_0/s00_couplers/auto_pc/inst/gen_axilite.gen_b2s_conv.axilite_b2s/SI_REG/ar.ar_pipe/m_payload_i[64]_i_1__0/O
                         net (fo=1, routed)           0.006     1.009    design_1_i/axi_interconnect_0/s00_couplers/auto_pc/inst/gen_axilite.gen_b2s_conv.axilite_b2s/SI_REG/ar.ar_pipe/m_payload_i[64]_i_1__0_n_0
    SLICE_X0Y132         FDRE                                         r  design_1_i/axi_interconnect_0/s00_couplers/auto_pc/inst/gen_axilite.gen_b2s_conv.axilite_b2s/SI_REG/ar.ar_pipe/m_payload_i_reg[64]/D
  -------------------------------------------------------------------    -------------------

                         (clock clk_pl_0 rise edge)
                                                      0.000     0.000 r  
    PS8_X0Y0             PS8                          0.000     0.000 r  design_1_i/zynq_ultra_ps_e_0/inst/PS8_i/PLCLK[0]
                         net (fo=1, routed)           0.120     0.120    design_1_i/zynq_ultra_ps_e_0/inst/pl_clk_unbuffered[0]
    BUFG_PS_X0Y58        BUFG_PS (Prop_BUFG_PS_I_O)
                                                      0.018     0.138 r  design_1_i/zynq_ultra_ps_e_0/inst/buffer_pl_clk_0.PL_CLK_0_BUFG/O
    X0Y1 (CLOCK_ROOT)    net (fo=3340, routed)        0.921     1.059    design_1_i/axi_interconnect_0/s00_couplers/auto_pc/inst/gen_axilite.gen_b2s_conv.axilite_b2s/SI_REG/ar.ar_pipe/aclk
    SLICE_X0Y132         FDRE                                         r  design_1_i/axi_interconnect_0/s00_couplers/auto_pc/inst/gen_axilite.gen_b2s_conv.axilite_b2s/SI_REG/ar.ar_pipe/m_payload_i_reg[64]/C
                         clock pessimism             -0.130     0.929    
    SLICE_X0Y132         FDRE (Hold_DFF2_SLICEL_C_D)
                                                      0.047     0.976    design_1_i/axi_interconnect_0/s00_couplers/auto_pc/inst/gen_axilite.gen_b2s_conv.axilite_b2s/SI_REG/ar.ar_pipe/m_payload_i_reg[64]
  -------------------------------------------------------------------
                         required time                         -0.976    
                         arrival time                           1.009    
  -------------------------------------------------------------------
                         slack                                  0.032    

Slack (MET) :             0.033ns  (arrival time - required time)
  Source:                 design_1_i/riscv_soc_axi_wrapper_0/U0/u_soc/word_index_reg[17]/C
                            (rising edge-triggered cell FDRE clocked by clk_pl_0  {rise@0.000ns fall@5.000ns period=10.000ns})
  Destination:            design_1_i/riscv_soc_axi_wrapper_0/U0/u_soc/prog_addr_reg[17]/D
                            (rising edge-triggered cell FDRE clocked by clk_pl_0  {rise@0.000ns fall@5.000ns period=10.000ns})
  Path Group:             clk_pl_0
  Path Type:              Hold (Min at Slow Process Corner)
  Requirement:            0.000ns  (clk_pl_0 rise@0.000ns - clk_pl_0 rise@0.000ns)
  Data Path Delay:        0.208ns  (logic 0.073ns (35.062%)  route 0.135ns (64.938%))
  Logic Levels:           0  
  Clock Path Skew:        0.120ns (DCD - SCD - CPR)
    Destination Clock Delay (DCD):    1.828ns
    Source Clock Delay      (SCD):    1.563ns
    Clock Pessimism Removal (CPR):    0.145ns
  Clock Net Delay (Source):      1.396ns (routing 0.576ns, distribution 0.820ns)
  Clock Net Delay (Destination): 1.621ns (routing 0.638ns, distribution 0.983ns)

    Location             Delay type                Incr(ns)  Path(ns)    Netlist Resource(s)
  -------------------------------------------------------------------    -------------------
                         (clock clk_pl_0 rise edge)
                                                      0.000     0.000 r  
    PS8_X0Y0             PS8                          0.000     0.000 r  design_1_i/zynq_ultra_ps_e_0/inst/PS8_i/PLCLK[0]
                         net (fo=1, routed)           0.140     0.140    design_1_i/zynq_ultra_ps_e_0/inst/pl_clk_unbuffered[0]
    BUFG_PS_X0Y58        BUFG_PS (Prop_BUFG_PS_I_O)
                                                      0.027     0.167 r  design_1_i/zynq_ultra_ps_e_0/inst/buffer_pl_clk_0.PL_CLK_0_BUFG/O
    X0Y1 (CLOCK_ROOT)    net (fo=3340, routed)        1.396     1.563    design_1_i/riscv_soc_axi_wrapper_0/U0/u_soc/S_AXI_ACLK
    SLICE_X4Y132         FDRE                                         r  design_1_i/riscv_soc_axi_wrapper_0/U0/u_soc/word_index_reg[17]/C
  -------------------------------------------------------------------    -------------------
    SLICE_X4Y132         FDRE (Prop_DFF2_SLICEM_C_Q)
                                                      0.073     1.636 r  design_1_i/riscv_soc_axi_wrapper_0/U0/u_soc/word_index_reg[17]/Q
                         net (fo=2, routed)           0.135     1.771    design_1_i/riscv_soc_axi_wrapper_0/U0/u_soc/word_index_reg_n_0_[17]
    SLICE_X7Y132         FDRE                                         r  design_1_i/riscv_soc_axi_wrapper_0/U0/u_soc/prog_addr_reg[17]/D
  -------------------------------------------------------------------    -------------------

                         (clock clk_pl_0 rise edge)
                                                      0.000     0.000 r  
    PS8_X0Y0             PS8                          0.000     0.000 r  design_1_i/zynq_ultra_ps_e_0/inst/PS8_i/PLCLK[0]
                         net (fo=1, routed)           0.178     0.178    design_1_i/zynq_ultra_ps_e_0/inst/pl_clk_unbuffered[0]
    BUFG_PS_X0Y58        BUFG_PS (Prop_BUFG_PS_I_O)
                                                      0.029     0.207 r  design_1_i/zynq_ultra_ps_e_0/inst/buffer_pl_clk_0.PL_CLK_0_BUFG/O
    X0Y1 (CLOCK_ROOT)    net (fo=3340, routed)        1.621     1.828    design_1_i/riscv_soc_axi_wrapper_0/U0/u_soc/S_AXI_ACLK
    SLICE_X7Y132         FDRE                                         r  design_1_i/riscv_soc_axi_wrapper_0/U0/u_soc/prog_addr_reg[17]/C
                         clock pessimism             -0.145     1.683    
    SLICE_X7Y132         FDRE (Hold_GFF2_SLICEL_C_D)
                                                      0.055     1.738    design_1_i/riscv_soc_axi_wrapper_0/U0/u_soc/prog_addr_reg[17]
  -------------------------------------------------------------------
                         required time                         -1.738    
                         arrival time                           1.771    
  -------------------------------------------------------------------
                         slack                                  0.033    

Slack (MET) :             0.035ns  (arrival time - required time)
  Source:                 design_1_i/axi_interconnect_0/s00_couplers/auto_pc/inst/gen_axilite.gen_b2s_conv.axilite_b2s/WR.b_channel_0/bvalid_i_reg/C
                            (rising edge-triggered cell FDRE clocked by clk_pl_0  {rise@0.000ns fall@5.000ns period=10.000ns})
  Destination:            design_1_i/axi_interconnect_0/s00_couplers/auto_pc/inst/gen_axilite.gen_b2s_conv.axilite_b2s/WR.b_channel_0/shandshake_r_reg/D
                            (rising edge-triggered cell FDRE clocked by clk_pl_0  {rise@0.000ns fall@5.000ns period=10.000ns})
  Path Group:             clk_pl_0
  Path Type:              Hold (Min at Fast Process Corner)
  Requirement:            0.000ns  (clk_pl_0 rise@0.000ns - clk_pl_0 rise@0.000ns)
  Data Path Delay:        0.092ns  (logic 0.059ns (64.172%)  route 0.033ns (35.828%))
  Logic Levels:           1  (LUT2=1)
  Clock Path Skew:        0.010ns (DCD - SCD - CPR)
    Destination Clock Delay (DCD):    1.063ns
    Source Clock Delay      (SCD):    0.924ns
    Clock Pessimism Removal (CPR):    0.129ns
  Clock Net Delay (Source):      0.813ns (routing 0.324ns, distribution 0.489ns)
  Clock Net Delay (Destination): 0.925ns (routing 0.365ns, distribution 0.560ns)

    Location             Delay type                Incr(ns)  Path(ns)    Netlist Resource(s)
  -------------------------------------------------------------------    -------------------
                         (clock clk_pl_0 rise edge)
                                                      0.000     0.000 r  
    PS8_X0Y0             PS8                          0.000     0.000 r  design_1_i/zynq_ultra_ps_e_0/inst/PS8_i/PLCLK[0]
                         net (fo=1, routed)           0.094     0.094    design_1_i/zynq_ultra_ps_e_0/inst/pl_clk_unbuffered[0]
    BUFG_PS_X0Y58        BUFG_PS (Prop_BUFG_PS_I_O)
                                                      0.017     0.111 r  design_1_i/zynq_ultra_ps_e_0/inst/buffer_pl_clk_0.PL_CLK_0_BUFG/O
    X0Y1 (CLOCK_ROOT)    net (fo=3340, routed)        0.813     0.924    design_1_i/axi_interconnect_0/s00_couplers/auto_pc/inst/gen_axilite.gen_b2s_conv.axilite_b2s/WR.b_channel_0/aclk
    SLICE_X2Y141         FDRE                                         r  design_1_i/axi_interconnect_0/s00_couplers/auto_pc/inst/gen_axilite.gen_b2s_conv.axilite_b2s/WR.b_channel_0/bvalid_i_reg/C
  -------------------------------------------------------------------    -------------------
    SLICE_X2Y141         FDRE (Prop_GFF_SLICEL_C_Q)
                                                      0.039     0.963 r  design_1_i/axi_interconnect_0/s00_couplers/auto_pc/inst/gen_axilite.gen_b2s_conv.axilite_b2s/WR.b_channel_0/bvalid_i_reg/Q
                         net (fo=4, routed)           0.027     0.990    design_1_i/axi_interconnect_0/s00_couplers/auto_pc/inst/gen_axilite.gen_b2s_conv.axilite_b2s/SI_REG/b.b_pipe/si_rs_bvalid
    SLICE_X2Y141         LUT2 (Prop_D5LUT_SLICEL_I1_O)
                                                      0.020     1.010 r  design_1_i/axi_interconnect_0/s00_couplers/auto_pc/inst/gen_axilite.gen_b2s_conv.axilite_b2s/SI_REG/b.b_pipe/shandshake_r_i_1/O
                         net (fo=1, routed)           0.006     1.016    design_1_i/axi_interconnect_0/s00_couplers/auto_pc/inst/gen_axilite.gen_b2s_conv.axilite_b2s/WR.b_channel_0/shandshake
    SLICE_X2Y141         FDRE                                         r  design_1_i/axi_interconnect_0/s00_couplers/auto_pc/inst/gen_axilite.gen_b2s_conv.axilite_b2s/WR.b_channel_0/shandshake_r_reg/D
  -------------------------------------------------------------------    -------------------

                         (clock clk_pl_0 rise edge)
                                                      0.000     0.000 r  
    PS8_X0Y0             PS8                          0.000     0.000 r  design_1_i/zynq_ultra_ps_e_0/inst/PS8_i/PLCLK[0]
                         net (fo=1, routed)           0.120     0.120    design_1_i/zynq_ultra_ps_e_0/inst/pl_clk_unbuffered[0]
    BUFG_PS_X0Y58        BUFG_PS (Prop_BUFG_PS_I_O)
                                                      0.018     0.138 r  design_1_i/zynq_ultra_ps_e_0/inst/buffer_pl_clk_0.PL_CLK_0_BUFG/O
    X0Y1 (CLOCK_ROOT)    net (fo=3340, routed)        0.925     1.063    design_1_i/axi_interconnect_0/s00_couplers/auto_pc/inst/gen_axilite.gen_b2s_conv.axilite_b2s/WR.b_channel_0/aclk
    SLICE_X2Y141         FDRE                                         r  design_1_i/axi_interconnect_0/s00_couplers/auto_pc/inst/gen_axilite.gen_b2s_conv.axilite_b2s/WR.b_channel_0/shandshake_r_reg/C
                         clock pessimism             -0.129     0.934    
    SLICE_X2Y141         FDRE (Hold_DFF2_SLICEL_C_D)
                                                      0.047     0.981    design_1_i/axi_interconnect_0/s00_couplers/auto_pc/inst/gen_axilite.gen_b2s_conv.axilite_b2s/WR.b_channel_0/shandshake_r_reg
  -------------------------------------------------------------------
                         required time                         -0.981    
                         arrival time                           1.016    
  -------------------------------------------------------------------
                         slack                                  0.035    

Slack (MET) :             0.035ns  (arrival time - required time)
  Source:                 design_1_i/axi_interconnect_0/s00_couplers/auto_pc/inst/gen_axilite.gen_b2s_conv.axilite_b2s/SI_REG/aw.aw_pipe/m_payload_i_reg[72]/C
                            (rising edge-triggered cell FDRE clocked by clk_pl_0  {rise@0.000ns fall@5.000ns period=10.000ns})
  Destination:            design_1_i/axi_interconnect_0/s00_couplers/auto_pc/inst/gen_axilite.gen_b2s_conv.axilite_b2s/WR.aw_channel_0/s_awid_r_reg[11]/D
                            (rising edge-triggered cell FDRE clocked by clk_pl_0  {rise@0.000ns fall@5.000ns period=10.000ns})
  Path Group:             clk_pl_0
  Path Type:              Hold (Min at Fast Process Corner)
  Requirement:            0.000ns  (clk_pl_0 rise@0.000ns - clk_pl_0 rise@0.000ns)
  Data Path Delay:        0.098ns  (logic 0.039ns (39.796%)  route 0.059ns (60.204%))
  Logic Levels:           0  
  Clock Path Skew:        0.016ns (DCD - SCD - CPR)
    Destination Clock Delay (DCD):    1.055ns
    Source Clock Delay      (SCD):    0.912ns
    Clock Pessimism Removal (CPR):    0.128ns
  Clock Net Delay (Source):      0.801ns (routing 0.324ns, distribution 0.477ns)
  Clock Net Delay (Destination): 0.917ns (routing 0.365ns, distribution 0.552ns)

    Location             Delay type                Incr(ns)  Path(ns)    Netlist Resource(s)
  -------------------------------------------------------------------    -------------------
                         (clock clk_pl_0 rise edge)
                                                      0.000     0.000 r  
    PS8_X0Y0             PS8                          0.000     0.000 r  design_1_i/zynq_ultra_ps_e_0/inst/PS8_i/PLCLK[0]
                         net (fo=1, routed)           0.094     0.094    design_1_i/zynq_ultra_ps_e_0/inst/pl_clk_unbuffered[0]
    BUFG_PS_X0Y58        BUFG_PS (Prop_BUFG_PS_I_O)
                                                      0.017     0.111 r  design_1_i/zynq_ultra_ps_e_0/inst/buffer_pl_clk_0.PL_CLK_0_BUFG/O
    X0Y1 (CLOCK_ROOT)    net (fo=3340, routed)        0.801     0.912    design_1_i/axi_interconnect_0/s00_couplers/auto_pc/inst/gen_axilite.gen_b2s_conv.axilite_b2s/SI_REG/aw.aw_pipe/aclk
    SLICE_X0Y145         FDRE                                         r  design_1_i/axi_interconnect_0/s00_couplers/auto_pc/inst/gen_axilite.gen_b2s_conv.axilite_b2s/SI_REG/aw.aw_pipe/m_payload_i_reg[72]/C
  -------------------------------------------------------------------    -------------------
    SLICE_X0Y145         FDRE (Prop_CFF_SLICEL_C_Q)
                                                      0.039     0.951 r  design_1_i/axi_interconnect_0/s00_couplers/auto_pc/inst/gen_axilite.gen_b2s_conv.axilite_b2s/SI_REG/aw.aw_pipe/m_payload_i_reg[72]/Q
                         net (fo=1, routed)           0.059     1.010    design_1_i/axi_interconnect_0/s00_couplers/auto_pc/inst/gen_axilite.gen_b2s_conv.axilite_b2s/WR.aw_channel_0/s_awid_r_reg[15]_0[31]
    SLICE_X0Y145         FDRE                                         r  design_1_i/axi_interconnect_0/s00_couplers/auto_pc/inst/gen_axilite.gen_b2s_conv.axilite_b2s/WR.aw_channel_0/s_awid_r_reg[11]/D
  -------------------------------------------------------------------    -------------------

                         (clock clk_pl_0 rise edge)
                                                      0.000     0.000 r  
    PS8_X0Y0             PS8                          0.000     0.000 r  design_1_i/zynq_ultra_ps_e_0/inst/PS8_i/PLCLK[0]
                         net (fo=1, routed)           0.120     0.120    design_1_i/zynq_ultra_ps_e_0/inst/pl_clk_unbuffered[0]
    BUFG_PS_X0Y58        BUFG_PS (Prop_BUFG_PS_I_O)
                                                      0.018     0.138 r  design_1_i/zynq_ultra_ps_e_0/inst/buffer_pl_clk_0.PL_CLK_0_BUFG/O
    X0Y1 (CLOCK_ROOT)    net (fo=3340, routed)        0.917     1.055    design_1_i/axi_interconnect_0/s00_couplers/auto_pc/inst/gen_axilite.gen_b2s_conv.axilite_b2s/WR.aw_channel_0/aclk
    SLICE_X0Y145         FDRE                                         r  design_1_i/axi_interconnect_0/s00_couplers/auto_pc/inst/gen_axilite.gen_b2s_conv.axilite_b2s/WR.aw_channel_0/s_awid_r_reg[11]/C
                         clock pessimism             -0.128     0.927    
    SLICE_X0Y145         FDRE (Hold_HFF2_SLICEL_C_D)
                                                      0.047     0.974    design_1_i/axi_interconnect_0/s00_couplers/auto_pc/inst/gen_axilite.gen_b2s_conv.axilite_b2s/WR.aw_channel_0/s_awid_r_reg[11]
  -------------------------------------------------------------------
                         required time                         -0.974    
                         arrival time                           1.010    
  -------------------------------------------------------------------
                         slack                                  0.035    

Slack (MET) :             0.038ns  (arrival time - required time)
  Source:                 design_1_i/riscv_soc_axi_wrapper_0/U0/imem_wdata_reg_reg[23]/C
                            (rising edge-triggered cell FDRE clocked by clk_pl_0  {rise@0.000ns fall@5.000ns period=10.000ns})
  Destination:            design_1_i/riscv_soc_axi_wrapper_0/U0/axi_rdata_int_reg[23]/D
                            (rising edge-triggered cell FDRE clocked by clk_pl_0  {rise@0.000ns fall@5.000ns period=10.000ns})
  Path Group:             clk_pl_0
  Path Type:              Hold (Min at Fast Process Corner)
  Requirement:            0.000ns  (clk_pl_0 rise@0.000ns - clk_pl_0 rise@0.000ns)
  Data Path Delay:        0.130ns  (logic 0.063ns (48.580%)  route 0.067ns (51.420%))
  Logic Levels:           1  (LUT6=1)
  Clock Path Skew:        0.046ns (DCD - SCD - CPR)
    Destination Clock Delay (DCD):    1.067ns
    Source Clock Delay      (SCD):    0.927ns
    Clock Pessimism Removal (CPR):    0.094ns
  Clock Net Delay (Source):      0.816ns (routing 0.324ns, distribution 0.492ns)
  Clock Net Delay (Destination): 0.929ns (routing 0.365ns, distribution 0.564ns)

    Location             Delay type                Incr(ns)  Path(ns)    Netlist Resource(s)
  -------------------------------------------------------------------    -------------------
                         (clock clk_pl_0 rise edge)
                                                      0.000     0.000 r  
    PS8_X0Y0             PS8                          0.000     0.000 r  design_1_i/zynq_ultra_ps_e_0/inst/PS8_i/PLCLK[0]
                         net (fo=1, routed)           0.094     0.094    design_1_i/zynq_ultra_ps_e_0/inst/pl_clk_unbuffered[0]
    BUFG_PS_X0Y58        BUFG_PS (Prop_BUFG_PS_I_O)
                                                      0.017     0.111 r  design_1_i/zynq_ultra_ps_e_0/inst/buffer_pl_clk_0.PL_CLK_0_BUFG/O
    X0Y1 (CLOCK_ROOT)    net (fo=3340, routed)        0.816     0.927    design_1_i/riscv_soc_axi_wrapper_0/U0/S_AXI_ACLK
    SLICE_X7Y128         FDRE                                         r  design_1_i/riscv_soc_axi_wrapper_0/U0/imem_wdata_reg_reg[23]/C
  -------------------------------------------------------------------    -------------------
    SLICE_X7Y128         FDRE (Prop_GFF2_SLICEL_C_Q)
                                                      0.040     0.967 r  design_1_i/riscv_soc_axi_wrapper_0/U0/imem_wdata_reg_reg[23]/Q
                         net (fo=2, routed)           0.052     1.018    design_1_i/riscv_soc_axi_wrapper_0/U0/u_soc/u_cpu/axi_rdata_int_reg[31]_2[23]
    SLICE_X6Y128         LUT6 (Prop_B6LUT_SLICEL_I4_O)
                                                      0.023     1.041 r  design_1_i/riscv_soc_axi_wrapper_0/U0/u_soc/u_cpu/axi_rdata_int[23]_i_1/O
                         net (fo=1, routed)           0.015     1.056    design_1_i/riscv_soc_axi_wrapper_0/U0/u_soc_n_74
    SLICE_X6Y128         FDRE                                         r  design_1_i/riscv_soc_axi_wrapper_0/U0/axi_rdata_int_reg[23]/D
  -------------------------------------------------------------------    -------------------

                         (clock clk_pl_0 rise edge)
                                                      0.000     0.000 r  
    PS8_X0Y0             PS8                          0.000     0.000 r  design_1_i/zynq_ultra_ps_e_0/inst/PS8_i/PLCLK[0]
                         net (fo=1, routed)           0.120     0.120    design_1_i/zynq_ultra_ps_e_0/inst/pl_clk_unbuffered[0]
    BUFG_PS_X0Y58        BUFG_PS (Prop_BUFG_PS_I_O)
                                                      0.018     0.138 r  design_1_i/zynq_ultra_ps_e_0/inst/buffer_pl_clk_0.PL_CLK_0_BUFG/O
    X0Y1 (CLOCK_ROOT)    net (fo=3340, routed)        0.929     1.067    design_1_i/riscv_soc_axi_wrapper_0/U0/S_AXI_ACLK
    SLICE_X6Y128         FDRE                                         r  design_1_i/riscv_soc_axi_wrapper_0/U0/axi_rdata_int_reg[23]/C
                         clock pessimism             -0.094     0.973    
    SLICE_X6Y128         FDRE (Hold_BFF_SLICEL_C_D)
                                                      0.046     1.019    design_1_i/riscv_soc_axi_wrapper_0/U0/axi_rdata_int_reg[23]
  -------------------------------------------------------------------
                         required time                         -1.019    
                         arrival time                           1.056    
  -------------------------------------------------------------------
                         slack                                  0.038    

Slack (MET) :             0.038ns  (arrival time - required time)
  Source:                 design_1_i/axi_interconnect_0/s00_couplers/auto_pc/inst/gen_axilite.gen_b2s_conv.axilite_b2s/RD.ar_channel_0/s_arid_r_reg[7]/C
                            (rising edge-triggered cell FDRE clocked by clk_pl_0  {rise@0.000ns fall@5.000ns period=10.000ns})
  Destination:            design_1_i/axi_interconnect_0/s00_couplers/auto_pc/inst/gen_axilite.gen_b2s_conv.axilite_b2s/RD.r_channel_0/r_arid_r_reg[7]/D
                            (rising edge-triggered cell FDRE clocked by clk_pl_0  {rise@0.000ns fall@5.000ns period=10.000ns})
  Path Group:             clk_pl_0
  Path Type:              Hold (Min at Fast Process Corner)
  Requirement:            0.000ns  (clk_pl_0 rise@0.000ns - clk_pl_0 rise@0.000ns)
  Data Path Delay:        0.098ns  (logic 0.039ns (39.796%)  route 0.059ns (60.204%))
  Logic Levels:           0  
  Clock Path Skew:        0.013ns (DCD - SCD - CPR)
    Destination Clock Delay (DCD):    1.063ns
    Source Clock Delay      (SCD):    0.928ns
    Clock Pessimism Removal (CPR):    0.123ns
  Clock Net Delay (Source):      0.817ns (routing 0.324ns, distribution 0.493ns)
  Clock Net Delay (Destination): 0.925ns (routing 0.365ns, distribution 0.560ns)

    Location             Delay type                Incr(ns)  Path(ns)    Netlist Resource(s)
  -------------------------------------------------------------------    -------------------
                         (clock clk_pl_0 rise edge)
                                                      0.000     0.000 r  
    PS8_X0Y0             PS8                          0.000     0.000 r  design_1_i/zynq_ultra_ps_e_0/inst/PS8_i/PLCLK[0]
                         net (fo=1, routed)           0.094     0.094    design_1_i/zynq_ultra_ps_e_0/inst/pl_clk_unbuffered[0]
    BUFG_PS_X0Y58        BUFG_PS (Prop_BUFG_PS_I_O)
                                                      0.017     0.111 r  design_1_i/zynq_ultra_ps_e_0/inst/buffer_pl_clk_0.PL_CLK_0_BUFG/O
    X0Y1 (CLOCK_ROOT)    net (fo=3340, routed)        0.817     0.928    design_1_i/axi_interconnect_0/s00_couplers/auto_pc/inst/gen_axilite.gen_b2s_conv.axilite_b2s/RD.ar_channel_0/aclk
    SLICE_X2Y132         FDRE                                         r  design_1_i/axi_interconnect_0/s00_couplers/auto_pc/inst/gen_axilite.gen_b2s_conv.axilite_b2s/RD.ar_channel_0/s_arid_r_reg[7]/C
  -------------------------------------------------------------------    -------------------
    SLICE_X2Y132         FDRE (Prop_GFF_SLICEL_C_Q)
                                                      0.039     0.967 r  design_1_i/axi_interconnect_0/s00_couplers/auto_pc/inst/gen_axilite.gen_b2s_conv.axilite_b2s/RD.ar_channel_0/s_arid_r_reg[7]/Q
                         net (fo=1, routed)           0.059     1.026    design_1_i/axi_interconnect_0/s00_couplers/auto_pc/inst/gen_axilite.gen_b2s_conv.axilite_b2s/RD.r_channel_0/D[7]
    SLICE_X2Y131         FDRE                                         r  design_1_i/axi_interconnect_0/s00_couplers/auto_pc/inst/gen_axilite.gen_b2s_conv.axilite_b2s/RD.r_channel_0/r_arid_r_reg[7]/D
  -------------------------------------------------------------------    -------------------

                         (clock clk_pl_0 rise edge)
                                                      0.000     0.000 r  
    PS8_X0Y0             PS8                          0.000     0.000 r  design_1_i/zynq_ultra_ps_e_0/inst/PS8_i/PLCLK[0]
                         net (fo=1, routed)           0.120     0.120    design_1_i/zynq_ultra_ps_e_0/inst/pl_clk_unbuffered[0]
    BUFG_PS_X0Y58        BUFG_PS (Prop_BUFG_PS_I_O)
                                                      0.018     0.138 r  design_1_i/zynq_ultra_ps_e_0/inst/buffer_pl_clk_0.PL_CLK_0_BUFG/O
    X0Y1 (CLOCK_ROOT)    net (fo=3340, routed)        0.925     1.063    design_1_i/axi_interconnect_0/s00_couplers/auto_pc/inst/gen_axilite.gen_b2s_conv.axilite_b2s/RD.r_channel_0/aclk
    SLICE_X2Y131         FDRE                                         r  design_1_i/axi_interconnect_0/s00_couplers/auto_pc/inst/gen_axilite.gen_b2s_conv.axilite_b2s/RD.r_channel_0/r_arid_r_reg[7]/C
                         clock pessimism             -0.123     0.941    
    SLICE_X2Y131         FDRE (Hold_EFF2_SLICEL_C_D)
                                                      0.047     0.988    design_1_i/axi_interconnect_0/s00_couplers/auto_pc/inst/gen_axilite.gen_b2s_conv.axilite_b2s/RD.r_channel_0/r_arid_r_reg[7]
  -------------------------------------------------------------------
                         required time                         -0.988    
                         arrival time                           1.026    
  -------------------------------------------------------------------
                         slack                                  0.038    

Slack (MET) :             0.041ns  (arrival time - required time)
  Source:                 design_1_i/riscv_soc_axi_wrapper_0/U0/axi_rdata_int_reg[4]/C
                            (rising edge-triggered cell FDRE clocked by clk_pl_0  {rise@0.000ns fall@5.000ns period=10.000ns})
  Destination:            design_1_i/axi_interconnect_0/s00_couplers/auto_pc/inst/gen_axilite.gen_b2s_conv.axilite_b2s/RD.r_channel_0/rd_data_fifo_0/memory_reg[31][4]_srl32/D
                            (rising edge-triggered cell SRLC32E clocked by clk_pl_0  {rise@0.000ns fall@5.000ns period=10.000ns})
  Path Group:             clk_pl_0
  Path Type:              Hold (Min at Slow Process Corner)
  Requirement:            0.000ns  (clk_pl_0 rise@0.000ns - clk_pl_0 rise@0.000ns)
  Data Path Delay:        0.258ns  (logic 0.070ns (27.132%)  route 0.188ns (72.868%))
  Logic Levels:           0  
  Clock Path Skew:        0.162ns (DCD - SCD - CPR)
    Destination Clock Delay (DCD):    1.878ns
    Source Clock Delay      (SCD):    1.571ns
    Clock Pessimism Removal (CPR):    0.145ns
  Clock Net Delay (Source):      1.404ns (routing 0.576ns, distribution 0.828ns)
  Clock Net Delay (Destination): 1.671ns (routing 0.638ns, distribution 1.033ns)

    Location             Delay type                Incr(ns)  Path(ns)    Netlist Resource(s)
  -------------------------------------------------------------------    -------------------
                         (clock clk_pl_0 rise edge)
                                                      0.000     0.000 r  
    PS8_X0Y0             PS8                          0.000     0.000 r  design_1_i/zynq_ultra_ps_e_0/inst/PS8_i/PLCLK[0]
                         net (fo=1, routed)           0.140     0.140    design_1_i/zynq_ultra_ps_e_0/inst/pl_clk_unbuffered[0]
    BUFG_PS_X0Y58        BUFG_PS (Prop_BUFG_PS_I_O)
                                                      0.027     0.167 r  design_1_i/zynq_ultra_ps_e_0/inst/buffer_pl_clk_0.PL_CLK_0_BUFG/O
    X0Y1 (CLOCK_ROOT)    net (fo=3340, routed)        1.404     1.571    design_1_i/riscv_soc_axi_wrapper_0/U0/S_AXI_ACLK
    SLICE_X4Y126         FDRE                                         r  design_1_i/riscv_soc_axi_wrapper_0/U0/axi_rdata_int_reg[4]/C
  -------------------------------------------------------------------    -------------------
    SLICE_X4Y126         FDRE (Prop_DFF_SLICEM_C_Q)
                                                      0.070     1.641 r  design_1_i/riscv_soc_axi_wrapper_0/U0/axi_rdata_int_reg[4]/Q
                         net (fo=1, routed)           0.188     1.829    design_1_i/axi_interconnect_0/s00_couplers/auto_pc/inst/gen_axilite.gen_b2s_conv.axilite_b2s/RD.r_channel_0/rd_data_fifo_0/in[4]
    SLICE_X1Y130         SRLC32E                                      r  design_1_i/axi_interconnect_0/s00_couplers/auto_pc/inst/gen_axilite.gen_b2s_conv.axilite_b2s/RD.r_channel_0/rd_data_fifo_0/memory_reg[31][4]_srl32/D
  -------------------------------------------------------------------    -------------------

                         (clock clk_pl_0 rise edge)
                                                      0.000     0.000 r  
    PS8_X0Y0             PS8                          0.000     0.000 r  design_1_i/zynq_ultra_ps_e_0/inst/PS8_i/PLCLK[0]
                         net (fo=1, routed)           0.178     0.178    design_1_i/zynq_ultra_ps_e_0/inst/pl_clk_unbuffered[0]
    BUFG_PS_X0Y58        BUFG_PS (Prop_BUFG_PS_I_O)
                                                      0.029     0.207 r  design_1_i/zynq_ultra_ps_e_0/inst/buffer_pl_clk_0.PL_CLK_0_BUFG/O
    X0Y1 (CLOCK_ROOT)    net (fo=3340, routed)        1.671     1.878    design_1_i/axi_interconnect_0/s00_couplers/auto_pc/inst/gen_axilite.gen_b2s_conv.axilite_b2s/RD.r_channel_0/rd_data_fifo_0/aclk
    SLICE_X1Y130         SRLC32E                                      r  design_1_i/axi_interconnect_0/s00_couplers/auto_pc/inst/gen_axilite.gen_b2s_conv.axilite_b2s/RD.r_channel_0/rd_data_fifo_0/memory_reg[31][4]_srl32/CLK
                         clock pessimism             -0.145     1.733    
    SLICE_X1Y130         SRLC32E (Hold_C6LUT_SLICEM_CLK_D)
                                                      0.055     1.788    design_1_i/axi_interconnect_0/s00_couplers/auto_pc/inst/gen_axilite.gen_b2s_conv.axilite_b2s/RD.r_channel_0/rd_data_fifo_0/memory_reg[31][4]_srl32
  -------------------------------------------------------------------
                         required time                         -1.788    
                         arrival time                           1.829    
  -------------------------------------------------------------------
                         slack                                  0.041    





Pulse Width Checks
--------------------------------------------------------------------------------------
Clock Name:         clk_pl_0
Waveform(ns):       { 0.000 5.000 }
Period(ns):         10.000
Sources:            { design_1_i/zynq_ultra_ps_e_0/inst/PS8_i/PLCLK[0] }

Check Type        Corner  Lib Pin             Reference Pin  Required(ns)  Actual(ns)  Slack(ns)  Location      Pin
Min Period        n/a     PS8/MAXIGP2ACLK     n/a            3.000         10.000      7.000      PS8_X0Y0      design_1_i/zynq_ultra_ps_e_0/inst/PS8_i/MAXIGP2ACLK
Min Period        n/a     RAMB36E2/CLKARDCLK  n/a            1.739         10.000      8.261      RAMB36_X0Y24  design_1_i/riscv_soc_axi_wrapper_0/U0/u_soc/u_dmem/ram_reg_bram_0/CLKARDCLK
Min Period        n/a     RAMB18E2/CLKARDCLK  n/a            1.739         10.000      8.261      RAMB18_X0Y50  design_1_i/riscv_soc_axi_wrapper_0/U0/u_soc/u_dmem/ram_reg_bram_1/CLKARDCLK
Min Period        n/a     RAMB36E2/CLKARDCLK  n/a            1.739         10.000      8.261      RAMB36_X1Y22  design_1_i/riscv_soc_axi_wrapper_0/U0/u_soc/u_imem/ram_reg_bram_0/CLKARDCLK
Min Period        n/a     RAMB36E2/CLKARDCLK  n/a            1.739         10.000      8.261      RAMB36_X1Y23  design_1_i/riscv_soc_axi_wrapper_0/U0/u_soc/u_imem/ram_reg_bram_1/CLKARDCLK
Min Period        n/a     RAMB36E2/CLKARDCLK  n/a            1.739         10.000      8.261      RAMB36_X1Y24  design_1_i/riscv_soc_axi_wrapper_0/U0/u_soc/u_imem/ram_reg_bram_2/CLKARDCLK
Min Period        n/a     RAMB36E2/CLKARDCLK  n/a            1.739         10.000      8.261      RAMB36_X1Y25  design_1_i/riscv_soc_axi_wrapper_0/U0/u_soc/u_imem/ram_reg_bram_3/CLKARDCLK
Min Period        n/a     RAMB18E2/CLKARDCLK  n/a            1.739         10.000      8.261      RAMB18_X1Y52  design_1_i/riscv_soc_axi_wrapper_0/U0/u_soc/u_imem/ram_reg_bram_4/CLKARDCLK
Min Period        n/a     RAMB36E2/CLKBWRCLK  n/a            1.550         10.000      8.450      RAMB36_X1Y22  design_1_i/riscv_soc_axi_wrapper_0/U0/u_soc/u_imem/ram_reg_bram_0/CLKBWRCLK
Min Period        n/a     RAMB36E2/CLKBWRCLK  n/a            1.550         10.000      8.450      RAMB36_X1Y23  design_1_i/riscv_soc_axi_wrapper_0/U0/u_soc/u_imem/ram_reg_bram_1/CLKBWRCLK
Low Pulse Width   Slow    PS8/MAXIGP2ACLK     n/a            1.500         5.000       3.500      PS8_X0Y0      design_1_i/zynq_ultra_ps_e_0/inst/PS8_i/MAXIGP2ACLK
Low Pulse Width   Fast    PS8/MAXIGP2ACLK     n/a            1.500         5.000       3.500      PS8_X0Y0      design_1_i/zynq_ultra_ps_e_0/inst/PS8_i/MAXIGP2ACLK
Low Pulse Width   Slow    SRLC32E/CLK         n/a            0.573         5.000       4.427      SLICE_X1Y130  design_1_i/axi_interconnect_0/s00_couplers/auto_pc/inst/gen_axilite.gen_b2s_conv.axilite_b2s/RD.r_channel_0/rd_data_fifo_0/memory_reg[31][0]_srl32/CLK
Low Pulse Width   Fast    SRLC32E/CLK         n/a            0.573         5.000       4.427      SLICE_X1Y130  design_1_i/axi_interconnect_0/s00_couplers/auto_pc/inst/gen_axilite.gen_b2s_conv.axilite_b2s/RD.r_channel_0/rd_data_fifo_0/memory_reg[31][0]_srl32/CLK
Low Pulse Width   Slow    SRLC32E/CLK         n/a            0.573         5.000       4.427      SLICE_X1Y128  design_1_i/axi_interconnect_0/s00_couplers/auto_pc/inst/gen_axilite.gen_b2s_conv.axilite_b2s/RD.r_channel_0/rd_data_fifo_0/memory_reg[31][10]_srl32/CLK
Low Pulse Width   Fast    SRLC32E/CLK         n/a            0.573         5.000       4.427      SLICE_X1Y128  design_1_i/axi_interconnect_0/s00_couplers/auto_pc/inst/gen_axilite.gen_b2s_conv.axilite_b2s/RD.r_channel_0/rd_data_fifo_0/memory_reg[31][10]_srl32/CLK
Low Pulse Width   Slow    SRLC32E/CLK         n/a            0.573         5.000       4.427      SLICE_X1Y128  design_1_i/axi_interconnect_0/s00_couplers/auto_pc/inst/gen_axilite.gen_b2s_conv.axilite_b2s/RD.r_channel_0/rd_data_fifo_0/memory_reg[31][11]_srl32/CLK
Low Pulse Width   Fast    SRLC32E/CLK         n/a            0.573         5.000       4.427      SLICE_X1Y128  design_1_i/axi_interconnect_0/s00_couplers/auto_pc/inst/gen_axilite.gen_b2s_conv.axilite_b2s/RD.r_channel_0/rd_data_fifo_0/memory_reg[31][11]_srl32/CLK
Low Pulse Width   Slow    SRLC32E/CLK         n/a            0.573         5.000       4.427      SLICE_X1Y128  design_1_i/axi_interconnect_0/s00_couplers/auto_pc/inst/gen_axilite.gen_b2s_conv.axilite_b2s/RD.r_channel_0/rd_data_fifo_0/memory_reg[31][12]_srl32/CLK
Low Pulse Width   Fast    SRLC32E/CLK         n/a            0.573         5.000       4.427      SLICE_X1Y128  design_1_i/axi_interconnect_0/s00_couplers/auto_pc/inst/gen_axilite.gen_b2s_conv.axilite_b2s/RD.r_channel_0/rd_data_fifo_0/memory_reg[31][12]_srl32/CLK
High Pulse Width  Slow    PS8/MAXIGP2ACLK     n/a            1.500         5.000       3.500      PS8_X0Y0      design_1_i/zynq_ultra_ps_e_0/inst/PS8_i/MAXIGP2ACLK
High Pulse Width  Fast    PS8/MAXIGP2ACLK     n/a            1.500         5.000       3.500      PS8_X0Y0      design_1_i/zynq_ultra_ps_e_0/inst/PS8_i/MAXIGP2ACLK
High Pulse Width  Slow    SRLC32E/CLK         n/a            0.573         5.000       4.427      SLICE_X1Y130  design_1_i/axi_interconnect_0/s00_couplers/auto_pc/inst/gen_axilite.gen_b2s_conv.axilite_b2s/RD.r_channel_0/rd_data_fifo_0/memory_reg[31][0]_srl32/CLK
High Pulse Width  Fast    SRLC32E/CLK         n/a            0.573         5.000       4.427      SLICE_X1Y130  design_1_i/axi_interconnect_0/s00_couplers/auto_pc/inst/gen_axilite.gen_b2s_conv.axilite_b2s/RD.r_channel_0/rd_data_fifo_0/memory_reg[31][0]_srl32/CLK
High Pulse Width  Slow    SRLC32E/CLK         n/a            0.573         5.000       4.427      SLICE_X1Y128  design_1_i/axi_interconnect_0/s00_couplers/auto_pc/inst/gen_axilite.gen_b2s_conv.axilite_b2s/RD.r_channel_0/rd_data_fifo_0/memory_reg[31][10]_srl32/CLK
High Pulse Width  Fast    SRLC32E/CLK         n/a            0.573         5.000       4.427      SLICE_X1Y128  design_1_i/axi_interconnect_0/s00_couplers/auto_pc/inst/gen_axilite.gen_b2s_conv.axilite_b2s/RD.r_channel_0/rd_data_fifo_0/memory_reg[31][10]_srl32/CLK
High Pulse Width  Slow    SRLC32E/CLK         n/a            0.573         5.000       4.427      SLICE_X1Y128  design_1_i/axi_interconnect_0/s00_couplers/auto_pc/inst/gen_axilite.gen_b2s_conv.axilite_b2s/RD.r_channel_0/rd_data_fifo_0/memory_reg[31][11]_srl32/CLK
High Pulse Width  Fast    SRLC32E/CLK         n/a            0.573         5.000       4.427      SLICE_X1Y128  design_1_i/axi_interconnect_0/s00_couplers/auto_pc/inst/gen_axilite.gen_b2s_conv.axilite_b2s/RD.r_channel_0/rd_data_fifo_0/memory_reg[31][11]_srl32/CLK
High Pulse Width  Slow    SRLC32E/CLK         n/a            0.573         5.000       4.427      SLICE_X1Y128  design_1_i/axi_interconnect_0/s00_couplers/auto_pc/inst/gen_axilite.gen_b2s_conv.axilite_b2s/RD.r_channel_0/rd_data_fifo_0/memory_reg[31][12]_srl32/CLK
High Pulse Width  Fast    SRLC32E/CLK         n/a            0.573         5.000       4.427      SLICE_X1Y128  design_1_i/axi_interconnect_0/s00_couplers/auto_pc/inst/gen_axilite.gen_b2s_conv.axilite_b2s/RD.r_channel_0/rd_data_fifo_0/memory_reg[31][12]_srl32/CLK



--------------------------------------------------------------------------------------
Path Group:  (none)
From Clock:  
  To Clock:  clk_pl_0

Max Delay             1 Endpoint
Min Delay             1 Endpoint
--------------------------------------------------------------------------------------


Max Delay Paths
--------------------------------------------------------------------------------------
Slack:                    inf
  Source:                 design_1_i/zynq_ultra_ps_e_0/inst/PS8_i/EMIOGPIOO[95]
                            (internal pin)
  Destination:            design_1_i/rst_ps8_0_99M/U0/EXT_LPF/ACTIVE_LOW_EXT.ACT_LO_EXT/GENERATE_LEVEL_P_S_CDC.SINGLE_BIT.CROSS_PLEVEL_IN2SCNDRY_IN_cdc_to/D
                            (rising edge-triggered cell FDRE clocked by clk_pl_0  {rise@0.000ns fall@5.000ns period=10.000ns})
  Path Group:             (none)
  Path Type:              Setup (Max at Slow Process Corner)
  Data Path Delay:        1.203ns  (logic 0.182ns (15.129%)  route 1.021ns (84.871%))
  Logic Levels:           1  (LUT1=1)
  Clock Uncertainty:      0.172ns  ((TSJ^2 + DJ^2)^1/2) / 2 + PE
    Total System Jitter     (TSJ):    0.050ns
    Discrete Jitter          (DJ):    0.340ns
    Phase Error              (PE):    0.000ns
  Clock Net Delay (Destination): 1.367ns (routing 0.576ns, distribution 0.791ns)
  Timing Exception:       False Path

    Location             Delay type                Incr(ns)  Path(ns)    Netlist Resource(s)
  -------------------------------------------------------------------    -------------------
    PS8_X0Y0             PS8                          0.000     0.000 f  design_1_i/zynq_ultra_ps_e_0/inst/PS8_i/EMIOGPIOO[95]
                         net (fo=1, routed)           0.781     0.781    design_1_i/rst_ps8_0_99M/U0/EXT_LPF/ACTIVE_LOW_EXT.ACT_LO_EXT/ext_reset_in
    SLICE_X5Y149         LUT1 (Prop_H6LUT_SLICEM_I0_O)
                                                      0.182     0.963 r  design_1_i/rst_ps8_0_99M/U0/EXT_LPF/ACTIVE_LOW_EXT.ACT_LO_EXT/GENERATE_LEVEL_P_S_CDC.SINGLE_BIT.CROSS_PLEVEL_IN2SCNDRY_IN_cdc_to_i_1/O
                         net (fo=1, routed)           0.240     1.203    design_1_i/rst_ps8_0_99M/U0/EXT_LPF/ACTIVE_LOW_EXT.ACT_LO_EXT/exr_d1
    SLICE_X6Y149         FDRE                                         r  design_1_i/rst_ps8_0_99M/U0/EXT_LPF/ACTIVE_LOW_EXT.ACT_LO_EXT/GENERATE_LEVEL_P_S_CDC.SINGLE_BIT.CROSS_PLEVEL_IN2SCNDRY_IN_cdc_to/D
  -------------------------------------------------------------------    -------------------

                         (clock clk_pl_0 rise edge)
                                                      0.000     0.000 r  
    PS8_X0Y0             PS8                          0.000     0.000 r  design_1_i/zynq_ultra_ps_e_0/inst/PS8_i/PLCLK[0]
                         net (fo=1, routed)           0.140     0.140    design_1_i/zynq_ultra_ps_e_0/inst/pl_clk_unbuffered[0]
    BUFG_PS_X0Y58        BUFG_PS (Prop_BUFG_PS_I_O)
                                                      0.027     0.167 r  design_1_i/zynq_ultra_ps_e_0/inst/buffer_pl_clk_0.PL_CLK_0_BUFG/O
    X0Y1 (CLOCK_ROOT)    net (fo=3340, routed)        1.367     1.534    design_1_i/rst_ps8_0_99M/U0/EXT_LPF/ACTIVE_LOW_EXT.ACT_LO_EXT/slowest_sync_clk
    SLICE_X6Y149         FDRE                                         r  design_1_i/rst_ps8_0_99M/U0/EXT_LPF/ACTIVE_LOW_EXT.ACT_LO_EXT/GENERATE_LEVEL_P_S_CDC.SINGLE_BIT.CROSS_PLEVEL_IN2SCNDRY_IN_cdc_to/C





Min Delay Paths
--------------------------------------------------------------------------------------
Slack:                    inf
  Source:                 design_1_i/zynq_ultra_ps_e_0/inst/PS8_i/EMIOGPIOO[95]
                            (internal pin)
  Destination:            design_1_i/rst_ps8_0_99M/U0/EXT_LPF/ACTIVE_LOW_EXT.ACT_LO_EXT/GENERATE_LEVEL_P_S_CDC.SINGLE_BIT.CROSS_PLEVEL_IN2SCNDRY_IN_cdc_to/D
                            (rising edge-triggered cell FDRE clocked by clk_pl_0  {rise@0.000ns fall@5.000ns period=10.000ns})
  Path Group:             (none)
  Path Type:              Hold (Min at Fast Process Corner)
  Data Path Delay:        0.500ns  (logic 0.061ns (12.200%)  route 0.439ns (87.800%))
  Logic Levels:           1  (LUT1=1)
  Clock Uncertainty:      0.172ns  ((TSJ^2 + DJ^2)^1/2) / 2 + PE
    Total System Jitter     (TSJ):    0.050ns
    Discrete Jitter          (DJ):    0.340ns
    Phase Error              (PE):    0.000ns
  Clock Net Delay (Destination): 0.904ns (routing 0.365ns, distribution 0.539ns)
  Timing Exception:       False Path

    Location             Delay type                Incr(ns)  Path(ns)    Netlist Resource(s)
  -------------------------------------------------------------------    -------------------
    PS8_X0Y0             PS8                          0.000     0.000 f  design_1_i/zynq_ultra_ps_e_0/inst/PS8_i/EMIOGPIOO[95]
                         net (fo=1, routed)           0.356     0.356    design_1_i/rst_ps8_0_99M/U0/EXT_LPF/ACTIVE_LOW_EXT.ACT_LO_EXT/ext_reset_in
    SLICE_X5Y149         LUT1 (Prop_H6LUT_SLICEM_I0_O)
                                                      0.061     0.417 r  design_1_i/rst_ps8_0_99M/U0/EXT_LPF/ACTIVE_LOW_EXT.ACT_LO_EXT/GENERATE_LEVEL_P_S_CDC.SINGLE_BIT.CROSS_PLEVEL_IN2SCNDRY_IN_cdc_to_i_1/O
                         net (fo=1, routed)           0.083     0.500    design_1_i/rst_ps8_0_99M/U0/EXT_LPF/ACTIVE_LOW_EXT.ACT_LO_EXT/exr_d1
    SLICE_X6Y149         FDRE                                         r  design_1_i/rst_ps8_0_99M/U0/EXT_LPF/ACTIVE_LOW_EXT.ACT_LO_EXT/GENERATE_LEVEL_P_S_CDC.SINGLE_BIT.CROSS_PLEVEL_IN2SCNDRY_IN_cdc_to/D
  -------------------------------------------------------------------    -------------------

                         (clock clk_pl_0 rise edge)
                                                      0.000     0.000 r  
    PS8_X0Y0             PS8                          0.000     0.000 r  design_1_i/zynq_ultra_ps_e_0/inst/PS8_i/PLCLK[0]
                         net (fo=1, routed)           0.120     0.120    design_1_i/zynq_ultra_ps_e_0/inst/pl_clk_unbuffered[0]
    BUFG_PS_X0Y58        BUFG_PS (Prop_BUFG_PS_I_O)
                                                      0.018     0.138 r  design_1_i/zynq_ultra_ps_e_0/inst/buffer_pl_clk_0.PL_CLK_0_BUFG/O
    X0Y1 (CLOCK_ROOT)    net (fo=3340, routed)        0.904     1.042    design_1_i/rst_ps8_0_99M/U0/EXT_LPF/ACTIVE_LOW_EXT.ACT_LO_EXT/slowest_sync_clk
    SLICE_X6Y149         FDRE                                         r  design_1_i/rst_ps8_0_99M/U0/EXT_LPF/ACTIVE_LOW_EXT.ACT_LO_EXT/GENERATE_LEVEL_P_S_CDC.SINGLE_BIT.CROSS_PLEVEL_IN2SCNDRY_IN_cdc_to/C





